Provincia;Localidad;Código Centro;Centro Educativo;Titularidad Centro;Familia Profesional;Código Familia;Nivel Educativo;Clave Ciclo;Ciclo Formativo/Curso de Especialización;Modalidad;"Tipo
enseñanza";Grupos 1º;Grupos 2º;Grupos 3º;Dirección centro;Código postal;Teléfono;e-mail;Web;Localización
Ávila;Arévalo;05000427;IES EULOGIO FLORENTINO SANZ;Educación;Administración y Gestión;ADG;Grado Medio;ADG01M;Gestión Administrativa;Presencial;Pública;1.0;1.0;;Avda. Emilio Romero, 22;05200;920 300 221;05000427@educa.jcyl.es;http://ieseulogioflorentinosanz.centros.educa.jcyl.es;41.05609, -4.71445
Ávila;Arévalo;05000427;IES EULOGIO FLORENTINO SANZ;Educación;Administración y Gestión;ADG;Grado Superior;ADG02S;Administración y Finanzas;Presencial;Pública;1.0;1.0;;Avda. Emilio Romero, 22;05200;920 300 221;05000427@educa.jcyl.es;http://ieseulogioflorentinosanz.centros.educa.jcyl.es;41.05609, -4.71445
Ávila;Arévalo;05000427;IES EULOGIO FLORENTINO SANZ;Educación;Hostelería y Turismo;HOT;Grado Básico;HOT01B;Cocina y Restauración;Presencial;Pública;1.0;1.0;;Avda. Emilio Romero, 22;05200;920 300 221;05000427@educa.jcyl.es;http://ieseulogioflorentinosanz.centros.educa.jcyl.es;41.05609, -4.71445
Ávila;Ávila;05000580;MILAGROSA-LAS NIEVES;Privada;Informática y Comunicaciones;IFC;Grado Básico;IFC01B;Informática y Comunicaciones;Presencial;Concertada;1.0;1.0;;Paseo Santo Tomás 35-37;05001;920 221 712;05000580@educa.jcyl.es;http://www.milagrosalasnieves.es;40.65511, -4.69326
Ávila;Ávila;05000580;MILAGROSA-LAS NIEVES;Privada;Imagen y Sonido;IMS;Grado Superior;IMS01S;Animaciones 3D, Juegos y Entornos Interactivos;Presencial;Concertada;1.0;1.0;;Paseo Santo Tomás 35-37;05001;920 221 712;05000580@educa.jcyl.es;http://www.milagrosalasnieves.es;40.65511, -4.69326
Ávila;Ávila;05000658;ASUNCIÓN DE NUESTRA SEÑORA;Privada;Informática y Comunicaciones;IFC;Grado Superior;IFC01S;Administración de Sistemas Informáticos en Red;Presencial;Concertada;1.0;1.0;;C/ Lesquinas, 2;05001;920 212 300;05000658@educa.jcyl.es;http://www.dioceavila.com;40.65559, -4.6947
Ávila;Ávila;05000658;ASUNCIÓN DE NUESTRA SEÑORA;Privada;Administración y Gestión;ADG;Grado Medio;ADG01M;Gestión Administrativa;Presencial;Concertada;1.0;1.0;;C/ Lesquinas, 2;05001;920 212 300;05000658@educa.jcyl.es;http://www.dioceavila.com;40.65559, -4.6947
Ávila;Ávila;05000658;ASUNCIÓN DE NUESTRA SEÑORA;Privada;Comercio y Marketing;COM;Grado Medio;COM01M;Actividades Comerciales;Presencial;Concertada;1.0;1.0;;C/ Lesquinas, 2;05001;920 212 300;05000658@educa.jcyl.es;http://www.dioceavila.com;40.65559, -4.6947
Ávila;Ávila;05000701;IES ALONSO DE MADRIGAL;Educación;Administración y Gestión;ADG;Grado Superior;ADG02S;Administración y Finanzas;Presencial;Pública;1.0;1.0;;C/ Juan Grande, 1;05003;920 222185;05000701@educa.jcyl.es;http://iesalonsodemadrigal.centros.educa.jcyl.es/;40.649, -4.69048
Ávila;Ávila;05000701;IES ALONSO DE MADRIGAL;Educación;Administración y Gestión;ADG;Grado Superior;ADG02Sd;Administración y Finanzas (distancia);Distancia;Pública;1.0;0.0;;C/ Juan Grande, 1;05003;920 222185;05000701@educa.jcyl.es;http://iesalonsodemadrigal.centros.educa.jcyl.es/;40.649, -4.69048
Ávila;Ávila;05000701;IES ALONSO DE MADRIGAL;Educación;Informática y Comunicaciones;IFC;Grado Básico;IFC01B;Informática y Comunicaciones;Presencial;Pública;1.0;1.0;;C/ Juan Grande, 1;05003;920 222185;05000701@educa.jcyl.es;http://iesalonsodemadrigal.centros.educa.jcyl.es/;40.649, -4.69048
Ávila;Ávila;05000701;IES ALONSO DE MADRIGAL;Educación;Informática y Comunicaciones;IFC;Grado Superior;IFC02S;Desarrollo de Aplicaciones Multiplataforma;Presencial;Pública;1.0;1.0;;C/ Juan Grande, 1;05003;920 222185;05000701@educa.jcyl.es;http://iesalonsodemadrigal.centros.educa.jcyl.es/;40.649, -4.69048
Ávila;Ávila;05000701;IES ALONSO DE MADRIGAL;Educación;Administración y Gestión;ADG;Grado Medio;ADG01Md;Gestión Administrativa (distancia);Distancia;Pública;1.0;0.0;;C/ Juan Grande, 1;05003;920 222185;05000701@educa.jcyl.es;http://iesalonsodemadrigal.centros.educa.jcyl.es/;40.649, -4.69048
Ávila;Ávila;05000701;IES ALONSO DE MADRIGAL;Educación;Informática y Comunicaciones;IFC;Grado Medio;IFC01M;Sistemas Microinformáticos y Redes;Presencial;Pública;2.0;2.0;;C/ Juan Grande, 1;05003;920 222185;05000701@educa.jcyl.es;http://iesalonsodemadrigal.centros.educa.jcyl.es/;40.649, -4.69048
Ávila;Ávila;05000701;IES ALONSO DE MADRIGAL;Educación;Informática y Comunicaciones;IFC;Grado Superior;IFC01S;Administración de Sistemas Informáticos en Red;Presencial;Pública;1.0;1.0;;C/ Juan Grande, 1;05003;920 222185;05000701@educa.jcyl.es;http://iesalonsodemadrigal.centros.educa.jcyl.es/;40.649, -4.69048
Ávila;Ávila;05000701;IES ALONSO DE MADRIGAL;Educación;Informática y Comunicaciones;IFC;Curso Especialización;IFC01E;Ciberseguridad en entornos de las tecnologías de la información;Presencial;Pública;1.0;0.0;;C/ Juan Grande, 1;05003;920 222185;05000701@educa.jcyl.es;http://iesalonsodemadrigal.centros.educa.jcyl.es/;40.649, -4.69048
Ávila;Ávila;05000701;IES ALONSO DE MADRIGAL;Educación;Administración y Gestión;ADG;Grado Básico;ADG01B;Servicios Administrativos;Presencial;Pública;1.0;1.0;;C/ Juan Grande, 1;05003;920 222185;05000701@educa.jcyl.es;http://iesalonsodemadrigal.centros.educa.jcyl.es/;40.649, -4.69048
Ávila;Ávila;05000701;IES ALONSO DE MADRIGAL;Educación;Administración y Gestión;ADG;Grado Medio;ADG01M;Gestión Administrativa;Presencial;Pública;1.0;1.0;;C/ Juan Grande, 1;05003;920 222185;05000701@educa.jcyl.es;http://iesalonsodemadrigal.centros.educa.jcyl.es/;40.649, -4.69048
Ávila;Ávila;05000701;IES ALONSO DE MADRIGAL;Educación;Informática y Comunicaciones;IFC;Grado Superior;IFC03S;Desarrollo de Aplicaciones WEB;Presencial;Pública;1.0;1.0;;C/ Juan Grande, 1;05003;920 221 875;05000701@educa.jcyl.es;http://iesalonsodemadrigal.centros.educa.jcyl.es/;40.649, -4.69048
Ávila;Ávila;05000725;IES ISABEL DE CASTILLA;Educación;Sanidad;SAN;Grado Superior;SAN04S;Anatomía Patológica y Citodiagnóstico;Presencial;Pública;1.0;1.0;;Paseo San Roque, s/n;05003;920 352 144;05000725@educa.jcyl.es;http://iesisabeldecastilla.centros.educa.jcyl.es;40.65395, -4.68693
Ávila;Ávila;05000725;IES ISABEL DE CASTILLA;Educación;Sanidad;SAN;Grado Medio;SAN21;Cuidados Auxiliares de Enfermería;Presencial;Pública;3.0;3.0;;Paseo San Roque, s/n;05003;920 352 144;05000725@educa.jcyl.es;http://iesisabeldecastilla.centros.educa.jcyl.es;40.65395, -4.68693
Ávila;Ávila;05000725;IES ISABEL DE CASTILLA;Educación;Seguridad y Medio Ambiente;SEA;Grado Superior;SEA03S;Química y Salud Ambiental;Presencial;Pública;1.0;1.0;;Paseo San Roque, s/n;05003;920 352 144;05000725@educa.jcyl.es;http://iesisabeldecastilla.centros.educa.jcyl.es;40.65395, -4.68693
Ávila;Ávila;05000737;IES VASCO DE LA ZARZA;Educación;Edificación y Obra Civil;EOC;Grado Medio;EOC02M;Obras de Interior, Decoración y Rehabilitación;Presencial;Pública;1.0;1.0;;C/ Valladolid, 19;05005;920 227 300;05000737@educa.jcyl.es;http://www.vascodelazarza.com;40.65966, -4.6936
Ávila;Ávila;05000737;IES VASCO DE LA ZARZA;Educación;Informática y Comunicaciones;IFC;Curso Especialización;IFC03E;Inteligencia Artificial y Big Data;Presencial;Pública;1.0;0.0;;C/ Valladolid, 19;05005;920 227 300;05000737@educa.jcyl.es;http://www.vascodelazarza.com;40.65966, -4.6936
Ávila;Ávila;05000737;IES VASCO DE LA ZARZA;Educación;Comercio y Marketing;COM;Grado Superior;COM04S;Comercio Internacional;Presencial;Pública;1.0;0.0;;C/ Valladolid, 19;05005;920 227 300;05000737@educa.jcyl.es;http://www.vascodelazarza.com;40.65966, -4.6936
Ávila;Ávila;05000737;IES VASCO DE LA ZARZA;Educación;Electricidad y Electrónica;ELE;Grado Básico;ELE01B;Electricidad y Electrónica;Presencial;Pública;1.0;1.0;;C/ Valladolid, 19;05005;920 227 300;05000737@educa.jcyl.es;http://www.vascodelazarza.com;40.65966, -4.6936
Ávila;Ávila;05000737;IES VASCO DE LA ZARZA;Educación;Electricidad y Electrónica;ELE;Grado Medio;ELE02M;Instalaciones de Telecomunicaciones;Presencial;Pública;1.0;1.0;;C/ Valladolid, 19;05005;920 227 300;05000737@educa.jcyl.es;http://www.vascodelazarza.com;40.65966, -4.6936
Ávila;Ávila;05000737;IES VASCO DE LA ZARZA;Educación;Electricidad y Electrónica;ELE;Grado Superior;ELE04S;Automatización y Robótica Industrial;Presencial;Pública;1.0;1.0;;C/ Valladolid, 19;05005;920 227 300;05000737@educa.jcyl.es;http://www.vascodelazarza.com;40.65966, -4.6936
Ávila;Ávila;05000737;IES VASCO DE LA ZARZA;Educación;Edificación y Obra Civil;EOC;Grado Superior;EOC01S;Proyectos de Edificación;Presencial;Pública;1.0;1.0;;C/ Valladolid, 19;05005;920 227 300;05000737@educa.jcyl.es;http://www.vascodelazarza.com;40.65966, -4.6936
Ávila;Ávila;05000737;IES VASCO DE LA ZARZA;Educación;Instalación y Mantenimiento;IMA;Grado Superior;IMA03S;Mecatrónica Industrial;Presencial;Pública;1.0;1.0;;C/ Valladolid, 19;05005;920 227 300;05000737@educa.jcyl.es;http://www.vascodelazarza.com;40.65966, -4.6936
Ávila;Ávila;05000737;IES VASCO DE LA ZARZA;Educación;Electricidad y Electrónica;ELE;Grado Medio;ELE01M;Instalaciones Eléctricas y Automáticas;Presencial;Pública;1.0;1.0;;C/ Valladolid, 19;05005;920 227 300;05000737@educa.jcyl.es;http://www.vascodelazarza.com;40.65966, -4.6936
Ávila;Ávila;05000737;IES VASCO DE LA ZARZA;Educación;Electricidad y Electrónica;ELE;Grado Superior;ELE02S;Sistemas de Telecomunicaciones e Informáticos;Presencial;Pública;1.0;1.0;;C/ Valladolid, 19;05005;920 227 300;05000737@educa.jcyl.es;http://www.vascodelazarza.com;40.65966, -4.6936
Ávila;Ávila;05000737;IES VASCO DE LA ZARZA;Educación;Instalación y Mantenimiento;IMA;Grado Medio;IMA03M;Mantenimiento Electromecánico;Presencial;Pública;1.0;1.0;;C/ Valladolid, 19;05005;920 227 300;05000737@educa.jcyl.es;http://www.vascodelazarza.com;40.65966, -4.6936
Ávila;Ávila;05000737;IES VASCO DE LA ZARZA;Educación;Instalación y Mantenimiento;IMA;Grado Superior;MSP34;Prevención de Riesgos Profesionales;Presencial;Pública;1.0;1.0;;C/ Valladolid, 19;05005;920 227 300;05000737@educa.jcyl.es;http://www.vascodelazarza.com;40.65966, -4.6936
Ávila;Cebreros;05001547;IES HERMENEGILDO MARTÍN BORRO;Educación;Electricidad y Electrónica;ELE;Grado Básico;ELE01B;Electricidad y Electrónica;Presencial;Pública;1.0;1.0;;C/ El Mancho, s/n;05260;918 630 129;05001547@educa.jcyl.es;http://ieshermenegildomartinborro.centros.educa.jcyl.es;40.46284, -4.46293
Ávila;Cebreros;05001547;IES HERMENEGILDO MARTÍN BORRO;Educación;Electricidad y Electrónica;ELE;Grado Medio;ELE01M;Instalaciones Eléctricas y Automáticas;Presencial;Pública;1.0;1.0;;C/ El Mancho, s/n;05260;918 630 129;05001547@educa.jcyl.es;http://ieshermenegildomartinborro.centros.educa.jcyl.es;40.46284, -4.46293
Ávila;Ávila;05004378;CIFP AGRARIO ÁVILA;Agricultura;Agraria;AGA;Grado Medio;AGA02M;Producción Agropecuaria;Presencial;Pública;1.0;1.0;;Finca Bascarrabal, Ctra. de Piedrahita, s/n;05071;920 253 070;05004378@educa.jcyl.es;http://cfaavila.centros.educa.jcyl.es/sitio/;40.64435, -4.74024
Ávila;Ávila;05004378;CIFP AGRARIO ÁVILA;Agricultura;Agraria;AGA;Grado Superior;AGA03S;Ganadería y Asistencia en Sanidad Animal;Presencial;Pública;1.0;0.0;;Finca Bascarrabal, Ctra. de Piedrahita, s/n;05071;920 253 070;05004378@educa.jcyl.es;http://cfaavila.centros.educa.jcyl.es/sitio/;40.64435, -4.74024
Ávila;Ávila;05004378;CIFP AGRARIO ÁVILA;Agricultura;Industrias Alimentarias;INA;Grado Superior;INA02S;Procesos y Calidad en la Industria Alimentaria;Presencial;Pública;1.0;0.0;;Finca Bascarrabal, Ctra. de Piedrahita, s/n;05071;920 253 070;05004378@educa.jcyl.es;http://cfaavila.centros.educa.jcyl.es/sitio/;40.64435, -4.74024
Ávila;La Serrada;05004585;JUAN XXIII;Privada;Transporte y Mantenimiento de Vehículos;TMV;Grado Superior;TMV01S;Automoción;Presencial;Concertada;1.0;1.0;;C/ Huertos, 20;05192;920 265 202;05004585@educa.jcyl.es;http://www.centrofpjuanxxiii.es/;40.61557, -4.75731
Ávila;La Serrada;05004585;JUAN XXIII;Privada;Transporte y Mantenimiento de Vehículos;TMV;Grado Medio;TMV02M;Electromecánica de Vehículos Automóviles;Presencial;Concertada;1.0;1.0;;C/ Huertos, 20;05192;920 265 202;05004585@educa.jcyl.es;http://www.centrofpjuanxxiii.es/;40.61557, -4.75731
Ávila;El Tiemblo;05004846;IES CLAUDIO SÁNCHEZ ALBORNOZ;Educación;Sanidad;SAN;Grado Medio;SAN21;Cuidados Auxiliares de Enfermería;Presencial;Pública;1.0;1.0;;C/ Juan Ramón Jiménez, 14;05270;918 625 161;05004846@educa.jcyl.es;http://iessanchezalbornoz.centros.educa.jcyl.es/;40.41286, -4.49743
Ávila;El Barco de Ávila;05005395;IES ARAVALLE;Educación;Administración y Gestión;ADG;Grado Medio;ADG01M;Gestión Administrativa;Presencial;Pública;1.0;1.0;;C/ Las Eras, s/n;05600;920 341 002;05005395@educa.jcyl.es;http://iesaravalle.centros.educa.jcyl.es;40.3577, -5.52091
Ávila;El Barco de Ávila;05005395;IES ARAVALLE;Educación;Transporte y Mantenimiento de Vehículos;TMV;Grado Básico;TMV01B;Mantenimiento de Vehículos;Presencial;Pública;1.0;1.0;;C/ Las Eras, s/n;05600;920 341 002;05005395@educa.jcyl.es;http://iesaravalle.centros.educa.jcyl.es;40.3577, -5.52091
Ávila;La Adrada;05005425;IES SIERRA DEL VALLE;Educación;Administración y Gestión;ADG;Grado Superior;ADG02S;Administración y Finanzas;Presencial;Pública;1.0;1.0;;Avda. Dr. Martín Lázaro s/n;05430;918 670 911;05005425@educa.jcyl.es;http://iessierradelvalle.centros.educa.jcyl.es/;40.29822, -4.63168
Ávila;La Adrada;05005425;IES SIERRA DEL VALLE;Educación;Transporte y Mantenimiento de Vehículos;TMV;Grado Básico;TMV01B;Mantenimiento de Vehículos;Presencial;Pública;1.0;1.0;;Avda. Dr. Martín Lázaro s/n;05430;918 670 911;05005425@educa.jcyl.es;http://iessierradelvalle.centros.educa.jcyl.es/;40.29822, -4.63168
Ávila;La Adrada;05005425;IES SIERRA DEL VALLE;Educación;Transporte y Mantenimiento de Vehículos;TMV;Grado Medio;TMV02M;Electromecánica de Vehículos Automóviles;Presencial;Pública;1.0;1.0;;Avda. Dr. Martín Lázaro s/n;05430;918 670 911;05005425@educa.jcyl.es;http://iessierradelvalle.centros.educa.jcyl.es/;40.29822, -4.63168
Ávila;La Adrada;05005425;IES SIERRA DEL VALLE;Educación;Administración y Gestión;ADG;Grado Básico;ADG01B;Servicios Administrativos;Presencial;Pública;1.0;1.0;;Avda. Dr. Martín Lázaro s/n;05430;918 670 911;05005425@educa.jcyl.es;http://iessierradelvalle.centros.educa.jcyl.es/;40.29822, -4.63168
Ávila;La Adrada;05005425;IES SIERRA DEL VALLE;Educación;Informática y Comunicaciones;IFC;Grado Básico;IFC02B;Informática de Oficina;Presencial;Pública;1.0;0.0;;Avda. Dr. Martín Lázaro s/n;05430;918 670 911;05005425@educa.jcyl.es;http://iessierradelvalle.centros.educa.jcyl.es/;40.29822, -4.63168
Ávila;La Adrada;05005425;IES SIERRA DEL VALLE;Educación;Administración y Gestión;ADG;Grado Medio;ADG01M;Gestión Administrativa;Presencial;Pública;1.0;1.0;;Avda. Dr. Martín Lázaro s/n;05430;918 670 911;05005425@educa.jcyl.es;http://iessierradelvalle.centros.educa.jcyl.es/;40.29822, -4.63168
Ávila;Arévalo;05005462;IES ADAJA;Educación;Transporte y Mantenimiento de Vehículos;TMV;Grado Superior;TMV01S;Automoción;Presencial;Pública;1.0;1.0;;C/ Asunción Valcarcel Maestro, s/n;05200;920 301 983;05005462@educa.jcyl.es;http://iesadaja.centros.educa.jcyl.es;41.05268, -4.71187
Ávila;Arévalo;05005462;IES ADAJA;Educación;Transporte y Mantenimiento de Vehículos;TMV;Grado Medio;TMV01M;Carrocería;Presencial;Pública;1.0;1.0;;C/ Asunción Valcarcel Maestro, s/n;05200;920 301 983;05005462@educa.jcyl.es;http://iesadaja.centros.educa.jcyl.es;41.05268, -4.71187
Ávila;Arévalo;05005462;IES ADAJA;Educación;Transporte y Mantenimiento de Vehículos;TMV;Grado Medio;TMV02M;Electromecánica de Vehículos Automóviles;Presencial;Pública;1.0;1.0;;C/ Asunción Valcarcel Maestro, s/n;05200;920 301 983;05005462@educa.jcyl.es;http://iesadaja.centros.educa.jcyl.es;41.05268, -4.71187
Ávila;Arévalo;05005462;IES ADAJA;Educación;Transporte y Mantenimiento de Vehículos;TMV;Grado Básico;TMV01B;Mantenimiento de Vehículos;Presencial;Pública;1.0;1.0;;C/ Asunción Valcarcel Maestro, s/n;05200;920 301 983;05005462@educa.jcyl.es;http://iesadaja.centros.educa.jcyl.es;41.05268, -4.71187
Ávila;Arévalo;05005462;IES ADAJA;Educación;Transporte y Mantenimiento de Vehículos;TMV;Curso Especialización;TMV03E;Mantenimiento y seguridad en sistemas  de vehículos hibridos y eléctricos;Presencial;Pública;1.0;0.0;;C/ Asunción Valcarcel Maestro, s/n;05200;920 301 983;05005462@educa.jcyl.es;http://iesadaja.centros.educa.jcyl.es;41.05268, -4.71187
Ávila;Ávila;05006156;IES JORGE SANTAYANA;Educación;Hostelería y Turismo;HOT;Grado Básico;HOT01B;Cocina y Restauración;Presencial;Pública;1.0;1.0;;C/ Santo Tomás, 6;05003;920 352 135;05006156@educa.jcyl.es;http://iesjorgesantayana.centros.educa.jcyl.es;40.64841, -4.69151
Ávila;Ávila;05006156;IES JORGE SANTAYANA;Educación;Hostelería y Turismo;HOT;Grado Superior;HOT04S;Dirección de Cocina;Presencial;Pública;1.0;1.0;;C/ Santo Tomás, 6;05003;920 352 135;05006156@educa.jcyl.es;http://iesjorgesantayana.centros.educa.jcyl.es;40.64841, -4.69151
Ávila;Ávila;05006156;IES JORGE SANTAYANA;Educación;Hostelería y Turismo;HOT;Grado Medio;HOT01M;Cocina y Gastronomía;Presencial;Pública;1.0;1.0;;C/ Santo Tomás, 6;05003;920 352 135;05006156@educa.jcyl.es;http://iesjorgesantayana.centros.educa.jcyl.es;40.64841, -4.69151
Ávila;Ávila;05006156;IES JORGE SANTAYANA;Educación;Hostelería y Turismo;HOT;Grado Medio;HOT02M;Servicios en Restauración;Presencial;Pública;1.0;1.0;;C/ Santo Tomás, 6;05003;920 352 135;05006156@educa.jcyl.es;http://iesjorgesantayana.centros.educa.jcyl.es;40.64841, -4.69151
Ávila;Ávila;05006156;IES JORGE SANTAYANA;Educación;Hostelería y Turismo;HOT;Grado Superior;HOT03S;Guía, Información y Asistencias Turísticas;Presencial;Pública;1.0;1.0;;C/ Santo Tomás, 6;05003;920 352 135;05006156@educa.jcyl.es;http://iesjorgesantayana.centros.educa.jcyl.es;40.64841, -4.69151
Ávila;Ávila;05006156;IES JORGE SANTAYANA;Educación;Hostelería y Turismo;HOT;Grado Superior;HOT01S;Gestión de Alojamientos Turísticos;Presencial;Pública;0.0;1.0;;C/ Santo Tomás, 6;05003;920 352 135;05006156@educa.jcyl.es;http://iesjorgesantayana.centros.educa.jcyl.es;40.64841, -4.69151
Ávila;Candeleda;05006387;IES CANDAVERA;Educación;Informática y Comunicaciones;IFC;Grado Básico;IFC02B;Informática de Oficina;Presencial;Pública;1.0;1.0;;C/ Umbrías, 1;05480;920 382 305;05006387@educa.jcyl.es;http://iescandavera.centros.educa.jcyl.es;40.15344, -5.23886
Ávila;Las Navas del Marqués;05006399;IES MARÍA DE CÓRDOBA;Educación;Agraria;AGA;Grado Básico;AGA01B;Agro-jardinería y Composiciones Florales;Presencial;Pública;1.0;0.0;;C/ Prado de los charcos, s/n;05230;918 971 126;05006399@educa.jcyl.es;http://iesmariadecordoba.centros.educa.jcyl.es/;40.60693, -4.33301
Ávila;Las Navas del Marqués;05006399;IES MARÍA DE CÓRDOBA;Educación;Agraria;AGA;Grado Básico;AGA03B;Aprovechamientos Forestales;Presencial;Pública;1.0;1.0;;C/ Prado de los charcos, s/n;05230;918 971 126;05006399@educa.jcyl.es;http://iesmariadecordoba.centros.educa.jcyl.es/;40.60693, -4.33301
Ávila;Ávila;05009571;IES JOSE LUIS LÓPEZ ARANGUREN;Educación;Transporte y Mantenimiento de Vehículos;TMV;Grado Básico;TMV01B;Mantenimiento de Vehículos;Presencial;Pública;1.0;1.0;;C/ Santo Tomás, 10;05003;920 353 043;05009571@educa.jcyl.es;http://iesjoseluislopezaranguren.centros.educa.jcyl.es;40.64573, -4.69248
Ávila;Ávila;05009571;IES JOSE LUIS LÓPEZ ARANGUREN;Educación;Madera, Mueble y Corcho;MAM;Grado Básico;MAM01B;Carpintería y Mueble;Presencial;Pública;1.0;1.0;;C/ Santo Tomás, 10;05003;920 353 043;05009571@educa.jcyl.es;http://iesjoseluislopezaranguren.centros.educa.jcyl.es;40.64573, -4.69248
Ávila;Ávila;05009698;CIFP DE ÁVILA;Educación;Imagen Personal;IMP;Grado Básico;IMP01B;Peluquería y Estética;Presencial;Pública;1.0;1.0;;C/ Giacomo Puccini, s/n;05003;920 258 290;05009698@educa.jcyl.es;http://cifpavila.centros.educa.jcyl.es;40.64327, -4.68422
Ávila;Ávila;05009698;CIFP DE ÁVILA;Educación;Servicios Socioculturales y a la Comunidad;SSC;Grado Superior;SSC03S;Integración Social;Presencial;Pública;1.0;1.0;;C/ Giacomo Puccini, s/n;05003;920 258 290;05009698@educa.jcyl.es;http://cifpavila.centros.educa.jcyl.es;40.64327, -4.68422
Ávila;Ávila;05009698;CIFP DE ÁVILA;Educación;Actividades Físicas y Deportivas;AFD;Grado Medio;AFD02M;Guía en el medio natural y de tiempo libre;Presencial;Pública;1.0;1.0;;C/ Giacomo Puccini, s/n;05003;920 258 290;05009698@educa.jcyl.es;http://cifpavila.centros.educa.jcyl.es;40.64327, -4.68422
Ávila;Ávila;05009698;CIFP DE ÁVILA;Educación;Actividades Físicas y Deportivas;AFD;Grado Superior;AFD02S;Acondicionamiento Físico;Presencial;Pública;1.0;0.0;;C/ Giacomo Puccini, s/n;05003;920 258 290;05009698@educa.jcyl.es;http://cifpavila.centros.educa.jcyl.es;40.64327, -4.68422
Ávila;Ávila;05009698;CIFP DE ÁVILA;Educación;Imagen Personal;IMP;Grado Medio;IMP01M;Estética y Belleza;Presencial;Pública;1.0;1.0;;C/ Giacomo Puccini, s/n;05003;920 258 290;05009698@educa.jcyl.es;http://cifpavila.centros.educa.jcyl.es;40.64327, -4.68422
Ávila;Ávila;05009698;CIFP DE ÁVILA;Educación;Imagen Personal;IMP;Grado Medio;IMP02M;Peluquería y Cosmética Capilar;Presencial;Pública;1.0;1.0;;C/ Giacomo Puccini, s/n;05003;920 258 290;05009698@educa.jcyl.es;http://cifpavila.centros.educa.jcyl.es;40.64327, -4.68422
Ávila;Ávila;05009698;CIFP DE ÁVILA;Educación;Imagen Personal;IMP;Grado Superior;IMP02S;Estilismo y Dirección de Peluquería;Presencial;Pública;1.0;1.0;;C/ Giacomo Puccini, s/n;05003;920 258 290;05009698@educa.jcyl.es;http://cifpavila.centros.educa.jcyl.es;40.64327, -4.68422
Ávila;Ávila;05009698;CIFP DE ÁVILA;Educación;Servicios Socioculturales y a la Comunidad;SSC;Grado Superior;SSC01S;Educación Infantil;Presencial;Pública;1.0;1.0;;C/ Giacomo Puccini, s/n;05003;920 258 290;05009698@educa.jcyl.es;http://cifpavila.centros.educa.jcyl.es;40.64327, -4.68422
Ávila;Ávila;05009698;CIFP DE ÁVILA;Educación;Actividades Físicas y Deportivas;AFD;Grado Superior;AFD01S;Enseñanza y Animación Sociodeportiva;Presencial;Pública;1.0;1.0;;C/ Giacomo Puccini, s/n;05003;920 258 290;05009698@educa.jcyl.es;http://cifpavila.centros.educa.jcyl.es;40.64327, -4.68422
Ávila;Ávila;05009698;CIFP DE ÁVILA;Educación;Servicios Socioculturales y a la Comunidad;SSC;Grado Medio;SSC01M;Atención a Personas en Situación de Dependencia;Presencial;Pública;1.0;1.0;;C/ Giacomo Puccini, s/n;05003;920 258 290;05009698@educa.jcyl.es;http://cifpavila.centros.educa.jcyl.es;40.64327, -4.68422
Ávila;La Aldea del Rey Niño;05009868;LALDEA;Privada;Agraria;AGA;Grado Básico;AGA01B;Agro-jardinería y Composiciones Florales;Presencial;Concertada;1.0;1.0;;Ctra. Aldea del Rey Niño, km 0,85;05197;920 223 947;05009868@educa.jcyl.es;https://fundabemformacion.es/;40.58528, -4.74358
Ávila;Arenas de San Pedro;05009923;CIFP LAS FERRERÍAS;Educación;Electricidad y Electrónica;ELE;Grado Básico;ELE01B;Electricidad y Electrónica;Presencial;Pública;1.0;1.0;;Avda. de Lourdes, 2;05400;920 370 056;05009923@educa.jcyl.es;http://cifparenasdesanpedro.centros.educa.jcyl.es/;40.21005, -5.08499
Ávila;Arenas de San Pedro;05009923;CIFP LAS FERRERÍAS;Educación;Imagen Personal;IMP;Grado Básico;IMP01B;Peluquería y Estética;Presencial;Pública;1.0;1.0;;Avda. de Lourdes, 2;05400;920 370 056;05009923@educa.jcyl.es;http://cifparenasdesanpedro.centros.educa.jcyl.es/;40.21005, -5.08499
Ávila;Arenas de San Pedro;05009923;CIFP LAS FERRERÍAS;Educación;Administración y Gestión;ADG;Grado Superior;ADG02S;Administración y Finanzas;Presencial;Pública;1.0;1.0;;Avda. de Lourdes, 2;05400;920 370 056;05009923@educa.jcyl.es;http://cifparenasdesanpedro.centros.educa.jcyl.es/;40.21005, -5.08499
Ávila;Arenas de San Pedro;05009923;CIFP LAS FERRERÍAS;Educación;Actividades físicas y deportivas;AFD;Grado Superior;AFD02S;Acondicionamiento Físico;Presencial;Pública;1.0;0.0;;Avda. de Lourdes, 2;05400;920 370 056;05009923@educa.jcyl.es;http://cifparenasdesanpedro.centros.educa.jcyl.es/;40.21005, -5.08499
Ávila;Arenas de San Pedro;05009923;CIFP LAS FERRERÍAS;Educación;Sanidad;SAN;Grado Medio;SAN21;Cuidados Auxiliares de Enfermería;Presencial;Pública;1.0;1.0;;Avda. de Lourdes, 2;05400;920 370 056;05009923@educa.jcyl.es;http://cifparenasdesanpedro.centros.educa.jcyl.es/;40.21005, -5.08499
Ávila;Arenas de San Pedro;05009923;CIFP LAS FERRERÍAS;Educación;Administración y Gestión;ADG;Grado Medio;ADG01M;Gestión Administrativa;Presencial;Pública;1.0;1.0;;Avda. de Lourdes, 2;05400;920 370 056;05009923@educa.jcyl.es;http://cifparenasdesanpedro.centros.educa.jcyl.es/;40.21005, -5.08499
Ávila;Arenas de San Pedro;05009923;CIFP LAS FERRERÍAS;Educación;Imagen y Sonido;IMS;Grado Medio;IMS01M;Vídeo Disc-jockey y Sonido;Presencial;Pública;1.0;1.0;;Avda. de Lourdes, 2;05400;920 370 056;05009923@educa.jcyl.es;http://cifparenasdesanpedro.centros.educa.jcyl.es/;40.21005, -5.08499
Ávila;Arenas de San Pedro;05009923;CIFP LAS FERRERÍAS;Educación;Sanidad;SAN;Grado Superior;SAN06S;Higiene Bucodental;Presencial;Pública;1.0;1.0;;Avda. de Lourdes, 2;05400;920 370 056;05009923@educa.jcyl.es;http://cifparenasdesanpedro.centros.educa.jcyl.es/;40.21005, -5.08499
Burgos;Aranda de Duero;09000264;I.C.E.D.E;Privada;Administración y Gestión;ADG;Grado Medio;ADG01M;Gestión Administrativa;Presencial;Concertada;1.0;1.0;;Plaza del Mediterráneo, 6;09400;947 54 6054;09000264@educa.jcyl.es;http://colegioicede.centros.educa.jcyl.es;41.66075, -3.69412
Burgos;Aranda de Duero;09000264;I.C.E.D.E;Privada;Comercio y Marketing;COM;Grado Básico;COM01B;Servicios Comerciales;Presencial;Concertada;1.0;1.0;;Plaza del Mediterráneo, 6;09400;947 54 6054;09000264@educa.jcyl.es;http://colegioicede.centros.educa.jcyl.es;41.66075, -3.69412
Burgos;Aranda de Duero;09000264;I.C.E.D.E;Privada;Sanidad;SAN;Grado Medio;SAN21;Cuidados Auxiliares de Enfermería;Presencial;Concertada;2.0;1.0;;Plaza del Mediterráneo, 6;09400;947 54 6054;09000264@educa.jcyl.es;http://colegioicede.centros.educa.jcyl.es;41.66075, -3.69412
Burgos;Aranda de Duero;09000264;I.C.E.D.E;Privada;Administración y Gestión;ADG;Grado Básico;ADG01B;Servicios Administrativos;Presencial;Concertada;1.0;1.0;;Plaza del Mediterráneo, 6;09400;947 54 6054;09000264@educa.jcyl.es;http://colegioicede.centros.educa.jcyl.es;41.66075, -3.69412
Burgos;Aranda de Duero;09000264;I.C.E.D.E;Privada;Hostelería y Turismo;HOT;Grado Básico;HOT01B;Cocina y Restauración;Presencial;Concertada;1.0;1.0;;Plaza del Mediterráneo, 6;09400;947 54 6054;09000264@educa.jcyl.es;http://colegioicede.centros.educa.jcyl.es;41.66075, -3.69412
Burgos;Burgos;09001372;NTRA. SRA. DE LA MERCED Y SAN FRANCISCO JAVIER;Privada;Electricidad y Electrónica;ELE;Grado Medio;ELE01M;Instalaciones Eléctricas y Automáticas;Presencial;Concertada;1.0;1.0;;C/ Diego Luis San Vítores, 1;09002;947 26 6250;09001372@educa.jcyl.es;http://www.jesuitasburgos.com;42.33984, -3.6902
Burgos;Burgos;09001372;NTRA. SRA. DE LA MERCED Y SAN FRANCISCO JAVIER;Privada;Informática y Comunicaciones;IFC;Grado Medio;IFC01M;Sistemas Microinformáticos y Redes;Presencial;Concertada;1.0;1.0;;C/ Diego Luis San Vítores, 1;09002;947 26 6250;09001372@educa.jcyl.es;http://www.jesuitasburgos.com;42.33984, -3.6902
Burgos;Burgos;09001372;NTRA. SRA. DE LA MERCED Y SAN FRANCISCO JAVIER;Privada;Administración y Gestión;ADG;Grado Medio;ADG01M;Gestión Administrativa;Presencial;Concertada;1.0;1.0;;C/ Diego Luis San Vítores, 1;09002;947 26 6250;09001372@educa.jcyl.es;http://www.jesuitasburgos.com;42.33984, -3.6902
Burgos;Burgos;09001372;NTRA. SRA. DE LA MERCED Y SAN FRANCISCO JAVIER;Privada;Administración y Gestión;ADG;Grado Superior;ADG02S;Administración y Finanzas;Presencial;Concertada;1.0;1.0;;C/ Diego Luis San Vítores, 1;09002;947 26 6250;09001372@educa.jcyl.es;http://www.jesuitasburgos.com;42.33984, -3.6902
Burgos;Burgos;09001372;NTRA. SRA. DE LA MERCED Y SAN FRANCISCO JAVIER;Privada;Electricidad y Electrónica;ELE;Grado Básico;ELE01B;Electricidad y Electrónica;Presencial;Concertada;1.0;1.0;;C/ Diego Luis San Vítores, 1;09002;947 26 6250;09001372@educa.jcyl.es;http://www.jesuitasburgos.com;42.33984, -3.6902
Burgos;Burgos;09001372;NTRA. SRA. DE LA MERCED Y SAN FRANCISCO JAVIER;Privada;Comercio y Marketing;COM;Grado Medio;COM01M;Actividades Comerciales;Presencial;Concertada;1.0;1.0;;C/ Diego Luis San Vítores, 1;09002;947 26 6250;09001372@educa.jcyl.es;http://www.jesuitasburgos.com;42.33984, -3.6902
Burgos;Burgos;09001372;NTRA. SRA. DE LA MERCED Y SAN FRANCISCO JAVIER;Privada;Comercio y Marketing;COM;Grado Superior;COM03S;Gestión de Ventas y Espacios Comerciales;Presencial;Concertada;1.0;1.0;;C/ Diego Luis San Vítores, 1;09002;947 26 6250;09001372@educa.jcyl.es;http://www.jesuitasburgos.com;42.33984, -3.6902
Burgos;Burgos;09001581;MARÍA MADRE-POLITECNOS;Privada;Hostelería y Turismo;HOT;Grado Básico;HOT01B;Cocina y Restauración;Presencial;Concertada;1.0;1.0;;Avda. Eloy García de Quevedo, s/n;09005;947 22 1952;09001581@educa.jcyl.es;http://www.mariamadre.com;42.3529, -3.68531
Burgos;Burgos;09001581;MARÍA MADRE-POLITECNOS;Privada;Imagen Personal;IMP;Grado Medio;IMP01M;Estética y Belleza;Presencial;Concertada;1.0;1.0;;Avda. Eloy García de Quevedo, s/n;09005;947 22 1952;09001581@educa.jcyl.es;http://www.mariamadre.com;42.3529, -3.68531
Burgos;Burgos;09001581;MARÍA MADRE-POLITECNOS;Privada;Imagen Personal;IMP;Grado Superior;IMP01S;Estética Integral y Bienestar;Presencial;Concertada;1.0;1.0;;Avda. Eloy García de Quevedo, s/n;09005;947 22 1952;09001581@educa.jcyl.es;http://www.mariamadre.com;42.3529, -3.68531
Burgos;Burgos;09001581;MARÍA MADRE-POLITECNOS;Privada;Sanidad;SAN;Grado Medio;SAN21;Cuidados Auxiliares de Enfermería;Presencial;Concertada;2.0;2.0;;Avda. Eloy García de Quevedo, s/n;09005;947 22 1952;09001581@educa.jcyl.es;http://www.mariamadre.com;42.3529, -3.68531
Burgos;Burgos;09001581;MARÍA MADRE-POLITECNOS;Privada;Servicios Socioculturales y a la Comunidad;SSC;Grado Superior;SSC01S;Educación Infantil;Presencial;Concertada;1.0;1.0;;Avda. Eloy García de Quevedo, s/n;09005;947 22 1952;09001581@educa.jcyl.es;http://www.mariamadre.com;42.3529, -3.68531
Burgos;Burgos;09001581;MARÍA MADRE-POLITECNOS;Privada;Administración y Gestión;ADG;Grado Medio;ADG01M;Gestión Administrativa;Presencial;Concertada;1.0;1.0;;Avda. Eloy García de Quevedo, s/n;09005;947 22 1952;09001581@educa.jcyl.es;http://www.mariamadre.com;42.3529, -3.68531
Burgos;Burgos;09001581;MARÍA MADRE-POLITECNOS;Privada;Administración y Gestión;ADG;Grado Superior;ADG02S;Administración y Finanzas;Presencial;Concertada;1.0;1.0;;Avda. Eloy García de Quevedo, s/n;09005;947 22 1952;09001581@educa.jcyl.es;http://www.mariamadre.com;42.3529, -3.68531
Burgos;Burgos;09001581;MARÍA MADRE-POLITECNOS;Privada;Imagen Personal;IMP;Grado Medio;IMP02M;Peluquería y Cosmética Capilar;Presencial;Concertada;2.0;1.0;;Avda. Eloy García de Quevedo, s/n;09005;947 22 1952;09001581@educa.jcyl.es;http://www.mariamadre.com;42.3529, -3.68531
Burgos;Burgos;09001581;MARÍA MADRE-POLITECNOS;Privada;Sanidad;SAN;Grado Superior;SAN32;Dietética;Presencial;Concertada;1.0;1.0;;Avda. Eloy García de Quevedo, s/n;09005;947 22 1952;09001581@educa.jcyl.es;http://www.mariamadre.com;42.3529, -3.68531
Burgos;Burgos;09001581;MARÍA MADRE-POLITECNOS;Privada;Administración y Gestión;ADG;Grado Básico;ADG01B;Servicios Administrativos;Presencial;Concertada;1.0;1.0;;Avda. Eloy García de Quevedo, s/n;09005;947 22 1952;09001581@educa.jcyl.es;http://www.mariamadre.com;42.3529, -3.68531
Burgos;Burgos;09001581;MARÍA MADRE-POLITECNOS;Privada;Hostelería y Turismo;HOT;Grado Medio;HOT01M;Cocina y Gastronomía;Presencial;Concertada;1.0;1.0;;Avda. Eloy García de Quevedo, s/n;09005;947 22 1952;09001581@educa.jcyl.es;http://www.mariamadre.com;42.3529, -3.68531
Burgos;Burgos;09001581;MARÍA MADRE-POLITECNOS;Privada;Imagen Personal;IMP;Grado Básico;IMP01B;Peluquería y Estética;Presencial;Concertada;1.0;1.0;;Avda. Eloy García de Quevedo, s/n;09005;947 22 1952;09001581@educa.jcyl.es;http://www.mariamadre.com;42.3529, -3.68531
Burgos;Burgos;09001581;MARÍA MADRE-POLITECNOS;Privada;Sanidad;SAN;Grado Medio;SAN02M;Farmacia y Parafarmacia;Presencial;Concertada;1.0;1.0;;Avda. Eloy García de Quevedo, s/n;09005;947 22 1952;09001581@educa.jcyl.es;http://www.mariamadre.com;42.3529, -3.68531
Burgos;Burgos;09001581;MARÍA MADRE-POLITECNOS;Privada;Textil, Confección y Piel;TCP;Grado Medio;TCP01M;Confección y Moda;Presencial;Concertada;1.0;1.0;;Avda. Eloy García de Quevedo, s/n;09005;947 22 1952;09001581@educa.jcyl.es;http://www.mariamadre.com;42.3529, -3.68531
Burgos;Burgos;09001633;SANTA MARÍA LA NUEVA Y SAN JOSÉ ARTESANO;Privada;Administración y Gestión;ADG;Grado Superior;ADG02S;Administración y Finanzas;Presencial;Concertada;1.0;1.0;;C/ Juan de Ayolas, s/n y Camino Casa de la Vega, s/n;09007;947 48 3906;09001633@educa.jcyl.es;http://www.santamaria-artesano.org/;42.35774, -3.66765
Burgos;Burgos;09001633;SANTA MARÍA LA NUEVA Y SAN JOSÉ ARTESANO;Privada;Electricidad y Electrónica;ELE;Grado Superior;ELE04S;Automatización y Robótica Industrial;Presencial;Concertada;1.0;1.0;;C/ Juan de Ayolas, s/n y Camino Casa de la Vega, s/n;09007;947 48 3906;09001633@educa.jcyl.es;http://www.santamaria-artesano.org/;42.35774, -3.66765
Burgos;Burgos;09001633;SANTA MARÍA LA NUEVA Y SAN JOSÉ ARTESANO;Privada;Informática y Comunicaciones;IFC;Grado Superior;IFC02S;Desarrollo de Aplicaciones Multiplataforma;Presencial;Concertada;1.0;1.0;;C/ Juan de Ayolas, s/n y Camino Casa de la Vega, s/n;09007;947 48 3906;09001633@educa.jcyl.es;http://www.santamaria-artesano.org/;42.35774, -3.66765
Burgos;Burgos;09001633;SANTA MARÍA LA NUEVA Y SAN JOSÉ ARTESANO;Privada;Instalación y Mantenimiento;IMA;Grado Medio;IMA03M;Mantenimiento Electromecánico;Presencial;Concertada;1.0;1.0;;C/ Juan de Ayolas, s/n y Camino Casa de la Vega, s/n;09007;947 48 3906;09001633@educa.jcyl.es;http://www.santamaria-artesano.org/;42.35774, -3.66765
Burgos;Burgos;09001633;SANTA MARÍA LA NUEVA Y SAN JOSÉ ARTESANO;Privada;Administración y Gestión;ADG;Grado Medio;ADG01M;Gestión Administrativa;Presencial;Concertada;1.0;1.0;;C/ Juan de Ayolas, s/n y Camino Casa de la Vega, s/n;09007;947 48 3906;09001633@educa.jcyl.es;http://www.santamaria-artesano.org/;42.35774, -3.66765
Burgos;Burgos;09001633;SANTA MARÍA LA NUEVA Y SAN JOSÉ ARTESANO;Privada;Administración y Gestión;ADG;Grado Superior;ADG02Sd;Administración y Finanzas (distancia);Distancia;Privada;1.0;0.0;;C/ Juan de Ayolas, s/n y Camino Casa de la Vega, s/n;09007;947 48 3906;09001633@educa.jcyl.es;http://www.santamaria-artesano.org/;42.35774, -3.66765
Burgos;Burgos;09001633;SANTA MARÍA LA NUEVA Y SAN JOSÉ ARTESANO;Privada;Electricidad y Electrónica;ELE;Grado Básico;ELE01B;Electricidad y Electrónica;Presencial;Concertada;1.0;1.0;;C/ Juan de Ayolas, s/n y Camino Casa de la Vega, s/n;09007;947 48 3906;09001633@educa.jcyl.es;http://www.santamaria-artesano.org/;42.35774, -3.66765
Burgos;Burgos;09001633;SANTA MARÍA LA NUEVA Y SAN JOSÉ ARTESANO;Privada;Fabricación Mecánica;FME;Grado Básico;FME01B;Fabricación y Montaje;Presencial;Concertada;1.0;1.0;;C/ Juan de Ayolas, s/n y Camino Casa de la Vega, s/n;09007;947 48 3906;09001633@educa.jcyl.es;http://www.santamaria-artesano.org/;42.35774, -3.66765
Burgos;Burgos;09001633;SANTA MARÍA LA NUEVA Y SAN JOSÉ ARTESANO;Privada;Administración y Gestión;ADG;Grado Básico;ADG01B;Servicios Administrativos;Presencial;Concertada;1.0;1.0;;C/ Juan de Ayolas, s/n y Camino Casa de la Vega, s/n;09007;947 48 3906;09001633@educa.jcyl.es;http://www.santamaria-artesano.org/;42.35774, -3.66765
Burgos;Burgos;09001633;SANTA MARÍA LA NUEVA Y SAN JOSÉ ARTESANO;Privada;Electricidad y Electrónica;ELE;Grado Medio;ELE01M;Instalaciones Eléctricas y Automáticas;Presencial;Concertada;1.0;1.0;;C/ Juan de Ayolas, s/n y Camino Casa de la Vega, s/n;09007;947 48 3906;09001633@educa.jcyl.es;http://www.santamaria-artesano.org/;42.35774, -3.66765
Burgos;Burgos;09001633;SANTA MARÍA LA NUEVA Y SAN JOSÉ ARTESANO;Privada;Electricidad y Electrónica;ELE;Grado Medio;ELE02M;Instalaciones de Telecomunicaciones;Presencial;Concertada;1.0;1.0;;C/ Juan de Ayolas, s/n y Camino Casa de la Vega, s/n;09007;947 48 3906;09001633@educa.jcyl.es;http://www.santamaria-artesano.org/;42.35774, -3.66765
Burgos;Burgos;09001633;SANTA MARÍA LA NUEVA Y SAN JOSÉ ARTESANO;Privada;Fabricación Mecánica;FME;Grado Medio;FME01M;Mecanizado;Presencial;Concertada;1.0;1.0;;C/ Juan de Ayolas, s/n y Camino Casa de la Vega, s/n;09007;947 48 3906;09001633@educa.jcyl.es;http://www.santamaria-artesano.org/;42.35774, -3.66765
Burgos;Burgos;09001633;SANTA MARÍA LA NUEVA Y SAN JOSÉ ARTESANO;Privada;Fabricación Mecánica;FME;Grado Medio;FME02M;Soldadura y Calderería;Presencial;Concertada;1.0;1.0;;C/ Juan de Ayolas, s/n y Camino Casa de la Vega, s/n;09007;947 48 3906;09001633@educa.jcyl.es;http://www.santamaria-artesano.org/;42.35774, -3.66765
Burgos;Burgos;09001670;IES CONDE DIEGO PORCELOS;Educación;Actividades Físicas y Deportivas;AFD;Grado Medio;AFD02M;Guía en el medio natural y de tiempo libre;Presencial;Pública;1.0;0.0;;Av. Eloy García De Quevedo , s/n;09006;947 22 1825;09001670@educa.jcyl.es;http://iesdiegoporcelos.centros.educa.jcyl.es/sitio/;42.3518, -3.68694
Burgos;Burgos;09001670;IES CONDE DIEGO PORCELOS;Educación;Actividades Físicas y Deportivas;AFD;Grado Superior;AFD02S;Acondicionamiento Físico;Presencial;Pública;1.0;1.0;;Av. Eloy García De Quevedo , s/n;09006;947 22 1825;09001670@educa.jcyl.es;http://iesdiegoporcelos.centros.educa.jcyl.es/sitio/;42.3518, -3.68694
Burgos;Medina de Pomar;09003599;IES LA PROVIDENCIA;Ayuntamiento;Informática y Comunicaciones;IFC;Grado Medio;IFC01M;Sistemas Microinformáticos y Redes;Presencial;Pública;1.0;1.0;;C/ Martínez Pacheco, 5;09500;947 19 0153;09003599@educa.jcyl.es;http://www.ieslaprovidencia.es/;42.92968, -3.48727
Burgos;Medina de Pomar;09003599;IES LA PROVIDENCIA;Ayuntamiento;Informática y Comunicaciones;IFC;Grado Superior;IFC01S;Administración de Sistemas Informáticos en Red;Presencial;Pública;1.0;1.0;;C/ Martínez Pacheco, 5;09500;947 19 0153;09003599@educa.jcyl.es;http://www.ieslaprovidencia.es/;42.92968, -3.48727
Burgos;Medina de Pomar;09003599;IES LA PROVIDENCIA;Ayuntamiento;Administración y Gestión;ADG;Grado Básico;ADG01B;Servicios Administrativos;Presencial;Pública;1.0;1.0;;C/ Martínez Pacheco, 5;09500;947 19 0153;09003599@educa.jcyl.es;http://www.ieslaprovidencia.es/;42.92968, -3.48727
Burgos;Medina de Pomar;09003599;IES LA PROVIDENCIA;Ayuntamiento;Transporte y Mantenimiento de Vehículos;TMV;Grado Básico;TMV01B;Mantenimiento de Vehículos;Presencial;Pública;1.0;1.0;;C/ Martínez Pacheco, 5;09500;947 19 0153;09003599@educa.jcyl.es;http://www.ieslaprovidencia.es/;42.92968, -3.48727
Burgos;Medina de Pomar;09003599;IES LA PROVIDENCIA;Ayuntamiento;Transporte y Mantenimiento de Vehículos;TMV;Grado Medio;TMV02M;Electromecánica de Vehículos Automóviles;Presencial;Pública;1.0;1.0;;C/ Martínez Pacheco, 5;09500;947 19 0153;09003599@educa.jcyl.es;http://www.ieslaprovidencia.es/;42.92968, -3.48727
Burgos;Miranda de Ebro;09004099;CIFP INSTITUTO TÉCNICO INDUSTRIAL DE MIRANDA;Privada;Fabricación Mecánica;FME;Grado Medio;FME01M;Mecanizado;Presencial;Concertada;1.0;1.0;;Ctra. de Orón, 28;09200;947 31 0941;09004099@educa.jcyl.es;http://www.itimiranda.com;42.69033, -2.92064
Burgos;Miranda de Ebro;09004099;CIFP INSTITUTO TÉCNICO INDUSTRIAL DE MIRANDA;Privada;Hostelería y Turismo;HOT;Grado Medio;HOT01M;Cocina y Gastronomía;Presencial;Concertada;1.0;1.0;;Ctra. de Orón, 28;09200;947 31 0941;09004099@educa.jcyl.es;http://www.itimiranda.com;42.69033, -2.92064
Burgos;Miranda de Ebro;09004099;CIFP INSTITUTO TÉCNICO INDUSTRIAL DE MIRANDA;Privada;Hostelería y Turismo;HOT;Grado Superior;HOT04S;Dirección de Cocina;Presencial;Concertada;1.0;1.0;;Ctra. de Orón, 28;09200;947 31 0941;09004099@educa.jcyl.es;http://www.itimiranda.com;42.69033, -2.92064
Burgos;Miranda de Ebro;09004099;CIFP INSTITUTO TÉCNICO INDUSTRIAL DE MIRANDA;Privada;Administración y Gestión;ADG;Grado Medio;ADG01M;Gestión Administrativa;Presencial;Concertada;1.0;1.0;;Ctra. de Orón, 28;09200;947 31 0941;09004099@educa.jcyl.es;http://www.itimiranda.com;42.69033, -2.92064
Burgos;Miranda de Ebro;09004099;CIFP INSTITUTO TÉCNICO INDUSTRIAL DE MIRANDA;Privada;Administración y Gestión;ADG;Grado Superior;ADG02S;Administración y Finanzas;Presencial;Concertada;1.0;1.0;;Ctra. de Orón, 28;09200;947 31 0941;09004099@educa.jcyl.es;http://www.itimiranda.com;42.69033, -2.92064
Burgos;Miranda de Ebro;09004099;CIFP INSTITUTO TÉCNICO INDUSTRIAL DE MIRANDA;Privada;Fabricación Mecánica;FME;Grado Superior;FME01S;Programación de la Producción en Fabricación Mecánica;Presencial;Concertada;1.0;1.0;;Ctra. de Orón, 28;09200;947 31 0941;09004099@educa.jcyl.es;http://www.itimiranda.com;42.69033, -2.92064
Burgos;Miranda de Ebro;09004099;CIFP INSTITUTO TÉCNICO INDUSTRIAL DE MIRANDA;Privada;Fabricación Mecánica;FME;Grado Superior;FME03S;Diseño en Fabricación Mecánica;Presencial;Concertada;1.0;1.0;;Ctra. de Orón, 28;09200;947 31 0941;09004099@educa.jcyl.es;http://www.itimiranda.com;42.69033, -2.92064
Burgos;Miranda de Ebro;09004099;CIFP INSTITUTO TÉCNICO INDUSTRIAL DE MIRANDA;Privada;Comercio y Marketing;COM;Grado Superior;COM04S;Comercio Internacional;Presencial;Concertada;1.0;1.0;;Ctra. de Orón, 28;09200;947 31 0941;09004099@educa.jcyl.es;http://www.itimiranda.com;42.69033, -2.92064
Burgos;Miranda de Ebro;09004099;CIFP INSTITUTO TÉCNICO INDUSTRIAL DE MIRANDA;Privada;Instalación y Mantenimiento;IMA;Grado Medio;IMA03M;Mantenimiento Electromecánico;Presencial;Concertada;1.0;1.0;;Ctra. de Orón, 28;09200;947 31 0941;09004099@educa.jcyl.es;http://www.itimiranda.com;42.69033, -2.92064
Burgos;Miranda de Ebro;09004099;CIFP INSTITUTO TÉCNICO INDUSTRIAL DE MIRANDA;Privada;Instalación y Mantenimiento;IMA;Grado Superior;IMA03S;Mecatrónica Industrial;Presencial;Concertada;1.0;1.0;;Ctra. de Orón, 28;09200;947 31 0941;09004099@educa.jcyl.es;http://www.itimiranda.com;42.69033, -2.92064
Burgos;Miranda de Ebro;09004142;IES FRAY PEDRO DE URBINA;Educación;Fabricación Mecánica;FME;Grado Medio;FME02M;Soldadura y Calderería;Presencial;Pública;1.0;1.0;;Avda. República Argentina, 2;09200;947 31 0490;09004142@educa.jcyl.es;http://www.iesfraypedro.com/;42.68237, -2.94584
Burgos;Miranda de Ebro;09004142;IES FRAY PEDRO DE URBINA;Educación;Fabricación Mecánica;FME;Grado Básico;FME02B;Fabricación de Elementos Metálicos;Presencial;Pública;1.0;1.0;;Avda. República Argentina, 2;09200;947 31 0490;09004142@educa.jcyl.es;http://www.iesfraypedro.com/;42.68237, -2.94584
Burgos;Miranda de Ebro;09004142;IES FRAY PEDRO DE URBINA;Educación;Fabricación Mecánica;FME;Grado Superior;FME02S;Construcciones Metálicas;Presencial;Pública;1.0;0.0;;Avda. República Argentina, 2;09200;947 31 0490;09004142@educa.jcyl.es;http://www.iesfraypedro.com/;42.68237, -2.94584
Burgos;Villarcayo;09007179;IES MERINDADES DE CASTILLA;Educación;Hostelería y Turismo;HOT;Grado Básico;HOT01B;Cocina y Restauración;Presencial;Pública;1.0;1.0;;C/ El Soto, s/n;09550;947 13 1267;09007179@educa.jcyl.es;http://iesmerindadesdecastilla.centros.educa.jcyl.es;42.93899, -3.57489
Burgos;Villarcayo;09007179;IES MERINDADES DE CASTILLA;Educación;Hostelería y Turismo;HOT;Grado Medio;HOT01M;Cocina y Gastronomía;Presencial;Pública;1.0;1.0;;C/ El Soto, s/n;09550;947 13 1267;09007179@educa.jcyl.es;http://iesmerindadesdecastilla.centros.educa.jcyl.es;42.93899, -3.57489
Burgos;Villarcayo;09007179;IES MERINDADES DE CASTILLA;Educación;Administración y Gestión;ADG;Grado Superior;ADG02S;Administración y Finanzas;Presencial;Pública;1.0;1.0;;C/ El Soto, s/n;09550;947 13 1267;09007179@educa.jcyl.es;http://iesmerindadesdecastilla.centros.educa.jcyl.es;42.93899, -3.57489
Burgos;Villarcayo;09007179;IES MERINDADES DE CASTILLA;Educación;Electricidad y Electrónica;ELE;Grado Medio;ELE01M;Instalaciones Eléctricas y Automáticas;Presencial;Pública;1.0;1.0;;C/ El Soto, s/n;09550;947 13 1267;09007179@educa.jcyl.es;http://iesmerindadesdecastilla.centros.educa.jcyl.es;42.93899, -3.57489
Burgos;Villarcayo;09007179;IES MERINDADES DE CASTILLA;Educación;Hostelería y Turismo;HOT;Grado Superior;HOT04S;Dirección de Cocina;Presencial;Pública;1.0;0.0;;C/ El Soto, s/n;09550;947 13 1267;09007179@educa.jcyl.es;http://iesmerindadesdecastilla.centros.educa.jcyl.es;42.93899, -3.57489
Burgos;Villarcayo;09007179;IES MERINDADES DE CASTILLA;Educación;Administración y Gestión;ADG;Grado Medio;ADG01M;Gestión Administrativa;Presencial;Pública;1.0;1.0;;C/ El Soto, s/n;09550;947 13 1267;09007179@educa.jcyl.es;http://iesmerindadesdecastilla.centros.educa.jcyl.es;42.93899, -3.57489
Burgos;Villarcayo;09007179;IES MERINDADES DE CASTILLA;Educación;Comercio y Marketing;COM;Grado Básico;COM01B;Servicios Comerciales;Presencial;Pública;1.0;1.0;;C/ El Soto, s/n;09550;947 13 1267;09007179@educa.jcyl.es;http://iesmerindadesdecastilla.centros.educa.jcyl.es;42.93899, -3.57489
Burgos;Aranda de Duero;09007684;IES JUAN MARTÍN EL EMPECINADO;Educación;Fabricación Mecánica;FME;Grado Básico;FME01B;Fabricación y Montaje;Presencial;Pública;1.0;1.0;;Avda. Luis Mateos, s/n;09400;947 51 0738;09007684@educa.jcyl.es;http://ieselempecinado.centros.educa.jcyl.es;41.6639, -3.70299
Burgos;Aranda de Duero;09007684;IES JUAN MARTÍN EL EMPECINADO;Educación;Química;QUI;Grado Superior;QUI01S;Laboratorio de Análisis y Control de Calidad;Presencial;Pública;1.0;1.0;;Avda. Luis Mateos, s/n;09400;947 51 0738;09007684@educa.jcyl.es;http://ieselempecinado.centros.educa.jcyl.es;41.6639, -3.70299
Burgos;Aranda de Duero;09007684;IES JUAN MARTÍN EL EMPECINADO;Educación;Transporte y Mantenimiento de Vehículos;TMV;Grado Medio;TMV02M;Electromecánica de Vehículos Automóviles;Presencial;Pública;1.0;1.0;;Avda. Luis Mateos, s/n;09400;947 51 0738;09007684@educa.jcyl.es;http://ieselempecinado.centros.educa.jcyl.es;41.6639, -3.70299
Burgos;Aranda de Duero;09007684;IES JUAN MARTÍN EL EMPECINADO;Educación;Instalación y Mantenimiento;IMA;Grado Medio;IMA03M;Mantenimiento Electromecánico;Presencial;Pública;1.0;1.0;;Avda. Luis Mateos, s/n;09400;947 51 0738;09007684@educa.jcyl.es;http://ieselempecinado.centros.educa.jcyl.es;41.6639, -3.70299
Burgos;Aranda de Duero;09007684;IES JUAN MARTÍN EL EMPECINADO;Educación;Instalación y Mantenimiento;IMA;Grado Superior;IMA03S;Mecatrónica Industrial;Presencial;Pública;1.0;1.0;;Avda. Luis Mateos, s/n;09400;947 51 0738;09007684@educa.jcyl.es;http://ieselempecinado.centros.educa.jcyl.es;41.6639, -3.70299
Burgos;Burgos;09007751;IES ENRIQUE FLÓREZ;Educación;Edificación y Obra Civil;EOC;Grado Superior;EOC01S;Proyectos de Edificación;Presencial;Pública;1.0;1.0;;Ctra. Madrid, 20;09002;947 26 9606;09007751@educa.jcyl.es;http://iesenriqueflorez.centros.educa.jcyl.es;42.33583, -3.70028
Burgos;Burgos;09007751;IES ENRIQUE FLÓREZ;Educación;Edificación y Obra Civil;EOC;Grado Superior;EOC02S;Proyectos de Obra Civil;Presencial;Pública;0.0;1.0;;Ctra. Madrid, 20;09002;947 26 9606;09007751@educa.jcyl.es;http://iesenriqueflorez.centros.educa.jcyl.es;42.33583, -3.70028
Burgos;Burgos;09007751;IES ENRIQUE FLÓREZ;Educación;Sanidad;SAN;Grado Medio;SAN02M;Farmacia y Parafarmacia;Presencial;Pública;1.0;1.0;;Ctra. Madrid, 20;09002;947 26 9606;09007751@educa.jcyl.es;http://iesenriqueflorez.centros.educa.jcyl.es;42.33583, -3.70028
Burgos;Burgos;09007751;IES ENRIQUE FLÓREZ;Educación;Seguridad y Medio Ambiente;SEA;Grado Superior;SEA03S;Química y Salud Ambiental;Presencial;Pública;1.0;1.0;;Ctra. Madrid, 20;09002;947 26 9606;09007751@educa.jcyl.es;http://iesenriqueflorez.centros.educa.jcyl.es;42.33583, -3.70028
Burgos;Burgos;09007751;IES ENRIQUE FLÓREZ;Educación;Servicios Socioculturales y a la Comunidad;SSC;Grado Superior;SSC03Sd;Integración Social (distancia);Distancia;Pública;1.0;1.0;;Ctra. Madrid, 20;09002;947 26 9606;09007751@educa.jcyl.es;http://iesenriqueflorez.centros.educa.jcyl.es;42.33583, -3.70028
Burgos;Burgos;09007751;IES ENRIQUE FLÓREZ;Educación;Sanidad;SAN;Grado Medio;SAN21;Cuidados Auxiliares de Enfermería;Presencial;Pública;2.0;2.0;;Ctra. Madrid, 20;09002;947 26 9606;09007751@educa.jcyl.es;http://iesenriqueflorez.centros.educa.jcyl.es;42.33583, -3.70028
Burgos;Burgos;09007751;IES ENRIQUE FLÓREZ;Educación;Sanidad;SAN;Grado Superior;SAN06S;Higiene Bucodental;Presencial;Pública;1.0;1.0;;Ctra. Madrid, 20;09002;947 26 9606;09007751@educa.jcyl.es;http://iesenriqueflorez.centros.educa.jcyl.es;42.33583, -3.70028
Burgos;Burgos;09007751;IES ENRIQUE FLÓREZ;Educación;Sanidad;SAN;Grado Superior;SAN08S;Laboratorio Clínico y Biomédico;Presencial;Pública;2.0;2.0;;Ctra. Madrid, 20;09002;947 26 9606;09007751@educa.jcyl.es;http://iesenriqueflorez.centros.educa.jcyl.es;42.33583, -3.70028
Burgos;Burgos;09007751;IES ENRIQUE FLÓREZ;Educación;Servicios Socioculturales y a la Comunidad;SSC;Grado Medio;SSC01M;Atención a Personas en Situación de Dependencia;Presencial;Pública;1.0;1.0;;Ctra. Madrid, 20;09002;947 26 9606;09007751@educa.jcyl.es;http://iesenriqueflorez.centros.educa.jcyl.es;42.33583, -3.70028
Burgos;Burgos;09007751;IES ENRIQUE FLÓREZ;Educación;Servicios Socioculturales y a la Comunidad;SSC;Grado Superior;SSC03S;Integración Social;Presencial;Pública;1.0;1.0;;Ctra. Madrid, 20;09002;947 26 9606;09007751@educa.jcyl.es;http://iesenriqueflorez.centros.educa.jcyl.es;42.33583, -3.70028
Burgos;Burgos;09007751;IES ENRIQUE FLÓREZ;Educación;Edificación y Obra Civil;EOC;Grado Medio;EOC02M;Obras de Interior, Decoración y Rehabilitación;Presencial;Pública;1.0;1.0;;Ctra. Madrid, 20;09002;947 26 9606;09007751@educa.jcyl.es;http://iesenriqueflorez.centros.educa.jcyl.es;42.33583, -3.70028
Burgos;Burgos;09007751;IES ENRIQUE FLÓREZ;Educación;Industrias Alimentarias;INA;Grado Superior;INA02S;Procesos y Calidad en la Industria Alimentaria;Presencial;Pública;1.0;1.0;;Ctra. Madrid, 20;09002;947 26 9606;09007751@educa.jcyl.es;http://iesenriqueflorez.centros.educa.jcyl.es;42.33583, -3.70028
Burgos;Burgos;09007751;IES ENRIQUE FLÓREZ;Educación;Química;QUI;Grado Medio;QUI02M;Operaciones de Laboratorio;Presencial;Pública;1.0;1.0;;Ctra. Madrid, 20;09002;947 26 9606;09007751@educa.jcyl.es;http://iesenriqueflorez.centros.educa.jcyl.es;42.33583, -3.70028
Burgos;Burgos;09007751;IES ENRIQUE FLÓREZ;Educación;Química;QUI;Grado Superior;QUI01S;Laboratorio de Análisis y Control de Calidad;Presencial;Pública;1.0;1.0;;Ctra. Madrid, 20;09002;947 26 9606;09007751@educa.jcyl.es;http://iesenriqueflorez.centros.educa.jcyl.es;42.33583, -3.70028
Burgos;Burgos;09007751;IES ENRIQUE FLÓREZ;Educación;Sanidad;SAN;Grado Medio;SAN21d;Cuidados Auxiliares de Enfermería (distancia);Distancia;Pública;1.0;0.0;;Ctra. Madrid, 20;09002;947 26 9606;09007751@educa.jcyl.es;http://iesenriqueflorez.centros.educa.jcyl.es;42.33583, -3.70028
Burgos;Burgos;09007751;IES ENRIQUE FLÓREZ;Educación;Servicios Socioculturales y a la Comunidad;SSC;Grado Superior;SSC01S;Educación Infantil;Presencial;Pública;2.0;2.0;;Ctra. Madrid, 20;09002;947 26 9606;09007751@educa.jcyl.es;http://iesenriqueflorez.centros.educa.jcyl.es;42.33583, -3.70028
Burgos;Burgos;09007994;CÍRCULO CATÓLICO DE OBREROS;Privada;Informática y Comunicaciones;IFC;Grado Medio;IFC01M;Sistemas Microinformáticos y Redes;Presencial;Concertada;1.0;1.0;;C/ Ramón y Cajal, 8;09002;947 27 6028;09007994@educa.jcyl.es;http://www.colegiocirculo.com;42.33891, -3.69493
Burgos;Burgos;09007994;CÍRCULO CATÓLICO DE OBREROS;Privada;Sanidad;SAN;Grado Medio;SAN21;Cuidados Auxiliares de Enfermería;Presencial;Concertada;1.0;1.0;;C/ Ramón y Cajal, 8;09002;947 27 6028;09007994@educa.jcyl.es;http://www.colegiocirculo.com;42.33891, -3.69493
Burgos;Burgos;09007994;CÍRCULO CATÓLICO DE OBREROS;Privada;Administración y Gestión;ADG;Grado Medio;ADG01M;Gestión Administrativa;Presencial;Concertada;1.0;1.0;;C/ Ramón y Cajal, 8;09002;947 27 6028;09007994@educa.jcyl.es;http://www.colegiocirculo.com;42.33891, -3.69493
Burgos;Burgos;09007994;CÍRCULO CATÓLICO DE OBREROS;Privada;Sanidad;SAN;Grado Superior;SAN07S;Imagen para el Diagnóstico y Medicina Nuclear;Presencial;Concertada;1.0;1.0;;C/ Ramón y Cajal, 8;09002;947 27 6028;09007994@educa.jcyl.es;http://www.colegiocirculo.com;42.33891, -3.69493
Burgos;Burgos;09008263;IES DIEGO MARÍN AGUILERA;Educación;Imagen y Sonido;IMS;Grado Medio;IMS01M;Vídeo Disc-jockey y Sonido;Presencial;Pública;1.0;1.0;;Ctra. de Poza, s/n;09007;947 48 5054;09008263@educa.jcyl.es;http://www.ies-diegomarinaguilera.es;42.35861, -3.66227
Burgos;Burgos;09008263;IES DIEGO MARÍN AGUILERA;Educación;Madera, Mueble y Corcho;MAM;Grado Medio;MAM02M;Instalación y Amueblamiento;Presencial;Pública;1.0;1.0;;Ctra. de Poza, s/n;09007;947 48 5054;09008263@educa.jcyl.es;http://www.ies-diegomarinaguilera.es;42.35861, -3.66227
Burgos;Burgos;09008263;IES DIEGO MARÍN AGUILERA;Educación;Transporte y Mantenimiento de Vehículos;TMV;Grado Superior;TMV01S;Automoción;Presencial;Pública;1.0;1.0;;Ctra. de Poza, s/n;09007;947 48 5054;09008263@educa.jcyl.es;http://www.ies-diegomarinaguilera.es;42.35861, -3.66227
Burgos;Burgos;09008263;IES DIEGO MARÍN AGUILERA;Educación;Imagen Personal;IMP;Grado Medio;IMP01M;Estética y Belleza;Presencial;Pública;1.0;1.0;;Ctra. de Poza, s/n;09007;947 48 5054;09008263@educa.jcyl.es;http://www.ies-diegomarinaguilera.es;42.35861, -3.66227
Burgos;Burgos;09008263;IES DIEGO MARÍN AGUILERA;Educación;Transporte y Mantenimiento de Vehículos;TMV;Grado Básico;TMV01B;Mantenimiento de Vehículos;Presencial;Pública;1.0;1.0;;Ctra. de Poza, s/n;09007;947 48 5054;09008263@educa.jcyl.es;http://www.ies-diegomarinaguilera.es;42.35861, -3.66227
Burgos;Burgos;09008263;IES DIEGO MARÍN AGUILERA;Educación;Transporte y Mantenimiento de Vehículos;TMV;Grado Medio;TMV01M;Carrocería;Presencial;Pública;1.0;1.0;;Ctra. de Poza, s/n;09007;947 48 5054;09008263@educa.jcyl.es;http://www.ies-diegomarinaguilera.es;42.35861, -3.66227
Burgos;Burgos;09008263;IES DIEGO MARÍN AGUILERA;Educación;Imagen Personal;IMP;Grado Básico;IMP01B;Peluquería y Estética;Presencial;Pública;1.0;1.0;;Ctra. de Poza, s/n;09007;947 48 5054;09008263@educa.jcyl.es;http://www.ies-diegomarinaguilera.es;42.35861, -3.66227
Burgos;Burgos;09008263;IES DIEGO MARÍN AGUILERA;Educación;Imagen Personal;IMP;Grado Superior;IMP02S;Estilismo y Dirección de Peluquería;Presencial;Pública;1.0;1.0;;Ctra. de Poza, s/n;09007;947 48 5054;09008263@educa.jcyl.es;http://www.ies-diegomarinaguilera.es;42.35861, -3.66227
Burgos;Burgos;09008263;IES DIEGO MARÍN AGUILERA;Educación;Imagen y Sonido;IMS;Grado Superior;IMS02S;Realización de Proyectos de Audiovisuales y Espectáculos;Presencial;Pública;1.0;1.0;;Ctra. de Poza, s/n;09007;947 48 5054;09008263@educa.jcyl.es;http://www.ies-diegomarinaguilera.es;42.35861, -3.66227
Burgos;Burgos;09008263;IES DIEGO MARÍN AGUILERA;Educación;Imagen y Sonido;IMS;Grado Superior;IMS05S;Iluminación, Captación y tratamiento de Imagen;Presencial;Pública;1.0;1.0;;Ctra. de Poza, s/n;09007;947 48 5054;09008263@educa.jcyl.es;http://www.ies-diegomarinaguilera.es;42.35861, -3.66227
Burgos;Burgos;09008263;IES DIEGO MARÍN AGUILERA;Educación;Madera, Mueble y Corcho;MAM;Grado Básico;MAM01B;Carpintería y Mueble;Presencial;Pública;1.0;1.0;;Ctra. de Poza, s/n;09007;947 48 5054;09008263@educa.jcyl.es;http://www.ies-diegomarinaguilera.es;42.35861, -3.66227
Burgos;Burgos;09008263;IES DIEGO MARÍN AGUILERA;Educación;Transporte y Mantenimiento de Vehículos;TMV;Grado Medio;TMV02M;Electromecánica de Vehículos Automóviles;Presencial;Pública;1.0;1.0;;Ctra. de Poza, s/n;09007;947 48 5054;09008263@educa.jcyl.es;http://www.ies-diegomarinaguilera.es;42.35861, -3.66227
Burgos;Albillos;09008299;CIFP PRINCIPE FELIPE;Agricultura;Agraria;AGA;Grado Medio;AGA02M;Producción Agropecuaria;Presencial;Pública;1.0;1.0;;Ctra. Arcos de la Llana a Albillos, s/n;09196;947 40 4192;09008299@educa.jcyl.es;http://cfaprincipefelipe.centros.educa.jcyl.es;42.27642, -3.79061
Burgos;Albillos;09008299;CIFP PRINCIPE FELIPE;Agricultura;Agraria;AGA;Grado Superior;AGA03S;Ganadería y Asistencia en Sanidad Animal;Presencial;Pública;1.0;1.0;;Ctra. Arcos de la Llana a Albillos, s/n;09196;947 40 4192;09008299@educa.jcyl.es;http://cfaprincipefelipe.centros.educa.jcyl.es;42.27642, -3.79061
Burgos;Burgos;09008500;SALESIANOS PADRE ARAMBURU;Privada;Electricidad y Electrónica;ELE;Grado Superior;ELE02S;Sistemas de Telecomunicaciones e Informáticos;Presencial;Concertada;1.0;1.0;;C/ Quintanar de la Sierra, s/n;09001;947 20 9243;09008500@educa.jcyl.es;http://www.salesianosburgos.com;42.3366, -3.7132
Burgos;Burgos;09008500;SALESIANOS PADRE ARAMBURU;Privada;Fabricación Mecánica;FME;Grado Medio;FME01M;Mecanizado;Presencial;Concertada;1.0;1.0;;C/ Quintanar de la Sierra, s/n;09001;947 20 9243;09008500@educa.jcyl.es;http://www.salesianosburgos.com;42.3366, -3.7132
Burgos;Burgos;09008500;SALESIANOS PADRE ARAMBURU;Privada;Transporte y Mantenimiento de Vehículos;TMV;Grado Básico;TMV01B;Mantenimiento de Vehículos;Presencial;Concertada;1.0;1.0;;C/ Quintanar de la Sierra, s/n;09001;947 20 9243;09008500@educa.jcyl.es;http://www.salesianosburgos.com;42.3366, -3.7132
Burgos;Burgos;09008500;SALESIANOS PADRE ARAMBURU;Privada;Transporte y Mantenimiento de Vehículos;TMV;Grado Medio;TMV01M;Carrocería;Presencial;Concertada;1.0;1.0;;C/ Quintanar de la Sierra, s/n;09001;947 20 9243;09008500@educa.jcyl.es;http://www.salesianosburgos.com;42.3366, -3.7132
Burgos;Burgos;09008500;SALESIANOS PADRE ARAMBURU;Privada;Transporte y Mantenimiento de Vehículos;TMV;Grado Superior;TMV01S;Automoción;Presencial;Concertada;1.0;1.0;;C/ Quintanar de la Sierra, s/n;09001;947 20 9243;09008500@educa.jcyl.es;http://www.salesianosburgos.com;42.3366, -3.7132
Burgos;Burgos;09008500;SALESIANOS PADRE ARAMBURU;Privada;Electricidad y Electrónica;ELE;Grado Superior;ELE04S;Automatización y Robótica Industrial;Presencial;Concertada;1.0;1.0;;C/ Quintanar de la Sierra, s/n;09001;947 20 9243;09008500@educa.jcyl.es;http://www.salesianosburgos.com;42.3366, -3.7132
Burgos;Burgos;09008500;SALESIANOS PADRE ARAMBURU;Privada;Fabricación Mecánica;FME;Grado Básico;FME01B;Fabricación y Montaje;Presencial;Concertada;1.0;1.0;;C/ Quintanar de la Sierra, s/n;09001;947 20 9243;09008500@educa.jcyl.es;http://www.salesianosburgos.com;42.3366, -3.7132
Burgos;Burgos;09008500;SALESIANOS PADRE ARAMBURU;Privada;Informática y Comunicaciones;IFC;Grado Básico;IFC01B;Informática y Comunicaciones;Presencial;Concertada;1.0;1.0;;C/ Quintanar de la Sierra, s/n;09001;947 20 9243;09008500@educa.jcyl.es;http://www.salesianosburgos.com;42.3366, -3.7132
Burgos;Burgos;09008500;SALESIANOS PADRE ARAMBURU;Privada;Transporte y Mantenimiento de Vehículos;TMV;Grado Medio;TMV02M;Electromecánica de Vehículos Automóviles;Presencial;Concertada;1.0;1.0;;C/ Quintanar de la Sierra, s/n;09001;947 20 9243;09008500@educa.jcyl.es;http://www.salesianosburgos.com;42.3366, -3.7132
Burgos;Burgos;09008500;SALESIANOS PADRE ARAMBURU;Privada;Electricidad y Electrónica;ELE;Grado Medio;ELE01M;Instalaciones Eléctricas y Automáticas;Presencial;Concertada;1.0;1.0;;C/ Quintanar de la Sierra, s/n;09001;947 20 9243;09008500@educa.jcyl.es;http://www.salesianosburgos.com;42.3366, -3.7132
Burgos;Burgos;09008500;SALESIANOS PADRE ARAMBURU;Privada;Electricidad y Electrónica;ELE;Grado Medio;ELE02M;Instalaciones de Telecomunicaciones;Presencial;Concertada;1.0;1.0;;C/ Quintanar de la Sierra, s/n;09001;947 20 9243;09008500@educa.jcyl.es;http://www.salesianosburgos.com;42.3366, -3.7132
Burgos;Burgos;09008500;SALESIANOS PADRE ARAMBURU;Privada;Fabricación Mecánica;FME;Grado Superior;FME01S;Programación de la Producción en Fabricación Mecánica;Presencial;Concertada;1.0;1.0;;C/ Quintanar de la Sierra, s/n;09001;947 20 9243;09008500@educa.jcyl.es;http://www.salesianosburgos.com;42.3366, -3.7132
Burgos;Burgos;09008500;SALESIANOS PADRE ARAMBURU;Privada;Fabricación Mecánica;FME;Grado Superior;FME03S;Diseño en Fabricación Mecánica;Presencial;Concertada;1.0;1.0;;C/ Quintanar de la Sierra, s/n;09001;947 20 9243;09008500@educa.jcyl.es;http://www.salesianosburgos.com;42.3366, -3.7132
Burgos;Burgos;09008834;PUENTESAÚCO;Privada;Agraria;AGA;Grado Básico;AGA01B;Agro-jardinería y Composiciones Florales;Presencial;Concertada;1.0;1.0;;C/ Condesa de Mencía, 150;09006;947 22 9958;09008834@educa.jcyl.es;https://puentesauco.grupoaspanias.com/;42.36189, -3.67501
Burgos;La Aguilera;09012072;CIFP SAN GABRIEL;Privada;Industrias Alimentarias;INA;Grado Medio;INA02M;Aceites de Oliva y Vinos;Presencial;Concertada;1.0;1.0;;Ctra. de la Aguilera, km 6,5;09440;947 54 5006;09012072@educa.jcyl.es;http://www.ciudaddelaeducacion.es;41.7055, -3.75059
Burgos;La Aguilera;09012072;CIFP SAN GABRIEL;Privada;Industrias Alimentarias;INA;Grado Superior;INA01Sd;Vitivinicultura (distancia);Distancia;Privada;1.0;0.0;;Ctra. de la Aguilera, km 6,5;09440;947 54 5006;09012072@educa.jcyl.es;http://www.ciudaddelaeducacion.es;41.7055, -3.75059
Burgos;La Aguilera;09012072;CIFP SAN GABRIEL;Privada;Electricidad y Electrónica;ELE;Grado Superior;ELE04S;Automatización y Robótica Industrial;Presencial;Concertada;1.0;1.0;;Ctra. de la Aguilera, km 6,5;09440;947 54 5006;09012072@educa.jcyl.es;http://www.ciudaddelaeducacion.es;41.7055, -3.75059
Burgos;La Aguilera;09012072;CIFP SAN GABRIEL;Privada;Fabricación Mecánica;FME;Grado Medio;FME02M;Soldadura y Calderería;Presencial;Concertada;1.0;1.0;;Ctra. de la Aguilera, km 6,5;09440;947 54 5006;09012072@educa.jcyl.es;http://www.ciudaddelaeducacion.es;41.7055, -3.75059
Burgos;La Aguilera;09012072;CIFP SAN GABRIEL;Privada;Industrias Alimentarias;INA;Grado Superior;INA01S;Vitivinicultura;Presencial;Concertada;1.0;1.0;;Ctra. de la Aguilera, km 6,5;09440;947 54 5006;09012072@educa.jcyl.es;http://www.ciudaddelaeducacion.es;41.7055, -3.75059
Burgos;La Aguilera;09012072;CIFP SAN GABRIEL;Privada;Servicios Socioculturales y a la Comunidad;SSC;Grado Superior;SSC06Sd;Formación para la movilidad segura y sostenible (distancia);Distancia;Privada;1.0;0.0;;Ctra. de la Aguilera, km 6,5;09440;947 54 5006;09012072@educa.jcyl.es;http://www.ciudaddelaeducacion.es;41.7055, -3.75059
Burgos;La Aguilera;09012072;CIFP SAN GABRIEL;Privada;Industrias Alimentarias;INA;Grado Básico;INA01B;Actividades de Panadería y Pastelería;Presencial;Concertada;1.0;1.0;;Ctra. de la Aguilera, km 6,5;09440;947 54 5006;09012072@educa.jcyl.es;http://www.ciudaddelaeducacion.es;41.7055, -3.75059
Burgos;La Aguilera;09012072;CIFP SAN GABRIEL;Privada;Servicios Socioculturales y a la Comunidad;SSC;Grado Superior;SSC01Sd;Educación Infantil (distancia);Distancia;Privada;1.0;0.0;;Ctra. de la Aguilera, km 6,5;09440;947 54 5006;09012072@educa.jcyl.es;http://www.ciudaddelaeducacion.es;41.7055, -3.75059
Burgos;La Aguilera;09012072;CIFP SAN GABRIEL;Privada;Servicios Socioculturales y a la Comunidad;SSC;Grado Superior;SSC06S;Formación para la movilidad segura y sostenible;Presencial;Concertada;1.0;1.0;;Ctra. de la Aguilera, km 6,5;09440;947 54 5006;09012072@educa.jcyl.es;http://www.ciudaddelaeducacion.es;41.7055, -3.75059
Burgos;Burgos;09012096;CIFP JUAN DE COLONIA;Educación;Administración y Gestión;ADG;Grado Básico;ADG01B;Servicios Administrativos;Presencial;Pública;1.0;1.0;;C/ Francisco de Vitoria, s/n;09006;947 24 5004;09012096@educa.jcyl.es;http://cifpjuandecolonia.centros.educa.jcyl.es;42.35377, -3.68638
Burgos;Burgos;09012096;CIFP JUAN DE COLONIA;Educación;Administración y Gestión;ADG;Grado Medio;ADG01Md;Gestión Administrativa (distancia);Distancia;Pública;1.0;0.0;;C/ Francisco de Vitoria, s/n;09006;947 24 5004;09012096@educa.jcyl.es;http://cifpjuandecolonia.centros.educa.jcyl.es;42.35377, -3.68638
Burgos;Burgos;09012096;CIFP JUAN DE COLONIA;Educación;Administración y Gestión;ADG;Grado Superior;ADG01S;Asistencia a la Dirección;Presencial;Pública;1.0;1.0;;C/ Francisco de Vitoria, s/n;09006;947 24 5004;09012096@educa.jcyl.es;http://cifpjuandecolonia.centros.educa.jcyl.es;42.35377, -3.68638
Burgos;Burgos;09012096;CIFP JUAN DE COLONIA;Educación;Administración y Gestión;ADG;Grado Superior;ADG02S;Administración y Finanzas;Presencial;Pública;2.0;2.0;;C/ Francisco de Vitoria, s/n;09006;947 24 5004;09012096@educa.jcyl.es;http://cifpjuandecolonia.centros.educa.jcyl.es;42.35377, -3.68638
Burgos;Burgos;09012096;CIFP JUAN DE COLONIA;Educación;Comercio y Marketing;COM;Grado Básico;COM01B;Servicios Comerciales;Presencial;Pública;1.0;1.0;;C/ Francisco de Vitoria, s/n;09006;947 24 5004;09012096@educa.jcyl.es;http://cifpjuandecolonia.centros.educa.jcyl.es;42.35377, -3.68638
Burgos;Burgos;09012096;CIFP JUAN DE COLONIA;Educación;Comercio y Marketing;COM;Grado Superior;COM01S;Marketing y Publicidad;Presencial;Pública;1.0;1.0;;C/ Francisco de Vitoria, s/n;09006;947 24 5004;09012096@educa.jcyl.es;http://cifpjuandecolonia.centros.educa.jcyl.es;42.35377, -3.68638
Burgos;Burgos;09012096;CIFP JUAN DE COLONIA;Educación;Comercio y Marketing;COM;Curso Especialización;COM02E;Redacción de contenidos digitales para marketing y ventas;Presencial;Pública;1.0;0.0;;C/ Francisco de Vitoria, s/n;09006;947 24 5004;09012096@educa.jcyl.es;http://cifpjuandecolonia.centros.educa.jcyl.es;42.35377, -3.68638
Burgos;Burgos;09012096;CIFP JUAN DE COLONIA;Educación;Informática y Comunicaciones;IFC;Grado Básico;IFC01B;Informática y Comunicaciones;Presencial;Pública;1.0;1.0;;C/ Francisco de Vitoria, s/n;09006;947 24 5004;09012096@educa.jcyl.es;http://cifpjuandecolonia.centros.educa.jcyl.es;42.35377, -3.68638
Burgos;Burgos;09012096;CIFP JUAN DE COLONIA;Educación;Informática y Comunicaciones;IFC;Grado Superior;IFC02S;Desarrollo de Aplicaciones Multiplataforma;Presencial;Pública;1.0;1.0;;C/ Francisco de Vitoria, s/n;09006;947 24 5004;09012096@educa.jcyl.es;http://cifpjuandecolonia.centros.educa.jcyl.es;42.35377, -3.68638
Burgos;Burgos;09012096;CIFP JUAN DE COLONIA;Educación;Informática y Comunicaciones;IFC;Grado Superior;IFC03S;Desarrollo de Aplicaciones WEB;Presencial;Pública;1.0;1.0;;C/ Francisco de Vitoria, s/n;09006;947 24 5004;09012096@educa.jcyl.es;http://cifpjuandecolonia.centros.educa.jcyl.es;42.35377, -3.68638
Burgos;Burgos;09012096;CIFP JUAN DE COLONIA;Educación;Administración y Gestión;ADG;Grado Medio;ADG01M;Gestión Administrativa;Presencial;Pública;1.0;1.0;;C/ Francisco de Vitoria, s/n;09006;947 24 5004;09012096@educa.jcyl.es;http://cifpjuandecolonia.centros.educa.jcyl.es;42.35377, -3.68638
Burgos;Burgos;09012096;CIFP JUAN DE COLONIA;Educación;Comercio y Marketing;COM;Grado Medio;COM01M;Actividades Comerciales;Presencial;Pública;1.0;1.0;;C/ Francisco de Vitoria, s/n;09006;947 24 5004;09012096@educa.jcyl.es;http://cifpjuandecolonia.centros.educa.jcyl.es;42.35377, -3.68638
Burgos;Burgos;09012096;CIFP JUAN DE COLONIA;Educación;Comercio y Marketing;COM;Grado Superior;COM04S;Comercio Internacional;Presencial;Pública;1.0;1.0;;C/ Francisco de Vitoria, s/n;09006;947 24 5004;09012096@educa.jcyl.es;http://cifpjuandecolonia.centros.educa.jcyl.es;42.35377, -3.68638
Burgos;Burgos;09012096;CIFP JUAN DE COLONIA;Educación;Informática y Comunicaciones;IFC;Grado Medio;IFC01M;Sistemas Microinformáticos y Redes;Presencial;Pública;2.0;2.0;;C/ Francisco de Vitoria, s/n;09006;947 24 5004;09012096@educa.jcyl.es;http://cifpjuandecolonia.centros.educa.jcyl.es;42.35377, -3.68638
Burgos;Burgos;09012096;CIFP JUAN DE COLONIA;Educación;Informática y Comunicaciones;IFC;Grado Medio;IFC01Md;Sistemas Microinformáticos y Redes (distancia);Distancia;Pública;1.0;0.0;;C/ Francisco de Vitoria, s/n;09006;947 24 5004;09012096@educa.jcyl.es;http://cifpjuandecolonia.centros.educa.jcyl.es;42.35377, -3.68638
Burgos;Burgos;09012096;CIFP JUAN DE COLONIA;Educación;Informática y Comunicaciones;IFC;Curso Especialización;IFC01E;Ciberseguridad en entornos de las tecnologías de la información;Presencial;Pública;1.0;0.0;;C/ Francisco de Vitoria, s/n;09006;947 24 5004;09012096@educa.jcyl.es;http://cifpjuandecolonia.centros.educa.jcyl.es;42.35377, -3.68638
Burgos;Burgos;09012096;CIFP JUAN DE COLONIA;Educación;Comercio y Marketing;COM;Grado Superior;COM02S;Transporte y Logística;Presencial;Pública;1.0;1.0;;C/ Francisco de Vitoria, s/n;09006;947 24 5004;09012096@educa.jcyl.es;http://cifpjuandecolonia.centros.educa.jcyl.es;42.35377, -3.68638
Burgos;Burgos;09012096;CIFP JUAN DE COLONIA;Educación;Comercio y Marketing;COM;Grado Superior;COM02Sd;Transporte y Logística (distancia);Distancia;Pública;1.0;0.0;;C/ Francisco de Vitoria, s/n;09006;947 24 5004;09012096@educa.jcyl.es;http://cifpjuandecolonia.centros.educa.jcyl.es;42.35377, -3.68638
Burgos;Burgos;09012096;CIFP JUAN DE COLONIA;Educación;Comercio y Marketing;COM;Grado Superior;COM03S;Gestión de Ventas y Espacios Comerciales;Presencial;Pública;1.0;1.0;;C/ Francisco de Vitoria, s/n;09006;947 24 5004;09012096@educa.jcyl.es;http://cifpjuandecolonia.centros.educa.jcyl.es;42.35377, -3.68638
Burgos;Burgos;09012096;CIFP JUAN DE COLONIA;Educación;Comercio y Marketing;COM;Grado Superior;COM04Sd;Comercio Internacional (distancia);Distancia;Pública;1.0;0.0;;C/ Francisco de Vitoria, s/n;09006;947 24 5004;09012096@educa.jcyl.es;http://cifpjuandecolonia.centros.educa.jcyl.es;42.35377, -3.68638
Burgos;Burgos;09012096;CIFP JUAN DE COLONIA;Educación;Informática y Comunicaciones;IFC;Grado Superior;IFC01S;Administración de Sistemas Informáticos en Red;Presencial;Pública;2.0;2.0;;C/ Francisco de Vitoria, s/n;09006;947 24 5004;09012096@educa.jcyl.es;http://cifpjuandecolonia.centros.educa.jcyl.es;42.35377, -3.68638
Burgos;Burgos;09012126;CIFP SIMÓN DE COLONIA;Educación;Electricidad y Electrónica;ELE;Grado Superior;ELE01S;Sistemas Electrotécnicos y Automatizados;Presencial;Pública;1.0;1.0;;C/ Francisco de Vitoria, s/n;09006;947 24 5305;09012126@educa.jcyl.es;http://www.simondecolonia.net/;42.35302, -3.6871
Burgos;Burgos;09012126;CIFP SIMÓN DE COLONIA;Educación;Electricidad y Electrónica;ELE;Grado Superior;ELE02S;Sistemas de Telecomunicaciones e Informáticos;Presencial;Pública;1.0;1.0;;C/ Francisco de Vitoria, s/n;09006;947 24 5305;09012126@educa.jcyl.es;http://www.simondecolonia.net/;42.35302, -3.6871
Burgos;Burgos;09012126;CIFP SIMÓN DE COLONIA;Educación;Electricidad y Electrónica;ELE;Grado Superior;ELE03S;Mantenimiento Electrónico;Presencial;Pública;1.0;1.0;;C/ Francisco de Vitoria, s/n;09006;947 24 5305;09012126@educa.jcyl.es;http://www.simondecolonia.net/;42.35302, -3.6871
Burgos;Burgos;09012126;CIFP SIMÓN DE COLONIA;Educación;Electricidad y Electrónica;ELE;Curso Especialización;ELE05E;Robótica Colaborativa;Presencial;Pública;1.0;0.0;;C/ Francisco de Vitoria, s/n;09006;947 24 5305;09012126@educa.jcyl.es;http://www.simondecolonia.net/;42.35302, -3.6871
Burgos;Burgos;09012126;CIFP SIMÓN DE COLONIA;Educación;Energía y Agua;ENA;Grado Superior;ENA04S;Gestión del agua;Presencial;Pública;1.0;0.0;;C/ Francisco de Vitoria, s/n;09006;947 24 5305;09012126@educa.jcyl.es;http://www.simondecolonia.net/;42.35302, -3.6871
Burgos;Burgos;09012126;CIFP SIMÓN DE COLONIA;Educación;Instalación y Mantenimiento;IMA;Grado Medio;IMA02M;Instalaciones Frigoríficas y de Climatización;Presencial;Pública;1.0;0.0;;C/ Francisco de Vitoria, s/n;09006;947 24 5305;09012126@educa.jcyl.es;http://www.simondecolonia.net/;42.35302, -3.6871
Burgos;Burgos;09012126;CIFP SIMÓN DE COLONIA;Educación;Instalación y Mantenimiento;IMA;Grado Superior;MSP34;Prevención de Riesgos Profesionales;Presencial;Pública;1.0;1.0;;C/ Francisco de Vitoria, s/n;09006;947 24 5305;09012126@educa.jcyl.es;http://www.simondecolonia.net/;42.35302, -3.6871
Burgos;Burgos;09012126;CIFP SIMÓN DE COLONIA;Educación;Electricidad y Electrónica;ELE;Grado Medio;ELE02M;Instalaciones de Telecomunicaciones;Presencial;Pública;1.0;1.0;;C/ Francisco de Vitoria, s/n;09006;947 24 5305;09012126@educa.jcyl.es;http://www.simondecolonia.net/;42.35302, -3.6871
Burgos;Burgos;09012126;CIFP SIMÓN DE COLONIA;Educación;Electricidad y Electrónica;ELE;Grado Superior;ELE04S;Automatización y Robótica Industrial;Presencial;Pública;2.0;2.0;;C/ Francisco de Vitoria, s/n;09006;947 24 5305;09012126@educa.jcyl.es;http://www.simondecolonia.net/;42.35302, -3.6871
Burgos;Burgos;09012126;CIFP SIMÓN DE COLONIA;Educación;Energía y Agua;ENA;Grado Superior;ENA03S;Energías Renovables;Presencial;Pública;1.0;1.0;;C/ Francisco de Vitoria, s/n;09006;947 24 5305;09012126@educa.jcyl.es;http://www.simondecolonia.net/;42.35302, -3.6871
Burgos;Burgos;09012126;CIFP SIMÓN DE COLONIA;Educación;Fabricación Mecánica;FME;Grado Superior;FME01S;Programación de la Producción en Fabricación Mecánica;Presencial;Pública;1.0;1.0;;C/ Francisco de Vitoria, s/n;09006;947 24 5305;09012126@educa.jcyl.es;http://www.simondecolonia.net/;42.35302, -3.6871
Burgos;Burgos;09012126;CIFP SIMÓN DE COLONIA;Educación;Instalación y Mantenimiento;IMA;Grado Medio;IMA01M;Instalaciones de Producción de Calor;Presencial;Pública;0.0;1.0;;C/ Francisco de Vitoria, s/n;09006;947 24 5305;09012126@educa.jcyl.es;http://www.simondecolonia.net/;42.35302, -3.6871
Burgos;Burgos;09012126;CIFP SIMÓN DE COLONIA;Educación;Instalación y Mantenimiento;IMA;Grado Superior;IMA03S;Mecatrónica Industrial;Presencial;Pública;2.0;2.0;;C/ Francisco de Vitoria, s/n;09006;947 24 5305;09012126@educa.jcyl.es;http://www.simondecolonia.net/;42.35302, -3.6871
Burgos;Burgos;09012126;CIFP SIMÓN DE COLONIA;Educación;Electricidad y Electrónica;ELE;Grado Básico;ELE02B;Instalaciones Electrotécnicas y Mecánica;Presencial;Pública;1.0;1.0;;C/ Francisco de Vitoria, s/n;09006;947 24 5305;09012126@educa.jcyl.es;http://www.simondecolonia.net/;42.35302, -3.6871
Burgos;Burgos;09012126;CIFP SIMÓN DE COLONIA;Educación;Fabricación Mecánica;FME;Grado Medio;FME01M;Mecanizado;Presencial;Pública;1.0;1.0;;C/ Francisco de Vitoria, s/n;09006;947 24 5305;09012126@educa.jcyl.es;http://www.simondecolonia.net/;42.35302, -3.6871
Burgos;Burgos;09012163;CIFP LA FLORA;Educación;Hostelería y Turismo;HOT;Grado Medio;HOT01M;Cocina y Gastronomía;Presencial;Pública;1.0;1.0;;C/ Arco del Pilar, 9;09003;947 25 7631;09012163@educa.jcyl.es;http://cifplaflora.centros.educa.jcyl.es;42.34296, -3.70203
Burgos;Burgos;09012163;CIFP LA FLORA;Educación;Hostelería y Turismo;HOT;Grado Medio;HOT02M;Servicios en Restauración;Presencial;Pública;1.0;1.0;;C/ Arco del Pilar, 9;09003;947 25 7631;09012163@educa.jcyl.es;http://cifplaflora.centros.educa.jcyl.es;42.34296, -3.70203
Burgos;Burgos;09012163;CIFP LA FLORA;Educación;Industrias Alimentarias;HOT;Grado Medio;INA01M;Panadería, Repostería y Confitería;Presencial;Pública;1.0;1.0;;C/ Arco del Pilar, 9;09003;947 25 7631;09012163@educa.jcyl.es;http://cifplaflora.centros.educa.jcyl.es;42.34296, -3.70203
Burgos;Burgos;09012163;CIFP LA FLORA;Educación;Hostelería y Turismo;HOT;Grado Básico;HOT01B;Cocina y Restauración;Presencial;Pública;1.0;1.0;;C/ Arco del Pilar, 9;09003;947 25 7631;09012163@educa.jcyl.es;http://cifplaflora.centros.educa.jcyl.es;42.34296, -3.70203
Burgos;Burgos;09012163;CIFP LA FLORA;Educación;Hostelería y Turismo;HOT;Grado Superior;HOT01S;Gestión de Alojamientos Turísticos;Presencial;Pública;1.0;1.0;;C/ Arco del Pilar, 9;09003;947 25 7631;09012163@educa.jcyl.es;http://cifplaflora.centros.educa.jcyl.es;42.34296, -3.70203
Burgos;Burgos;09012163;CIFP LA FLORA;Educación;Hostelería y Turismo;HOT;Grado Superior;HOT03S;Guía, Información y Asistencias Turísticas;Presencial;Pública;1.0;1.0;;C/ Arco del Pilar, 9;09003;947 25 7631;09012163@educa.jcyl.es;http://cifplaflora.centros.educa.jcyl.es;42.34296, -3.70203
Burgos;Burgos;09012163;CIFP LA FLORA;Educación;Hostelería y Turismo;HOT;Grado Superior;HOT04S;Dirección de Cocina;Presencial;Pública;1.0;1.0;;C/ Arco del Pilar, 9;09003;947 25 7631;09012163@educa.jcyl.es;http://cifplaflora.centros.educa.jcyl.es;42.34296, -3.70203
Burgos;Aranda de Duero;09012187;CIFP SANTA CATALINA;Educación;Administración y Gestión;ADG;Grado Superior;ADG02S;Administración y Finanzas;Presencial;Pública;1.0;1.0;;C/ Montelatorre, 11;09400;947 54 6351;09012187@educa.jcyl.es;http://www.fpsantacatalina.com;41.6711, -3.6771
Burgos;Aranda de Duero;09012187;CIFP SANTA CATALINA;Educación;Actividades Físicas y Deportivas;AFD;Grado Superior;AFD01S;Enseñanza y Animación Sociodeportiva;Presencial;Pública;1.0;1.0;;C/ Montelatorre, 11;09400;947 54 6351;09012187@educa.jcyl.es;http://www.fpsantacatalina.com;41.6711, -3.6771
Burgos;Aranda de Duero;09012187;CIFP SANTA CATALINA;Educación;Comercio y Marketing;COM;Grado Superior;COM02S;Transporte y Logística;Presencial;Pública;1.0;0.0;;C/ Montelatorre, 11;09400;947 54 6351;09012187@educa.jcyl.es;http://www.fpsantacatalina.com;41.6711, -3.6771
Burgos;Aranda de Duero;09012187;CIFP SANTA CATALINA;Educación;Comercio y Marketing;COM;Grado Superior;COM04S;Comercio Internacional;Presencial;Pública;0.0;1.0;;C/ Montelatorre, 11;09400;947 54 6351;09012187@educa.jcyl.es;http://www.fpsantacatalina.com;41.6711, -3.6771
Burgos;Aranda de Duero;09012187;CIFP SANTA CATALINA;Educación;Electricidad y Electrónica;ELE;Grado Medio;ELE01Md;Instalaciones Eléctricas y Automáticas (distancia);Distancia;Pública;1.0;0.0;;C/ Montelatorre, 11;09400;947 54 6351;09012187@educa.jcyl.es;http://www.fpsantacatalina.com;41.6711, -3.6771
Burgos;Aranda de Duero;09012187;CIFP SANTA CATALINA;Educación;Electricidad y Electrónica;ELE;Grado Superior;ELE03S;Mantenimiento Electrónico;Presencial;Pública;1.0;1.0;;C/ Montelatorre, 11;09400;947 54 6351;09012187@educa.jcyl.es;http://www.fpsantacatalina.com;41.6711, -3.6771
Burgos;Aranda de Duero;09012187;CIFP SANTA CATALINA;Educación;Administración y Gestión;ADG;Grado Superior;ADG01S;Asistencia a la Dirección;Presencial;Pública;0.0;1.0;;C/ Montelatorre, 11;09400;947 54 6351;09012187@educa.jcyl.es;http://www.fpsantacatalina.com;41.6711, -3.6771
Burgos;Aranda de Duero;09012187;CIFP SANTA CATALINA;Educación;Electricidad y Electrónica;ELE;Grado Medio;ELE01M;Instalaciones Eléctricas y Automáticas;Presencial;Pública;1.0;1.0;;C/ Montelatorre, 11;09400;947 54 6351;09012187@educa.jcyl.es;http://www.fpsantacatalina.com;41.6711, -3.6771
Burgos;Aranda de Duero;09012187;CIFP SANTA CATALINA;Educación;Administración y Gestión;ADG;Grado Medio;ADG01M;Gestión Administrativa;Presencial;Pública;1.0;1.0;;C/ Montelatorre, 11;09400;947 54 6351;09012187@educa.jcyl.es;http://www.fpsantacatalina.com;41.6711, -3.6771
Burgos;Aranda de Duero;09012187;CIFP SANTA CATALINA;Educación;Actividades Físicas y Deportivas;AFD;Grado Medio;AFD02M;Guía en el medio natural y de tiempo libre;Presencial;Pública;1.0;1.0;;C/ Montelatorre, 11;09400;947 54 6351;09012187@educa.jcyl.es;http://www.fpsantacatalina.com;41.6711, -3.6771
Burgos;Aranda de Duero;09012187;CIFP SANTA CATALINA;Educación;Electricidad y Electrónica;ELE;Curso Especialización;ELE05E;Robótica Colaborativa;Presencial;Pública;1.0;0.0;;C/ Montelatorre, 11;09400;947 54 6351;09012187@educa.jcyl.es;http://www.fpsantacatalina.com;41.6711, -3.6771
Burgos;Aranda de Duero;09012187;CIFP SANTA CATALINA;Educación;Informática y Comunicaciones;IFC;Grado Básico;IFC02B;Informática de Oficina;Presencial;Pública;1.0;1.0;;C/ Montelatorre, 11;09400;947 54 6351;09012187@educa.jcyl.es;http://www.fpsantacatalina.com;41.6711, -3.6771
Burgos;Aranda de Duero;09012187;CIFP SANTA CATALINA;Educación;Informática y Comunicaciones;IFC;Grado Medio;IFC01M;Sistemas Microinformáticos y Redes;Presencial;Pública;1.0;1.0;;C/ Montelatorre, 11;09400;947 54 6351;09012187@educa.jcyl.es;http://www.fpsantacatalina.com;41.6711, -3.6771
Burgos;Aranda de Duero;09012187;CIFP SANTA CATALINA;Educación;Informática y Comunicaciones;IFC;Grado Superior;IFC02S;Desarrollo de Aplicaciones Multiplataforma;Presencial;Pública;1.0;1.0;;C/ Montelatorre, 11;09400;947 54 6351;09012187@educa.jcyl.es;http://www.fpsantacatalina.com;41.6711, -3.6771
Burgos;Miranda de Ebro;09012229;CIFP RÍO EBRO;Educación;Imagen Personal;IMP;Grado Básico;IMP01B;Peluquería y Estética;Presencial;Pública;1.0;1.0;;Ctra. de Orón, 78 B;09200;947 102 821;09012229@educa.jcyl.es;http://cifprioebro.centros.educa.jcyl.es;42.67935, -2.96723
Burgos;Miranda de Ebro;09012229;CIFP RÍO EBRO;Educación;Imagen Personal;IMP;Grado Medio;IMP02M;Peluquería y Cosmética Capilar;Presencial;Pública;1.0;1.0;;Ctra. de Orón, 78 B;09200;947 102 821;09012229@educa.jcyl.es;http://cifprioebro.centros.educa.jcyl.es;42.67935, -2.96723
Burgos;Miranda de Ebro;09012229;CIFP RÍO EBRO;Educación;Sanidad;SAN;Grado Superior;SAN08S;Laboratorio Clínico y Biomédico;Presencial;Pública;1.0;1.0;;Ctra. de Orón, 78 B;09200;947 102 821;09012229@educa.jcyl.es;http://cifprioebro.centros.educa.jcyl.es;42.67935, -2.96723
Burgos;Miranda de Ebro;09012229;CIFP RÍO EBRO;Educación;Transporte y Mantenimiento de Vehículos;TMV;Grado Medio;TMV02M;Electromecánica de Vehículos Automóviles;Presencial;Pública;1.0;1.0;;Ctra. de Orón, 78 B;09200;947 102 821;09012229@educa.jcyl.es;http://cifprioebro.centros.educa.jcyl.es;42.67935, -2.96723
Burgos;Miranda de Ebro;09012229;CIFP RÍO EBRO;Educación;Electricidad y Electrónica;ELE;Grado Básico;ELE01B;Electricidad y Electrónica;Presencial;Pública;1.0;1.0;;Ctra. de Orón, 78 B;09200;947 102 821;09012229@educa.jcyl.es;http://cifprioebro.centros.educa.jcyl.es;42.67935, -2.96723
Burgos;Miranda de Ebro;09012229;CIFP RÍO EBRO;Educación;Electricidad y Electrónica;ELE;Grado Medio;ELE01M;Instalaciones Eléctricas y Automáticas;Presencial;Pública;1.0;1.0;;Ctra. de Orón, 78 B;09200;947 102 821;09012229@educa.jcyl.es;http://cifprioebro.centros.educa.jcyl.es;42.67935, -2.96723
Burgos;Miranda de Ebro;09012229;CIFP RÍO EBRO;Educación;Electricidad y Electrónica;ELE;Grado Superior;ELE04S;Automatización y Robótica Industrial;Presencial;Pública;1.0;1.0;;Ctra. de Orón, 78 B;09200;947 102 821;09012229@educa.jcyl.es;http://cifprioebro.centros.educa.jcyl.es;42.67935, -2.96723
Burgos;Miranda de Ebro;09012229;CIFP RÍO EBRO;Educación;Informática y Comunicaciones;IFC;Grado Básico;IFC01B;Informática y Comunicaciones;Presencial;Pública;1.0;1.0;;Ctra. de Orón, 78 B;09200;947 102 821;09012229@educa.jcyl.es;http://cifprioebro.centros.educa.jcyl.es;42.67935, -2.96723
Burgos;Miranda de Ebro;09012229;CIFP RÍO EBRO;Educación;Informática y Comunicaciones;IFC;Grado Medio;IFC01M;Sistemas Microinformáticos y Redes;Presencial;Pública;1.0;0.0;;Ctra. de Orón, 78 B;09200;947 102 821;09012229@educa.jcyl.es;http://cifprioebro.centros.educa.jcyl.es;42.67935, -2.96723
Burgos;Miranda de Ebro;09012229;CIFP RÍO EBRO;Educación;Imagen Personal;IMP;Grado Superior;IMP01S;Estética Integral y Bienestar;Presencial;Pública;1.0;1.0;;Ctra. de Orón, 78 B;09200;947 102 821;09012229@educa.jcyl.es;http://cifprioebro.centros.educa.jcyl.es;42.67935, -2.96723
Burgos;Miranda de Ebro;09012229;CIFP RÍO EBRO;Educación;Sanidad;SAN;Grado Medio;SAN21;Cuidados Auxiliares de Enfermería;Presencial;Pública;2.0;1.0;;Ctra. de Orón, 78 B;09200;947 102 821;09012229@educa.jcyl.es;http://cifprioebro.centros.educa.jcyl.es;42.67935, -2.96723
Burgos;Miranda de Ebro;09012229;CIFP RÍO EBRO;Educación;Sanidad;SAN;Grado Superior;SAN04S;Anatomía Patológica y Citodiagnóstico;Presencial;Pública;1.0;1.0;;Ctra. de Orón, 78 B;09200;947 102 821;09012229@educa.jcyl.es;http://cifprioebro.centros.educa.jcyl.es;42.67935, -2.96723
Burgos;Miranda de Ebro;09012229;CIFP RÍO EBRO;Educación;Transporte y Mantenimiento de Vehículos;TMV;Grado Medio;TMV05M;Mantenimiento de Material Rodante Ferroviario;Presencial;Pública;1.0;1.0;;Ctra. de Orón, 78 B;09200;947 102 821;09012229@educa.jcyl.es;http://cifprioebro.centros.educa.jcyl.es;42.67935, -2.96723
Burgos;Burgos;09012552;ISABEL I FP;Privada;Actividades Físicas y Deportivas;AFD;Grado Superior;AFD01S;Enseñanza y Animación Sociodeportiva;Presencial;Privada;1.0;1.0;;C/ Fernán González, 76;09003;947 671 731;09012552@educa.jcyl.es;https://www.ui1.es/;42.34163, -3.70984
Burgos;Burgos;09012667;SANITIO FORMACIÓN BURGOS;Privada;Sanidad;SAN;Grado Superior;SAN07S;Imagen para el Diagnóstico y Medicina Nuclear;Presencial;Privada;2.0;2.0;;C/ Farmacéutico Obdulio Fernández, 3;09006;655 341 676;09012667@educa.jcyl.es;https://www.sanitioformacion.com/;42.34627, -3.68566
Burgos;Burgos;09012734;LESMES EDUCACIÓN;Privada;Edificación y Obra Civil;EOC;Grado Básico;EOC01B;Reforma y Mantenimiento de Edificios;Presencial;Privada;1.0;0.0;;Plaza San Juan Bautista, s/n;09001;947 460 952;fundacionlesmes@fundacionlesmes.org;https://fundacionlesmes.org/es/;42.34899, -3.73753
Burgos;Burgos;09012734;LESMES EDUCACIÓN;Privada;Fabricación Mecánica;FME;Grado Básico;FME02B;Fabricación de Elementos Metálicos;Presencial;Concertada;1.0;0.0;;Plaza San Juan Bautista, s/n;09001;947 460 952;fundacionlesmes@fundacionlesmes.org;https://fundacionlesmes.org/es/;42.34899, -3.73753
León;La Bañeza;24000655;IES ORNIA;Educación;Sanidad;SAN;Grado Medio;SAN02M;Farmacia y Parafarmacia;Presencial;Pública;1.0;1.0;;C/ Antonio Bordás, s/n;24750;987 64 1350;24000655@educa.jcyl.es;http://iesornia.centros.educa.jcyl.es;42.30338, -5.90402
León;La Bañeza;24000655;IES ORNIA;Educación;Sanidad;SAN;Grado Superior;SAN06S;Higiene Bucodental;Presencial;Pública;1.0;1.0;;C/ Antonio Bordás, s/n;24750;987 64 1350;24000655@educa.jcyl.es;http://iesornia.centros.educa.jcyl.es;42.30338, -5.90402
León;La Bañeza;24000655;IES ORNIA;Educación;Sanidad;SAN;Grado Medio;SAN21;Cuidados Auxiliares de Enfermería;Presencial;Pública;1.0;1.0;;C/ Antonio Bordás, s/n;24750;987 64 1350;24000655@educa.jcyl.es;http://iesornia.centros.educa.jcyl.es;42.30338, -5.90402
León;La Bañeza;24000679;IES VÍA DE LA PLATA - LEÓN;Educación;Administración y Gestión;ADG;Grado Medio;ADG01M;Gestión Administrativa;Presencial;Pública;1.0;1.0;;C/ General Benavides, 51;24750;987 64 1600;24000679@educa.jcyl.es;http://www.iesviadelaplata.es;42.30408, -5.90259
León;La Bañeza;24000679;IES VÍA DE LA PLATA - LEÓN;Educación;Administración y Gestión;ADG;Grado Superior;ADG02S;Administración y Finanzas;Presencial;Pública;1.0;1.0;;C/ General Benavides, 51;24750;987 64 1600;24000679@educa.jcyl.es;http://www.iesviadelaplata.es;42.30408, -5.90259
León;La Bañeza;24000679;IES VÍA DE LA PLATA - LEÓN;Educación;Instalación y Mantenimiento;IMA;Grado Medio;IMA03M;Mantenimiento Electromecánico;Presencial;Pública;1.0;1.0;;C/ General Benavides, 51;24750;987 64 1600;24000679@educa.jcyl.es;http://www.iesviadelaplata.es;42.30408, -5.90259
León;La Bañeza;24000679;IES VÍA DE LA PLATA - LEÓN;Educación;Electricidad y Electrónica;ELE;Grado Medio;ELE01M;Instalaciones Eléctricas y Automáticas;Presencial;Pública;1.0;1.0;;C/ General Benavides, 51;24750;987 64 1600;24000679@educa.jcyl.es;http://www.iesviadelaplata.es;42.30408, -5.90259
León;La Bañeza;24000679;IES VÍA DE LA PLATA - LEÓN;Educación;Instalación y Mantenimiento;IMA;Grado Superior;IMA03S;Mecatrónica industrial;Presencial;Pública;1.0;0.0;;C/ General Benavides, 51;24750;987 64 1600;24000679@educa.jcyl.es;http://www.iesviadelaplata.es;42.30408, -5.90259
León;Bembibre;24000990;IES EL SEÑOR DE BEMBIBRE;Educación;Administración y Gestión;ADG;Grado Básico;ADG01B;Servicios Administrativos;Presencial;Pública;1.0;1.0;;C/ Pradoluengo, s/n;24300;987 51 0156;24000990@educa.jcyl.es;http://ieselsenordebembibre.centros.educa.jcyl.es;42.61918, -6.41633
León;León;24005291;DON BOSCO - LEÓN;Privada;Electricidad y Electrónica;ELE;Grado Medio;ELE01M;Instalaciones Eléctricas y Automáticas;Presencial;Concertada;1.0;1.0;;C/ San Juan Bosco, 11;24190;987 20 4700;24005291@educa.jcyl.es;https://cdbosco.com;42.58021, -5.58656
León;León;24005291;DON BOSCO - LEÓN;Privada;Fabricación Mecánica;FME;Grado Medio;FME01M;Mecanizado;Presencial;Concertada;1.0;1.0;;C/ San Juan Bosco, 11;24190;987 20 4700;24005291@educa.jcyl.es;https://cdbosco.com;42.58021, -5.58656
León;León;24005291;DON BOSCO - LEÓN;Privada;Electricidad y Electrónica;ELE;Grado Medio;ELE02M;Instalaciones de Telecomunicaciones;Presencial;Concertada;1.0;1.0;;C/ San Juan Bosco, 11;24190;987 20 4700;24005291@educa.jcyl.es;https://cdbosco.com;42.58021, -5.58656
León;León;24005291;DON BOSCO - LEÓN;Privada;Electricidad y Electrónica;ELE;Grado Superior;ELE04S;Automatización y Robótica Industrial;Presencial;Concertada;1.0;1.0;;C/ San Juan Bosco, 11;24190;987 20 4700;24005291@educa.jcyl.es;https://cdbosco.com;42.58021, -5.58656
León;León;24005291;DON BOSCO - LEÓN;Privada;Electricidad y Electrónica;ELE;Grado Básico;ELE01B;Electricidad y Electrónica;Presencial;Concertada;1.0;1.0;;C/ San Juan Bosco, 11;24190;987 20 4700;24005291@educa.jcyl.es;https://cdbosco.com;42.58021, -5.58656
León;León;24005291;DON BOSCO - LEÓN;Privada;Instalación y Mantenimiento;IMA;Grado Medio;IMA03M;Mantenimiento Electromecánico;Presencial;Concertada;1.0;1.0;;C/ San Juan Bosco, 11;24190;987 20 4700;24005291@educa.jcyl.es;https://cdbosco.com;42.58021, -5.58656
León;León;24005291;DON BOSCO - LEÓN;Privada;Instalación y Mantenimiento;IMA;Grado Superior;IMA03S;Mecatrónica Industrial;Presencial;Concertada;1.0;1.0;;C/ San Juan Bosco, 11;24190;987 20 4700;24005291@educa.jcyl.es;https://cdbosco.com;42.58021, -5.58656
León;Armunia;24005355;IES ANTONIO GARCÍA BELLIDO;Educación;Textil, Confección y Piel;TCP;Grado Básico;TCP02B;Tapicería y Cortinaje;Presencial;Pública;1.0;1.0;;C/ Fraga Iribarne, 39;24009;987 25 2198;24005355@educa.jcyl.es;http://iesantoniogarciabellido.centros.educa.jcyl.es;42.5908, -5.58934
León;Armunia;24005355;IES ANTONIO GARCÍA BELLIDO;Educación;Textil, Confección y Piel;TCP;Grado Medio;TCP01M;Confección y Moda;Presencial;Pública;1.0;0.0;;C/ Fraga Iribarne, 39;24009;987 25 2198;24005355@educa.jcyl.es;http://iesantoniogarciabellido.centros.educa.jcyl.es;42.5908, -5.58934
León;León;24006037;IES JUAN DEL ENZINA;Educación;Agraria;AGA;Grado Básico;AGA01B;Agro-jardinería y Composiciones Florales;Presencial;Pública;1.0;1.0;;C/ Ramón y Cajal, 2;24002;987 23 9000;24006037@educa.jcyl.es;http://iesjuandelenzina.centros.educa.jcyl.es;42.59888, -5.5716
León;León;24006037;IES JUAN DEL ENZINA;Educación;Servicios Socioculturales y a la Comunidad;SSC;Grado Superior;SSC01S;Educación Infantil;Presencial;Pública;1.0;0.0;;C/ Ramón y Cajal, 2;24002;987 23 9000;24006037@educa.jcyl.es;http://iesjuandelenzina.centros.educa.jcyl.es;42.59888, -5.5716
León;León;24006049;IES ORDOÑO II;Educación;Actividades Físicas y Deportivas;AFD;Grado Superior;AFD01S;Enseñanza y Animación Sociodeportiva;Presencial;Pública;1.0;2.0;;C/ San Juan de Sahagún, s/n;24007;987 22 3200;24006049@educa.jcyl.es;http://iesordonosegundo.centros.educa.jcyl.es/sitio/;42.6085, -5.56531
León;León;24006049;IES ORDOÑO II;Educación;Actividades Físicas y Deportivas;AFD;Grado Superior;AFD02S;Acondicionamiento Físico;Presencial;Pública;1.0;0.0;;C/ San Juan de Sahagún, s/n;24007;987 22 3200;24006049@educa.jcyl.es;http://iesordonosegundo.centros.educa.jcyl.es/sitio/;42.6085, -5.56531
León;León;24006049;IES ORDOÑO II;Educación;Servicios Socioculturales y a la Comunidad;SSC;Grado Medio;SSC01Md;Atención a Personas en Situación de Dependencia (distancia);Distancia;Pública;1.0;0.0;;C/ San Juan de Sahagún, s/n;24007;987 22 3200;24006049@educa.jcyl.es;http://iesordonosegundo.centros.educa.jcyl.es/sitio/;42.6085, -5.56531
León;León;24006049;IES ORDOÑO II;Educación;Servicios Socioculturales y a la Comunidad;SSC;Grado Superior;SSC01S;Educación Infantil;Presencial;Pública;1.0;1.0;;C/ San Juan de Sahagún, s/n;24007;987 22 3200;24006049@educa.jcyl.es;http://iesordonosegundo.centros.educa.jcyl.es/sitio/;42.6085, -5.56531
León;León;24006049;IES ORDOÑO II;Educación;Servicios Socioculturales y a la Comunidad;SSC;Grado Superior;SSC01Sd;Educación Infantil (distancia);Distancia;Pública;1.0;0.0;;C/ San Juan de Sahagún, s/n;24007;987 22 3200;24006049@educa.jcyl.es;http://iesordonosegundo.centros.educa.jcyl.es/sitio/;42.6085, -5.56531
León;León;24006049;IES ORDOÑO II;Educación;Administración y Gestión;ADG;Grado Básico;ADG01B;Servicios Administrativos;Presencial;Pública;1.0;1.0;;C/ San Juan de Sahagún, s/n;24007;987 22 3200;24006049@educa.jcyl.es;http://iesordonosegundo.centros.educa.jcyl.es/sitio/;42.6085, -5.56531
León;León;24006049;IES ORDOÑO II;Educación;Servicios Socioculturales y a la Comunidad;SSC;Grado Medio;SSC01M;Atención a Personas en Situación de Dependencia;Presencial;Pública;1.0;1.0;;C/ San Juan de Sahagún, s/n;24007;987 22 3200;24006049@educa.jcyl.es;http://iesordonosegundo.centros.educa.jcyl.es/sitio/;42.6085, -5.56531
León;León;24006050;IES PADRE ISLA;Educación;Química;QUI;Grado Medio;QUI01M;Planta Química;Presencial;Pública;1.0;1.0;;Paseo de la Facultad, 45;24004;987 20 0011;24006050@educa.jcyl.es;http://iespadreisla.centros.educa.jcyl.es;42.58952, -5.57275
León;León;24006050;IES PADRE ISLA;Educación;Química;QUI;Grado Medio;QUI02M;Operaciones de Laboratorio;Presencial;Pública;1.0;1.0;;Paseo de la Facultad, 45;24004;987 20 0011;24006050@educa.jcyl.es;http://iespadreisla.centros.educa.jcyl.es;42.58952, -5.57275
León;León;24006050;IES PADRE ISLA;Educación;Química;QUI;Grado Superior;QUI01S;Laboratorio de Análisis y Control de Calidad;Presencial;Pública;1.0;1.0;;Paseo de la Facultad, 45;24004;987 20 0011;24006050@educa.jcyl.es;http://iespadreisla.centros.educa.jcyl.es;42.58952, -5.57275
León;León;24006050;IES PADRE ISLA;Educación;Química;QUI;Grado Superior;QUI03S;Fabricación de Productos Farmacéuticos, Biotecnológicos y Afines;Presencial;Pública;1.0;1.0;;Paseo de la Facultad, 45;24004;987 20 0011;24006050@educa.jcyl.es;http://iespadreisla.centros.educa.jcyl.es;42.58952, -5.57275
León;León;24006074;CIFP CENTEC;Privada;Administración y Gestión;ADG;Grado Básico;ADG01B;Servicios Administrativos;Presencial;Concertada;2.0;2.0;;C/ Ramón y Cajal, 8;24002;987 22 8282;24006074@educa.jcyl.es;http://www.fp-centec.com/;42.60201, -5.57201
León;León;24006074;CIFP CENTEC;Privada;Administración y Gestión;ADG;Grado Medio;ADG01M;Gestión Administrativa;Presencial;Concertada;1.0;1.0;;C/ Ramón y Cajal, 8;24002;987 22 8282;24006074@educa.jcyl.es;http://www.fp-centec.com/;42.60201, -5.57201
León;León;24006116;ESCUELA PROFESIONAL SAN FRANCISCO;Privada;Transporte y Mantenimiento de Vehículos;TMV;Grado Básico;TMV01B;Mantenimiento de Vehículos;Presencial;Concertada;1.0;1.0;;C/ Alcalde Miguel Castaño, 6;24005;987 25 0313;24006116@educa.jcyl.es;https://www.sanfranciscoescuela.com/;42.59352, -5.56981
León;León;24006116;ESCUELA PROFESIONAL SAN FRANCISCO;Privada;Transporte y Mantenimiento de Vehículos;TMV;Grado Medio;TMV02M;Electromecánica de Vehículos Automóviles;Presencial;Concertada;1.0;1.0;;C/ Alcalde Miguel Castaño, 6;24005;987 25 0313;24006116@educa.jcyl.es;https://www.sanfranciscoescuela.com/;42.59352, -5.56981
León;León;24006116;ESCUELA PROFESIONAL SAN FRANCISCO;Privada;Transporte y Mantenimiento de Vehículos;TMV;Grado Superior;TMV01S;Automoción;Presencial;Concertada;1.0;1.0;;C/ Alcalde Miguel Castaño, 6;24005;987 25 0313;24006116@educa.jcyl.es;https://www.sanfranciscoescuela.com/;42.59352, -5.56981
León;León;24006128;IES GINER DE LOS RÍOS;Educación;Electricidad y Electrónica;ELE;Grado Medio;ELE02M;Instalaciones de Telecomunicaciones;Presencial;Pública;1.0;1.0;;Avda. Real, 35;24006;987 25 5511;24006128@educa.jcyl.es;http://www.ginerdelosrios.org;42.59432, -5.55959
León;León;24006128;IES GINER DE LOS RÍOS;Educación;Sanidad;SAN;Grado Medio;SAN01Md;Emergencias Sanitarias (distancia);Distancia;Pública;1.0;0.0;;Avda. Real, 35;24006;987 25 5511;24006128@educa.jcyl.es;http://www.ginerdelosrios.org;42.59432, -5.55959
León;León;24006128;IES GINER DE LOS RÍOS;Educación;Sanidad;SAN;Grado Medio;SAN21;Cuidados Auxiliares de Enfermería;Presencial;Pública;2.0;2.0;;Avda. Real, 35;24006;987 25 5511;24006128@educa.jcyl.es;http://www.ginerdelosrios.org;42.59432, -5.55959
León;León;24006128;IES GINER DE LOS RÍOS;Educación;Transporte y Mantenimiento de Vehículos;TMV;Grado Medio;TMV02M;Electromecánica de Vehículos Automóviles;Presencial;Pública;1.0;1.0;;Avda. Real, 35;24006;987 25 5511;24006128@educa.jcyl.es;http://www.ginerdelosrios.org;42.59432, -5.55959
León;León;24006128;IES GINER DE LOS RÍOS;Educación;Transporte y Mantenimiento de Vehículos;TMV;Grado Superior;TMV01S;Automoción;Presencial;Pública;1.0;1.0;;Avda. Real, 35;24006;987 25 5511;24006128@educa.jcyl.es;http://www.ginerdelosrios.org;42.59432, -5.55959
León;León;24006128;IES GINER DE LOS RÍOS;Educación;Electricidad y Electrónica;ELE;Grado Básico;ELE01B;Electricidad y Electrónica;Presencial;Pública;1.0;1.0;;Avda. Real, 35;24006;987 25 5511;24006128@educa.jcyl.es;http://www.ginerdelosrios.org;42.59432, -5.55959
León;León;24006128;IES GINER DE LOS RÍOS;Educación;Electricidad y Electrónica;ELE;Grado Superior;ELE03S;Mantenimiento Electrónico;Presencial;Pública;1.0;1.0;;Avda. Real, 35;24006;987 25 5511;24006128@educa.jcyl.es;http://www.ginerdelosrios.org;42.59432, -5.55959
León;León;24006128;IES GINER DE LOS RÍOS;Educación;Química;QUI;Curso Especialización;QUI01E;Cultivos celulares;Presencial;Pública;1.0;0.0;;Avda. Real, 35;24006;987 25 5511;24006128@educa.jcyl.es;http://www.ginerdelosrios.org;42.59432, -5.55959
León;León;24006128;IES GINER DE LOS RÍOS;Educación;Sanidad;SAN;Grado Medio;SAN01M;Emergencias Sanitarias;Presencial;Pública;1.0;1.0;;Avda. Real, 35;24006;987 25 5511;24006128@educa.jcyl.es;http://www.ginerdelosrios.org;42.59432, -5.55959
León;León;24006128;IES GINER DE LOS RÍOS;Educación;Sanidad;SAN;Grado Medio;SAN02M;Farmacia y Parafarmacia;Presencial;Pública;1.0;1.0;;Avda. Real, 35;24006;987 25 5511;24006128@educa.jcyl.es;http://www.ginerdelosrios.org;42.59432, -5.55959
León;León;24006128;IES GINER DE LOS RÍOS;Educación;Transporte y Mantenimiento de Vehículos;TMV;Curso Especialización;TMV03E;Mantenimiento y seguridad en sistemas  de vehículos hibridos y eléctricos;Presencial;Pública;1.0;0.0;;Avda. Real, 35;24006;987 25 5511;24006128@educa.jcyl.es;http://www.ginerdelosrios.org;42.59432, -5.55959
León;León;24006128;IES GINER DE LOS RÍOS;Educación;Electricidad y Electrónica;ELE;Grado Superior;ELE02S;Sistemas de Telecomunicaciones e Informáticos;Presencial;Pública;1.0;1.0;;Avda. Real, 35;24006;987 25 5511;24006128@educa.jcyl.es;http://www.ginerdelosrios.org;42.59432, -5.55959
León;León;24006128;IES GINER DE LOS RÍOS;Educación;Electricidad y Electrónica;ELE;Curso Especialización;ELE04E;Instalación y mantenimiento de sistemas conectados a internet (IOT);Presencial;Pública;1.0;0.0;;Avda. Real, 35;24006;987 25 5511;24006128@educa.jcyl.es;http://www.ginerdelosrios.org;42.59432, -5.55959
León;León;24006128;IES GINER DE LOS RÍOS;Educación;Sanidad;SAN;Grado Superior;SAN07S;Imagen para el Diagnóstico y Medicina Nuclear;Presencial;Pública;2.0;2.0;;Avda. Real, 35;24006;987 25 5511;24006128@educa.jcyl.es;http://www.ginerdelosrios.org;42.59432, -5.55959
León;León;24006128;IES GINER DE LOS RÍOS;Educación;Sanidad;SAN;Grado Superior;SAN08S;Laboratorio Clínico y Biomédico;Presencial;Pública;2.0;2.0;;Avda. Real, 35;24006;987 25 5511;24006128@educa.jcyl.es;http://www.ginerdelosrios.org;42.59432, -5.55959
León;León;24006128;IES GINER DE LOS RÍOS;Educación;Transporte y Mantenimiento de Vehículos;TMV;Grado Medio;TMV01M;Carrocería;Presencial;Pública;1.0;1.0;;Avda. Real, 35;24006;987 25 5511;24006128@educa.jcyl.es;http://www.ginerdelosrios.org;42.59432, -5.55959
León;Ponferrada;24008320;MERCURIO;Privada;Administración y Gestión;ADG;Grado Básico;ADG01B;Servicios Administrativos;Presencial;Concertada;1.0;1.0;;C/ El Rañadero, 7;24400;987 41 4238;24008320@educa.jcyl.es;http://www.fpmercurio.org;42.544, -6.59141
León;Ponferrada;24008320;MERCURIO;Privada;Informática y Comunicaciones;IFC;Grado Básico;IFC01B;Informática y Comunicaciones;Presencial;Concertada;1.0;1.0;;C/ El Rañadero, 7;24400;987 41 4238;24008320@educa.jcyl.es;http://www.fpmercurio.org;42.544, -6.59141
León;Ponferrada;24008320;MERCURIO;Privada;Comercio y Marketing;COM;Grado Medio;COM01M;Actividades Comerciales;Presencial;Concertada;1.0;1.0;;C/ El Rañadero, 7;24400;987 41 4238;24008320@educa.jcyl.es;http://www.fpmercurio.org;42.544, -6.59141
León;Ponferrada;24008320;MERCURIO;Privada;Administración y Gestión;ADG;Grado Superior;ADG01S;Asistencia a la Dirección;Presencial;Concertada;1.0;1.0;;C/ El Rañadero, 7;24400;987 41 4238;24008320@educa.jcyl.es;http://www.fpmercurio.org;42.544, -6.59141
León;Ponferrada;24008320;MERCURIO;Privada;Administración y Gestión;ADG;Grado Superior;ADG02S;Administración y Finanzas;Presencial;Concertada;1.0;1.0;;C/ El Rañadero, 7;24400;987 41 4238;24008320@educa.jcyl.es;http://www.fpmercurio.org;42.544, -6.59141
León;Ponferrada;24008393;IES ÁLVARO DE MENDAÑA;Educación;Administración y Gestión;ADG;Grado Básico;ADG01B;Servicios Administrativos;Presencial;Pública;1.0;1.0;;Avda. Huertas del Sacramento, 10;24400;987 41 4612;24008393@educa.jcyl.es;http://iesalvarodemendana.centros.educa.jcyl.es/;42.55055, -6.59532
León;Ponferrada;24008411;IES VIRGEN DE LA ENCINA;Educación;Electricidad y Electrónica;ELE;Grado Medio;ELE01M;Instalaciones Eléctricas y Automáticas;Presencial;Pública;1.0;1.0;;C/ General Gómez Núñez, 53;24400;987 41 1816;24008411@educa.jcyl.es;http://iesvirgendelaencina.centros.educa.jcyl.es;42.55219, -6.60006
León;Ponferrada;24008411;IES VIRGEN DE LA ENCINA;Educación;Electricidad y Electrónica;ELE;Grado Superior;ELE04S;Automatización y Robótica Industrial;Presencial;Pública;1.0;1.0;;C/ General Gómez Núñez, 53;24400;987 41 1816;24008411@educa.jcyl.es;http://iesvirgendelaencina.centros.educa.jcyl.es;42.55219, -6.60006
León;Ponferrada;24008411;IES VIRGEN DE LA ENCINA;Educación;Electricidad y Electrónica;ELE;Curso Especialización;ELE01E;Ciberseguridad en entornos de las tecnologías de la operación;Presencial;Pública;1.0;0.0;;C/ General Gómez Núñez, 53;24400;987 41 1816;24008411@educa.jcyl.es;http://iesvirgendelaencina.centros.educa.jcyl.es;42.55219, -6.60006
León;Ponferrada;24008411;IES VIRGEN DE LA ENCINA;Educación;Fabricación Mecánica;FME;Grado Básico;FME01B;Fabricación y Montaje;Presencial;Pública;1.0;1.0;;C/ General Gómez Núñez, 53;24400;987 41 1816;24008411@educa.jcyl.es;http://iesvirgendelaencina.centros.educa.jcyl.es;42.55219, -6.60006
León;Ponferrada;24008411;IES VIRGEN DE LA ENCINA;Educación;Instalación y Mantenimiento;IMA;Grado Medio;IMA03M;Mantenimiento Electromecánico;Presencial;Pública;1.0;1.0;;C/ General Gómez Núñez, 53;24400;987 41 1816;24008411@educa.jcyl.es;http://iesvirgendelaencina.centros.educa.jcyl.es;42.55219, -6.60006
León;Ponferrada;24008411;IES VIRGEN DE LA ENCINA;Educación;Madera, Mueble y Corcho;MAM;Grado Medio;MAM01M;Carpintería y Mueble;Presencial;Pública;1.0;1.0;;C/ General Gómez Núñez, 53;24400;987 41 1816;24008411@educa.jcyl.es;http://iesvirgendelaencina.centros.educa.jcyl.es;42.55219, -6.60006
León;Ponferrada;24008411;IES VIRGEN DE LA ENCINA;Educación;Transporte y Mantenimiento de Vehículos;TMV;Grado Básico;TMV01B;Mantenimiento de Vehículos;Presencial;Pública;1.0;1.0;;C/ General Gómez Núñez, 53;24400;987 41 1816;24008411@educa.jcyl.es;http://iesvirgendelaencina.centros.educa.jcyl.es;42.55219, -6.60006
León;Ponferrada;24008411;IES VIRGEN DE LA ENCINA;Educación;Transporte y Mantenimiento de Vehículos;TMV;Grado Medio;TMV02M;Electromecánica de Vehículos Automóviles;Presencial;Pública;1.0;1.0;;C/ General Gómez Núñez, 53;24400;987 41 1816;24008411@educa.jcyl.es;http://iesvirgendelaencina.centros.educa.jcyl.es;42.55219, -6.60006
León;Ponferrada;24008411;IES VIRGEN DE LA ENCINA;Educación;Instalación y Mantenimiento;IMA;Grado Superior;IMA03S;Mecatrónica Industrial;Presencial;Pública;1.0;1.0;;C/ General Gómez Núñez, 53;24400;987 41 1816;24008411@educa.jcyl.es;http://iesvirgendelaencina.centros.educa.jcyl.es;42.55219, -6.60006
León;Ponferrada;24008411;IES VIRGEN DE LA ENCINA;Educación;Transporte y Mantenimiento de Vehículos;TMV;Grado Medio;TMV01M;Carrocería;Presencial;Pública;1.0;1.0;;C/ General Gómez Núñez, 53;24400;987 41 1816;24008411@educa.jcyl.es;http://iesvirgendelaencina.centros.educa.jcyl.es;42.55219, -6.60006
León;Ponferrada;24008411;IES VIRGEN DE LA ENCINA;Educación;Electricidad y Electrónica;ELE;Grado Medio;ELE02M;Instalaciones de Telecomunicaciones;Presencial;Pública;1.0;1.0;;C/ General Gómez Núñez, 53;24400;987 41 1816;24008411@educa.jcyl.es;http://iesvirgendelaencina.centros.educa.jcyl.es;42.55219, -6.60006
León;Ponferrada;24008411;IES VIRGEN DE LA ENCINA;Educación;Electricidad y Electrónica;ELE;Grado Superior;ELE03S;Mantenimiento Electrónico;Presencial;Pública;1.0;1.0;;C/ General Gómez Núñez, 53;24400;987 41 1816;24008411@educa.jcyl.es;http://iesvirgendelaencina.centros.educa.jcyl.es;42.55219, -6.60006
León;Ponferrada;24008411;IES VIRGEN DE LA ENCINA;Educación;Energía y Agua;ENA;Grado Superior;ENA01S;Eficiencia Energética y Energía Solar Térmica;Presencial;Pública;1.0;1.0;;C/ General Gómez Núñez, 53;24400;987 41 1816;24008411@educa.jcyl.es;http://iesvirgendelaencina.centros.educa.jcyl.es;42.55219, -6.60006
León;Ponferrada;24008411;IES VIRGEN DE LA ENCINA;Educación;Edificación y Obra Civil;EOC;Grado Superior;EOC01S;Proyectos de Edificación;Presencial;Pública;1.0;0.0;;C/ General Gómez Núñez, 53;24400;987 41 1816;24008411@educa.jcyl.es;http://iesvirgendelaencina.centros.educa.jcyl.es;42.55219, -6.60006
León;Ponferrada;24008411;IES VIRGEN DE LA ENCINA;Educación;Fabricación Mecánica;FME;Grado Medio;FME01M;Mecanizado;Presencial;Pública;1.0;1.0;;C/ General Gómez Núñez, 53;24400;987 41 1816;24008411@educa.jcyl.es;http://iesvirgendelaencina.centros.educa.jcyl.es;42.55219, -6.60006
León;La Robla;24009610;IES RAMIRO II;Educación;Actividades Físicas y Deportivas;AFD;Grado Medio;AFD02M;Guía en el medio natural y de tiempo libre;Presencial;Pública;1.0;1.0;;Ctra. De la Magdalena, s/n;24640;987 570 323;24009610@educa.jcyl.es;http://iesramiroii.centros.educa.jcyl.es/;42.80452, -5.63222
León;La Robla;24009622;CIFP VIRGEN DEL BUEN SUCESO;Privada;Electricidad y Electrónica;ELE;Grado Básico;ELE02B;Instalaciones Electrotécnicas y Mecánica;Presencial;Concertada;1.0;0.0;;Avda. La Térmica, 2;24640;987 57 2323;24009622@educa.jcyl.es;http://www.escuelafplarobla.es;42.7981, -5.62867
León;La Robla;24009622;CIFP VIRGEN DEL BUEN SUCESO;Privada;Fabricación Mecánica;FME;Grado Superior;FME02S;Construcciones Metálicas;Presencial;Concertada;1.0;1.0;;Avda. La Térmica, 2;24640;987 57 2323;24009622@educa.jcyl.es;http://www.escuelafplarobla.es;42.7981, -5.62867
León;La Robla;24009622;CIFP VIRGEN DEL BUEN SUCESO;Privada;Electricidad y Electrónica;ELE;Grado Medio;ELE01M;Instalaciones Eléctricas y Automáticas;Presencial;Concertada;1.0;1.0;;Avda. La Térmica, 2;24640;987 57 2323;24009622@educa.jcyl.es;http://www.escuelafplarobla.es;42.7981, -5.62867
León;La Robla;24009622;CIFP VIRGEN DEL BUEN SUCESO;Privada;Fabricación Mecánica;FME;Grado Medio;FME02M;Soldadura y Calderería;Presencial;Concertada;1.0;1.0;;Avda. La Térmica, 2;24640;987 57 2323;24009622@educa.jcyl.es;http://www.escuelafplarobla.es;42.7981, -5.62867
León;La Robla;24009622;CIFP VIRGEN DEL BUEN SUCESO;Privada;Informática y Comunicaciones;IFC;Grado Superior;IFC01S;Administración de Sistemas Informáticos en Red;Presencial;Concertada;1.0;1.0;;Avda. La Térmica, 2;24640;987 57 2323;24009622@educa.jcyl.es;http://www.escuelafplarobla.es;42.7981, -5.62867
León;La Robla;24009622;CIFP VIRGEN DEL BUEN SUCESO;Privada;Informática y Comunicaciones;IFC;Grado Medio;IFC01M;Sistemas Microinformáticos y Redes;Presencial;Concertada;1.0;1.0;;Avda. La Térmica, 2;24640;987 57 2323;24009622@educa.jcyl.es;http://www.escuelafplarobla.es;42.7981, -5.62867
León;Santa María del Páramo;24010995;IES VALLES DEL LUNA;Educación;Fabricación Mecánica;FME;Grado Básico;FME01B;Fabricación y Montaje;Presencial;Pública;1.0;1.0;;Avda. El Páramo, s/n;24240;987 360 068;24010995@educa.jcyl.es;http://iesvallesdelluna.centros.educa.jcyl.es/;42.34976, -5.74749
León;Villablino;24014150;IES OBISPO ARGÜELLES;Educación;Informática y Comunicaciones;IFC;Grado Básico;IFC02B;Informática de Oficina;Presencial;Pública;1.0;1.0;;Avda. del Bierzo, s/n;24100;987 47 0913;24014150@educa.jcyl.es;http://iesobispoarguelles.centros.educa.jcyl.es;42.93638, -6.32298
León;Veguellina de Órbigo;24015403;IES RÍO ÓRBIGO;Educación;Comercio y Marketing;COM;Grado Medio;COM02M;Comercialización de Productos Alimentarios;Presencial;Pública;1.0;1.0;;C/ Doctor González Álvarez, 11;24350;987 374 113;24015403@educa.jcyl.es;http://iesrioorbigo.centros.educa.jcyl.es/;42.43513, -5.8871
León;Bembibre;24016225;IES ÁLVARO YÁÑEZ;Educación;Hostelería y Turismo;HOT;Grado Superior;HOT01S;Gestión de Alojamientos Turísticos;Presencial;Pública;1.0;1.0;;Avda. Manuel Arroyo Quiñones, s/n;24300;987 51 0572;24016225@educa.jcyl.es;http://iesalvaroyanez.centros.educa.jcyl.es/;42.61571, -6.41645
León;Bembibre;24016225;IES ÁLVARO YÁÑEZ;Educación;Transporte y Mantenimiento de Vehículos;TMV;Grado Medio;TMV01M;Carrocería;Presencial;Pública;1.0;1.0;;Avda. Manuel Arroyo Quiñones, s/n;24300;987 51 0572;24016225@educa.jcyl.es;http://iesalvaroyanez.centros.educa.jcyl.es/;42.61571, -6.41645
León;Bembibre;24016225;IES ÁLVARO YÁÑEZ;Educación;Transporte y Mantenimiento de Vehículos;TMV;Grado Medio;TMV02M;Electromecánica de Vehículos Automóviles;Presencial;Pública;1.0;1.0;;Avda. Manuel Arroyo Quiñones, s/n;24300;987 51 0572;24016225@educa.jcyl.es;http://iesalvaroyanez.centros.educa.jcyl.es/;42.61571, -6.41645
León;Bembibre;24016225;IES ÁLVARO YÁÑEZ;Educación;Transporte y Mantenimiento de Vehículos;TMV;Grado Medio;TMV03M;Electromecánica de Maquinaria;Presencial;Pública;1.0;0.0;;Avda. Manuel Arroyo Quiñones, s/n;24300;987 51 0572;24016225@educa.jcyl.es;http://iesalvaroyanez.centros.educa.jcyl.es/;42.61571, -6.41645
León;Bembibre;24016225;IES ÁLVARO YÁÑEZ;Educación;Administración y Gestión;ADG;Grado Medio;ADG01M;Gestión Administrativa;Presencial;Pública;1.0;1.0;;Avda. Manuel Arroyo Quiñones, s/n;24300;987 51 0572;24016225@educa.jcyl.es;http://iesalvaroyanez.centros.educa.jcyl.es/;42.61571, -6.41645
León;Bembibre;24016225;IES ÁLVARO YÁÑEZ;Educación;Administración y Gestión;ADG;Grado Superior;ADG02S;Administración y Finanzas;Presencial;Pública;1.0;1.0;;Avda. Manuel Arroyo Quiñones, s/n;24300;987 51 0572;24016225@educa.jcyl.es;http://iesalvaroyanez.centros.educa.jcyl.es/;42.61571, -6.41645
León;Bembibre;24016225;IES ÁLVARO YÁÑEZ;Educación;Transporte y Mantenimiento de Vehículos;TMV;Grado Básico;TMV01B;Mantenimiento de Vehículos;Presencial;Pública;1.0;1.0;;Avda. Manuel Arroyo Quiñones, s/n;24300;987 51 0572;24016225@educa.jcyl.es;http://iesalvaroyanez.centros.educa.jcyl.es/;42.61571, -6.41645
León;Bembibre;24016225;IES ÁLVARO YÁÑEZ;Educación;Transporte y Mantenimiento de Vehículos;TMV;Grado Superior;TMV01S;Automoción;Presencial;Pública;1.0;1.0;;Avda. Manuel Arroyo Quiñones, s/n;24300;987 51 0572;24016225@educa.jcyl.es;http://iesalvaroyanez.centros.educa.jcyl.es/;42.61571, -6.41645
León;Almázcara;24016237;CIFP ALMÁZCARA;Agricultura;Agraria;AGA;Grado Medio;AGA01M;Producción Agroecológica;Presencial;Pública;1.0;0.0;;Finca la Dehesa, s/n.;24398;987 46 7377;24016237@educa.jcyl.es;http://cfaalmazcara.centros.educa.jcyl.es;42.59427, -6.50487
León;Almázcara;24016237;CIFP ALMÁZCARA;Agricultura;Agraria;AGA;Grado Medio;AGA04M;Aprovechamiento y Conservación del Medio Natural;Presencial;Pública;1.0;1.0;;Finca la Dehesa, s/n.;24398;987 46 7377;24016237@educa.jcyl.es;http://cfaalmazcara.centros.educa.jcyl.es;42.59427, -6.50487
León;Almázcara;24016237;CIFP ALMÁZCARA;Agricultura;Agraria;AGA;Grado Superior;AGA01S;Gestión Forestal y del Medio Natural;Presencial;Pública;1.0;1.0;;Finca la Dehesa, s/n.;24398;987 46 7377;24016237@educa.jcyl.es;http://cfaalmazcara.centros.educa.jcyl.es;42.59427, -6.50487
León;Villabalter;24016481;IES SAN ANDRÉS;Educación;Informática y Comunicaciones;IFC;Grado Superior;IFC02Sd;Desarrollo de Aplicaciones Multiplataforma (distancia);Distancia;Pública;1.0;0.0;;Avda. del Romeral, s/n;24010;987 846 315;24016481@educa.jcyl.es;http://iessanandres.centros.educa.jcyl.es;42.61733, -5.62029
León;Villabalter;24016481;IES SAN ANDRÉS;Educación;Informática y Comunicaciones;IFC;Grado Superior;IFC03S;Desarrollo de Aplicaciones WEB;Presencial;Pública;1.0;1.0;;Avda. del Romeral, s/n;24010;987 84 6315;24016481@educa.jcyl.es;http://iessanandres.centros.educa.jcyl.es;42.61733, -5.62029
León;Villabalter;24016481;IES SAN ANDRÉS;Educación;Administración y Gestión;ADG;Grado Medio;ADG01M;Gestión Administrativa;Presencial;Pública;1.0;1.0;;Avda. del Romeral, s/n;24010;987 84 6315;24016481@educa.jcyl.es;http://iessanandres.centros.educa.jcyl.es;42.61733, -5.62029
León;Villabalter;24016481;IES SAN ANDRÉS;Educación;Administración y Gestión;ADG;Grado Superior;ADG02S;Administración y Finanzas;Presencial;Pública;1.0;1.0;;Avda. del Romeral, s/n;24010;987 84 6315;24016481@educa.jcyl.es;http://iessanandres.centros.educa.jcyl.es;42.61733, -5.62029
León;Villabalter;24016481;IES SAN ANDRÉS;Educación;Comercio y Marketing;COM;Grado Básico;COM01B;Servicios Comerciales;Presencial;Pública;1.0;1.0;;Avda. del Romeral, s/n;24010;987 84 6315;24016481@educa.jcyl.es;http://iessanandres.centros.educa.jcyl.es;42.61733, -5.62029
León;Villabalter;24016481;IES SAN ANDRÉS;Educación;Informática y Comunicaciones;IFC;Grado Medio;IFC01M;Sistemas Microinformáticos y Redes;Presencial;Pública;1.0;1.0;;Avda. del Romeral, s/n;24010;987 84 6315;24016481@educa.jcyl.es;http://iessanandres.centros.educa.jcyl.es;42.61733, -5.62029
León;Villabalter;24016481;IES SAN ANDRÉS;Educación;Informática y Comunicaciones;IFC;Grado Superior;IFC01S;Administración de Sistemas Informáticos en Red;Presencial;Pública;1.0;1.0;;Avda. del Romeral, s/n;24010;987 84 6315;24016481@educa.jcyl.es;http://iessanandres.centros.educa.jcyl.es;42.61733, -5.62029
León;Villabalter;24016481;IES SAN ANDRÉS;Educación;Informática y Comunicaciones;IFC;Grado Superior;IFC02S;Desarrollo de Aplicaciones Multiplataforma;Presencial;Pública;1.0;1.0;;Avda. del Romeral, s/n;24010;987 84 6315;24016481@educa.jcyl.es;http://iessanandres.centros.educa.jcyl.es;42.61733, -5.62029
León;Fuentesnuevas;24016584;IES FUENTESNUEVAS;Educación;Imagen Personal;IMP;Grado Medio;IMP02M;Peluquería y Cosmética Capilar;Presencial;Pública;1.0;1.0;;C/ La Dehesa, 31;24411;987 45 5671;24016584@educa.jcyl.es;http://:iesfuentesnuevas.centros.educa.jcyl.es;42.5738, -6.64138
León;Fuentesnuevas;24016584;IES FUENTESNUEVAS;Educación;Imagen Personal;IMP;Grado Superior;IMP01S;Estética Integral y Bienestar;Presencial;Pública;1.0;1.0;;C/ La Dehesa, 31;24411;987 45 5671;24016584@educa.jcyl.es;http://:iesfuentesnuevas.centros.educa.jcyl.es;42.5738, -6.64138
León;Fuentesnuevas;24016584;IES FUENTESNUEVAS;Educación;Sanidad;SAN;Grado Medio;SAN02M;Farmacia y Parafarmacia;Presencial;Pública;2.0;2.0;;C/ La Dehesa, 31;24411;987 45 5671;24016584@educa.jcyl.es;http://:iesfuentesnuevas.centros.educa.jcyl.es;42.5738, -6.64138
León;Fuentesnuevas;24016584;IES FUENTESNUEVAS;Educación;Sanidad;SAN;Grado Medio;SAN21;Cuidados Auxiliares de Enfermería;Presencial;Pública;3.0;3.0;;C/ La Dehesa, 31;24411;987 45 5671;24016584@educa.jcyl.es;http://:iesfuentesnuevas.centros.educa.jcyl.es;42.5738, -6.64138
León;Fuentesnuevas;24016584;IES FUENTESNUEVAS;Educación;Imagen Personal;IMP;Grado Básico;IMP01B;Peluquería y Estética;Presencial;Pública;1.0;1.0;;C/ La Dehesa, 31;24411;987 45 5671;24016584@educa.jcyl.es;http://:iesfuentesnuevas.centros.educa.jcyl.es;42.5738, -6.64138
León;Fuentesnuevas;24016584;IES FUENTESNUEVAS;Educación;Industrias Alimentarias;INA;Grado Medio;INA03M;Elaboración de Productos Alimenticios;Presencial;Pública;1.0;1.0;;C/ La Dehesa, 31;24411;987 45 5671;24016584@educa.jcyl.es;http://:iesfuentesnuevas.centros.educa.jcyl.es;42.5738, -6.64138
León;Fuentesnuevas;24016584;IES FUENTESNUEVAS;Educación;Química;QUI;Grado Medio;QUI02M;Operaciones de Laboratorio;Presencial;Pública;1.0;1.0;;C/ La Dehesa, 31;24411;987 45 5671;24016584@educa.jcyl.es;http://:iesfuentesnuevas.centros.educa.jcyl.es;42.5738, -6.64138
León;Fuentesnuevas;24016584;IES FUENTESNUEVAS;Educación;Química;QUI;Grado Superior;QUI01S;Laboratorio de Análisis y Control de Calidad;Presencial;Pública;1.0;1.0;;C/ La Dehesa, 31;24411;987 45 5671;24016584@educa.jcyl.es;http://:iesfuentesnuevas.centros.educa.jcyl.es;42.5738, -6.64138
León;Fuentesnuevas;24016584;IES FUENTESNUEVAS;Educación;Industrias Alimentarias;INA;Grado Básico;INA02B;Industrias alimentarias;Presencial;Pública;1.0;1.0;;C/ La Dehesa, 31;24411;987 45 5671;24016584@educa.jcyl.es;http://:iesfuentesnuevas.centros.educa.jcyl.es;42.5738, -6.64138
León;Fuentesnuevas;24016584;IES FUENTESNUEVAS;Educación;Industrias Alimentarias;INA;Grado Superior;INA02S;Procesos y Calidad en la Industria Alimentaria;Presencial;Pública;1.0;1.0;;C/ La Dehesa, 31;24411;987 45 5671;24016584@educa.jcyl.es;http://:iesfuentesnuevas.centros.educa.jcyl.es;42.5738, -6.64138
León;Fuentesnuevas;24016584;IES FUENTESNUEVAS;Educación;Sanidad;SAN;Grado Superior;SAN05S;Documentación y Administración Sanitarias;Presencial;Pública;1.0;1.0;;C/ La Dehesa, 31;24411;987 45 5671;24016584@educa.jcyl.es;http://:iesfuentesnuevas.centros.educa.jcyl.es;42.5738, -6.64138
León;Fuentesnuevas;24016584;IES FUENTESNUEVAS;Educación;Sanidad;SAN;Grado Superior;SAN32;Dietética;Presencial;Pública;1.0;1.0;;C/ La Dehesa, 31;24411;987 45 5671;24016584@educa.jcyl.es;http://:iesfuentesnuevas.centros.educa.jcyl.es;42.5738, -6.64138
León;Villablino;24016602;IES VALLE DE LACIANA;Educación;Fabricación Mecánica;FME;Grado Básico;FME02B;Fabricación de Elementos Metálicos;Presencial;Pública;1.0;1.0;;Avda. Constitución, 25;24100;987 47 1233;24016602@educa.jcyl.es;http://iesvallelaciana.centros.educa.jcyl.es;42.94035, -6.32283
León;Villablino;24016602;IES VALLE DE LACIANA;Educación;Servicios Socioculturales y a la Comunidad;SSC;Grado Medio;SSC01M;Atención a Personas en Situación de Dependencia;Presencial;Pública;1.0;1.0;;Avda. Constitución, 25;24100;987 47 1233;24016602@educa.jcyl.es;http://iesvallelaciana.centros.educa.jcyl.es;42.94035, -6.32283
León;Villablino;24016602;IES VALLE DE LACIANA;Educación;Administración y Gestión;ADG;Grado Superior;ADG02S;Administración y Finanzas;Presencial;Pública;1.0;1.0;;Avda. Constitución, 25;24100;987 47 1233;24016602@educa.jcyl.es;http://iesvallelaciana.centros.educa.jcyl.es;42.94035, -6.32283
León;Villablino;24016602;IES VALLE DE LACIANA;Educación;Fabricación Mecánica;FME;Grado Medio;FME01M;Mecanizado;Presencial;Pública;1.0;1.0;;Avda. Constitución, 25;24100;987 47 1233;24016602@educa.jcyl.es;http://iesvallelaciana.centros.educa.jcyl.es;42.94035, -6.32283
León;Hospital de Órbigo;24016705;COLEGIO SIERRA PAMBLEY;Privada;Agraria;AGA;Grado Básico;AGA01B;Agro-jardinería y Composiciones Florales;Presencial;Concertada;1.0;1.0;;C/ Sierra Pambley, 10;24286;987 38 8272;24016705@educa.jcyl.es;https://www.escuelasierrapambley.com/;42.46061, -5.88103
León;Hospital de Órbigo;24016705;COLEGIO SIERRA PAMBLEY;Privada;Agraria;AGA;Grado Medio;AGA03M;Jardinería y Floristería;Presencial;Concertada;1.0;1.0;;C/ Sierra Pambley, 10;24286;987 38 8272;24016705@educa.jcyl.es;https://www.escuelasierrapambley.com/;42.46061, -5.88103
León;Hospital de Órbigo;24016705;COLEGIO SIERRA PAMBLEY;Privada;Servicios Socioculturales y a la Comunidad;SSC;Grado Superior;SSC05S;Mediación Comunicativa;Presencial;Concertada;1.0;1.0;;C/ Sierra Pambley, 10;24286;987 38 8272;24016705@educa.jcyl.es;https://www.escuelasierrapambley.com/;42.46061, -5.88103
León;León;24017801;MARÍA AUXILIADORA;Privada;Informática y Comunicaciones;IFC;Grado Superior;IFC01S;Administración de Sistemas Informáticos en Red;Presencial;Concertada;1.0;1.0;;C/ San Juan Bosco, 20, Barrio de Armunia;24009;987 257551;24017801@educa.jcyl.es;http://www.cmaleon.es;42.58018, -5.58683
León;León;24017801;MARÍA AUXILIADORA;Privada;Imagen y Sonido;IMS;Grado Superior;IMS02S;Realización de Proyectos de Audiovisuales y Espectáculos;Presencial;Concertada;1.0;1.0;;C/ San Juan Bosco, 20, Barrio de Armunia;24009;987 257551;24017801@educa.jcyl.es;http://www.cmaleon.es;42.58018, -5.58683
León;León;24017801;MARÍA AUXILIADORA;Privada;Administración y Gestión;ADG;Grado Medio;ADG01M;Gestión Administrativa;Presencial;Concertada;1.0;1.0;;C/ San Juan Bosco, 20, Barrio de Armunia;24009;987 257551;24017801@educa.jcyl.es;http://www.cmaleon.es;42.58018, -5.58683
León;León;24017801;MARÍA AUXILIADORA;Privada;Administración y Gestión;ADG;Grado Superior;ADG02S;Administración y Finanzas;Presencial;Concertada;1.0;1.0;;C/ San Juan Bosco, 20, Barrio de Armunia;24009;987 257551;24017801@educa.jcyl.es;http://www.cmaleon.es;42.58018, -5.58683
León;León;24017801;MARÍA AUXILIADORA;Privada;Informática y Comunicaciones;IFC;Grado Superior;IFC02S;Desarrollo de Aplicaciones Multiplataforma;Presencial;Concertada;1.0;1.0;;C/ San Juan Bosco, 20, Barrio de Armunia;24009;987 257551;24017801@educa.jcyl.es;http://www.cmaleon.es;42.58018, -5.58683
León;Camponaraya;24017965;LA INMACULADA;Privada;Servicios Socioculturales y a la Comunidad;SSC;Grado Superior;SSC02S;Animación Sociocultural y Turística;Presencial;Concertada;1.0;1.0;;Avda. Escuela Universitaria, s/n;24410;987 46 3125;24017965@educa.jcyl.es;https://camponaraya.concepcionistas.es/;42.58083, -6.6703
León;Camponaraya;24017965;LA INMACULADA;Privada;Actividades Físicas y Deportivas;AFD;Grado Superior;AFD02S;Acondicionamiento Físico;Presencial;Concertada;1.0;1.0;;Avda. Escuela Universitaria, s/n;24410;987 46 3125;24017965@educa.jcyl.es;https://camponaraya.concepcionistas.es/;42.58083, -6.6703
León;Camponaraya;24017965;LA INMACULADA;Privada;Actividades Físicas y Deportivas;AFD;Grado Superior;AFD01S;Enseñanza y Animación Sociodeportiva;Presencial;Concertada;1.0;1.0;;Avda. Escuela Universitaria, s/n;24410;987 46 3125;24017965@educa.jcyl.es;https://camponaraya.concepcionistas.es/;42.58083, -6.6703
León;Camponaraya;24017965;LA INMACULADA;Privada;Industrias Alimentarias;INA;Grado Medio;INA02M;Aceites de Oliva y Vinos;Presencial;Concertada;1.0;1.0;;Avda. Escuela Universitaria, s/n;24410;987 46 3125;24017965@educa.jcyl.es;https://camponaraya.concepcionistas.es/;42.58083, -6.6703
León;Cistierna;24018210;IES VADINIA;Educación;Instalación y Mantenimiento;IMA;Grado Medio;IMA03M;Mantenimiento Electromecánico;Presencial;Pública;1.0;0.0;;Avda. Thiviers, s/n;24800;987700876;24018210@educa.jcyl.es;http://iesvadinia.centros.educa.jcyl.es;42.79828, -5.12714
León;Fabero;24018222;IES BEATRIZ OSSORIO;Educación;Informática y Comunicaciones;IFC;Grado Medio;IFC01M;Sistemas Microinformáticos y Redes;Presencial;Pública;1.0;1.0;;C/ Corrumbin, 30;24420;987 55 0111;24018222@educa.jcyl.es;http://iesbeatrizossorio.centros.educa.jcyl.es;42.77004, -6.62851
León;Sahagún;24018234;IES FERNANDO DE CASTRO;Educación;Hostelería y Turismo;HOT;Grado Básico;HOT01B;Cocina y Restauración;Presencial;Pública;1.0;1.0;;C/ Doctores Bermejo y Calderón, 15;24310;987 78 2059;24018234@educa.jcyl.es;http://iessahagun.centros.educa.jcyl.es;42.37241, -5.03288
León;Valencia de Don Juan;24018544;IES FERNANDO I;Educación;Hostelería y Turismo;HOT;Grado Básico;HOT01B;Cocina y Restauración;Presencial;Pública;1.0;1.0;;Avda. de la Constitución, 15;24200;987 75 2280;24018544@educa.jcyl.es;http://iesfernandoprimero.centros.educa.jcyl.es;42.29797, -5.51836
León;Valencia de Don Juan;24018544;IES FERNANDO I;Educación;Transporte y Mantenimiento de Vehículos;TMV;Grado Medio;TMV02M;Electromecánica de Vehículos Automóviles;Presencial;Pública;1.0;1.0;;Avda. de la Constitución, 15;24200;987 75 2280;24018544@educa.jcyl.es;http://iesfernandoprimero.centros.educa.jcyl.es;42.29797, -5.51836
León;Valencia de Don Juan;24018544;IES FERNANDO I;Educación;Administración y Gestión;ADG;Grado Medio;ADG01M;Gestión Administrativa;Presencial;Pública;1.0;1.0;;Avda. de la Constitución, 15;24200;987 75 2280;24018544@educa.jcyl.es;http://iesfernandoprimero.centros.educa.jcyl.es;42.29797, -5.51836
León;Valencia de Don Juan;24018544;IES FERNANDO I;Educación;Transporte y Mantenimiento de Vehículos;TMV;Grado Básico;TMV01B;Mantenimiento de Vehículos;Presencial;Pública;1.0;1.0;;Avda. de la Constitución, 15;24200;987 75 2280;24018544@educa.jcyl.es;http://iesfernandoprimero.centros.educa.jcyl.es;42.29797, -5.51836
León;Astorga;24018775;IES ASTÚRICA AUGUSTA;Educación;Electricidad y Electrónica;ELE;Grado Básico;ELE01B;Electricidad y Electrónica;Presencial;Pública;1.0;1.0;;C/ Instituto, s/n;24700;987 61 5801;24018775@educa.jcyl.es;http://iesastorga.centros.educa.jcyl.es/;42.45295, -6.06034
León;Astorga;24018775;IES ASTÚRICA AUGUSTA;Educación;Electricidad y Electrónica;ELE;Grado Medio;ELE01M;Instalaciones Eléctricas y Automáticas;Presencial;Pública;1.0;1.0;;C/ Instituto, s/n;24700;987 61 5801;24018775@educa.jcyl.es;http://iesastorga.centros.educa.jcyl.es/;42.45295, -6.06034
León;Astorga;24018775;IES ASTÚRICA AUGUSTA;Educación;Electricidad y Electrónica;ELE;Grado Medio;ELE01Md;Instalaciones Eléctricas y Automáticas (distancia);Distancia;Pública;1.0;0.0;;C/ Instituto, s/n;24700;987 61 5801;24018775@educa.jcyl.es;http://iesastorga.centros.educa.jcyl.es/;42.45295, -6.06034
León;Astorga;24018775;IES ASTÚRICA AUGUSTA;Educación;Hostelería y Turismo;HOT;Grado Superior;HOT04S;Dirección de Cocina;Presencial;Pública;1.0;0.0;;C/ Instituto, s/n;24700;987 61 5801;24018775@educa.jcyl.es;http://iesastorga.centros.educa.jcyl.es/;42.45295, -6.06034
León;Astorga;24018775;IES ASTÚRICA AUGUSTA;Educación;Administración y Gestión;ADG;Grado Medio;ADG01M;Gestión Administrativa;Presencial;Pública;1.0;1.0;;C/ Instituto, s/n;24700;987 61 5801;24018775@educa.jcyl.es;http://iesastorga.centros.educa.jcyl.es/;42.45295, -6.06034
León;Astorga;24018775;IES ASTÚRICA AUGUSTA;Educación;Electricidad y Electrónica;ELE;Grado Medio;ELE02M;Instalaciones de Telecomunicaciones;Presencial;Pública;1.0;1.0;;C/ Instituto, s/n;24700;987 61 5801;24018775@educa.jcyl.es;http://iesastorga.centros.educa.jcyl.es/;42.45295, -6.06034
León;Astorga;24018775;IES ASTÚRICA AUGUSTA;Educación;Hostelería y Turismo;HOT;Grado Básico;HOT01B;Cocina y Restauración;Presencial;Pública;1.0;1.0;;C/ Instituto, s/n;24700;987 61 5801;24018775@educa.jcyl.es;http://iesastorga.centros.educa.jcyl.es/;42.45295, -6.06034
León;Astorga;24018775;IES ASTÚRICA AUGUSTA;Educación;Industrias Alimentarias;INA;Grado Medio;INA01M;Panadería, Repostería y Confitería;Presencial;Pública;1.0;1.0;;C/ Instituto, s/n;24700;987 61 5801;24018775@educa.jcyl.es;http://iesastorga.centros.educa.jcyl.es/;42.45295, -6.06034
León;Astorga;24018775;IES ASTÚRICA AUGUSTA;Educación;Administración y Gestión;ADG;Grado Superior;ADG02S;Administración y Finanzas;Presencial;Pública;1.0;1.0;;C/ Instituto, s/n;24700;987 61 5801;24018775@educa.jcyl.es;http://iesastorga.centros.educa.jcyl.es/;42.45295, -6.06034
León;Astorga;24018775;IES ASTÚRICA AUGUSTA;Educación;Electricidad y Electrónica;ELE;Grado Superior;ELE04S;Automatización y Robótica Industrial;Presencial;Pública;1.0;1.0;;C/ Instituto, s/n;24700;987 61 5801;24018775@educa.jcyl.es;http://iesastorga.centros.educa.jcyl.es/;42.45295, -6.06034
León;Astorga;24018775;IES ASTÚRICA AUGUSTA;Educación;Electricidad y Electrónica;ELE;Curso Especialización;ELE05E;Robótica Colaborativa;Presencial;Pública;1.0;0.0;;C/ Instituto, s/n;24700;987 61 5801;24018775@educa.jcyl.es;http://iesastorga.centros.educa.jcyl.es/;42.45295, -6.06034
León;Astorga;24018775;IES ASTÚRICA AUGUSTA;Educación;Hostelería y Turismo;HOT;Curso Especialización;HOT01E;Panadería y bollería artesanales;Presencial;Pública;1.0;0.0;;C/ Instituto, s/n;24700;987 61 5801;24018775@educa.jcyl.es;http://iesastorga.centros.educa.jcyl.es/;42.45295, -6.06034
León;León;24022006;CLARÍN;Privada;Servicios Socioculturales y a la Comunidad;SSC;Grado Superior;SSC01Sd;Educación Infantil (distancia);Distancia;Privada;1.0;0.0;;C/ Rodríguez del Valle, 18;24002;987 227 298;24022006@educa.jcyl.es;http://www.cfclarin.es/;42.60134, -5.57912
León;León;24022006;CLARÍN;Privada;Sanidad;SAN;Grado Superior;SAN01Sd;Audiología Protésica (distancia);Distancia;Privada;1.0;0.0;;C/ Rodríguez del Valle, 18;24002;987 227 298;24022006@educa.jcyl.es;http://www.cfclarin.es/;42.60134, -5.57912
León;León;24022006;CLARÍN;Privada;Servicios Socioculturales y a la Comunidad;SSC;Grado Superior;SSC01S;Educación Infantil;Presencial;Privada;1.0;1.0;;C/ Rodríguez del Valle, 18;24002;987 227 298;24022006@educa.jcyl.es;http://www.cfclarin.es/;42.60134, -5.57912
León;León;24022195;CIFP TECNOLÓGICO INDUSTRIAL;Educación;Electricidad y Electrónica;ELE;Grado Superior;ELE01S;Sistemas Electrotécnicos y Automatizados;Presencial;Pública;1.0;1.0;;C/ Profesor Gaspar Morocho, s/n;24007;987 222 250;24022195@educa.jcyl.es;http://cifptecnologicoindustrial.centros.educa.jcyl.es/;42.6058, -5.55936
León;León;24022195;CIFP TECNOLÓGICO INDUSTRIAL;Educación;Energía y Agua;ENA;Grado Superior;ENA02S;Centrales Eléctricas;Presencial;Pública;1.0;1.0;;C/ Profesor Gaspar Morocho, s/n;24007;987 222 250;24022195@educa.jcyl.es;http://cifptecnologicoindustrial.centros.educa.jcyl.es/;42.6058, -5.55936
León;León;24022195;CIFP TECNOLÓGICO INDUSTRIAL;Educación;Energía y Agua;ENA;Grado Superior;ENA03S;Energías Renovables;Presencial;Pública;1.0;1.0;;C/ Profesor Gaspar Morocho, s/n;24007;987 222 250;24022195@educa.jcyl.es;http://cifptecnologicoindustrial.centros.educa.jcyl.es/;42.6058, -5.55936
León;León;24022195;CIFP TECNOLÓGICO INDUSTRIAL;Educación;Fabricación Mecánica;FME;Grado Medio;FME01M;Mecanizado;Presencial;Pública;1.0;1.0;;C/ Profesor Gaspar Morocho, s/n;24007;987 222 250;24022195@educa.jcyl.es;http://cifptecnologicoindustrial.centros.educa.jcyl.es/;42.6058, -5.55936
León;León;24022195;CIFP TECNOLÓGICO INDUSTRIAL;Educación;Fabricación Mecánica;FME;Grado Superior;FME03S;Diseño en Fabricación Mecánica;Presencial;Pública;1.0;1.0;;C/ Profesor Gaspar Morocho, s/n;24007;987 222 250;24022195@educa.jcyl.es;http://cifptecnologicoindustrial.centros.educa.jcyl.es/;42.6058, -5.55936
León;León;24022195;CIFP TECNOLÓGICO INDUSTRIAL;Educación;Instalación y Mantenimiento;IMA;Grado Medio;IMA02M;Instalaciones Frigoríficas y de Climatización;Presencial;Pública;1.0;0.0;;C/ Profesor Gaspar Morocho, s/n;24007;987 222 250;24022195@educa.jcyl.es;http://cifptecnologicoindustrial.centros.educa.jcyl.es/;42.6058, -5.55936
León;León;24022195;CIFP TECNOLÓGICO INDUSTRIAL;Educación;Electricidad y Electrónica;ELE;Grado Básico;ELE01B;Electricidad y Electrónica;Presencial;Pública;1.0;1.0;;C/ Profesor Gaspar Morocho, s/n;24007;987 222 250;24022195@educa.jcyl.es;http://cifptecnologicoindustrial.centros.educa.jcyl.es/;42.6058, -5.55936
León;León;24022195;CIFP TECNOLÓGICO INDUSTRIAL;Educación;Electricidad y Electrónica;ELE;Grado Medio;ELE01M;Instalaciones Eléctricas y Automáticas;Presencial;Pública;1.0;1.0;;C/ Profesor Gaspar Morocho, s/n;24007;987 222 250;24022195@educa.jcyl.es;http://cifptecnologicoindustrial.centros.educa.jcyl.es/;42.6058, -5.55936
León;León;24022195;CIFP TECNOLÓGICO INDUSTRIAL;Educación;Edificación y Obra Civil;EOC;Grado Superior;EOC01S;Proyectos de Edificación;Presencial;Pública;1.0;1.0;;C/ Profesor Gaspar Morocho, s/n;24007;987 222 250;24022195@educa.jcyl.es;http://cifptecnologicoindustrial.centros.educa.jcyl.es/;42.6058, -5.55936
León;León;24022195;CIFP TECNOLÓGICO INDUSTRIAL;Educación;Edificación y Obra Civil;EOC;Grado Superior;EOC02S;Proyectos de Obra Civil;Presencial;Pública;1.0;1.0;;C/ Profesor Gaspar Morocho, s/n;24007;987 222 250;24022195@educa.jcyl.es;http://cifptecnologicoindustrial.centros.educa.jcyl.es/;42.6058, -5.55936
León;León;24022195;CIFP TECNOLÓGICO INDUSTRIAL;Educación;Fabricación Mecánica;FME;Grado Superior;FME01S;Programación de la Producción en Fabricación Mecánica;Presencial;Pública;1.0;1.0;;C/ Profesor Gaspar Morocho, s/n;24007;987 222 250;24022195@educa.jcyl.es;http://cifptecnologicoindustrial.centros.educa.jcyl.es/;42.6058, -5.55936
León;León;24022195;CIFP TECNOLÓGICO INDUSTRIAL;Educación;Instalación y Mantenimiento;IMA;Grado Superior;MSP34;Prevención de Riesgos Profesionales;Presencial;Pública;1.0;1.0;;C/ Profesor Gaspar Morocho, s/n;24007;987 222 250;24022195@educa.jcyl.es;http://cifptecnologicoindustrial.centros.educa.jcyl.es/;42.6058, -5.55936
León;León;24022195;CIFP TECNOLÓGICO INDUSTRIAL;Educación;Fabricación Mecánica;FME;Grado Básico;FME01B;Fabricación y Montaje;Presencial;Pública;1.0;1.0;;C/ Profesor Gaspar Morocho, s/n;24007;987 222 250;24022195@educa.jcyl.es;http://cifptecnologicoindustrial.centros.educa.jcyl.es/;42.6058, -5.55936
León;León;24022195;CIFP TECNOLÓGICO INDUSTRIAL;Educación;Fabricación Mecánica;FME;Curso Especialización;FME01E;Fabricación aditiva;Presencial;Pública;1.0;0.0;;C/ Profesor Gaspar Morocho, s/n;24007;987 222 250;24022195@educa.jcyl.es;http://cifptecnologicoindustrial.centros.educa.jcyl.es/;42.6058, -5.55936
León;León;24022195;CIFP TECNOLÓGICO INDUSTRIAL;Educación;Instalación y Mantenimiento;IMA;Grado Medio;IMA01M;Instalaciones de Producción de Calor;Presencial;Pública;0.0;1.0;;C/ Profesor Gaspar Morocho, s/n;24007;987 222 250;24022195@educa.jcyl.es;http://cifptecnologicoindustrial.centros.educa.jcyl.es/;42.6058, -5.55936
León;León;24022195;CIFP TECNOLÓGICO INDUSTRIAL;Educación;Instalación y Mantenimiento;IMA;Grado Superior;IMA02S;Mantenimiento de Instalaciones Térmicas y de Fluidos;Presencial;Pública;1.0;1.0;;C/ Profesor Gaspar Morocho, s/n;24007;987 222 250;24022195@educa.jcyl.es;http://cifptecnologicoindustrial.centros.educa.jcyl.es/;42.6058, -5.55936
León;León;24022250;CIFP CIUDAD DE LEÓN;Educación;Administración y Gestión;ADG;Grado Medio;ADG01M;Gestión Administrativa;Presencial;Pública;1.0;1.0;;C/ La Torre, 7;24002;987 27 62 81;24022250@educa.jcyl.es;http://www.cifpciudaddeleon.org;42.60045, -5.57251
León;León;24022250;CIFP CIUDAD DE LEÓN;Educación;Comercio y Marketing;COM;Grado Superior;COM04S;Comercio Internacional;Presencial;Pública;1.0;1.0;;C/ La Torre, 7;24002;987 27 62 81;24022250@educa.jcyl.es;http://www.cifpciudaddeleon.org;42.60045, -5.57251
León;León;24022250;CIFP CIUDAD DE LEÓN;Educación;Hostelería y Turismo;HOT;Grado Básico;HOT02B;Alojamiento y Lavandería;Presencial;Pública;1.0;0.0;;C/ La Torre, 7;24002;987 27 62 81;24022250@educa.jcyl.es;http://www.cifpciudaddeleon.org;42.60045, -5.57251
León;León;24022250;CIFP CIUDAD DE LEÓN;Educación;Hostelería y Turismo;HOT;Grado Medio;HOT02M;Servicios en Restauración;Presencial;Pública;1.0;1.0;;C/ La Torre, 7;24002;987 27 62 81;24022250@educa.jcyl.es;http://www.cifpciudaddeleon.org;42.60045, -5.57251
León;León;24022250;CIFP CIUDAD DE LEÓN;Educación;Administración y Gestión;ADG;Grado Superior;ADG01S;Asistencia a la Dirección;Presencial;Pública;1.0;1.0;;C/ La Torre, 7;24002;987 27 62 81;24022250@educa.jcyl.es;http://www.cifpciudaddeleon.org;42.60045, -5.57251
León;León;24022250;CIFP CIUDAD DE LEÓN;Educación;Administración y Gestión;ADG;Grado Superior;ADG02S;Administración y Finanzas;Presencial;Pública;2.0;2.0;;C/ La Torre, 7;24002;987 27 62 81;24022250@educa.jcyl.es;http://www.cifpciudaddeleon.org;42.60045, -5.57251
León;León;24022250;CIFP CIUDAD DE LEÓN;Educación;Comercio y Marketing;COM;Grado Superior;COM03S;Gestión de Ventas y Espacios Comerciales;Presencial;Pública;1.0;1.0;;C/ La Torre, 7;24002;987 27 62 81;24022250@educa.jcyl.es;http://www.cifpciudaddeleon.org;42.60045, -5.57251
León;León;24022250;CIFP CIUDAD DE LEÓN;Educación;Hostelería y Turismo;HOT;Grado Superior;HOT01S;Gestión de Alojamientos Turísticos;Presencial;Pública;1.0;1.0;;C/ La Torre, 7;24002;987 27 62 81;24022250@educa.jcyl.es;http://www.cifpciudaddeleon.org;42.60045, -5.57251
León;León;24022250;CIFP CIUDAD DE LEÓN;Educación;Hostelería y Turismo;HOT;Grado Superior;HOT05S;Dirección de Servicios de Restauración;Presencial;Pública;1.0;1.0;;C/ La Torre, 7;24002;987 27 62 81;24022250@educa.jcyl.es;http://www.cifpciudaddeleon.org;42.60045, -5.57251
León;León;24022250;CIFP CIUDAD DE LEÓN;Educación;Imagen Personal;IMP;Grado Básico;IMP01B;Peluquería y Estética;Presencial;Pública;1.0;1.0;;C/ La Torre, 7;24002;987 27 62 81;24022250@educa.jcyl.es;http://www.cifpciudaddeleon.org;42.60045, -5.57251
León;León;24022250;CIFP CIUDAD DE LEÓN;Educación;Imagen Personal;IMP;Grado Medio;IMP02M;Peluquería y Cosmética Capilar;Presencial;Pública;1.0;1.0;;C/ La Torre, 7;24002;987 27 62 81;24022250@educa.jcyl.es;http://www.cifpciudaddeleon.org;42.60045, -5.57251
León;León;24022250;CIFP CIUDAD DE LEÓN;Educación;Administración y Gestión;ADG;Grado Básico;ADG01B;Servicios Administrativos;Presencial;Pública;1.0;1.0;;C/ La Torre, 7;24002;987 27 62 81;24022250@educa.jcyl.es;http://www.cifpciudaddeleon.org;42.60045, -5.57251
León;León;24022250;CIFP CIUDAD DE LEÓN;Educación;Administración y Gestión;ADG;Grado Medio;ADG01Md;Gestión Administrativa (distancia);Distancia;Pública;1.0;0.0;;C/ La Torre, 7;24002;987 27 62 81;24022250@educa.jcyl.es;http://www.cifpciudaddeleon.org;42.60045, -5.57251
León;León;24022250;CIFP CIUDAD DE LEÓN;Educación;Comercio y Marketing;COM;Grado Medio;COM01M;Actividades Comerciales;Presencial;Pública;1.0;1.0;;C/ La Torre, 7;24002;987 27 62 81;24022250@educa.jcyl.es;http://www.cifpciudaddeleon.org;42.60045, -5.57251
León;León;24022250;CIFP CIUDAD DE LEÓN;Educación;Comercio y Marketing;COM;Grado Superior;COM02S;Transporte y Logística;Presencial;Pública;1.0;1.0;;C/ La Torre, 7;24002;987 27 62 81;24022250@educa.jcyl.es;http://www.cifpciudaddeleon.org;42.60045, -5.57251
León;León;24022250;CIFP CIUDAD DE LEÓN;Educación;Comercio y Marketing;COM;Grado Superior;COM02Sd;Transporte y Logística (distancia);Distancia;Pública;1.0;0.0;;C/ La Torre, 7;24002;987 27 62 81;24022250@educa.jcyl.es;http://www.cifpciudaddeleon.org;42.60045, -5.57251
León;León;24022250;CIFP CIUDAD DE LEÓN;Educación;Comercio y Marketing;COM;Curso Especialización;COM01E;Posicionamiento en buscadores (SEO/SEM) y comunicación en redes sociales;Presencial;Pública;1.0;0.0;;C/ La Torre, 7;24002;987 27 62 81;24022250@educa.jcyl.es;http://www.cifpciudaddeleon.org;42.60045, -5.57251
León;León;24022250;CIFP CIUDAD DE LEÓN;Educación;Comercio y Marketing;COM;Curso Especialización;COM02E;Redacción de contenidos digitales para marketing y ventas;Presencial;Pública;1.0;0.0;;C/ La Torre, 7;24002;987 27 62 81;24022250@educa.jcyl.es;http://www.cifpciudaddeleon.org;42.60045, -5.57251
León;León;24022250;CIFP CIUDAD DE LEÓN;Educación;Hostelería y Turismo;HOT;Grado Básico;HOT01B;Cocina y Restauración;Presencial;Pública;1.0;1.0;;C/ La Torre, 7;24002;987 27 62 81;24022250@educa.jcyl.es;http://www.cifpciudaddeleon.org;42.60045, -5.57251
León;León;24022250;CIFP CIUDAD DE LEÓN;Educación;Hostelería y Turismo;HOT;Grado Medio;HOT01M;Cocina y Gastronomía;Presencial;Pública;2.0;2.0;;C/ La Torre, 7;24002;987 27 62 81;24022250@educa.jcyl.es;http://www.cifpciudaddeleon.org;42.60045, -5.57251
León;León;24022250;CIFP CIUDAD DE LEÓN;Educación;Hostelería y Turismo;HOT;Grado Superior;HOT03S;Guía, Información y Asistencias Turísticas;Presencial;Pública;1.0;1.0;;C/ La Torre, 7;24002;987 27 62 81;24022250@educa.jcyl.es;http://www.cifpciudaddeleon.org;42.60045, -5.57251
León;León;24022250;CIFP CIUDAD DE LEÓN;Educación;Hostelería y Turismo;HOT;Grado Superior;HOT04S;Dirección de Cocina;Presencial;Pública;1.0;1.0;;C/ La Torre, 7;24002;987 27 62 81;24022250@educa.jcyl.es;http://www.cifpciudaddeleon.org;42.60045, -5.57251
León;León;24022250;CIFP CIUDAD DE LEÓN;Educación;Imagen Personal;IMP;Grado Medio;IMP01M;Estética y Belleza;Presencial;Pública;2.0;2.0;;C/ La Torre, 7;24002;987 27 62 81;24022250@educa.jcyl.es;http://www.cifpciudaddeleon.org;42.60045, -5.57251
León;León;24022250;CIFP CIUDAD DE LEÓN;Educación;Imagen Personal;IMP;Grado Superior;IMP01S;Estética Integral y Bienestar;Presencial;Pública;1.0;1.0;;C/ La Torre, 7;24002;987 27 62 81;24022250@educa.jcyl.es;http://www.cifpciudaddeleon.org;42.60045, -5.57251
León;León;24022250;CIFP CIUDAD DE LEÓN;Educación;Imagen Personal;IMP;Grado Superior;IMP02S;Estilismo y Dirección de Peluquería;Presencial;Pública;1.0;1.0;;C/ La Torre, 7;24002;987 27 62 81;24022250@educa.jcyl.es;http://www.cifpciudaddeleon.org;42.60045, -5.57251
León;León;24022377;ESCUELA LEONESA DE RADIOTERAPIA;Privada;Sanidad;SAN;Grado Superior;SAN09S;Radioterapia y Dosimetría;Presencial;Privada;1.0;1.0;;C/ Astorga, 20;24009;648 194 540;24022377@educa.jcyl.es;http://www.radioterapialeon.es/;42.599, -5.56824
León;Ponferrada;24022432;CIFP DE PONFERRADA;Educación;Administración y Gestión;ADG;Grado Superior;ADG01S;Asistencia a la Dirección;Presencial;Pública;0.0;1.0;;C/ La Chopera, s/n;24404;987 40 9200;24022432@educa.jcyl.es;http://www.cifpponferrada.es;42.56085, -6.60037
León;Ponferrada;24022432;CIFP DE PONFERRADA;Educación;Administración y Gestión;ADG;Grado Superior;ADG02Sd;Administración y Finanzas (distancia);Distancia;Pública;1.0;0.0;;C/ La Chopera, s/n;24404;987 40 9200;24022432@educa.jcyl.es;http://www.cifpponferrada.es;42.56085, -6.60037
León;Ponferrada;24022432;CIFP DE PONFERRADA;Educación;Imagen y Sonido;IMS;Grado Medio;IMS01M;Vídeo Disc-jockey y Sonido;Presencial;Pública;1.0;1.0;;C/ La Chopera, s/n;24404;987 40 9200;24022432@educa.jcyl.es;http://www.cifpponferrada.es;42.56085, -6.60037
León;Ponferrada;24022432;CIFP DE PONFERRADA;Educación;Administración y Gestión;ADG;Grado Medio;ADG01M;Gestión Administrativa;Presencial;Pública;1.0;1.0;;C/ La Chopera, s/n;24404;987 40 9200;24022432@educa.jcyl.es;http://www.cifpponferrada.es;42.56085, -6.60037
León;Ponferrada;24022432;CIFP DE PONFERRADA;Educación;Comercio y Marketing;COM;Grado Superior;COM04S;Comercio Internacional;Presencial;Pública;1.0;1.0;;C/ La Chopera, s/n;24404;987 40 9200;24022432@educa.jcyl.es;http://www.cifpponferrada.es;42.56085, -6.60037
León;Ponferrada;24022432;CIFP DE PONFERRADA;Educación;Imagen y Sonido;IMS;Grado Superior;IMS03S;Producción de Audiovisuales y Espectáculos;Presencial;Pública;1.0;1.0;;C/ La Chopera, s/n;24404;987 40 9200;24022432@educa.jcyl.es;http://www.cifpponferrada.es;42.56085, -6.60037
León;Ponferrada;24022432;CIFP DE PONFERRADA;Educación;Administración y Gestión;ADG;Grado Superior;ADG02S;Administración y Finanzas;Presencial;Pública;1.0;1.0;;C/ La Chopera, s/n;24404;987 40 9200;24022432@educa.jcyl.es;http://www.cifpponferrada.es;42.56085, -6.60037
León;Ponferrada;24022432;CIFP DE PONFERRADA;Educación;Informática y Comunicaciones;IFC;Grado Medio;IFC01M;Sistemas Microinformáticos y Redes;Presencial;Pública;2.0;2.0;;C/ La Chopera, s/n;24404;987 40 9200;24022432@educa.jcyl.es;http://www.cifpponferrada.es;42.56085, -6.60037
León;Ponferrada;24022432;CIFP DE PONFERRADA;Educación;Informática y Comunicaciones;IFC;Grado Superior;IFC01S;Administración de Sistemas Informáticos en Red;Presencial;Pública;1.0;1.0;;C/ La Chopera, s/n;24404;987 40 9200;24022432@educa.jcyl.es;http://www.cifpponferrada.es;42.56085, -6.60037
León;Ponferrada;24022432;CIFP DE PONFERRADA;Educación;Informática y Comunicaciones;IFC;Grado Superior;IFC03S;Desarrollo de Aplicaciones WEB;Presencial;Pública;1.0;1.0;;C/ La Chopera, s/n;24404;987 40 9200;24022432@educa.jcyl.es;http://www.cifpponferrada.es;42.56085, -6.60037
León;Ponferrada;24022432;CIFP DE PONFERRADA;Educación;Informática y Comunicaciones;IFC;Grado Superior;IFC03Sd;Desarrollo de Aplicaciones WEB (distancia);Distancia;Pública;1.0;0.0;;C/ La Chopera, s/n;24404;987 40 9200;24022432@educa.jcyl.es;http://www.cifpponferrada.es;42.56085, -6.60037
León;Ponferrada;24022432;CIFP DE PONFERRADA;Educación;Imagen y Sonido;IMS;Grado Superior;IMS04S;Sonido para Audiovisuales y Espectáculos;Presencial;Pública;1.0;1.0;;C/ La Chopera, s/n;24404;987 40 9200;24022432@educa.jcyl.es;http://www.cifpponferrada.es;42.56085, -6.60037
León;Ponferrada;24022432;CIFP DE PONFERRADA;Educación;Imagen y Sonido;IMS;Curso Especialización;IMS01E;Audiodescripción y subtitulación;Presencial;Pública;1.0;0.0;;C/ La Chopera, s/n;24404;987 40 9200;24022432@educa.jcyl.es;http://www.cifpponferrada.es;42.56085, -6.60037
León;León;24022511;DOWN LEÓN-AMIDOWN;Privada;Administración y Gestión;ADG;Grado Básico;ADG01B;Servicios Administrativos;Presencial;Concertada;1.0;1.0;;C/ San Antonio, s/n;24008;987 084 948;24022511@educa.jcyl.es;https://www.amidown.org/home/;42.61561, -5.57066
León;Villaquilambre;24022547;FORMADUERO;Privada;Sanidad;SAN;Grado Medio;SAN01M;Emergencias Sanitarias;Presencial;Privada;1.0;0.0;;C/ El Caminón, 23;24197;987 539 611;24022547@educa.jcyl.es;http://formaduero.com;42.60137, -5.47694
León;Villaquilambre;24022547;FORMADUERO;Privada;Sanidad;SAN;Grado Medio;SAN02M;Farmacia y Parafarmacia;Presencial;Privada;1.0;0.0;;C/ El Caminón, 23;24197;987 539 611;24022547@educa.jcyl.es;http://formaduero.com;42.60137, -5.47694
León;Villaquilambre;24022547;FORMADUERO;Privada;Sanidad;SAN;Grado Superior;SAN08S;Laboratorio Clínico y Biomédico;Presencial;Privada;1.0;1.0;;C/ El Caminón, 23;24197;987 539 611;24022547@educa.jcyl.es;http://formaduero.com;42.60137, -5.47694
León;Villaquilambre;24022547;FORMADUERO;Privada;Sanidad;SAN;Grado Medio;SAN21;Cuidados Auxiliares de Enfermería;Presencial;Privada;1.0;0.0;;C/ El Caminón, 23;24197;987 539 611;24022547@educa.jcyl.es;http://formaduero.com;42.60137, -5.47694
León;Villaquilambre;24022547;FORMADUERO;Privada;Sanidad;SAN;Grado Superior;SAN06S;Higiene Bucodental;Presencial;Privada;1.0;0.0;;C/ El Caminón, 23;24197;987 539 611;24022547@educa.jcyl.es;http://formaduero.com;42.60137, -5.47694
León;Villaquilambre;24022547;FORMADUERO;Privada;Sanidad;SAN;Grado Superior;SAN07S;Imagen para el Diagnóstico y Medicina Nuclear;Presencial;Privada;1.0;1.0;;C/ El Caminón, 23;24197;987 539 611;24022547@educa.jcyl.es;http://formaduero.com;42.60137, -5.47694
León;León;24022596;HM CESUR LEÓN;Privada;Sanidad;SAN;Grado Medio;SAN21;Cuidados Auxiliares de Enfermería;Presencial;Privada;1.0;0.0;;C/ Cardenal Landázuri, 27;24003;987 479 125;24022596@educa.jcyl.es;https://www.cesurformacion.com/centros/leon/hm;42.60169, -5.57044
León;León;24022596;HM CESUR LEÓN;Privada;Sanidad;SAN;Grado Medio;SAN21d;Cuidados Auxiliares de Enfermería (distancia);Distancia;Privada;1.0;0.0;;C/ Cardenal Landázuri, 27;24003;987 479 125;24022596@educa.jcyl.es;https://www.cesurformacion.com/centros/leon/hm;42.60169, -5.57044
León;León;24022596;HM CESUR LEÓN;Privada;Sanidad;SAN;Grado Superior;SAN06S;Higiene Bucodental;Presencial;Privada;1.0;0.0;;C/ Cardenal Landázuri, 27;24003;987 479 125;24022596@educa.jcyl.es;https://www.cesurformacion.com/centros/leon/hm;42.60169, -5.57044
León;León;24022596;HM CESUR LEÓN;Privada;Sanidad;SAN;Grado Superior;SAN07S;Imagen para el Diagnóstico y Medicina Nuclear;Presencial;Privada;1.0;0.0;;C/ Cardenal Landázuri, 27;24003;987 479 125;24022596@educa.jcyl.es;https://www.cesurformacion.com/centros/leon/hm;42.60169, -5.57044
León;León;24022596;HM CESUR LEÓN;Privada;Sanidad;SAN;Grado Superior;SAN07Sd;Imagen para el Diagnóstico y Medicina Nuclear (distancia);Distancia;Privada;1.0;0.0;;C/ Cardenal Landázuri, 27;24003;987 479 125;24022596@educa.jcyl.es;https://www.cesurformacion.com/centros/leon/hm;42.60169, -5.57044
León;León;24022596;HM CESUR LEÓN;Privada;Sanidad;SAN;Grado Superior;SAN06Sd;Higiene Bucodental (distancia);Distancia;Privada;1.0;0.0;;C/ Cardenal Landázuri, 27;24003;987 479 125;24022596@educa.jcyl.es;https://www.cesurformacion.com/centros/leon/hm;42.60169, -5.57044
León;León;24022596;HM CESUR LEÓN;Privada;Sanidad;SAN;Grado Superior;SAN08S;Laboratorio Clínico y Biomédico;Presencial;Privada;1.0;0.0;;C/ Cardenal Landázuri, 27;24003;987 479 125;24022596@educa.jcyl.es;https://www.cesurformacion.com/centros/leon/hm;42.60169, -5.57044
León;León;24022596;HM CESUR LEÓN;Privada;Sanidad;SAN;Grado Superior;SAN08Sd;Laboratorio Clínico y Biomédico (distancia);Distancia;Privada;1.0;0.0;;C/ Cardenal Landázuri, 27;24003;987 479 125;24022596@educa.jcyl.es;https://www.cesurformacion.com/centros/leon/hm;42.60169, -5.57044
Palencia;Palencia;34001686;EDÉN;Privada;Administración y Gestión;ADG;Grado Medio;ADG01M;Gestión Administrativa;Presencial;Concertada;2.0;2.0;;C/ Menéndez Pelayo, 9;34005;979 74 7895;34001686@educa.jcyl.es;www.academiaeden.com;42.01072, -4.53442
Palencia;Palencia;34001686;EDÉN;Privada;Sanidad;SAN;Grado Medio;SAN21;Cuidados Auxiliares de Enfermería;Presencial;Concertada;4.0;3.0;;C/ Menéndez Pelayo, 9;34005;979 74 7895;34001686@educa.jcyl.es;www.academiaeden.com;42.01072, -4.53442
Palencia;Palencia;34001777;LÓPEZ VICUÑA;Privada;Sanidad;SAN;Grado Superior;SAN06S;Higiene Bucodental;Presencial;Concertada;1.0;1.0;;C/ Doña Urraca, 4-6;34005;979 74 9743;34001777@educa.jcyl.es;http://www.lopezvicunapalencia.es/;42.01203, -4.53819
Palencia;Palencia;34001777;LÓPEZ VICUÑA;Privada;Sanidad;SAN;Grado Medio;SAN21;Cuidados Auxiliares de Enfermería;Presencial;Concertada;1.0;1.0;;C/ Doña Urraca, 4-6;34005;979 74 9743;34001777@educa.jcyl.es;http://www.lopezvicunapalencia.es/;42.01203, -4.53819
Palencia;Palencia;34001777;LÓPEZ VICUÑA;Privada;Servicios Socioculturales y a la Comunidad;SSC;Grado Superior;SSC05S;Mediación Comunicativa;Presencial;Concertada;0.0;1.0;;C/ Doña Urraca, 4-6;34005;979 74 9743;34001777@educa.jcyl.es;http://www.lopezvicunapalencia.es/;42.01203, -4.53819
Palencia;Palencia;34001777;LÓPEZ VICUÑA;Privada;Sanidad;SAN;Grado Superior;SAN05S;Documentación y Administración Sanitarias;Presencial;Concertada;1.0;1.0;;C/ Doña Urraca, 4-6;34005;979 74 9743;34001777@educa.jcyl.es;http://www.lopezvicunapalencia.es/;42.01203, -4.53819
Palencia;Palencia;34001777;LÓPEZ VICUÑA;Privada;Sanidad;SAN;Grado Superior;SAN32;Dietética;Presencial;Concertada;1.0;1.0;;C/ Doña Urraca, 4-6;34005;979 74 9743;34001777@educa.jcyl.es;http://www.lopezvicunapalencia.es/;42.01203, -4.53819
Palencia;Palencia;34001777;LÓPEZ VICUÑA;Privada;Servicios Socioculturales y a la Comunidad;SSC;Grado Medio;SSC01M;Atención a Personas en Situación de Dependencia;Presencial;Concertada;1.0;1.0;;C/ Doña Urraca, 4-6;34005;979 74 9743;34001777@educa.jcyl.es;http://www.lopezvicunapalencia.es/;42.01203, -4.53819
Palencia;Palencia;34001777;LÓPEZ VICUÑA;Privada;Servicios Socioculturales y a la Comunidad;SSC;Grado Superior;SSC03S;Integración Social;Presencial;Concertada;1.0;1.0;;C/ Doña Urraca, 4-6;34005;979 74 9743;34001777@educa.jcyl.es;http://www.lopezvicunapalencia.es/;42.01203, -4.53819
Palencia;Palencia;34001893;IES TRINIDAD ARROYO;Educación;Electricidad y Electrónica;ELE;Grado Medio;ELE01M;Instalaciones Eléctricas y Automáticas;Presencial;Pública;1.0;1.0;;C/ Filipinos, s/n;34004;979 713625;34001893@educa.jcyl.es;http://iestrinidadarroyo.centros.educa.jcyl.es;42.00119, -4.52105
Palencia;Palencia;34001893;IES TRINIDAD ARROYO;Educación;Electricidad y Electrónica;ELE;Grado Medio;ELE02M;Instalaciones de Telecomunicaciones;Presencial;Pública;1.0;1.0;;C/ Filipinos, s/n;34004;979 713625;34001893@educa.jcyl.es;http://iestrinidadarroyo.centros.educa.jcyl.es;42.00119, -4.52105
Palencia;Palencia;34001893;IES TRINIDAD ARROYO;Educación;Electricidad y Electrónica;ELE;Grado Superior;ELE02S;Sistemas de Telecomunicaciones e Informáticos;Presencial;Pública;1.0;1.0;;C/ Filipinos, s/n;34004;979 713625;34001893@educa.jcyl.es;http://iestrinidadarroyo.centros.educa.jcyl.es;42.00119, -4.52105
Palencia;Palencia;34001893;IES TRINIDAD ARROYO;Educación;Fabricación Mecánica;FME;Grado Básico;FME01B;Fabricación y Montaje;Presencial;Pública;1.0;1.0;;C/ Filipinos, s/n;34004;979 713625;34001893@educa.jcyl.es;http://iestrinidadarroyo.centros.educa.jcyl.es;42.00119, -4.52105
Palencia;Palencia;34001893;IES TRINIDAD ARROYO;Educación;Fabricación Mecánica;FME;Grado Medio;FME01M;Mecanizado;Presencial;Pública;1.0;1.0;;C/ Filipinos, s/n;34004;979 713625;34001893@educa.jcyl.es;http://iestrinidadarroyo.centros.educa.jcyl.es;42.00119, -4.52105
Palencia;Palencia;34001893;IES TRINIDAD ARROYO;Educación;Instalación y Mantenimiento;IMA;Grado Medio;IMA03M;Mantenimiento Electromecánico;Presencial;Pública;1.0;1.0;;C/ Filipinos, s/n;34004;979 713625;34001893@educa.jcyl.es;http://iestrinidadarroyo.centros.educa.jcyl.es;42.00119, -4.52105
Palencia;Palencia;34001893;IES TRINIDAD ARROYO;Educación;Imagen Personal;IMP;Grado Medio;IMP01M;Estética y Belleza;Presencial;Pública;1.0;1.0;;C/ Filipinos, s/n;34004;979 713625;34001893@educa.jcyl.es;http://iestrinidadarroyo.centros.educa.jcyl.es;42.00119, -4.52105
Palencia;Palencia;34001893;IES TRINIDAD ARROYO;Educación;Electricidad y Electrónica;ELE;Grado Básico;ELE01B;Electricidad y Electrónica;Presencial;Pública;1.0;1.0;;C/ Filipinos, s/n;34004;979 713625;34001893@educa.jcyl.es;http://iestrinidadarroyo.centros.educa.jcyl.es;42.00119, -4.52105
Palencia;Palencia;34001893;IES TRINIDAD ARROYO;Educación;Electricidad y Electrónica;ELE;Grado Superior;ELE01S;Sistemas Electrotécnicos y Automatizados;Presencial;Pública;1.0;1.0;;C/ Filipinos, s/n;34004;979 713625;34001893@educa.jcyl.es;http://iestrinidadarroyo.centros.educa.jcyl.es;42.00119, -4.52105
Palencia;Palencia;34001893;IES TRINIDAD ARROYO;Educación;Fabricación Mecánica;FME;Grado Superior;FME01S;Programación de la Producción en Fabricación Mecánica;Presencial;Pública;1.0;1.0;;C/ Filipinos, s/n;34004;979 713625;34001893@educa.jcyl.es;http://iestrinidadarroyo.centros.educa.jcyl.es;42.00119, -4.52105
Palencia;Palencia;34001893;IES TRINIDAD ARROYO;Educación;Instalación y Mantenimiento;IMA;Grado Superior;IMA03S;Mecatrónica Industrial;Presencial;Pública;1.0;1.0;;C/ Filipinos, s/n;34004;979 713625;34001893@educa.jcyl.es;http://iestrinidadarroyo.centros.educa.jcyl.es;42.00119, -4.52105
Palencia;Palencia;34001893;IES TRINIDAD ARROYO;Educación;Imagen Personal;IMP;Grado Básico;IMP01B;Peluquería y Estética;Presencial;Pública;1.0;1.0;;C/ Filipinos, s/n;34004;979 713625;34001893@educa.jcyl.es;http://iestrinidadarroyo.centros.educa.jcyl.es;42.00119, -4.52105
Palencia;Palencia;34001893;IES TRINIDAD ARROYO;Educación;Electricidad y Electrónica;ELE;Grado Superior;ELE03S;Mantenimiento Electrónico;Presencial;Pública;1.0;0.0;;C/ Filipinos, s/n;34004;979 713625;34001893@educa.jcyl.es;http://iestrinidadarroyo.centros.educa.jcyl.es;42.00119, -4.52105
Palencia;Palencia;34001893;IES TRINIDAD ARROYO;Educación;Imagen Personal;IMP;Grado Medio;IMP02M;Peluquería y Cosmética Capilar;Presencial;Pública;1.0;1.0;;C/ Filipinos, s/n;34004;979 713625;34001893@educa.jcyl.es;http://iestrinidadarroyo.centros.educa.jcyl.es;42.00119, -4.52105
Palencia;Palencia;34001901;IES VIRGEN DE LA CALLE;Educación;Comercio y Marketing;COM;Grado Superior;COM04S;Comercio Internacional;Presencial;Pública;1.0;1.0;;Ctra. Santander, s/n;34003;979 74 5211;34001901@educa.jcyl.es;http://iesvirgendelacalle.centros.educa.jcyl.es;42.02132, -4.52963
Palencia;Palencia;34001901;IES VIRGEN DE LA CALLE;Educación;Hostelería y Turismo;HOT;Grado Superior;HOT03S;Guía, Información y Asistencias Turísticas;Presencial;Pública;1.0;0.0;;Ctra. Santander, s/n;34003;979 74 5211;34001901@educa.jcyl.es;http://iesvirgendelacalle.centros.educa.jcyl.es;42.02132, -4.52963
Palencia;Palencia;34001901;IES VIRGEN DE LA CALLE;Educación;Hostelería y Turismo;HOT;Curso Especialización;HOT01E;Panadería y bollería artesanales;Presencial;Pública;1.0;0.0;;Ctra. Santander, s/n;34003;979 74 5211;34001901@educa.jcyl.es;http://iesvirgendelacalle.centros.educa.jcyl.es;42.02132, -4.52963
Palencia;Palencia;34001901;IES VIRGEN DE LA CALLE;Educación;Administración y Gestión;ADG;Grado Medio;ADG01M;Gestión Administrativa;Presencial;Pública;1.0;1.0;;Ctra. Santander, s/n;34003;979 74 5211;34001901@educa.jcyl.es;http://iesvirgendelacalle.centros.educa.jcyl.es;42.02132, -4.52963
Palencia;Palencia;34001901;IES VIRGEN DE LA CALLE;Educación;Administración y Gestión;ADG;Grado Superior;ADG02S;Administración y Finanzas;Presencial;Pública;1.0;1.0;;Ctra. Santander, s/n;34003;979 74 5211;34001901@educa.jcyl.es;http://iesvirgendelacalle.centros.educa.jcyl.es;42.02132, -4.52963
Palencia;Palencia;34001901;IES VIRGEN DE LA CALLE;Educación;Comercio y Marketing;COM;Grado Medio;COM01M;Actividades Comerciales;Presencial;Pública;1.0;1.0;;Ctra. Santander, s/n;34003;979 74 5211;34001901@educa.jcyl.es;http://iesvirgendelacalle.centros.educa.jcyl.es;42.02132, -4.52963
Palencia;Palencia;34001901;IES VIRGEN DE LA CALLE;Educación;Hostelería y Turismo;HOT;Grado Básico;HOT01B;Cocina y Restauración;Presencial;Pública;1.0;1.0;;Ctra. Santander, s/n;34003;979 74 5211;34001901@educa.jcyl.es;http://iesvirgendelacalle.centros.educa.jcyl.es;42.02132, -4.52963
Palencia;Palencia;34001901;IES VIRGEN DE LA CALLE;Educación;Hostelería y Turismo;HOT;Grado Medio;HOT01M;Cocina y Gastronomía;Presencial;Pública;1.0;1.0;;Ctra. Santander, s/n;34003;979 74 5211;34001901@educa.jcyl.es;http://iesvirgendelacalle.centros.educa.jcyl.es;42.02132, -4.52963
Palencia;Palencia;34001901;IES VIRGEN DE LA CALLE;Educación;Administración y Gestión;ADG;Grado Medio;ADG01Md;Gestión Administrativa (distancia);Distancia;Pública;1.0;0.0;;Ctra. Santander, s/n;34003;979 74 5211;34001901@educa.jcyl.es;http://iesvirgendelacalle.centros.educa.jcyl.es;42.02132, -4.52963
Palencia;Palencia;34001901;IES VIRGEN DE LA CALLE;Educación;Administración y Gestión;ADG;Grado Superior;ADG01S;Asistencia a la Dirección;Presencial;Pública;1.0;1.0;;Ctra. Santander, s/n;34003;979 74 5211;34001901@educa.jcyl.es;http://iesvirgendelacalle.centros.educa.jcyl.es;42.02132, -4.52963
Palencia;Palencia;34001901;IES VIRGEN DE LA CALLE;Educación;Comercio y Marketing;COM;Grado Superior;COM02S;Transporte y Logística;Presencial;Pública;1.0;1.0;;Ctra. Santander, s/n;34003;979 74 5211;34001901@educa.jcyl.es;http://iesvirgendelacalle.centros.educa.jcyl.es;42.02132, -4.52963
Palencia;Palencia;34001901;IES VIRGEN DE LA CALLE;Educación;Comercio y Marketing;COM;Grado Superior;COM04Sd;Comercio Internacional (distancia);Distancia;Pública;1.0;0.0;;Ctra. Santander, s/n;34003;979 74 5211;34001901@educa.jcyl.es;http://iesvirgendelacalle.centros.educa.jcyl.es;42.02132, -4.52963
Palencia;Palencia;34001901;IES VIRGEN DE LA CALLE;Educación;Hostelería y Turismo;HOT;Grado Medio;HOT02M;Servicios en Restauración;Presencial;Pública;1.0;1.0;;Ctra. Santander, s/n;34003;979 74 5211;34001901@educa.jcyl.es;http://iesvirgendelacalle.centros.educa.jcyl.es;42.02132, -4.52963
Palencia;Palencia;34001901;IES VIRGEN DE LA CALLE;Educación;Hostelería y Turismo;HOT;Grado Superior;HOT04S;Dirección de Cocina;Presencial;Pública;1.0;1.0;;Ctra. Santander, s/n;34003;979 74 5211;34001901@educa.jcyl.es;http://iesvirgendelacalle.centros.educa.jcyl.es;42.02132, -4.52963
Palencia;Palencia;34001911;IES ALONSO BERRUGUETE;Educación;Energía y Agua;ENA;Grado Superior;ENA03S;Energías Renovables;Presencial;Pública;1.0;1.0;;Avda. Ponce de León, 2;34005;979 165 850;34001911@educa.jcyl.es;http://iesalonsoberruguete.centros.educa.jcyl.es/;42.00473, -4.53287
Palencia;Palencia;34001935;CIFP FINCA VIÑALTA;Agricultura;Agraria;AGA;Grado Medio;AGA01M;Producción Agroecológica;Presencial;Pública;1.0;1.0;;"Finca ""Viñalta"", Apartado 84, Ctra. de Ampudia";34071;979 74 1050;34001935@educa.jcyl.es;http://cifpvinalta.centros.educa.jcyl.es;42.00414, -4.55422
Palencia;Palencia;34001935;CIFP FINCA VIÑALTA;Agricultura;Agraria;AGA;Grado Superior;AGA02S;Paisajismo y Medio Rural;Presencial;Pública;1.0;1.0;;"Finca ""Viñalta"", Apartado 84, Ctra. de Ampudia";34071;979 74 1050;34001935@educa.jcyl.es;http://cifpvinalta.centros.educa.jcyl.es;42.00414, -4.55422
Palencia;Palencia;34001935;CIFP FINCA VIÑALTA;Agricultura;Agraria;AGA;Grado Superior;AGA03S;Ganadería y Asistencia en Sanidad Animal;Presencial;Pública;1.0;1.0;;"Finca ""Viñalta"", Apartado 84, Ctra. de Ampudia";34071;979 74 1050;34001935@educa.jcyl.es;http://cifpvinalta.centros.educa.jcyl.es;42.00414, -4.55422
Palencia;Palencia;34001947;IES JORGE MANRIQUE;Educación;Servicios Socioculturales y a la Comunidad;SSC;Grado Medio;SSC01M;Atención a Personas en Situación de Dependencia;Presencial;Pública;1.0;1.0;;Avda. República Argentina, 1;34002;979 72 0736;34001947@educa.jcyl.es;http://iesjorgemanrique.centros.educa.jcyl.es;42.00459, -4.52964
Palencia;Palencia;34001947;IES JORGE MANRIQUE;Educación;Servicios Socioculturales y a la Comunidad;SSC;Grado Superior;SSC01S;Educación Infantil;Presencial;Pública;1.0;1.0;;Avda. República Argentina, 1;34002;979 72 0736;34001947@educa.jcyl.es;http://iesjorgemanrique.centros.educa.jcyl.es;42.00459, -4.52964
Palencia;Palencia;34001947;IES JORGE MANRIQUE;Educación;Servicios Socioculturales y a la Comunidad;SSC;Grado Medio;SSC01Md;Atención a Personas en Situación de Dependencia (distancia);Distancia;Pública;1.0;0.0;;Avda. República Argentina, 1;34002;979 72 0736;34001947@educa.jcyl.es;http://iesjorgemanrique.centros.educa.jcyl.es;42.00459, -4.52964
Palencia;Palencia;34001947;IES JORGE MANRIQUE;Educación;Servicios Socioculturales y a la Comunidad;SSC;Grado Superior;SSC01Sd;Educación Infantil (distancia);Distancia;Pública;1.0;0.0;;Avda. República Argentina, 1;34002;979 72 0736;34001947@educa.jcyl.es;http://iesjorgemanrique.centros.educa.jcyl.es;42.00459, -4.52964
Palencia;Palencia;34001947;IES JORGE MANRIQUE;Educación;Servicios Socioculturales y a la Comunidad;SSC;Grado Superior;SSC03S;Integración Social;Presencial;Pública;1.0;0.0;;Avda. República Argentina, 1;34002;979 72 0736;34001947@educa.jcyl.es;http://iesjorgemanrique.centros.educa.jcyl.es;42.00459, -4.52964
Palencia;Palencia;34003038;IES VICTORIO MACHO;Educación;Actividades Físicas y Deportivas;AFD;Grado Superior;AFD01S;Enseñanza y Animación Sociodeportiva;Presencial;Pública;1.0;1.0;;C/ Los Trigales, s/n;34003;979 75 1133;34003038@educa.jcyl.es;http://www.iesvictoriomacho.com;42.01196, -4.52755
Palencia;Villamuriel de Cerrato;34003245;DON BOSCO - PALENCIA;Privada;Electricidad y Electrónica;ELE;Grado Medio;ELE02M;Instalaciones de Telecomunicaciones;Presencial;Concertada;1.0;1.0;;C/ Pasaje Don Bosco, 1;34190;979 77 7270;34003245@educa.jcyl.es;www.centrodonbosco.es;41.95511, -4.5171
Palencia;Villamuriel de Cerrato;34003245;DON BOSCO - PALENCIA;Privada;Transporte y Mantenimiento de Vehículos;TMV;Grado Medio;TMV01M;Carrocería;Presencial;Concertada;1.0;1.0;;C/ Pasaje Don Bosco, 1;34190;979 77 7270;34003245@educa.jcyl.es;www.centrodonbosco.es;41.95511, -4.5171
Palencia;Villamuriel de Cerrato;34003245;DON BOSCO - PALENCIA;Privada;Informática y Comunicaciones;IFC;Grado Superior;IFC01S;Administración de Sistemas Informáticos en Red;Presencial;Concertada;1.0;1.0;;C/ Pasaje Don Bosco, 1;34190;979 77 7270;34003245@educa.jcyl.es;www.centrodonbosco.es;41.95511, -4.5171
Palencia;Villamuriel de Cerrato;34003245;DON BOSCO - PALENCIA;Privada;Transporte y Mantenimiento de Vehículos;TMV;Grado Básico;TMV01B;Mantenimiento de Vehículos;Presencial;Concertada;1.0;1.0;;C/ Pasaje Don Bosco, 1;34190;979 77 7270;34003245@educa.jcyl.es;www.centrodonbosco.es;41.95511, -4.5171
Palencia;Villamuriel de Cerrato;34003245;DON BOSCO - PALENCIA;Privada;Transporte y Mantenimiento de Vehículos;TMV;Grado Medio;TMV02M;Electromecánica de Vehículos Automóviles;Presencial;Concertada;1.0;1.0;;C/ Pasaje Don Bosco, 1;34190;979 77 7270;34003245@educa.jcyl.es;www.centrodonbosco.es;41.95511, -4.5171
Palencia;Palencia;34003661;LA SALLE MANAGUA;Privada;Fabricación Mecánica;FME;Grado Básico;FME01B;Fabricación y Montaje;Presencial;Concertada;1.0;1.0;;C/ Managua, 11;34003;979 816 083;34003661@educa.jcyl.es;https://managua.sallenet.org/;42.00996, -4.51987
Palencia;Palencia;34003661;LA SALLE MANAGUA;Privada;Comercio y Marketing;COM;Grado Básico;COM01B;Servicios Comerciales;Presencial;Concertada;1.0;1.0;;C/ Managua, 11;34003;979 816 083;34003661@educa.jcyl.es;https://managua.sallenet.org/;42.00996, -4.51987
Palencia;Palencia;34003661;LA SALLE MANAGUA;Privada;Imagen Personal;IMP;Grado Básico;IMP01B;Peluquería y Estética;Presencial;Concertada;1.0;1.0;;C/ Managua, 11;34003;979 816 083;34003661@educa.jcyl.es;https://managua.sallenet.org/;42.00996, -4.51987
Palencia;Palencia;34003661;LA SALLE MANAGUA;Privada;Hostelería y Turismo;HOT;Grado Básico;HOT01B;Cocina y Restauración;Presencial;Concertada;1.0;1.0;;C/ Managua, 11;34003;979 816 083;34003661@educa.jcyl.es;https://managua.sallenet.org/;42.00996, -4.51987
Palencia;Palencia;34003831;CENTRO TECNOLÓGICO DE CEREALES DE CASTILLA Y LEÓN;Privada;Industrias Alimentarias;INA;Grado Medio;INA01M;Panadería, Repostería y Confitería;Presencial;Concertada;1.0;1.0;;Avda. de Madrid, s/n;34004;979 16 5327;34003831@educa.jcyl.es;www.cetece.org;41.9858, -4.51695
Palencia;Palencia;34003831;CENTRO TECNOLÓGICO DE CEREALES DE CASTILLA Y LEÓN;Privada;Industrias Alimentarias;INA;Grado Superior;INA02S;Procesos y Calidad en la Industria Alimentaria;Presencial;Concertada;1.0;1.0;;Avda. de Madrid, s/n;34004;979 16 5327;34003831@educa.jcyl.es;www.cetece.org;41.9858, -4.51695
Palencia;Aguilar de Campoo;34003932;IES SANTA MARÍA LA REAL;Educación;Electricidad y Electrónica;ELE;Grado Medio;ELE01M;Instalaciones Eléctricas y Automáticas;Presencial;Pública;1.0;1.0;;Paseo del Monasterio, s/n;34800;979 12 5801;34003932@educa.jcyl.es;http://www.iessantamarialareal.com;42.79594, -4.27207
Palencia;Aguilar de Campoo;34003932;IES SANTA MARÍA LA REAL;Educación;Electricidad y Electrónica;ELE;Grado Superior;ELE04S;Automatización y Robótica Industrial;Presencial;Pública;1.0;0.0;;Paseo del Monasterio, s/n;34800;979 12 5801;34003932@educa.jcyl.es;http://www.iessantamarialareal.com;42.79594, -4.27207
Palencia;Aguilar de Campoo;34003932;IES SANTA MARÍA LA REAL;Educación;Administración y Gestión;ADG;Grado Básico;ADG01B;Servicios Administrativos;Presencial;Pública;1.0;1.0;;Paseo del Monasterio, s/n;34800;979 12 5801;34003932@educa.jcyl.es;http://www.iessantamarialareal.com;42.79594, -4.27207
Palencia;Aguilar de Campoo;34003932;IES SANTA MARÍA LA REAL;Educación;Administración y Gestión;ADG;Grado Medio;ADG01M;Gestión Administrativa;Presencial;Pública;1.0;1.0;;Paseo del Monasterio, s/n;34800;979 12 5801;34003932@educa.jcyl.es;http://www.iessantamarialareal.com;42.79594, -4.27207
Palencia;Aguilar de Campoo;34003932;IES SANTA MARÍA LA REAL;Educación;Administración y Gestión;ADG;Grado Superior;ADG02S;Administración y Finanzas;Presencial;Pública;1.0;1.0;;Paseo del Monasterio, s/n;34800;979 12 5801;34003932@educa.jcyl.es;http://www.iessantamarialareal.com;42.79594, -4.27207
Palencia;Aguilar de Campoo;34003932;IES SANTA MARÍA LA REAL;Educación;Electricidad y Electrónica;ELE;Grado Superior;ELE01S;Sistemas Electrotécnicos y Automatizados;Presencial;Pública;1.0;1.0;;Paseo del Monasterio, s/n;34800;979 12 5801;34003932@educa.jcyl.es;http://www.iessantamarialareal.com;42.79594, -4.27207
Palencia;Aguilar de Campoo;34003932;IES SANTA MARÍA LA REAL;Educación;Servicios Socioculturales y a la Comunidad;SSC;Grado Medio;SSC01M;Atención a Personas en Situación de Dependencia;Presencial;Pública;1.0;0.0;;Paseo del Monasterio, s/n;34800;979 12 5801;34003932@educa.jcyl.es;http://www.iessantamarialareal.com;42.79594, -4.27207
Palencia;Aguilar de Campoo;34003932;IES SANTA MARÍA LA REAL;Educación;Electricidad y Electrónica;ELE;Grado Básico;ELE01B;Electricidad y Electrónica;Presencial;Pública;1.0;1.0;;Paseo del Monasterio, s/n;34800;979 12 5801;34003932@educa.jcyl.es;http://www.iessantamarialareal.com;42.79594, -4.27207
Palencia;Palencia;34007007;CIFP CAMINO DE LA MIRANDA;Educación;Informática y Comunicaciones;IFC;Grado Básico;IFC01B;Informática y Comunicaciones;Presencial;Pública;1.0;1.0;;Camino de la Miranda, 19;34003;979 742 710;34007007@educa.jcyl.es;http://cifpcaminodelamiranda.centros.educa.jcyl.es/;42.02655, -4.53856
Palencia;Palencia;34007007;CIFP CAMINO DE LA MIRANDA;Educación;Química;QUI;Curso Especialización;QUI01E;Cultivos celulares;Presencial;Pública;1.0;0.0;;Camino de la Miranda, 19;34003;979 742 710;34007007@educa.jcyl.es;http://cifpcaminodelamiranda.centros.educa.jcyl.es/;42.02655, -4.53856
Palencia;Palencia;34007007;CIFP CAMINO DE LA MIRANDA;Educación;Sanidad;SAN;Grado Superior;SAN08S;Laboratorio Clínico y Biomédico;Presencial;Pública;1.0;1.0;;Camino de la Miranda, 19;34003;979 742 710;34007007@educa.jcyl.es;http://cifpcaminodelamiranda.centros.educa.jcyl.es/;42.02655, -4.53856
Palencia;Palencia;34007007;CIFP CAMINO DE LA MIRANDA;Educación;Transporte y Mantenimiento de Vehículos;TMV;Grado Básico;TMV01B;Mantenimiento de Vehículos;Presencial;Pública;1.0;1.0;;Camino de la Miranda, 19;34003;979 742 710;34007007@educa.jcyl.es;http://cifpcaminodelamiranda.centros.educa.jcyl.es/;42.02655, -4.53856
Palencia;Palencia;34007007;CIFP CAMINO DE LA MIRANDA;Educación;Transporte y Mantenimiento de Vehículos;TMV;Grado Medio;TMV01M;Carrocería;Presencial;Pública;1.0;1.0;;Camino de la Miranda, 19;34003;979 742 710;34007007@educa.jcyl.es;http://cifpcaminodelamiranda.centros.educa.jcyl.es/;42.02655, -4.53856
Palencia;Palencia;34007007;CIFP CAMINO DE LA MIRANDA;Educación;Transporte y Mantenimiento de Vehículos;TMV;Grado Medio;TMV02M;Electromecánica de Vehículos Automóviles;Presencial;Pública;1.0;1.0;;Camino de la Miranda, 19;34003;979 742 710;34007007@educa.jcyl.es;http://cifpcaminodelamiranda.centros.educa.jcyl.es/;42.02655, -4.53856
Palencia;Palencia;34007007;CIFP CAMINO DE LA MIRANDA;Educación;Informática y Comunicaciones;IFC;Grado Medio;IFC01M;Sistemas Microinformáticos y Redes;Presencial;Pública;1.0;1.0;;Camino de la Miranda, 19;34003;979 742 710;34007007@educa.jcyl.es;http://cifpcaminodelamiranda.centros.educa.jcyl.es/;42.02655, -4.53856
Palencia;Palencia;34007007;CIFP CAMINO DE LA MIRANDA;Educación;Informática y Comunicaciones;IFC;Grado Superior;IFC01S;Administración de Sistemas Informáticos en Red;Presencial;Pública;1.0;1.0;;Camino de la Miranda, 19;34003;979 742 710;34007007@educa.jcyl.es;http://cifpcaminodelamiranda.centros.educa.jcyl.es/;42.02655, -4.53856
Palencia;Palencia;34007007;CIFP CAMINO DE LA MIRANDA;Educación;Informática y Comunicaciones;IFC;Grado Superior;IFC02Sd;Desarrollo de Aplicaciones Multiplataforma (distancia);Distancia;Pública;2.0;0.0;;Camino de la Miranda, 19;34003;979 742 710;34007007@educa.jcyl.es;http://cifpcaminodelamiranda.centros.educa.jcyl.es/;42.02655, -4.53856
Palencia;Palencia;34007007;CIFP CAMINO DE LA MIRANDA;Educación;Sanidad;SAN;Grado Superior;SAN01S;Audiología Protésica;Presencial;Pública;1.0;1.0;;Camino de la Miranda, 19;34003;979 742 710;34007007@educa.jcyl.es;http://cifpcaminodelamiranda.centros.educa.jcyl.es/;42.02655, -4.53856
Palencia;Palencia;34007007;CIFP CAMINO DE LA MIRANDA;Educación;Sanidad;SAN;Grado Superior;SAN02S;Prótesis Dentales;Presencial;Pública;1.0;1.0;;Camino de la Miranda, 19;34003;979 742 710;34007007@educa.jcyl.es;http://cifpcaminodelamiranda.centros.educa.jcyl.es/;42.02655, -4.53856
Palencia;Palencia;34007007;CIFP CAMINO DE LA MIRANDA;Educación;Sanidad;SAN;Grado Superior;SAN09S;Radioterapia y Dosimetría;Presencial;Pública;1.0;1.0;;Camino de la Miranda, 19;34003;979 742 710;34007007@educa.jcyl.es;http://cifpcaminodelamiranda.centros.educa.jcyl.es/;42.02655, -4.53856
Palencia;Palencia;34007007;CIFP CAMINO DE LA MIRANDA;Educación;Transporte y Mantenimiento de Vehículos;TMV;Grado Superior;TMV01S;Automoción;Presencial;Pública;1.0;1.0;;Camino de la Miranda, 19;34003;979 742 710;34007007@educa.jcyl.es;http://cifpcaminodelamiranda.centros.educa.jcyl.es/;42.02655, -4.53856
Palencia;Palencia;34007007;CIFP CAMINO DE LA MIRANDA;Educación;Informática y Comunicaciones;IFC;Grado Superior;IFC03S;Desarrollo de Aplicaciones WEB;Presencial;Pública;1.0;1.0;;Camino de la Miranda, 19;34003;979 742 710;34007007@educa.jcyl.es;http://cifpcaminodelamiranda.centros.educa.jcyl.es/;42.02655, -4.53856
Palencia;Palencia;34007007;CIFP CAMINO DE LA MIRANDA;Educación;Sanidad;SAN;Grado Medio;SAN02M;Farmacia y Parafarmacia;Presencial;Pública;1.0;1.0;;Camino de la Miranda, 19;34003;979 742 710;34007007@educa.jcyl.es;http://cifpcaminodelamiranda.centros.educa.jcyl.es/;42.02655, -4.53856
Palencia;Guardo;34007159;IES GUARDO;Educación;Administración y Gestión;ADG;Grado Medio;ADG01M;Gestión Administrativa;Presencial;Pública;1.0;1.0;;C/ Rio Ebro, 8;34880;979 85 14 15;34007159@educa.jcyl.es;http://iesguardo.centros.educa.jcyl.es;42.79178, -4.84492
Palencia;Guardo;34007159;IES GUARDO;Educación;Electricidad y Electrónica;ELE;Grado Básico;ELE02B;Instalaciones Electrotécnicas y Mecánica;Presencial;Pública;1.0;1.0;;C/ Rio Ebro, 8;34880;979 85 14 15;34007159@educa.jcyl.es;http://iesguardo.centros.educa.jcyl.es;42.79178, -4.84492
Palencia;Guardo;34007159;IES GUARDO;Educación;Administración y Gestión;ADG;Grado Superior;ADG02S;Administración y Finanzas;Presencial;Pública;1.0;1.0;;C/ Rio Ebro, 8;34880;979 85 14 15;34007159@educa.jcyl.es;http://iesguardo.centros.educa.jcyl.es;42.79178, -4.84492
Palencia;Guardo;34007159;IES GUARDO;Educación;Actividades Físicas y Deportivas;AFD;Grado Medio;AFD02M;Guía en el medio natural y de tiempo libre;Presencial;Pública;1.0;1.0;;C/ Rio Ebro, 8;34880;979 85 14 15;34007159@educa.jcyl.es;http://iesguardo.centros.educa.jcyl.es;42.79178, -4.84492
Palencia;Guardo;34007159;IES GUARDO;Educación;Electricidad y Electrónica;ELE;Grado Superior;ELE01S;Sistemas Electrotécnicos y Automatizados;Presencial;Pública;1.0;0.0;;C/ Rio Ebro, 8;34880;979 85 14 15;34007159@educa.jcyl.es;http://iesguardo.centros.educa.jcyl.es;42.79178, -4.84492
Palencia;Guardo;34007159;IES GUARDO;Educación;Instalación y Mantenimiento;IMA;Grado Medio;IMA03M;Mantenimiento Electromecánico;Presencial;Pública;1.0;1.0;;C/ Rio Ebro, 8;34880;979 85 14 15;34007159@educa.jcyl.es;http://iesguardo.centros.educa.jcyl.es;42.79178, -4.84492
Palencia;Palencia;34007184;FUNDACIÓN PERSONAS;Privada;Administración y Gestión;ADG;Grado Básico;ADG01B;Servicios Administrativos;Presencial;Concertada;1.0;1.0;;Avda. Madrid, 50;34004;979 72 9740;34007184@educa.jcyl.es;https://fundacionpersonas.es/web-escolar-palencia/;41.98576, -4.51527
Salamanca;Béjar;37001031;IES RÍO CUERPO DE HOMBRE;Educación;Hostelería y Turismo;HOT;Grado Básico;HOT01B;Cocina y Restauración;Presencial;Pública;1.0;1.0;;C/ Cordel de Medina, s/n;37700;923 40 84 83;37001031@educa.jcyl.es;http://iesriocuerpodehombre.centros.educa.jcyl.es/;40.38529, -5.76189
Salamanca;Ciudad Rodrigo;37002197;IES TIERRA DE CIUDAD RODRIGO;Educación;Madera, Mueble y Corcho;MAM;Grado Medio;MAM02M;Instalación y Amueblamiento;Presencial;Pública;1.0;1.0;;Avda. de Béjar, 10-36;37500;923 49 8041;37002197@educa.jcyl.es;http://iestierradeciudadrodrigo.centros.educa.jcyl.es;40.59885, -6.52908
Salamanca;Ciudad Rodrigo;37002197;IES TIERRA DE CIUDAD RODRIGO;Educación;Administración y Gestión;ADG;Grado Medio;ADG01M;Gestión Administrativa;Presencial;Pública;1.0;1.0;;Avda. de Béjar, 10-36;37500;923 49 8041;37002197@educa.jcyl.es;http://iestierradeciudadrodrigo.centros.educa.jcyl.es;40.59885, -6.52908
Salamanca;Ciudad Rodrigo;37002197;IES TIERRA DE CIUDAD RODRIGO;Educación;Madera, Mueble y Corcho;MAM;Grado Básico;MAM01B;Carpintería y Mueble;Presencial;Pública;1.0;0.0;;Avda. de Béjar, 10-36;37500;923 49 8041;37002197@educa.jcyl.es;http://iestierradeciudadrodrigo.centros.educa.jcyl.es;40.59885, -6.52908
Salamanca;Ciudad Rodrigo;37002197;IES TIERRA DE CIUDAD RODRIGO;Educación;Administración y Gestión;ADG;Grado Básico;ADG01B;Servicios Administrativos;Presencial;Pública;1.0;0.0;;Avda. de Béjar, 10-36;37500;923 49 8041;37002197@educa.jcyl.es;http://iestierradeciudadrodrigo.centros.educa.jcyl.es;40.59885, -6.52908
Salamanca;Ciudad Rodrigo;37002197;IES TIERRA DE CIUDAD RODRIGO;Educación;Administración y Gestión;ADG;Grado Superior;ADG02S;Administración y Finanzas;Presencial;Pública;1.0;1.0;;Avda. de Béjar, 10-36;37500;923 49 8041;37002197@educa.jcyl.es;http://iestierradeciudadrodrigo.centros.educa.jcyl.es;40.59885, -6.52908
Salamanca;Ciudad Rodrigo;37002227;IES FRAY DIEGO TADEO GONZÁLEZ;Educación;Informática y Comunicaciones;IFC;Grado Medio;IFC01M;Sistemas Microinformáticos y Redes;Presencial;Pública;1.0;1.0;;Paseo de Carmelitas, 27 - 51;37500;923 48 0655;37002227@educa.jcyl.es;http://iesfraydiegotadeo.centros.educa.jcyl.es;40.6019, -6.52552
Salamanca;Ciudad Rodrigo;37002227;IES FRAY DIEGO TADEO GONZÁLEZ;Educación;Informática y Comunicaciones;IFC;Grado Superior;IFC02S;Desarrollo de Aplicaciones Multiplataforma;Presencial;Pública;1.0;1.0;;Paseo de Carmelitas, 27 - 51;37500;923 48 0655;37002227@educa.jcyl.es;http://iesfraydiegotadeo.centros.educa.jcyl.es;40.6019, -6.52552
Salamanca;Ciudad Rodrigo;37002227;IES FRAY DIEGO TADEO GONZÁLEZ;Educación;Informática y Comunicaciones;IFC;Grado Básico;IFC01B;Informática y Comunicaciones;Presencial;Pública;1.0;1.0;;Paseo de Carmelitas, 27 - 51;37500;923 48 0655;37002227@educa.jcyl.es;http://iesfraydiegotadeo.centros.educa.jcyl.es;40.6019, -6.52552
Salamanca;Salamanca;37005484;AMOR DE DIOS;Privada;Administración y Gestión;ADG;Grado Medio;ADG01M;Gestión Administrativa;Presencial;Concertada;1.0;1.0;;C/ Vázquez Coronado, 25-27;37002;923 28 0890;37005484@educa.jcyl.es;https://colegiosamordedios.es/centros/salamanca/;40.96769, -5.66213
Salamanca;Salamanca;37005526;CALASANZ;Privada;Informática y Comunicaciones;IFC;Grado Básico;IFC02B;Informática de Oficina;Presencial;Concertada;1.0;1.0;;Paseo de Canalejas, 139;37001;923 26 7961;37005526@educa.jcyl.es;http://www.calasanzsalamanca.es;40.9608, -5.65937
Salamanca;Salamanca;37005526;CALASANZ;Privada;Informática y Comunicaciones;IFC;Grado Superior;IFC03S;Desarrollo de Aplicaciones WEB;Presencial;Privada;1.0;1.0;;Paseo de Canalejas, 139;37001;923 26 7961;37005526@educa.jcyl.es;http://www.calasanzsalamanca.es;40.9608, -5.65937
Salamanca;Salamanca;37005599;MAESTRO ÁVILA;Privada;Artes Gráficas;ARG;Grado Medio;ARG01M;Preimpresión Digital;Presencial;Concertada;1.0;1.0;;C/ Fonseca, 29 -31;37007;923 21 4200;37005599@educa.jcyl.es;http://www.colegiomaestroavila.com;40.96501, -5.6702
Salamanca;Salamanca;37005605;MARÍA AUXILIADORA;Privada;Actividades Físicas y Deportivas;AFD;Grado Superior;AFD01S;Enseñanza y Animación Sociodeportiva;Presencial;Privada;1.0;1.0;;C/ Padre Cámara, 1;37004;923 282 431;37005605@educa.jcyl.es;www.mauxsalamanca.es;40.97049, -5.65851
Salamanca;Salamanca;37005630;MISIONERAS DE LA PROVIDENCIA;Privada;Informática y Comunicaciones;IFC;Grado Medio;IFC01M;Sistemas Microinformáticos y Redes;Presencial;Concertada;1.0;1.0;;Avda. de los Maristas, 1;37007;923 26 3522;37005630@educa.jcyl.es;http://www.mprovidenciasa.es/;40.96596, -5.67135
Salamanca;Salamanca;37005733;SALESIANO SAN JOSÉ;Privada;Administración y Gestión;ADG;Grado Básico;ADG01B;Servicios Administrativos;Presencial;Concertada;1.0;1.0;;Ctra. Ledesma, 32-52;37006;923 22 5983;37005733@educa.jcyl.es;http://www.salesianospizarrales.com;40.97474, -5.67278
Salamanca;Salamanca;37005733;SALESIANO SAN JOSÉ;Privada;Comercio y Marketing;COM;Grado Básico;COM01B;Servicios Comerciales;Presencial;Concertada;1.0;1.0;;Ctra. Ledesma, 32-52;37006;923 22 5983;37005733@educa.jcyl.es;http://www.salesianospizarrales.com;40.97474, -5.67278
Salamanca;Salamanca;37005733;SALESIANO SAN JOSÉ;Privada;Electricidad y Electrónica;ELE;Grado Básico;ELE01B;Electricidad y Electrónica;Presencial;Concertada;1.0;1.0;;Ctra. Ledesma, 32-52;37006;923 22 5983;37005733@educa.jcyl.es;http://www.salesianospizarrales.com;40.97474, -5.67278
Salamanca;Salamanca;37005733;SALESIANO SAN JOSÉ;Privada;Informática y Comunicaciones;IFC;Grado Superior;IFC02S;Desarrollo de Aplicaciones Multiplataforma;Presencial;Concertada;1.0;1.0;;Ctra. Ledesma, 32-52;37006;923 22 5983;37005733@educa.jcyl.es;http://www.salesianospizarrales.com;40.97474, -5.67278
Salamanca;Salamanca;37005733;SALESIANO SAN JOSÉ;Privada;Transporte y Mantenimiento de Vehículos;TMV;Grado Básico;TMV01B;Mantenimiento de Vehículos;Presencial;Concertada;1.0;1.0;;Ctra. Ledesma, 32-52;37006;923 22 5983;37005733@educa.jcyl.es;http://www.salesianospizarrales.com;40.97474, -5.67278
Salamanca;Salamanca;37005733;SALESIANO SAN JOSÉ;Privada;Administración y Gestión;ADG;Grado Medio;ADG01M;Gestión Administrativa;Presencial;Concertada;1.0;1.0;;Ctra. Ledesma, 32-52;37006;923 22 5983;37005733@educa.jcyl.es;http://www.salesianospizarrales.com;40.97474, -5.67278
Salamanca;Salamanca;37005733;SALESIANO SAN JOSÉ;Privada;Electricidad y Electrónica;ELE;Grado Medio;ELE01M;Instalaciones Eléctricas y Automáticas;Presencial;Concertada;1.0;1.0;;Ctra. Ledesma, 32-52;37006;923 22 5983;37005733@educa.jcyl.es;http://www.salesianospizarrales.com;40.97474, -5.67278
Salamanca;Salamanca;37005733;SALESIANO SAN JOSÉ;Privada;Electricidad y Electrónica;ELE;Grado Superior;ELE01S;Sistemas Electrotécnicos y Automatizados;Presencial;Concertada;1.0;1.0;;Ctra. Ledesma, 32-52;37006;923 22 5983;37005733@educa.jcyl.es;http://www.salesianospizarrales.com;40.97474, -5.67278
Salamanca;Salamanca;37005733;SALESIANO SAN JOSÉ;Privada;Informática y Comunicaciones;IFC;Grado Superior;IFC01S;Administración de Sistemas Informáticos en Red;Presencial;Concertada;1.0;1.0;;Ctra. Ledesma, 32-52;37006;923 22 5983;37005733@educa.jcyl.es;http://www.salesianospizarrales.com;40.97474, -5.67278
Salamanca;Salamanca;37005733;SALESIANO SAN JOSÉ;Privada;Administración y Gestión;ADG;Grado Superior;ADG02S;Administración y Finanzas;Presencial;Concertada;1.0;1.0;;Ctra. Ledesma, 32-52;37006;923 22 5983;37005733@educa.jcyl.es;http://www.salesianospizarrales.com;40.97474, -5.67278
Salamanca;Salamanca;37005733;SALESIANO SAN JOSÉ;Privada;Comercio y Marketing;COM;Grado Superior;COM01S;Marketing y Publicidad;Presencial;Concertada;1.0;1.0;;Ctra. Ledesma, 32-52;37006;923 22 5983;37005733@educa.jcyl.es;http://www.salesianospizarrales.com;40.97474, -5.67278
Salamanca;Salamanca;37005733;SALESIANO SAN JOSÉ;Privada;Transporte y Mantenimiento de Vehículos;TMV;Grado Medio;TMV02M;Electromecánica de Vehículos Automóviles;Presencial;Concertada;1.0;1.0;;Ctra. Ledesma, 32-52;37006;923 22 5983;37005733@educa.jcyl.es;http://www.salesianospizarrales.com;40.97474, -5.67278
Salamanca;Salamanca;37005782;SANTÍSIMA TRINIDAD;Privada;Informática y Comunicaciones;IFC;Grado Superior;IFC02S;Desarrollo de Aplicaciones Multiplataforma;Presencial;Concertada;1.0;1.0;;Paseo Carmelitas, 46-52;37007;923 22 5477;37005782@educa.jcyl.es;https://www.trinitarias.com;40.96857, -5.66689
Salamanca;Salamanca;37005782;SANTÍSIMA TRINIDAD;Privada;Sanidad;SAN;Grado Medio;SAN21;Cuidados Auxiliares de Enfermería;Presencial;Concertada;1.0;1.0;;Paseo Carmelitas, 46-52;37007;923 22 5477;37005782@educa.jcyl.es;https://www.trinitarias.com;40.96857, -5.66689
Salamanca;Salamanca;37005782;SANTÍSIMA TRINIDAD;Privada;Servicios Socioculturales y a la Comunidad;SSC;Grado Superior;SSC02S;Animación Sociocultural y Turística;Presencial;Privada;1.0;0.0;;Paseo Carmelitas, 46-52;37007;923 22 5477;37005782@educa.jcyl.es;https://www.trinitarias.com;40.96857, -5.66689
Salamanca;Salamanca;37005812;SAN AGUSTÍN;Privada;Servicios Socioculturales y a la Comunidad;SSC;Grado Superior;SSC01S;Educación Infantil;Presencial;Privada;1.0;0.0;;Avenida de San Agustín, 113;37005;923 22 0700;37005812@educa.jcyl.es;https://www.colegiosanagustin.com/;40.97938, -5.65767
Salamanca;Salamanca;37005812;SAN AGUSTÍN;Privada;Sanidad;SAN;Grado Medio;SAN21;Cuidados Auxiliares de Enfermería;Presencial;Privada;1.0;0.0;;Avenida de San Agustín, 113;37005;923 22 0700;37005812@educa.jcyl.es;https://www.colegiosanagustin.com/;40.97938, -5.65767
Salamanca;Salamanca;37005851;IES FRAY LUIS DE LEÓN;Educación;Química;QUI;Grado Medio;QUI02M;Operaciones de Laboratorio;Presencial;Pública;1.0;1.0;;Avda. de los Maristas, s/n;37007;923 231 194;37005851@educa.jcyl.es;http://iesfrayluisdeleon.centros.educa.jcyl.es;40.97073, -5.67714
Salamanca;Salamanca;37005851;IES FRAY LUIS DE LEÓN;Educación;Química;QUI;Grado Superior;QUI01S;Laboratorio de Análisis y Control de Calidad;Presencial;Pública;2.0;2.0;;Avda. de los Maristas, s/n;37007;923 231 194;37005851@educa.jcyl.es;http://iesfrayluisdeleon.centros.educa.jcyl.es;40.97073, -5.67714
Salamanca;Salamanca;37005851;IES FRAY LUIS DE LEÓN;Educación;Seguridad y Medio Ambiente;SEA;Grado Medio;SEA01M;Emergencias y Protección Civil;Presencial;Pública;1.0;1.0;;Avda. de los Maristas, s/n;37007;923 231 194;37005851@educa.jcyl.es;http://iesfrayluisdeleon.centros.educa.jcyl.es;40.97073, -5.67714
Salamanca;Salamanca;37005851;IES FRAY LUIS DE LEÓN;Educación;Seguridad y Medio Ambiente;SEA;Grado Superior;SEA03S;Química y Salud Ambiental;Presencial;Pública;1.0;1.0;;Avda. de los Maristas, s/n;37007;923 231 194;37005851@educa.jcyl.es;http://iesfrayluisdeleon.centros.educa.jcyl.es;40.97073, -5.67714
Salamanca;Salamanca;37005861;IES LUCÍA DE MEDRANO;Educación;Administración y Gestión;ADG;Grado Básico;ADG01B;Servicios Administrativos;Presencial;Pública;1.0;0.0;;Avda. de Filiberto Villalobos, 97-117;37007;923 23 0625;37005861@educa.jcyl.es;http://iesluciademedrano.centros.educa.jcyl.es;40.971, -5.67519
Salamanca;Salamanca;37005861;IES LUCÍA DE MEDRANO;Educación;Administración y Gestión;ADG;Grado Medio;ADG01M;Gestión Administrativa;Presencial;Pública;1.0;1.0;;Avda. de Filiberto Villalobos, 97-117;37007;923 23 0625;37005861@educa.jcyl.es;http://iesluciademedrano.centros.educa.jcyl.es;40.971, -5.67519
Salamanca;Salamanca;37005861;IES LUCÍA DE MEDRANO;Educación;Administración y Gestión;ADG;Grado Superior;ADG02S;Administración y Finanzas;Presencial;Pública;1.0;1.0;;Avda. de Filiberto Villalobos, 97-117;37007;923 23 0625;37005861@educa.jcyl.es;http://iesluciademedrano.centros.educa.jcyl.es;40.971, -5.67519
Salamanca;Salamanca;37005873;IES TORRES VILLARROEL;Educación;Artes Gráficas;ARG;Grado Medio;ARG01M;Preimpresión Digital;Presencial;Pública;1.0;1.0;;Avda. Hilario Goyenechea, 42;37008;923 21 5309;37005873@educa.jcyl.es;http://iestorresvillarroel.centros.educa.jcyl.es;40.94859, -5.66195
Salamanca;Salamanca;37005873;IES TORRES VILLARROEL;Educación;Agraria;AGA;Grado Superior;AGA03S;Ganadería y Asistencia en Sanidad Animal;Presencial;Pública;2.0;2.0;;Avda. Hilario Goyenechea, 42;37008;923 21 5309;37005873@educa.jcyl.es;http://iestorresvillarroel.centros.educa.jcyl.es;40.94859, -5.66195
Salamanca;Salamanca;37005873;IES TORRES VILLARROEL;Educación;Artes Gráficas;ARG;Grado Superior;ARG01S;Diseño y Gestión de la Producción Gráfica;Presencial;Pública;1.0;1.0;;Avda. Hilario Goyenechea, 42;37008;923 21 5309;37005873@educa.jcyl.es;http://iestorresvillarroel.centros.educa.jcyl.es;40.94859, -5.66195
Salamanca;Salamanca;37005873;IES TORRES VILLARROEL;Educación;Artes Gráficas;ARG;Grado Superior;ARG02S;Diseño y Edición de Publicaciones Impresas y Multimedia;Presencial;Pública;1.0;1.0;;Avda. Hilario Goyenechea, 42;37008;923 21 5309;37005873@educa.jcyl.es;http://iestorresvillarroel.centros.educa.jcyl.es;40.94859, -5.66195
Salamanca;Salamanca;37006014;IES MATEO HERNÁNDEZ;Educación;Actividades Físicas y Deportivas;AFD;Grado Superior;AFD01S;Enseñanza y Animación Sociodeportiva;Presencial;Pública;1.0;1.0;;C/ Torrente Ballester, s/n;37004;923 222 762;37006014@educa.jcyl.es;http://iesmateohernandez.centros.educa.jcyl.es/;40.98087, -5.65352
Salamanca;Salamanca;37006014;IES MATEO HERNÁNDEZ;Educación;Actividades Físicas y Deportivas;AFD;Grado Superior;AFD02S;Acondicionamiento Físico;Presencial;Pública;1.0;1.0;;C/ Torrente Ballester, s/n;37004;923 222 762;37006014@educa.jcyl.es;http://iesmateohernandez.centros.educa.jcyl.es/;40.98087, -5.65352
Salamanca;Vitigudino;37007729;IES RAMOS DEL MANZANO;Educación;Electricidad y Electrónica;ELE;Grado Medio;ELE01M;Instalaciones Eléctricas y Automáticas;Presencial;Pública;1.0;0.0;;C/ Prado, 2;37210;923 50 0820;37007729@educa.jcyl.es;http://iesramosdelmanzano.centros.educa.jcyl.es;41.01288, -6.43221
Salamanca;Vitigudino;37007729;IES RAMOS DEL MANZANO;Educación;Administración y Gestión;ADG;Grado Básico;ADG01B;Servicios Administrativos;Presencial;Pública;1.0;1.0;;C/ Prado, 2;37210;923 50 0820;37007729@educa.jcyl.es;http://iesramosdelmanzano.centros.educa.jcyl.es;41.01288, -6.43221
Salamanca;Salamanca;37008084;IES FERNANDO DE ROJAS;Educación;Servicios Socioculturales y a la Comunidad;SSC;Grado Medio;SSC01M;Atención a Personas en Situación de Dependencia;Presencial;Pública;2.0;2.0;;C/ Colombia, 42;37003;923 18 2372;37008084@educa.jcyl.es;http://iesfernandoderojas.centros.educa.jcyl.es;40.96907, -5.64142
Salamanca;Salamanca;37008084;IES FERNANDO DE ROJAS;Educación;Servicios Socioculturales y a la Comunidad;SSC;Grado Superior;SSC02S;Animación Sociocultural y Turística;Presencial;Pública;1.0;1.0;;C/ Colombia, 42;37003;923 18 2372;37008084@educa.jcyl.es;http://iesfernandoderojas.centros.educa.jcyl.es;40.96907, -5.64142
Salamanca;Salamanca;37008084;IES FERNANDO DE ROJAS;Educación;Servicios Socioculturales y a la Comunidad;SSC;Grado Superior;SSC01S;Educación Infantil;Presencial;Pública;2.0;2.0;;C/ Colombia, 42;37003;923 18 2372;37008084@educa.jcyl.es;http://iesfernandoderojas.centros.educa.jcyl.es;40.96907, -5.64142
Salamanca;Salamanca;37008084;IES FERNANDO DE ROJAS;Educación;Servicios Socioculturales y a la Comunidad;SSC;Grado Superior;SSC01Sd;Educación Infantil (distancia);Distancia;Pública;1.0;0.0;;C/ Colombia, 42;37003;923 18 2372;37008084@educa.jcyl.es;http://iesfernandoderojas.centros.educa.jcyl.es;40.96907, -5.64142
Salamanca;Salamanca;37008084;IES FERNANDO DE ROJAS;Educación;Servicios Socioculturales y a la Comunidad;SSC;Grado Superior;SSC03S;Integración Social;Presencial;Pública;1.0;0.0;;C/ Colombia, 42;37003;923 18 2372;37008084@educa.jcyl.es;http://iesfernandoderojas.centros.educa.jcyl.es;40.96907, -5.64142
Salamanca;Salamanca;37008102;IES MARTÍNEZ URIBARRI;Educación;Sanidad;SAN;Grado Medio;SAN02M;Farmacia y Parafarmacia;Presencial;Pública;2.0;2.0;;C/ Parque de la Alamedilla, 13;37003;923 28 0839;37008102@educa.jcyl.es;http://iesmartinezuribarri.centros.educa.jcyl.es;40.96692, -5.65669
Salamanca;Salamanca;37008102;IES MARTÍNEZ URIBARRI;Educación;Sanidad;SAN;Grado Superior;SAN06S;Higiene Bucodental;Presencial;Pública;2.0;2.0;;C/ Parque de la Alamedilla, 13;37003;923 28 0839;37008102@educa.jcyl.es;http://iesmartinezuribarri.centros.educa.jcyl.es;40.96692, -5.65669
Salamanca;Salamanca;37008102;IES MARTÍNEZ URIBARRI;Educación;Sanidad;SAN;Grado Medio;SAN21;Cuidados Auxiliares de Enfermería;Presencial;Pública;2.0;2.0;;C/ Parque de la Alamedilla, 13;37003;923 28 0839;37008102@educa.jcyl.es;http://iesmartinezuribarri.centros.educa.jcyl.es;40.96692, -5.65669
Salamanca;Salamanca;37008102;IES MARTÍNEZ URIBARRI;Educación;Sanidad;SAN;Grado Superior;SAN07S;Imagen para el Diagnóstico y Medicina Nuclear;Presencial;Pública;1.0;1.0;;C/ Parque de la Alamedilla, 13;37003;923 28 0839;37008102@educa.jcyl.es;http://iesmartinezuribarri.centros.educa.jcyl.es;40.96692, -5.65669
Salamanca;Salamanca;37008102;IES MARTÍNEZ URIBARRI;Educación;Sanidad;SAN;Grado Superior;SAN08S;Laboratorio Clínico y Biomédico;Presencial;Pública;2.0;2.0;;C/ Parque de la Alamedilla, 13;37003;923 28 0839;37008102@educa.jcyl.es;http://iesmartinezuribarri.centros.educa.jcyl.es;40.96692, -5.65669
Salamanca;Salamanca;37008102;IES MARTÍNEZ URIBARRI;Educación;Sanidad;SAN;Grado Superior;SAN02S;Prótesis Dentales;Presencial;Pública;1.0;1.0;;C/ Parque de la Alamedilla, 13;37003;923 28 0839;37008102@educa.jcyl.es;http://iesmartinezuribarri.centros.educa.jcyl.es;40.96692, -5.65669
Salamanca;Salamanca;37008102;IES MARTÍNEZ URIBARRI;Educación;Sanidad;SAN;Grado Superior;SAN09S;Radioterapia y Dosimetría;Presencial;Pública;1.0;1.0;;C/ Parque de la Alamedilla, 13;37003;923 28 0839;37008102@educa.jcyl.es;http://iesmartinezuribarri.centros.educa.jcyl.es;40.96692, -5.65669
Salamanca;Salamanca;37008102;IES MARTÍNEZ URIBARRI;Educación;Sanidad;SAN;Grado Superior;SAN32;Dietética;Presencial;Pública;1.0;1.0;;C/ Parque de la Alamedilla, 13;37003;923 28 0839;37008102@educa.jcyl.es;http://iesmartinezuribarri.centros.educa.jcyl.es;40.96692, -5.65669
Salamanca;La Fuente de San Esteban;37008205;IES CAMPO CHARRO;Educación;Transporte y Mantenimiento de Vehículos;TMV;Grado Básico;TMV01B;Mantenimiento de Vehículos;Presencial;Pública;1.0;1.0;;Plaza de Miguel de Unamuno;37200;923 44 0152;37008205@educa.jcyl.es;http://iescampocharro.centros.educa.jcyl.es;40.79911, -6.25566
Salamanca;Salamanca;37008217;CIFP RODRÍGUEZ FABRÉS;Educación;Edificación y Obra Civil;EOC;Grado Superior;EOC01S;Proyectos de Edificación;Presencial;Pública;1.0;1.0;;C/ Cordel de Merinas, 54;37008;923 217 301;37008217@educa.jcyl.es;http://cifprodriguezfabres.centros.educa.jcyl.es;40.95801, -5.65982
Salamanca;Salamanca;37008217;CIFP RODRÍGUEZ FABRÉS;Educación;Fabricación Mecánica;FME;Grado Básico;FME01B;Fabricación y Montaje;Presencial;Pública;1.0;1.0;;C/ Cordel de Merinas, 54;37008;923 217 301;37008217@educa.jcyl.es;http://cifprodriguezfabres.centros.educa.jcyl.es;40.95801, -5.65982
Salamanca;Salamanca;37008217;CIFP RODRÍGUEZ FABRÉS;Educación;Fabricación Mecánica;FME;Grado Medio;FME02M;Soldadura y Calderería;Presencial;Pública;1.0;0.0;;C/ Cordel de Merinas, 54;37008;923 217 301;37008217@educa.jcyl.es;http://cifprodriguezfabres.centros.educa.jcyl.es;40.95801, -5.65982
Salamanca;Salamanca;37008217;CIFP RODRÍGUEZ FABRÉS;Educación;Hostelería y Turismo;HOT;Grado Superior;HOT04S;Dirección de Cocina;Presencial;Pública;2.0;2.0;;C/ Cordel de Merinas, 54;37008;923 217 301;37008217@educa.jcyl.es;http://cifprodriguezfabres.centros.educa.jcyl.es;40.95801, -5.65982
Salamanca;Salamanca;37008217;CIFP RODRÍGUEZ FABRÉS;Educación;Hostelería y Turismo;HOT;Grado Superior;HOT05S;Dirección de Servicios de Restauración;Presencial;Pública;1.0;1.0;;C/ Cordel de Merinas, 54;37008;923 217 301;37008217@educa.jcyl.es;http://cifprodriguezfabres.centros.educa.jcyl.es;40.95801, -5.65982
Salamanca;Salamanca;37008217;CIFP RODRÍGUEZ FABRÉS;Educación;Imagen Personal;IMP;Grado Básico;IMP01B;Peluquería y Estética;Presencial;Pública;2.0;1.0;;C/ Cordel de Merinas, 54;37008;923 217 301;37008217@educa.jcyl.es;http://cifprodriguezfabres.centros.educa.jcyl.es;40.95801, -5.65982
Salamanca;Salamanca;37008217;CIFP RODRÍGUEZ FABRÉS;Educación;Imagen Personal;IMP;Grado Superior;IMP01S;Estética Integral y Bienestar;Presencial;Pública;1.0;1.0;;C/ Cordel de Merinas, 54;37008;923 217 301;37008217@educa.jcyl.es;http://cifprodriguezfabres.centros.educa.jcyl.es;40.95801, -5.65982
Salamanca;Salamanca;37008217;CIFP RODRÍGUEZ FABRÉS;Educación;Imagen y Sonido;IMS;Grado Superior;IMS05S;Iluminación, Captación y tratamiento de Imagen;Presencial;Pública;2.0;1.0;;C/ Cordel de Merinas, 54;37008;923 217 301;37008217@educa.jcyl.es;http://cifprodriguezfabres.centros.educa.jcyl.es;40.95801, -5.65982
Salamanca;Salamanca;37008217;CIFP RODRÍGUEZ FABRÉS;Educación;Hostelería y Turismo;HOT;Grado Superior;HOT01S;Gestión de Alojamientos Turísticos;Presencial;Pública;1.0;1.0;;C/ Cordel de Merinas, 54;37008;923 217 301;37008217@educa.jcyl.es;http://cifprodriguezfabres.centros.educa.jcyl.es;40.95801, -5.65982
Salamanca;Salamanca;37008217;CIFP RODRÍGUEZ FABRÉS;Educación;Hostelería y Turismo;HOT;Grado Superior;HOT03S;Guía, Información y Asistencias Turísticas;Presencial;Pública;1.0;1.0;;C/ Cordel de Merinas, 54;37008;923 217 301;37008217@educa.jcyl.es;http://cifprodriguezfabres.centros.educa.jcyl.es;40.95801, -5.65982
Salamanca;Salamanca;37008217;CIFP RODRÍGUEZ FABRÉS;Educación;Imagen Personal;IMP;Grado Medio;IMP01M;Estética y Belleza;Presencial;Pública;1.0;1.0;;C/ Cordel de Merinas, 54;37008;923 217 301;37008217@educa.jcyl.es;http://cifprodriguezfabres.centros.educa.jcyl.es;40.95801, -5.65982
Salamanca;Salamanca;37008217;CIFP RODRÍGUEZ FABRÉS;Educación;Imagen Personal;IMP;Grado Medio;IMP02M;Peluquería y Cosmética Capilar;Presencial;Pública;1.0;1.0;;C/ Cordel de Merinas, 54;37008;923 217 301;37008217@educa.jcyl.es;http://cifprodriguezfabres.centros.educa.jcyl.es;40.95801, -5.65982
Salamanca;Salamanca;37008217;CIFP RODRÍGUEZ FABRÉS;Educación;Imagen y Sonido;IMS;Grado Medio;IMS01M;Vídeo Disc-Jockey y Sonido;Presencial;Pública;1.0;0.0;;C/ Cordel de Merinas, 54;37008;923 217 301;37008217@educa.jcyl.es;http://cifprodriguezfabres.centros.educa.jcyl.es;40.95801, -5.65982
Salamanca;Salamanca;37008217;CIFP RODRÍGUEZ FABRÉS;Educación;Imagen y Sonido;IMS;Grado Superior;IMS02S;Realización de Proyectos de Audiovisuales y Espectáculos;Presencial;Pública;1.0;1.0;;C/ Cordel de Merinas, 54;37008;923 217 301;37008217@educa.jcyl.es;http://cifprodriguezfabres.centros.educa.jcyl.es;40.95801, -5.65982
Salamanca;Salamanca;37008217;CIFP RODRÍGUEZ FABRÉS;Educación;Edificación y Obra Civil;EOC;Grado Medio;EOC01M;Construcción;Presencial;Pública;1.0;1.0;;C/ Cordel de Merinas, 54;37008;923 217 301;37008217@educa.jcyl.es;http://cifprodriguezfabres.centros.educa.jcyl.es;40.95801, -5.65982
Salamanca;Salamanca;37008217;CIFP RODRÍGUEZ FABRÉS;Educación;Hostelería y Turismo;HOT;Grado Medio;HOT01M;Cocina y Gastronomía;Presencial;Pública;2.0;1.0;;C/ Cordel de Merinas, 54;37008;923 217 301;37008217@educa.jcyl.es;http://cifprodriguezfabres.centros.educa.jcyl.es;40.95801, -5.65982
Salamanca;Salamanca;37008217;CIFP RODRÍGUEZ FABRÉS;Educación;Hostelería y Turismo;HOT;Grado Medio;HOT02M;Servicios en Restauración;Presencial;Pública;1.0;1.0;;C/ Cordel de Merinas, 54;37008;923 217 301;37008217@educa.jcyl.es;http://cifprodriguezfabres.centros.educa.jcyl.es;40.95801, -5.65982
Salamanca;Salamanca;37008217;CIFP RODRÍGUEZ FABRÉS;Educación;Hostelería y Turismo;HOT;Grado Superior;HOT02S;Agencias de Viajes y Gestión de Eventos;Presencial;Pública;1.0;1.0;;C/ Cordel de Merinas, 54;37008;923 217 301;37008217@educa.jcyl.es;http://cifprodriguezfabres.centros.educa.jcyl.es;40.95801, -5.65982
Salamanca;Salamanca;37008217;CIFP RODRÍGUEZ FABRÉS;Educación;Hostelería y Turismo;HOT;Curso Especialización;HOT01E;Panadería y bollería artesanales;Presencial;Pública;1.0;0.0;;C/ Cordel de Merinas, 54;37008;923 217 301;37008217@educa.jcyl.es;http://cifprodriguezfabres.centros.educa.jcyl.es;40.95801, -5.65982
Salamanca;Salamanca;37008217;CIFP RODRÍGUEZ FABRÉS;Educación;Instalación y Mantenimiento;IMA;Grado Medio;IMA03M;Mantenimiento Electromecánico;Presencial;Pública;1.0;1.0;;C/ Cordel de Merinas, 54;37008;923 217 301;37008217@educa.jcyl.es;http://cifprodriguezfabres.centros.educa.jcyl.es;40.95801, -5.65982
Salamanca;Salamanca;37008217;CIFP RODRÍGUEZ FABRÉS;Educación;Instalación y Mantenimiento;IMA;Grado Superior;IMA03S;Mecatrónica Industrial;Presencial;Pública;1.0;1.0;;C/ Cordel de Merinas, 54;37008;923 217 301;37008217@educa.jcyl.es;http://cifprodriguezfabres.centros.educa.jcyl.es;40.95801, -5.65982
Salamanca;Salamanca;37008217;CIFP RODRÍGUEZ FABRÉS;Educación;Imagen Personal;IMP;Grado Superior;IMP02S;Estilismo y Dirección de Peluquería;Presencial;Pública;1.0;1.0;;C/ Cordel de Merinas, 54;37008;923 217 301;37008217@educa.jcyl.es;http://cifprodriguezfabres.centros.educa.jcyl.es;40.95801, -5.65982
Salamanca;Salamanca;37008217;CIFP RODRÍGUEZ FABRÉS;Educación;Imagen y Sonido;IMS;Curso Especialización;IMS01E;Audiodescripción y subtitulación;Presencial;Pública;1.0;0.0;;C/ Cordel de Merinas, 54;37008;923 217 301;37008217@educa.jcyl.es;http://cifprodriguezfabres.centros.educa.jcyl.es;40.95801, -5.65982
Salamanca;Cabrerizos;37008394;CIFP LORENZO MILANI;Privada;Agraria;AGA;Grado Básico;AGA01B;Agro-jardinería y Composiciones Florales;Presencial;Concertada;1.0;1.0;;C/ Aldehuela de los Guzmanes, s/n;37193;923 18 0831;37008394@educa.jcyl.es;http://www..fpmilani.com;40.96638, -5.62486
Salamanca;Cabrerizos;37008394;CIFP LORENZO MILANI;Privada;Agraria;AGA;Grado Medio;AGA03M;Jardinería y Floristería;Presencial;Concertada;1.0;1.0;;C/ Aldehuela de los Guzmanes, s/n;37193;923 18 0831;37008394@educa.jcyl.es;http://www..fpmilani.com;40.96638, -5.62486
Salamanca;Cabrerizos;37008394;CIFP LORENZO MILANI;Privada;Agraria;AGA;Grado Medio;AGA04M;Aprovechamiento y Conservación del Medio Natural;Presencial;Concertada;1.0;1.0;;C/ Aldehuela de los Guzmanes, s/n;37193;923 18 0831;37008394@educa.jcyl.es;http://www..fpmilani.com;40.96638, -5.62486
Salamanca;Cabrerizos;37008394;CIFP LORENZO MILANI;Privada;Agraria;AGA;Grado Superior;AGA01S;Gestión Forestal y del Medio Natural;Presencial;Concertada;1.0;1.0;;C/ Aldehuela de los Guzmanes, s/n;37193;923 18 0831;37008394@educa.jcyl.es;http://www..fpmilani.com;40.96638, -5.62486
Salamanca;Cabrerizos;37008394;CIFP LORENZO MILANI;Privada;Agraria;AGA;Grado Superior;AGA01Sd;Gestión Forestal y del Medio Natural (distancia);Distancia;Privada;1.0;0.0;;C/ Aldehuela de los Guzmanes, s/n;37193;923 18 0831;37008394@educa.jcyl.es;http://www..fpmilani.com;40.96638, -5.62486
Salamanca;Cabrerizos;37008394;CIFP LORENZO MILANI;Privada;Fabricación Mecánica;FME;Grado Básico;FME01B;Fabricación y Montaje;Presencial;Concertada;1.0;1.0;;C/ Aldehuela de los Guzmanes, s/n;37193;923 18 0831;37008394@educa.jcyl.es;http://www..fpmilani.com;40.96638, -5.62486
Salamanca;Cabrerizos;37008394;CIFP LORENZO MILANI;Privada;Transporte y Mantenimiento de Vehículos;TMV;Grado Básico;TMV01B;Mantenimiento de Vehículos;Presencial;Concertada;1.0;1.0;;C/ Aldehuela de los Guzmanes, s/n;37193;923 18 0831;37008394@educa.jcyl.es;http://www..fpmilani.com;40.96638, -5.62486
Salamanca;Salamanca;37008515;IES DIPUTACIÓN PROVINCIAL;Educación;Hostelería y Turismo;HOT;Grado Básico;HOT01B;Cocina y Restauración;Presencial;Pública;1.0;1.0;;Crta. de Carbajosa, 20-40;37008;923 26 0303;37008515@educa.jcyl.es;http://iesdiputacionprovincial.centros.educa.jcyl.es/sitio/;40.94642, -5.66262
Salamanca;Salamanca;37008515;IES DIPUTACIÓN PROVINCIAL;Educación;Madera, Mueble y Corcho;MAM;Grado Medio;MAM02M;Instalación y Amueblamiento;Presencial;Pública;1.0;1.0;;Crta. de Carbajosa, 20-40;37008;923 26 0303;37008515@educa.jcyl.es;http://iesdiputacionprovincial.centros.educa.jcyl.es/sitio/;40.94642, -5.66262
Salamanca;Salamanca;37008515;IES DIPUTACIÓN PROVINCIAL;Educación;Electricidad y Electrónica;ELE;Grado Básico;ELE01B;Electricidad y Electrónica;Presencial;Pública;1.0;1.0;;Crta. de Carbajosa, 20-40;37008;923 26 0303;37008515@educa.jcyl.es;http://iesdiputacionprovincial.centros.educa.jcyl.es/sitio/;40.94642, -5.66262
Salamanca;Salamanca;37008515;IES DIPUTACIÓN PROVINCIAL;Educación;Madera, Mueble y Corcho;MAM;Grado Básico;MAM01B;Carpintería y Mueble;Presencial;Pública;1.0;1.0;;Crta. de Carbajosa, 20-40;37008;923 26 0303;37008515@educa.jcyl.es;http://iesdiputacionprovincial.centros.educa.jcyl.es/sitio/;40.94642, -5.66262
Salamanca;Santa Marta de Tormes;37008813;HERNÁNDEZ VERA;Privada;Imagen Personal;IMP;Grado Medio;IMP02M;Peluquería y Cosmética Capilar;Presencial;Concertada;1.0;1.0;;Ctra. de Madrid, s/n;37009;923 13 8531;37008813@educa.jcyl.es;http://www.centrofphernandezvera.com/;40.9499, -5.62064
Salamanca;Santa Marta de Tormes;37008813;HERNÁNDEZ VERA;Privada;Comercio y Marketing;COM;Grado Medio;COM01M;Actividades Comerciales;Presencial;Concertada;1.0;1.0;;Ctra. de Madrid, s/n;37009;923 13 8531;37008813@educa.jcyl.es;http://www.centrofphernandezvera.com/;40.9499, -5.62064
Salamanca;Salamanca;37009131;IES VENANCIO BLANCO;Educación;Administración y Gestión;ADG;Grado Superior;ADG01S;Asistencia a la Dirección;Presencial;Pública;1.0;1.0;;C/ Filipinos, 33;37004;923 18 3441;37009131@educa.jcyl.es;http://www.iesvenancioblanco.es;40.96996, -5.64522
Salamanca;Salamanca;37009131;IES VENANCIO BLANCO;Educación;Comercio y Marketing;COM;Grado Superior;COM03S;Gestión de Ventas y Espacios Comerciales;Presencial;Pública;1.0;1.0;;C/ Filipinos, 33;37004;923 18 3441;37009131@educa.jcyl.es;http://www.iesvenancioblanco.es;40.96996, -5.64522
Salamanca;Salamanca;37009131;IES VENANCIO BLANCO;Educación;Informática y Comunicaciones;IFC;Curso Especialización;IFC01E;Ciberseguridad en entornos de las tecnologías de la información;Presencial;Pública;1.0;0.0;;C/ Filipinos, 33;37004;923 18 3441;37009131@educa.jcyl.es;http://www.iesvenancioblanco.es;40.96996, -5.64522
Salamanca;Salamanca;37009131;IES VENANCIO BLANCO;Educación;Informática y Comunicaciones;IFC;Curso Especialización;IFC02E;Desarrollo de Videojuegos y Realidad Virtual;Presencial;Pública;1.0;0.0;;C/ Filipinos, 33;37004;923 18 3441;37009131@educa.jcyl.es;http://www.iesvenancioblanco.es;40.96996, -5.64522
Salamanca;Salamanca;37009131;IES VENANCIO BLANCO;Educación;Administración y Gestión;ADG;Grado Medio;ADG01Md;Gestión Administrativa (distancia);Distancia;Pública;1.0;0.0;;C/ Filipinos, 33;37004;923 18 3441;37009131@educa.jcyl.es;http://www.iesvenancioblanco.es;40.96996, -5.64522
Salamanca;Salamanca;37009131;IES VENANCIO BLANCO;Educación;Administración y Gestión;ADG;Grado Superior;ADG02S;Administración y Finanzas;Presencial;Pública;1.0;1.0;;C/ Filipinos, 33;37004;923 18 3441;37009131@educa.jcyl.es;http://www.iesvenancioblanco.es;40.96996, -5.64522
Salamanca;Salamanca;37009131;IES VENANCIO BLANCO;Educación;Comercio y Marketing;COM;Grado Medio;COM01M;Actividades Comerciales;Presencial;Pública;1.0;1.0;;C/ Filipinos, 33;37004;923 18 3441;37009131@educa.jcyl.es;http://www.iesvenancioblanco.es;40.96996, -5.64522
Salamanca;Salamanca;37009131;IES VENANCIO BLANCO;Educación;Comercio y Marketing;COM;Grado Superior;COM01S;Marketing y Publicidad;Presencial;Pública;1.0;1.0;;C/ Filipinos, 33;37004;923 18 3441;37009131@educa.jcyl.es;http://www.iesvenancioblanco.es;40.96996, -5.64522
Salamanca;Salamanca;37009131;IES VENANCIO BLANCO;Educación;Informática y Comunicaciones;IFC;Grado Medio;IFC01M;Sistemas Microinformáticos y Redes;Presencial;Pública;2.0;2.0;;C/ Filipinos, 33;37004;923 18 3441;37009131@educa.jcyl.es;http://www.iesvenancioblanco.es;40.96996, -5.64522
Salamanca;Salamanca;37009131;IES VENANCIO BLANCO;Educación;Informática y Comunicaciones;IFC;Grado Superior;IFC03S;Desarrollo de Aplicaciones WEB;Presencial;Pública;2.0;2.0;;C/ Filipinos, 33;37004;923 18 3441;37009131@educa.jcyl.es;http://www.iesvenancioblanco.es;40.96996, -5.64522
Salamanca;Salamanca;37009131;IES VENANCIO BLANCO;Educación;Administración y Gestión;ADG;Grado Medio;ADG01M;Gestión Administrativa;Presencial;Pública;1.0;1.0;;C/ Filipinos, 33;37004;923 18 3441;37009131@educa.jcyl.es;http://www.iesvenancioblanco.es;40.96996, -5.64522
Salamanca;Salamanca;37009131;IES VENANCIO BLANCO;Educación;Informática y Comunicaciones;IFC;Grado Superior;IFC01S;Administración de Sistemas Informáticos en Red;Presencial;Pública;2.0;2.0;;C/ Filipinos, 33;37004;923 18 3441;37009131@educa.jcyl.es;http://www.iesvenancioblanco.es;40.96996, -5.64522
Salamanca;Salamanca;37009131;IES VENANCIO BLANCO;Educación;Informática y Comunicaciones;IFC;Grado Superior;IFC02S;Desarrollo de Aplicaciones Multiplataforma;Presencial;Pública;2.0;2.0;;C/ Filipinos, 33;37004;923 18 3441;37009131@educa.jcyl.es;http://www.iesvenancioblanco.es;40.96996, -5.64522
Salamanca;Salamanca;37009271;IES FRANCISCO SALINAS;Educación;Industrias Alimentarias;INA;Grado Medio;INA01M;Panadería, Repostería y Confitería;Presencial;Pública;1.0;1.0;;C/ Julita Ramos, s/n;37004;923 25 3664;37009271@educa.jcyl.es;http://www.iesfranciscosalinas.com;40.97737, -5.64668
Salamanca;Salamanca;37009271;IES FRANCISCO SALINAS;Educación;Industrias Alimentarias;INA;Grado Superior;INA02S;Procesos y Calidad en la Industria Alimentaria;Presencial;Pública;1.0;1.0;;C/ Julita Ramos, s/n;37004;923 25 3664;37009271@educa.jcyl.es;http://www.iesfranciscosalinas.com;40.97737, -5.64668
Salamanca;Santa Marta de Tormes;37009921;IES GONZALO TORRENTE BALLESTER;Educación;Administración y Gestión;ADG;Grado Superior;ADG02S;Administración y Finanzas;Presencial;Pública;1.0;1.0;;C/ General Gutiérrez Mellado, s/n;37900;923 13 8000;37009921@educa.jcyl.es;http://www.iesgtorrenteballester.es;40.9529, -5.61907
Salamanca;Santa Marta de Tormes;37009921;IES GONZALO TORRENTE BALLESTER;Educación;Electricidad y Electrónica;ELE;Grado Medio;ELE02M;Instalaciones de Telecomunicaciones;Presencial;Pública;1.0;0.0;;C/ General Gutiérrez Mellado, s/n;37900;923 13 8000;37009921@educa.jcyl.es;http://www.iesgtorrenteballester.es;40.9529, -5.61907
Salamanca;Santa Marta de Tormes;37009921;IES GONZALO TORRENTE BALLESTER;Educación;Electricidad y Electrónica;ELE;Grado Superior;ELE02S;Sistemas de Telecomunicaciones e Informáticos;Presencial;Pública;1.0;1.0;;C/ General Gutiérrez Mellado, s/n;37900;923 13 8000;37009921@educa.jcyl.es;http://www.iesgtorrenteballester.es;40.9529, -5.61907
Salamanca;Santa Marta de Tormes;37009921;IES GONZALO TORRENTE BALLESTER;Educación;Informática y Comunicaciones;IFC;Grado Básico;IFC01B;Informática y Comunicaciones;Presencial;Pública;1.0;1.0;;C/ General Gutiérrez Mellado, s/n;37900;923 13 8000;37009921@educa.jcyl.es;http://www.iesgtorrenteballester.es;40.9529, -5.61907
Salamanca;Santa Marta de Tormes;37009921;IES GONZALO TORRENTE BALLESTER;Educación;Administración y Gestión;ADG;Grado Medio;ADG01M;Gestión Administrativa;Presencial;Pública;1.0;1.0;;C/ General Gutiérrez Mellado, s/n;37900;923 13 8000;37009921@educa.jcyl.es;http://www.iesgtorrenteballester.es;40.9529, -5.61907
Salamanca;Babilafuente;37010017;IES SENARA;Educación;Administración y Gestión;ADG;Grado Básico;ADG01B;Servicios Administrativos;Presencial;Pública;1.0;1.0;;C/ Soledad, s/n;37330;923 36 0996;37010017@educa.jcyl.es;http://iessenara.centros.educa.jcyl.es;40.97863, -5.42432
Salamanca;Alba de Tormes;37010091;IES LEONARDO DA VINCI;Educación;Transporte y Mantenimiento de Vehículos;TMV;Grado Medio;TMV02M;Electromecánica de Vehículos Automóviles;Presencial;Pública;1.0;1.0;;C/ San Francisco, s/n;37800;923 30 0269;37010091@educa.jcyl.es;http://iesdavinci.es/;40.82765, -5.50952
Salamanca;Alba de Tormes;37010091;IES LEONARDO DA VINCI;Educación;Sanidad;SAN;Grado Medio;SAN21;Cuidados Auxiliares de Enfermería;Presencial;Pública;1.0;1.0;;C/ San Francisco, s/n;37800;923 30 0269;37010091@educa.jcyl.es;http://iesdavinci.es/;40.82765, -5.50952
Salamanca;Guijuelo;37010108;IES VÍA DE LA PLATA;Educación;Informática y Comunicaciones;IFC;Grado Medio;IFC01M;Sistemas Microinformáticos y Redes;Presencial;Pública;1.0;1.0;;C/ Filiberto Villalobos, 7;37770;923 58 1066;37010108@educa.jcyl.es;http://iesviadelaplata.centros.educa.jcyl.es;40.54864, -5.67462
Salamanca;Guijuelo;37010108;IES VÍA DE LA PLATA;Educación;Informática y Comunicaciones;IFC;Grado Básico;IFC01B;Informática y Comunicaciones;Presencial;Pública;1.0;1.0;;C/ Filiberto Villalobos, 7;37770;923 58 1066;37010108@educa.jcyl.es;http://iesviadelaplata.centros.educa.jcyl.es;40.54864, -5.67462
Salamanca;Salamanca;37010145;INSTITUTO DE ENSEÑANZAS APLICADAS;Privada;Imagen Personal;IMP;Grado Medio;IMP01M;Estética y Belleza;Presencial;Concertada;1.0;1.0;;C/ Fray Junípero Serra, 22;37005;923 22 6407;37010145@educa.jcyl.es;http://www.ieasa.org/;40.9767, -5.65795
Salamanca;Salamanca;37010145;INSTITUTO DE ENSEÑANZAS APLICADAS;Privada;Servicios Socioculturales y a la Comunidad;SSC;Grado Superior;SSC05S;Mediación Comunicativa;Presencial;Concertada;1.0;1.0;;C/ Fray Junípero Serra, 22;37005;923 22 6407;37010145@educa.jcyl.es;http://www.ieasa.org/;40.9767, -5.65795
Salamanca;Salamanca;37010145;INSTITUTO DE ENSEÑANZAS APLICADAS;Privada;Imagen Personal;IMP;Grado Superior;IMP01S;Estética Integral y Bienestar;Presencial;Concertada;1.0;1.0;;C/ Fray Junípero Serra, 22;37005;923 22 6407;37010145@educa.jcyl.es;http://www.ieasa.org/;40.9767, -5.65795
Salamanca;Salamanca;37010145;INSTITUTO DE ENSEÑANZAS APLICADAS;Privada;Sanidad;SAN;Grado Medio;SAN02M;Farmacia y Parafarmacia;Presencial;Concertada;2.0;2.0;;C/ Fray Junípero Serra, 22;37005;923 22 6407;37010145@educa.jcyl.es;http://www.ieasa.org/;40.9767, -5.65795
Salamanca;Salamanca;37010145;INSTITUTO DE ENSEÑANZAS APLICADAS;Privada;Servicios Socioculturales y a la Comunidad;SSC;Grado Superior;SSC01S;Educación Infantil;Presencial;Concertada;1.0;1.0;;C/ Fray Junípero Serra, 22;37005;923 22 6407;37010145@educa.jcyl.es;http://www.ieasa.org/;40.9767, -5.65795
Salamanca;Salamanca;37010145;INSTITUTO DE ENSEÑANZAS APLICADAS;Privada;Servicios Socioculturales y a la Comunidad;SSC;Grado Superior;SSC01Sd;Educación Infantil (distancia);Distancia;Privada;1.0;0.0;;C/ Fray Junípero Serra, 22;37005;923 22 6407;37010145@educa.jcyl.es;http://www.ieasa.org/;40.9767, -5.65795
Salamanca;Salamanca;37013341;CIFP RÍO TORMES;Educación;Electricidad y Electrónica;ELE;Grado Básico;ELE01B;Electricidad y Electrónica;Presencial;Pública;1.0;1.0;;C/ Colombia, 42;37003;923 18 6961;37013341@educa.jcyl.es;http://www.riotormes.com/;40.96889, -5.64182
Salamanca;Salamanca;37013341;CIFP RÍO TORMES;Educación;Electricidad y Electrónica;ELE;Grado Medio;ELE01M;Instalaciones Eléctricas y Automáticas;Presencial;Pública;1.0;1.0;;C/ Colombia, 42;37003;923 18 6961;37013341@educa.jcyl.es;http://www.riotormes.com/;40.96889, -5.64182
Salamanca;Salamanca;37013341;CIFP RÍO TORMES;Educación;Instalación y Mantenimiento;IMA;Grado Superior;MSP34;Prevención de Riesgos Profesionales;Presencial;Pública;1.0;1.0;;C/ Colombia, 42;37003;923 18 6961;37013341@educa.jcyl.es;http://www.riotormes.com/;40.96889, -5.64182
Salamanca;Salamanca;37013341;CIFP RÍO TORMES;Educación;Transporte y Mantenimiento de Vehículos;TMV;Grado Medio;TMV01M;Carrocería;Presencial;Pública;1.0;1.0;;C/ Colombia, 42;37003;923 18 6961;37013341@educa.jcyl.es;http://www.riotormes.com/;40.96889, -5.64182
Salamanca;Salamanca;37013341;CIFP RÍO TORMES;Educación;Transporte y Mantenimiento de Vehículos;TMV;Grado Medio;TMV02M;Electromecánica de Vehículos Automóviles;Presencial;Pública;2.0;2.0;;C/ Colombia, 42;37003;923 18 6961;37013341@educa.jcyl.es;http://www.riotormes.com/;40.96889, -5.64182
Salamanca;Salamanca;37013341;CIFP RÍO TORMES;Educación;Transporte y Mantenimiento de Vehículos;TMV;Grado Medio;TMV03M;Electromecánica de maquinaria;Presencial;Pública;1.0;1.0;;C/ Colombia, 42;37003;923 18 6961;37013341@educa.jcyl.es;http://www.riotormes.com/;40.96889, -5.64182
Salamanca;Salamanca;37013341;CIFP RÍO TORMES;Educación;Transporte y Mantenimiento de Vehículos;TMV;Grado Superior;TMV01S;Automoción;Presencial;Pública;2.0;2.0;;C/ Colombia, 42;37003;923 18 6961;37013341@educa.jcyl.es;http://www.riotormes.com/;40.96889, -5.64182
Salamanca;Salamanca;37013341;CIFP RÍO TORMES;Educación;Transporte y Mantenimiento de Vehículos;TMV;Grado Superior;TMV04S;Mantenimiento Aeromecánico de Helicópteros con Motor de Turbina;Presencial;Pública;1.0;0.0;0;C/ Colombia, 42;37003;923 18 6961;37013341@educa.jcyl.es;http://www.riotormes.com/;40.96889, -5.64182
Salamanca;Salamanca;37013341;CIFP RÍO TORMES;Educación;Transporte y Mantenimiento de Vehículos;TMV;Curso Especialización;TMV02E;Mantenimiento de vehículos híbridos y eléctricos;Presencial;Pública;1.0;0.0;;C/ Colombia, 42;37003;923 18 6961;37013341@educa.jcyl.es;http://www.riotormes.com/;40.96889, -5.64182
Salamanca;Salamanca;37013341;CIFP RÍO TORMES;Educación;Electricidad y Electrónica;ELE;Grado Medio;ELE01Md;Instalaciones Eléctricas y Automáticas (distancia);Distancia;Pública;1.0;0.0;;C/ Colombia, 42;37003;923 18 6961;37013341@educa.jcyl.es;http://www.riotormes.com/;40.96889, -5.64182
Salamanca;Salamanca;37013341;CIFP RÍO TORMES;Educación;Electricidad y Electrónica;ELE;Grado Medio;ELE02M;Instalaciones de Telecomunicaciones;Presencial;Pública;1.0;1.0;;C/ Colombia, 42;37003;923 18 6961;37013341@educa.jcyl.es;http://www.riotormes.com/;40.96889, -5.64182
Salamanca;Salamanca;37013341;CIFP RÍO TORMES;Educación;Electricidad y Electrónica;ELE;Grado Superior;ELE01S;Sistemas Electrotécnicos y Automatizados;Presencial;Pública;1.0;1.0;;C/ Colombia, 42;37003;923 18 6961;37013341@educa.jcyl.es;http://www.riotormes.com/;40.96889, -5.64182
Salamanca;Salamanca;37013341;CIFP RÍO TORMES;Educación;Electricidad y Electrónica;ELE;Grado Superior;ELE03S;Mantenimiento Electrónico;Presencial;Pública;1.0;1.0;;C/ Colombia, 42;37003;923 18 6961;37013341@educa.jcyl.es;http://www.riotormes.com/;40.96889, -5.64182
Salamanca;Salamanca;37013341;CIFP RÍO TORMES;Educación;Instalación y Mantenimiento;IMA;Grado Medio;IMA02M;Instalaciones Frigoríficas y de Climatización;Presencial;Pública;1.0;1.0;;C/ Colombia, 42;37003;923 18 6961;37013341@educa.jcyl.es;http://www.riotormes.com/;40.96889, -5.64182
Salamanca;Salamanca;37013341;CIFP RÍO TORMES;Educación;Instalación y Mantenimiento;IMA;Grado Superior;IMA02S;Mantenimiento de Instalaciones Térmicas y de Fluidos;Presencial;Pública;1.0;0.0;;C/ Colombia, 42;37003;923 18 6961;37013341@educa.jcyl.es;http://www.riotormes.com/;40.96889, -5.64182
Salamanca;Salamanca;37013341;CIFP RÍO TORMES;Educación;Transporte y Mantenimiento de Vehículos;TMV;Grado Superior;TMV02S;Mantenimiento Aeromecánico de Aviones con Motor de Turbina;Presencial;Pública;1.0;1.0;1;C/ Colombia, 42;37003;923 18 6961;37013341@educa.jcyl.es;http://www.riotormes.com/;40.96889, -5.64182
Salamanca;Salamanca;37013341;CIFP RÍO TORMES;Educación;Transporte y Mantenimiento de Vehículos;TMV;Curso Especialización;TMV03E;Mantenimiento y seguridad en sistemas  de vehículos hibridos y eléctricos;Presencial;Pública;1.0;0.0;;C/ Colombia, 42;37003;923 18 6961;37013341@educa.jcyl.es;http://www.riotormes.com/;40.96889, -5.64182
Salamanca;Salamanca;37013341;CIFP RÍO TORMES;Educación;Transporte y Mantenimiento de Vehículos;TMV;Curso Especialización;TMV04E;Aeronaves pilotadas de forma remota - Drones;Presencial;Pública;1.0;0.0;;C/ Colombia, 42;37003;923 18 6961;37013341@educa.jcyl.es;http://www.riotormes.com/;40.96889, -5.64182
Salamanca;Béjar;37013626;CIFP CIUDAD DE BÉJAR;Educación;Administración y Gestión;ADG;Grado Medio;ADG01M;Gestión Administrativa;Presencial;Pública;1.0;1.0;;C/ Zúñiga Rodríguez, 27;37700;923 40 07 50;37013626@educa.jcyl.es;http://cifpbejar.centros.educa.jcyl.es/sitio/index.cgi;40.38515, -5.76173
Salamanca;Béjar;37013626;CIFP CIUDAD DE BÉJAR;Educación;Electricidad y Electrónica;ELE;Grado Medio;ELE01M;Instalaciones Eléctricas y Automáticas;Presencial;Pública;1.0;1.0;;C/ Zúñiga Rodríguez, 27;37700;923 40 07 50;37013626@educa.jcyl.es;http://cifpbejar.centros.educa.jcyl.es/sitio/index.cgi;40.38515, -5.76173
Salamanca;Béjar;37013626;CIFP CIUDAD DE BÉJAR;Educación;Textil, Confección y Piel;TCP;Grado Superior;TCP01S;Patronaje y Moda;Presencial;Pública;1.0;1.0;;C/ Zúñiga Rodríguez, 27;37700;923 40 07 50;37013626@educa.jcyl.es;http://cifpbejar.centros.educa.jcyl.es/sitio/index.cgi;40.38515, -5.76173
Salamanca;Béjar;37013626;CIFP CIUDAD DE BÉJAR;Educación;Administración y Gestión;ADG;Grado Superior;ADG02S;Administración y Finanzas;Presencial;Pública;1.0;1.0;;C/ Zúñiga Rodríguez, 27;37700;923 40 07 50;37013626@educa.jcyl.es;http://cifpbejar.centros.educa.jcyl.es/sitio/index.cgi;40.38515, -5.76173
Salamanca;Béjar;37013626;CIFP CIUDAD DE BÉJAR;Educación;Electricidad y Electrónica;ELE;Grado Superior;ELE04S;Automatización y Robótica Industrial;Presencial;Pública;1.0;1.0;;C/ Zúñiga Rodríguez, 27;37700;923 40 07 50;37013626@educa.jcyl.es;http://cifpbejar.centros.educa.jcyl.es/sitio/index.cgi;40.38515, -5.76173
Salamanca;Béjar;37013626;CIFP CIUDAD DE BÉJAR;Educación;Electricidad y Electrónica;ELE;Curso Especialización;ELE05E;Robótica Colaborativa;Presencial;Pública;1.0;0.0;;C/ Zúñiga Rodríguez, 27;37700;923 40 07 50;37013626@educa.jcyl.es;http://cifpbejar.centros.educa.jcyl.es/sitio/index.cgi;40.38515, -5.76173
Salamanca;Béjar;37013626;CIFP CIUDAD DE BÉJAR;Educación;Textil, Confección y Piel;TCP;Grado Medio;TCP01M;Confección y Moda;Presencial;Pública;1.0;1.0;;C/ Zúñiga Rodríguez, 27;37700;923 40 07 50;37013626@educa.jcyl.es;http://cifpbejar.centros.educa.jcyl.es/sitio/index.cgi;40.38515, -5.76173
Salamanca;Carbajosa de la Sagrada;37013729;CIFP ESCUELA DE HOSTELERÍA DE SALAMANCA;Privada;Hostelería y Turismo;HOT;Grado Medio;HOT01M;Cocina y Gastronomía;Presencial;Privada;1.0;1.0;;C/ Segunda, 39;37188;923 10 0991;37013729@educa.jcyl.es;https://www.escuelahosteleriasalamanca.es/;40.93918, -5.66037
Salamanca;Carbajosa de la Sagrada;37013729;CIFP ESCUELA DE HOSTELERÍA DE SALAMANCA;Privada;Hostelería y Turismo;HOT;Grado Superior;HOT03Sd;Guía, Información y Asistencia Turística (distancia);Distancia;Privada;1.0;0.0;;C/ Segunda, 39;37188;923 10 0991;37013729@educa.jcyl.es;https://www.escuelahosteleriasalamanca.es/;40.93918, -5.66037
Salamanca;Carbajosa de la Sagrada;37013729;CIFP ESCUELA DE HOSTELERÍA DE SALAMANCA;Privada;Hostelería y Turismo;HOT;Grado Superior;HOT04Sd;Dirección de cocina (distancia);Distancia;Privada;1.0;0.0;;C/ Segunda, 39;37188;923 10 0991;37013729@educa.jcyl.es;https://www.escuelahosteleriasalamanca.es/;40.93918, -5.66037
Salamanca;Salamanca;37013857;CASA ESCUELA SANTIAGO UNO;Privada;Hostelería y Turismo;HOT;Grado Básico;HOT01B;Cocina y Restauración;Presencial;Concertada;1.0;1.0;;C/ Santiago, 1;37008;923 219 511;37013857@educa.jcyl.es;https://casaescuelasantiagouno.es/;40.95894, -5.66707
Salamanca;Salamanca;37013857;CASA ESCUELA SANTIAGO UNO;Privada;Servicios Socioculturales y a la Comunidad;SSC;Grado Superior;SSC03S;Integración Social;Presencial;Concertada;1.0;1.0;;C/ Santiago, 1;37008;923 219 511;37013857@educa.jcyl.es;https://casaescuelasantiagouno.es/;40.95894, -5.66707
Salamanca;Salamanca;37013857;CASA ESCUELA SANTIAGO UNO;Privada;Servicios Socioculturales y a la Comunidad;SSC;Grado Superior;SSC03Sd;Integración Social (distancia);Distancia;Privada;1.0;0.0;;C/ Santiago, 1;37008;923 21 9511;37013857@educa.jcyl.es;https://casaescuelasantiagouno.es/;40.95894, -5.66707
Salamanca;Peñaranda de Bracamonte;37013882;IES GERMÁN SÁNCHEZ RUIPEREZ;Educación;Administración y Gestión;ADG;Grado Medio;ADG01M;Gestión Administrativa;Presencial;Pública;1.0;1.0;;Ctra. de Madrid, Km 1,5;37300;923 54 1654;37013882@educa.jcyl.es;http://iespenarandadebracamonte.centros.educa.jcyl.es/;40.9023, -5.20508
Salamanca;Peñaranda de Bracamonte;37013882;IES GERMÁN SÁNCHEZ RUIPEREZ;Educación;Informática y Comunicaciones;IFC;Grado Básico;IFC01B;Informática y Comunicaciones;Presencial;Pública;1.0;1.0;;Ctra. de Madrid, Km 1,5;37300;923 54 1654;37013882@educa.jcyl.es;http://iespenarandadebracamonte.centros.educa.jcyl.es/;40.9023, -5.20508
Salamanca;Peñaranda de Bracamonte;37013882;IES GERMÁN SÁNCHEZ RUIPEREZ;Educación;Informática y Comunicaciones;IFC;Grado Medio;IFC01M;Sistemas Microinformáticos y Redes;Presencial;Pública;1.0;1.0;;Ctra. de Madrid, Km 1,5;37300;923 54 1654;37013882@educa.jcyl.es;http://iespenarandadebracamonte.centros.educa.jcyl.es/;40.9023, -5.20508
Salamanca;Salamanca;37013985;ESYDE SALAMANCA;Privada;Actividades Físicas y Deportivas;AFD;Grado Medio;AFD02M;Guía en el medio natural y de tiempo libre;Presencial;Privada;1.0;1.0;;Paseo de Canalejas, 139;37001;654 451 800;37013985@educa.jcyl.es;https://esyde.eu/esyde-fp-salamanca/;40.96023, -5.66164
Salamanca;Salamanca;37013985;ESYDE SALAMANCA;Privada;Actividades Físicas y Deportivas;AFD;Grado Superior;AFD02S;Acondicionamiento Físico;Presencial;Privada;1.0;1.0;;Paseo de Canalejas, 139;37001;654 451 800;37013985@educa.jcyl.es;https://esyde.eu/esyde-fp-salamanca/;40.96023, -5.66164
Salamanca;Salamanca;37013985;ESYDE SALAMANCA;Privada;Comercio y Marketing;COM;Grado Superior;COM01S;Marketing y Publicidad;Presencial;Privada;1.0;1.0;;Paseo de Canalejas, 139;37001;654 451 800;37013985@educa.jcyl.es;https://esyde.eu/esyde-fp-salamanca/;40.96023, -5.66164
Salamanca;Salamanca;37013985;ESYDE SALAMANCA;Privada;Actividades Físicas y Deportivas;AFD;Grado Superior;AFD01S;Enseñanza y Animación Sociodeportiva;Presencial;Privada;1.0;1.0;;Paseo de Canalejas, 139;37001;654 451 800;37013985@educa.jcyl.es;https://esyde.eu/esyde-fp-salamanca/;40.96023, -5.66164
Salamanca;Salamanca;37013985;ESYDE SALAMANCA;Privada;Servicios Socioculturales y a la Comunidad;SSC;Grado Superior;SSC01S;Educación Infantil;Presencial;Privada;1.0;0.0;;Paseo de Canalejas, 139;37001;654 451 800;37013985@educa.jcyl.es;https://esyde.eu/esyde-fp-salamanca/;40.96023, -5.66164
Salamanca;Ciudad Rodrigo;37013997;NAZARET BLANCO;Privada;Sanidad;SAN;Grado Medio;SAN02M;Farmacia y Parafarmacia;Presencial;Privada;1.0;1.0;;C/ Clemente Velasco, 11;37500;622 611 677;37013997@educa.jcyl.es;https://nazaretblanco.es/;40.59189, -6.54029
Salamanca;Ciudad Rodrigo;37013997;NAZARET BLANCO;Privada;Sanidad;SAN;Grado Medio;SAN21;Cuidados Auxiliares de Enfermería;Presencial;Privada;1.0;1.0;;C/ Clemente Velasco, 11;37500;622 611 677;37013997@educa.jcyl.es;https://nazaretblanco.es/;40.59189, -6.54029
Salamanca;Ciudad Rodrigo;37013997;NAZARET BLANCO;Privada;Sanidad;SAN;Grado Superior;SAN32;Dietética;Presencial;Privada;1.0;1.0;;C/ Clemente Velasco, 11;37500;622 611 677;37013997@educa.jcyl.es;https://nazaretblanco.es/;40.59189, -6.54029
Salamanca;Ciudad Rodrigo;37013997;NAZARET BLANCO;Privada;Servicios Socioculturales y a la Comunidad;SSC;Grado Superior;SSC01S;Educación Infantil;Presencial;Privada;1.0;1.0;;C/ Clemente Velasco, 11;37500;622 611 677;37013997@educa.jcyl.es;https://nazaretblanco.es/;40.59189, -6.54029
Salamanca;Ciudad Rodrigo;37013997;NAZARET BLANCO;Privada;Administración y Gestión;ADG;Grado Superior;ADG02S;Administración y Finanzas;Presencial;Privada;1.0;1.0;;C/ Clemente Velasco, 11;37500;622 611 677;37013997@educa.jcyl.es;https://nazaretblanco.es/;40.59189, -6.54029
Salamanca;Ciudad Rodrigo;37013997;NAZARET BLANCO;Privada;Imagen Personal;IMP;Grado Medio;IMP01M;Estética y Belleza;Presencial;Privada;1.0;1.0;;C/ Clemente Velasco, 11;37500;622 611 677;37013997@educa.jcyl.es;https://nazaretblanco.es/;40.59189, -6.54029
Salamanca;Ciudad Rodrigo;37013997;NAZARET BLANCO;Privada;Sanidad;SAN;Grado Medio;SAN21d;Cuidados Auxiliares de Enfermería (distancia);Distancia;Privada;1.0;0.0;;C/ Clemente Velasco, 11;37500;622 611 677;37013997@educa.jcyl.es;https://nazaretblanco.es/;40.59189, -6.54029
Salamanca;Ciudad Rodrigo;37013997;NAZARET BLANCO;Privada;Comercio y Marketing;COM;Grado Superior;COM01S;Marketing y Publicidad;Presencial;Privada;1.0;1.0;;C/ Clemente Velasco, 11;37500;622 611 677;37013997@educa.jcyl.es;https://nazaretblanco.es/;40.59189, -6.54029
Salamanca;Ciudad Rodrigo;37013997;NAZARET BLANCO;Privada;Sanidad;SAN;Grado Medio;SAN02Md;Farmacia y Parafarmacia (distancia);Distancia;Privada;1.0;0.0;;C/ Clemente Velasco, 11;37500;622 611 677;37013997@educa.jcyl.es;https://nazaretblanco.es/;40.59189, -6.54029
Salamanca;Ciudad Rodrigo;37013997;NAZARET BLANCO;Privada;Sanidad;SAN;Grado Superior;SAN06S;Higiene Bucodental;Presencial;Privada;1.0;1.0;;C/ Clemente Velasco, 11;37500;622 611 677;37013997@educa.jcyl.es;https://nazaretblanco.es/;40.59189, -6.54029
Salamanca;Salamanca;37014096;SANITIO FORMACIÓN SALAMANCA;Privada;Sanidad;SAN;Grado Superior;SAN07S;Imagen para el Diagnóstico y Medicina Nuclear;Presencial;Privada;1.0;1.0;;Avda. de los Maristas, 19-55;37007;666 500 835;37014096@educa.jcyl.es;https://www.sanitioformacion.com/centro-sanitio-salamanca/;40.9652, -5.67765
Segovia;Cantalejo;40000550;IES HOCES DEL DURATÓN;Educación;Administración y Gestión;ADG;Grado Básico;ADG01B;Servicios Administrativos;Presencial;Pública;1.0;1.0;;C/ Jacinto Benavente, 14;40320;921 52 0283;40000550@educa.jcyl.es;http://ieshocesdelduraton.centros.educa.jcyl.es;41.25565, -3.92579
Segovia;Cantalejo;40000550;IES HOCES DEL DURATÓN;Educación;Administración y Gestión;ADG;Grado Medio;ADG01M;Gestión Administrativa;Presencial;Pública;1.0;0.0;;C/ Jacinto Benavente, 14;40320;921 52 0283;40000550@educa.jcyl.es;http://ieshocesdelduraton.centros.educa.jcyl.es;41.25565, -3.92579
Segovia;Nava de la Asunción;40002169;IES JAIME GIL DE BIEDMA;Educación;Informática y Comunicaciones;IFC;Grado Medio;IFC01M;Sistemas Microinformáticos y Redes;Presencial;Pública;1.0;1.0;;C/ Murillo, 4;40450;921 58 0127;40002169@educa.jcyl.es;http://iesjaimegildebiedma.centros.educa.jcyl.es;41.15194, -4.48871
Segovia;Nava de la Asunción;40002169;IES JAIME GIL DE BIEDMA;Educación;Informática y Comunicaciones;IFC;Grado Básico;IFC02B;Informática de Oficina;Presencial;Pública;1.0;0.0;;C/ Murillo, 4;40450;921 58 0127;40002169@educa.jcyl.es;http://iesjaimegildebiedma.centros.educa.jcyl.es;41.15194, -4.48871
Segovia;Segovia;40003642;IES ANDRÉS LAGUNA;Educación;Edificación y Obra Civil;EOC;Grado Superior;EOC01S;Proyectos de Edificación;Presencial;Pública;1.0;1.0;;Paseo Conde Sepúlveda, 18;40002;921 42 0550;40003642@educa.jcyl.es;http://iesandreslaguna.centros.educa.jcyl.es;40.93903, -4.11581
Segovia;Segovia;40003642;IES ANDRÉS LAGUNA;Educación;Imagen y Sonido;IMS;Grado Medio;IMS01M;Vídeo Disc-Jockey y Sonido;Presencial;Pública;1.0;0.0;;Paseo Conde Sepúlveda, 18;40002;921 42 0550;40003642@educa.jcyl.es;http://iesandreslaguna.centros.educa.jcyl.es;40.93903, -4.11581
Segovia;Segovia;40003666;IES MARÍA MOLINER;Educación;Administración y Gestión;ADG;Grado Medio;ADG01M;Gestión Administrativa;Presencial;Pública;1.0;1.0;;C/ Ávila, 1;40004;921 42 7011;40003666@educa.jcyl.es;http://www.iesmariamoliner.com;40.94458, -4.1054
Segovia;Segovia;40003666;IES MARÍA MOLINER;Educación;Electricidad y Electrónica;ELE;Grado Básico;ELE01B;Electricidad y Electrónica;Presencial;Pública;1.0;1.0;;C/ Ávila, 1;40004;921 42 7011;40003666@educa.jcyl.es;http://www.iesmariamoliner.com;40.94458, -4.1054
Segovia;Segovia;40003666;IES MARÍA MOLINER;Educación;Informática y Comunicaciones;IFC;Grado Básico;IFC01B;Informática y Comunicaciones;Presencial;Pública;1.0;1.0;;C/ Ávila, 1;40004;921 42 7011;40003666@educa.jcyl.es;http://www.iesmariamoliner.com;40.94458, -4.1054
Segovia;Segovia;40003666;IES MARÍA MOLINER;Educación;Informática y Comunicaciones;IFC;Grado Superior;IFC02Sd;Desarrollo de Aplicaciones Multiplataforma (distancia);Distancia;Pública;1.0;0.0;;C/ Ávila, 1;40004;921 42 7011;40003666@educa.jcyl.es;http://www.iesmariamoliner.com;40.94458, -4.1054
Segovia;Segovia;40003666;IES MARÍA MOLINER;Educación;Informática y Comunicaciones;IFC;Grado Superior;IFC03S;Desarrollo de Aplicaciones WEB;Presencial;Pública;1.0;1.0;;C/ Ávila, 1;40004;921 42 7011;40003666@educa.jcyl.es;http://www.iesmariamoliner.com;40.94458, -4.1054
Segovia;Segovia;40003666;IES MARÍA MOLINER;Educación;Administración y Gestión;ADG;Grado Superior;ADG02S;Administración y Finanzas;Presencial;Pública;1.0;1.0;;C/ Ávila, 1;40004;921 42 7011;40003666@educa.jcyl.es;http://www.iesmariamoliner.com;40.94458, -4.1054
Segovia;Segovia;40003666;IES MARÍA MOLINER;Educación;Electricidad y Electrónica;ELE;Grado Medio;ELE01M;Instalaciones Eléctricas y Automáticas;Presencial;Pública;1.0;1.0;;C/ Ávila, 1;40004;921 42 7011;40003666@educa.jcyl.es;http://www.iesmariamoliner.com;40.94458, -4.1054
Segovia;Segovia;40003666;IES MARÍA MOLINER;Educación;Electricidad y Electrónica;ELE;Grado Medio;ELE02M;Instalaciones de Telecomunicaciones;Presencial;Pública;1.0;1.0;;C/ Ávila, 1;40004;921 42 7011;40003666@educa.jcyl.es;http://www.iesmariamoliner.com;40.94458, -4.1054
Segovia;Segovia;40003666;IES MARÍA MOLINER;Educación;Electricidad y Electrónica;ELE;Grado Superior;ELE01S;Sistemas Electrotécnicos y Automatizados;Presencial;Pública;1.0;1.0;;C/ Ávila, 1;40004;921 42 7011;40003666@educa.jcyl.es;http://www.iesmariamoliner.com;40.94458, -4.1054
Segovia;Segovia;40003666;IES MARÍA MOLINER;Educación;Electricidad y Electrónica;ELE;Grado Superior;ELE03S;Mantenimiento Electrónico;Presencial;Pública;1.0;1.0;;C/ Ávila, 1;40004;921 42 7011;40003666@educa.jcyl.es;http://www.iesmariamoliner.com;40.94458, -4.1054
Segovia;Segovia;40003666;IES MARÍA MOLINER;Educación;Informática y Comunicaciones;IFC;Grado Medio;IFC01M;Sistemas Microinformáticos y Redes;Presencial;Pública;1.0;1.0;;C/ Ávila, 1;40004;921 42 7011;40003666@educa.jcyl.es;http://www.iesmariamoliner.com;40.94458, -4.1054
Segovia;Segovia;40003666;IES MARÍA MOLINER;Educación;Administración y Gestión;ADG;Grado Medio;ADG01Md;Gestión Administrativa (distancia);Distancia;Pública;1.0;0.0;;C/ Ávila, 1;40004;921 42 7011;40003666@educa.jcyl.es;http://www.iesmariamoliner.com;40.94458, -4.1054
Segovia;Segovia;40003666;IES MARÍA MOLINER;Educación;Administración y Gestión;ADG;Grado Superior;ADG01S;Asistencia a la Dirección;Presencial;Pública;1.0;1.0;;C/ Ávila, 1;40004;921 42 7011;40003666@educa.jcyl.es;http://www.iesmariamoliner.com;40.94458, -4.1054
Segovia;Segovia;40003666;IES MARÍA MOLINER;Educación;Informática y Comunicaciones;IFC;Grado Superior;IFC01S;Administración de Sistemas Informáticos en Red;Presencial;Pública;1.0;1.0;;C/ Ávila, 1;40004;921 42 7011;40003666@educa.jcyl.es;http://www.iesmariamoliner.com;40.94458, -4.1054
Segovia;Segovia;40003678;IES LA ALBUERA;Educación;Actividades Físicas y Deportivas;AFD;Grado Superior;AFD01S;Enseñanza y Animación Sociodeportiva;Presencial;Pública;1.0;1.0;;Avda. don Juan de Borbón, 23;40004;921 42 0879;40003678@educa.jcyl.es;http://ieslaalbuera.centros.educa.jcyl.es;40.94072, -4.10469
Segovia;Segovia;40003678;IES LA ALBUERA;Educación;Instalación y Mantenimiento;IMA;Grado Superior;IMA03S;Mecatrónica Industrial;Presencial;Pública;1.0;1.0;;Avda. don Juan de Borbón, 23;40004;921 42 0879;40003678@educa.jcyl.es;http://ieslaalbuera.centros.educa.jcyl.es;40.94072, -4.10469
Segovia;Segovia;40003678;IES LA ALBUERA;Educación;Transporte y Mantenimiento de Vehículos;TMV;Grado Medio;TMV01M;Carrocería;Presencial;Pública;1.0;1.0;;Avda. don Juan de Borbón, 23;40004;921 42 0879;40003678@educa.jcyl.es;http://ieslaalbuera.centros.educa.jcyl.es;40.94072, -4.10469
Segovia;Segovia;40003678;IES LA ALBUERA;Educación;Fabricación Mecánica;FME;Grado Superior;FME02S;Construcciones Metálicas;Presencial;Pública;1.0;1.0;;Avda. don Juan de Borbón, 23;40004;921 42 0879;40003678@educa.jcyl.es;http://ieslaalbuera.centros.educa.jcyl.es;40.94072, -4.10469
Segovia;Segovia;40003678;IES LA ALBUERA;Educación;Instalación y Mantenimiento;IMA;Grado Medio;IMA03M;Mantenimiento Electromecánico;Presencial;Pública;1.0;1.0;;Avda. don Juan de Borbón, 23;40004;921 42 0879;40003678@educa.jcyl.es;http://ieslaalbuera.centros.educa.jcyl.es;40.94072, -4.10469
Segovia;Segovia;40003678;IES LA ALBUERA;Educación;Transporte y Mantenimiento de Vehículos;TMV;Grado Medio;TMV02M;Electromecánica de Vehículos Automóviles;Presencial;Pública;2.0;1.0;;Avda. don Juan de Borbón, 23;40004;921 42 0879;40003678@educa.jcyl.es;http://ieslaalbuera.centros.educa.jcyl.es;40.94072, -4.10469
Segovia;Segovia;40003678;IES LA ALBUERA;Educación;Actividades Físicas y Deportivas;AFD;Grado Superior;AFD02S;Acondicionamiento Físico;Presencial;Pública;1.0;1.0;;Avda. don Juan de Borbón, 23;40004;921 42 0879;40003678@educa.jcyl.es;http://ieslaalbuera.centros.educa.jcyl.es;40.94072, -4.10469
Segovia;Segovia;40003678;IES LA ALBUERA;Educación;Fabricación Mecánica;FME;Grado Básico;FME01B;Fabricación y Montaje;Presencial;Pública;1.0;1.0;;Avda. don Juan de Borbón, 23;40004;921 42 0879;40003678@educa.jcyl.es;http://ieslaalbuera.centros.educa.jcyl.es;40.94072, -4.10469
Segovia;Segovia;40003678;IES LA ALBUERA;Educación;Fabricación Mecánica;FME;Grado Medio;FME02M;Soldadura y Calderería;Presencial;Pública;1.0;0.0;;Avda. don Juan de Borbón, 23;40004;921 42 0879;40003678@educa.jcyl.es;http://ieslaalbuera.centros.educa.jcyl.es;40.94072, -4.10469
Segovia;Segovia;40003678;IES LA ALBUERA;Educación;Instalación y Mantenimiento;IMA;Curso Especialización;IMA01E;Digitalización del Mantenimiento Industrial;Presencial;Pública;1.0;0.0;;Avda. don Juan de Borbón, 23;40004;921 42 08 79;40003678@educa.jcyl.es;http://ieslaalbuera.centros.educa.jcyl.es;40.94072, -4.10469
Segovia;Segovia;40003678;IES LA ALBUERA;Educación;Transporte y Mantenimiento de Vehículos;TMV;Grado Básico;TMV01B;Mantenimiento de Vehículos;Presencial;Pública;1.0;1.0;;Avda. don Juan de Borbón, 23;40004;921 42 0879;40003678@educa.jcyl.es;http://ieslaalbuera.centros.educa.jcyl.es;40.94072, -4.10469
Segovia;Segovia;40003678;IES LA ALBUERA;Educación;Transporte y Mantenimiento de Vehículos;TMV;Grado Superior;TMV01S;Automoción;Presencial;Pública;1.0;1.0;;Avda. don Juan de Borbón, 23;40004;921 42 0879;40003678@educa.jcyl.es;http://ieslaalbuera.centros.educa.jcyl.es;40.94072, -4.10469
Segovia;Segovia;40003708;IES FRANCISCO GINER DE LOS RÍOS;Educación;Servicios Socioculturales y a la Comunidad;SSC;Grado Medio;SSC01M;Atención a Personas en Situación de Dependencia;Presencial;Pública;1.0;1.0;;Avda. de la Constitución, s/n;40006;921 42 3512;40003708@educa.jcyl.es;http://iesfranciscoginerdelosrios.centros.educa.jcyl.es/sitio/;40.93683, -4.1103
Segovia;Segovia;40003708;IES FRANCISCO GINER DE LOS RÍOS;Educación;Servicios Socioculturales y a la Comunidad;SSC;Grado Superior;SSC01S;Educación Infantil;Presencial;Pública;1.0;1.0;;Avda. de la Constitución, s/n;40006;921 42 3512;40003708@educa.jcyl.es;http://iesfranciscoginerdelosrios.centros.educa.jcyl.es/sitio/;40.93683, -4.1103
Segovia;Cuéllar;40004257;IES DUQUE DE ALBURQUERQUE;Educación;Electricidad y Electrónica;ELE;Grado Básico;ELE01B;Electricidad y Electrónica;Presencial;Pública;1.0;1.0;;C/ Palacio s/n;40200;921 14 3302;40004257@educa.jcyl.es;http://iesduquedealburquerque.centros.educa.jcyl.es;41.40144, -4.31908
Segovia;Cuéllar;40004257;IES DUQUE DE ALBURQUERQUE;Educación;Administración y Gestión;ADG;Grado Básico;ADG01B;Servicios Administrativos;Presencial;Pública;1.0;1.0;;C/ Palacio s/n;40200;921 14 3302;40004257@educa.jcyl.es;http://iesduquedealburquerque.centros.educa.jcyl.es;41.40144, -4.31908
Segovia;Cuéllar;40004257;IES DUQUE DE ALBURQUERQUE;Educación;Administración y Gestión;ADG;Grado Medio;ADG01M;Gestión Administrativa;Presencial;Pública;1.0;1.0;;C/ Palacio s/n;40200;921 14 3302;40004257@educa.jcyl.es;http://iesduquedealburquerque.centros.educa.jcyl.es;41.40144, -4.31908
Segovia;Cuéllar;40004257;IES DUQUE DE ALBURQUERQUE;Educación;Administración y Gestión;ADG;Grado Superior;ADG02S;Administración y Finanzas;Presencial;Pública;1.0;1.0;;C/ Palacio s/n;40200;921 14 3302;40004257@educa.jcyl.es;http://iesduquedealburquerque.centros.educa.jcyl.es;41.40144, -4.31908
Segovia;Cuéllar;40004257;IES DUQUE DE ALBURQUERQUE;Educación;Electricidad y Electrónica;ELE;Grado Medio;ELE01M;Instalaciones Eléctricas y Automáticas;Presencial;Pública;1.0;1.0;;C/ Palacio s/n;40200;921 14 3302;40004257@educa.jcyl.es;http://iesduquedealburquerque.centros.educa.jcyl.es;41.40144, -4.31908
Segovia;Cuéllar;40004257;IES DUQUE DE ALBURQUERQUE;Educación;Electricidad y Electrónica;ELE;Grado Superior;ELE01S;Sistemas Electrotécnicos y Automatizados;Presencial;Pública;1.0;1.0;;C/ Palacio s/n;40200;921 14 3302;40004257@educa.jcyl.es;http://iesduquedealburquerque.centros.educa.jcyl.es;41.40144, -4.31908
Segovia;Segovia;40004351;IES EZEQUIEL GONZÁLEZ;Educación;Madera, Mueble y Corcho;MAM;Grado Básico;MAM01B;Carpintería y Mueble;Presencial;Pública;1.0;1.0;;Plaza Salvador, s/n;40001;921 44 1740;40004351@educa.jcyl.es;http://www.iesezequielgonzalez.com;40.94689, -4.11455
Segovia;Segovia;40004351;IES EZEQUIEL GONZÁLEZ;Educación;Sanidad;SAN;Grado Medio;SAN21;Cuidados Auxiliares de Enfermería;Presencial;Pública;3.0;3.0;;Plaza Salvador, s/n;40001;921 44 1740;40004351@educa.jcyl.es;http://www.iesezequielgonzalez.com;40.94689, -4.11455
Segovia;Segovia;40004351;IES EZEQUIEL GONZÁLEZ;Educación;Madera, Mueble y Corcho;MAM;Grado Medio;MAM01M;Carpintería y Mueble;Presencial;Pública;1.0;1.0;;Plaza Salvador, s/n;40001;921 44 1740;40004351@educa.jcyl.es;http://www.iesezequielgonzalez.com;40.94689, -4.11455
Segovia;Segovia;40004351;IES EZEQUIEL GONZÁLEZ;Educación;Química;QUI;Curso Especialización;QUI01E;Cultivos celulares;Presencial;Pública;1.0;0.0;;Plaza Salvador, s/n;40001;921 44 1740;40004351@educa.jcyl.es;http://www.iesezequielgonzalez.com;40.94689, -4.11455
Segovia;Segovia;40004351;IES EZEQUIEL GONZÁLEZ;Educación;Sanidad;SAN;Grado Medio;SAN01Md;Emergencias Sanitarias (distancia);Distancia;Pública;1.0;0.0;;Plaza Salvador, s/n;40001;921 44 1740;40004351@educa.jcyl.es;http://www.iesezequielgonzalez.com;40.94689, -4.11455
Segovia;Segovia;40004351;IES EZEQUIEL GONZÁLEZ;Educación;Sanidad;SAN;Grado Medio;SAN02M;Farmacia y Parafarmacia;Presencial;Pública;1.0;1.0;;Plaza Salvador, s/n;40001;921 44 1740;40004351@educa.jcyl.es;http://www.iesezequielgonzalez.com;40.94689, -4.11455
Segovia;Segovia;40004351;IES EZEQUIEL GONZÁLEZ;Educación;Sanidad;SAN;Grado Superior;SAN08S;Laboratorio Clínico y Biomédico;Presencial;Pública;2.0;2.0;;Plaza Salvador, s/n;40001;921 44 1740;40004351@educa.jcyl.es;http://www.iesezequielgonzalez.com;40.94689, -4.11455
Segovia;Segovia;40004351;IES EZEQUIEL GONZÁLEZ;Educación;Sanidad;SAN;Grado Medio;SAN01M;Emergencias Sanitarias;Presencial;Pública;2.0;2.0;;Plaza Salvador, s/n;40001;921 44 1740;40004351@educa.jcyl.es;http://www.iesezequielgonzalez.com;40.94689, -4.11455
Segovia;El Espinar;40004521;IES MARÍA ZAMBRANO;Educación;Administración y Gestión;ADG;Grado Básico;ADG01B;Servicios Administrativos;Presencial;Pública;1.0;1.0;;C/ Santa Quiteria, s/n;40400;921 524 563;40004521@educa.jcyl.es;http://iesmariazambrano.centros.educa.jcyl.es/;40.71412, -4.24892
Segovia;El Espinar;40004521;IES MARÍA ZAMBRANO;Educación;Agraria;AGA;Grado Básico;AGA03B;Aprovechamientos Forestales;Presencial;Pública;1.0;1.0;;C/ Santa Quiteria, s/n;40400;921 524 563;40004521@educa.jcyl.es;http://iesmariazambrano.centros.educa.jcyl.es/;40.71412, -4.24892
Segovia;Ayllón;40004567;IES SIERRA DE AYLLÓN;Educación;Administración y Gestión;ADG;Grado Básico;ADG01B;Servicios Administrativos;Presencial;Pública;1.0;1.0;;C/ Conde Vallellano, s/n;40520;921 55 3069;40004567@educa.jcyl.es;http://iessierradeayllon.centros.educa.jcyl.es;41.41871, -3.38078
Segovia;Ayllón;40004567;IES SIERRA DE AYLLÓN;Educación;Administración y Gestión;ADG;Grado Medio;ADG01M;Gestión Administrativa;Presencial;Pública;1.0;0.0;;C/ Conde Vallellano, s/n;40520;921 55 3069;40004567@educa.jcyl.es;http://iessierradeayllon.centros.educa.jcyl.es;41.41871, -3.38078
Segovia;Segovia;40004786;CIFP ESCUELA DE CAPACITACIÓN Y EXPERIENCIAS AGRARIAS;Agricultura;Actividades Físicas y Deportivas;AFD;Grado Medio;AFD02M;Guía en el medio natural y de tiempo libre;Presencial;Pública;1.0;1.0;;Ctra. de Arévalo Km. 52;40071;921 44 4266;40004786@educa.jcyl.es;http://cfasegovia.centros.educa.jcyl.es;40.95077, -4.16227
Segovia;Segovia;40004786;CIFP ESCUELA DE CAPACITACIÓN Y EXPERIENCIAS AGRARIAS;Agricultura;Actividades Físicas y Deportivas;AFD;Grado Medio;AFD01M;Actividades Ecuestres;Presencial;Pública;1.0;1.0;;Ctra. de Arévalo Km. 52;40071;921 44 4266;40004786@educa.jcyl.es;http://cfasegovia.centros.educa.jcyl.es;40.95077, -4.16227
Segovia;Segovia;40004786;CIFP ESCUELA DE CAPACITACIÓN Y EXPERIENCIAS AGRARIAS;Agricultura;Agraria;AGA;Grado Superior;AGA03S;Ganadería y Asistencia en Sanidad Animal;Presencial;Pública;1.0;1.0;;Ctra. de Arévalo Km. 52;40071;921 44 4266;40004786@educa.jcyl.es;http://cfasegovia.centros.educa.jcyl.es;40.95077, -4.16227
Segovia;Real Sitio de San Ildefonso;40005018;IES PEÑALARA;Educación;Agraria;AGA;Grado Básico;AGA01B;Agro-jardinería y Composiciones Florales;Presencial;Pública;1.0;0.0;;Paseo Pocillo, s/n;40100;921 47 06 40;40005018@educa.jcyl.es;http://iespenalara.centros.educa.jcyl.es/;40.90566, -4.00483
Segovia;Coca;40008445;CIFP COCA;Agricultura;Agraria;AGA;Grado Superior;AGA01S;Gestión Forestal y del Medio Natural;Presencial;Pública;1.0;1.0;;C/ El Castillo s/n;40480;921 58 6062;40008445@educa.jcyl.es;http://cfacoca.centros.educa.jcyl.es;41.21277, -4.52541
Segovia;Coca;40008445;CIFP COCA;Agricultura;Agraria;AGA;Grado Medio;AGA04M;Aprovechamiento y Conservación del Medio Natural;Presencial;Pública;1.0;1.0;;C/ El Castillo s/n;40480;921 58 6062;40008445@educa.jcyl.es;http://cfacoca.centros.educa.jcyl.es;41.21277, -4.52541
Segovia;Segovia;40008536;CIFP FELIPE VI;Educación;Comercio y Marketing;COM;Grado Básico;COM01B;Servicios Comerciales;Presencial;Pública;1.0;1.0;;C/ Dámaso Alonso, 23;40006;921 475 077;40008536@educa.jcyl.es;http://cifpfelipevi.centros.educa.jcyl.es/sitio/;40.93357, -4.09821
Segovia;Segovia;40008536;CIFP FELIPE VI;Educación;Comercio y Marketing;COM;Grado Medio;COM02M;Comercialización de Productos Alimentarios;Presencial;Pública;1.0;0.0;;C/ Dámaso Alonso, 23;40006;921 475 077;40008536@educa.jcyl.es;http://cifpfelipevi.centros.educa.jcyl.es/sitio/;40.93357, -4.09821
Segovia;Segovia;40008536;CIFP FELIPE VI;Educación;Comercio y Marketing;COM;Grado Superior;COM04S;Comercio Internacional;Presencial;Pública;1.0;1.0;;C/ Dámaso Alonso, 23;40006;921 475 077;40008536@educa.jcyl.es;http://cifpfelipevi.centros.educa.jcyl.es/sitio/;40.93357, -4.09821
Segovia;Segovia;40008536;CIFP FELIPE VI;Educación;Hostelería y Turismo;HOT;Grado Medio;HOT01M;Cocina y Gastronomía;Presencial;Pública;1.0;1.0;;C/ Dámaso Alonso, 23;40006;921 475 077;40008536@educa.jcyl.es;http://cifpfelipevi.centros.educa.jcyl.es/sitio/;40.93357, -4.09821
Segovia;Segovia;40008536;CIFP FELIPE VI;Educación;Imagen Personal;IMP;Grado Medio;IMP02M;Peluquería y Cosmética Capilar;Presencial;Pública;1.0;1.0;;C/ Dámaso Alonso, 23;40006;921 475 077;40008536@educa.jcyl.es;http://cifpfelipevi.centros.educa.jcyl.es/sitio/;40.93357, -4.09821
Segovia;Segovia;40008536;CIFP FELIPE VI;Educación;Imagen Personal;IMP;Grado Superior;IMP02S;Estilismo y Dirección de Peluquería;Presencial;Pública;1.0;1.0;;C/ Dámaso Alonso, 23;40006;921 475 077;40008536@educa.jcyl.es;http://cifpfelipevi.centros.educa.jcyl.es/sitio/;40.93357, -4.09821
Segovia;Segovia;40008536;CIFP FELIPE VI;Educación;Comercio y Marketing;COM;Grado Medio;COM01M;Actividades Comerciales;Presencial;Pública;1.0;1.0;;C/ Dámaso Alonso, 23;40006;921 475 077;40008536@educa.jcyl.es;http://cifpfelipevi.centros.educa.jcyl.es/sitio/;40.93357, -4.09821
Segovia;Segovia;40008536;CIFP FELIPE VI;Educación;Comercio y Marketing;COM;Grado Superior;COM01S;Marketing y Publicidad;Presencial;Pública;1.0;1.0;;C/ Dámaso Alonso, 23;40006;921 475 077;40008536@educa.jcyl.es;http://cifpfelipevi.centros.educa.jcyl.es/sitio/;40.93357, -4.09821
Segovia;Segovia;40008536;CIFP FELIPE VI;Educación;Comercio y Marketing;COM;Grado Superior;COM03S;Gestión de Ventas y Espacios Comerciales;Presencial;Pública;0.0;1.0;;C/ Dámaso Alonso, 23;40006;921 475 077;40008536@educa.jcyl.es;http://cifpfelipevi.centros.educa.jcyl.es/sitio/;40.93357, -4.09821
Segovia;Segovia;40008536;CIFP FELIPE VI;Educación;Hostelería y Turismo;HOT;Grado Básico;HOT01B;Cocina y Restauración;Presencial;Pública;1.0;1.0;;C/ Dámaso Alonso, 23;40006;921 475 077;40008536@educa.jcyl.es;http://cifpfelipevi.centros.educa.jcyl.es/sitio/;40.93357, -4.09821
Segovia;Segovia;40008536;CIFP FELIPE VI;Educación;Hostelería y Turismo;HOT;Grado Superior;HOT01S;Gestión de Alojamientos Turísticos;Presencial;Pública;1.0;1.0;;C/ Dámaso Alonso, 23;40006;921 475 077;40008536@educa.jcyl.es;http://cifpfelipevi.centros.educa.jcyl.es/sitio/;40.93357, -4.09821
Segovia;Segovia;40008536;CIFP FELIPE VI;Educación;Hostelería y Turismo;HOT;Grado Superior;HOT04S;Dirección de Cocina;Presencial;Pública;1.0;1.0;;C/ Dámaso Alonso, 23;40006;921 475 077;40008536@educa.jcyl.es;http://cifpfelipevi.centros.educa.jcyl.es/sitio/;40.93357, -4.09821
Segovia;Segovia;40008536;CIFP FELIPE VI;Educación;Imagen Personal;IMP;Grado Básico;IMP01B;Peluquería y Estética;Presencial;Pública;1.0;1.0;;C/ Dámaso Alonso, 23;40006;921 475 077;40008536@educa.jcyl.es;http://cifpfelipevi.centros.educa.jcyl.es/sitio/;40.93357, -4.09821
Segovia;Segovia;40008536;CIFP FELIPE VI;Educación;Industrias Alimentarias;INA;Grado Medio;INA01M;Panadería, Repostería y Confitería;Presencial;Pública;1.0;1.0;;C/ Dámaso Alonso, 23;40006;921 475 077;40008536@educa.jcyl.es;http://cifpfelipevi.centros.educa.jcyl.es/sitio/;40.93357, -4.09821
Segovia;Segovia;40008536;CIFP FELIPE VI;Educación;Hostelería y Turismo;HOT;Grado Medio;HOT02M;Servicios en Restauración;Presencial;Pública;1.0;1.0;;C/ Dámaso Alonso, 23;40006;921 475 077;40008536@educa.jcyl.es;http://cifpfelipevi.centros.educa.jcyl.es/sitio/;40.93357, -4.09821
Segovia;Segovia;40008536;CIFP FELIPE VI;Educación;Hostelería y Turismo;HOT;Grado Superior;HOT03S;Guía, Información y Asistencias Turísticas;Presencial;Pública;1.0;1.0;;C/ Dámaso Alonso, 23;40006;921 475 077;40008536@educa.jcyl.es;http://cifpfelipevi.centros.educa.jcyl.es/sitio/;40.93357, -4.09821
Segovia;Segovia;40008536;CIFP FELIPE VI;Educación;Hostelería y Turismo;HOT;Grado Superior;HOT05S;Dirección de Servicios de Restauración;Presencial;Pública;1.0;1.0;;C/ Dámaso Alonso, 23;40006;921 475 077;40008536@educa.jcyl.es;http://cifpfelipevi.centros.educa.jcyl.es/sitio/;40.93357, -4.09821
Segovia;Segovia;40008536;CIFP FELIPE VI;Educación;Hostelería y Turismo;HOT;Curso Especialización;HOT01E;Panadería y bollería artesanales;Presencial;Pública;1.0;0.0;;C/ Dámaso Alonso, 23;40006;921 475 077;40008536@educa.jcyl.es;http://cifpfelipevi.centros.educa.jcyl.es/sitio/;40.93357, -4.09821
Segovia;Segovia;40008536;CIFP FELIPE VI;Educación;Imagen Personal;IMP;Grado Medio;IMP01M;Estética y Belleza;Presencial;Pública;1.0;1.0;;C/ Dámaso Alonso, 23;40006;921 475 077;40008536@educa.jcyl.es;http://cifpfelipevi.centros.educa.jcyl.es/sitio/;40.93357, -4.09821
Segovia;Segovia;40008536;CIFP FELIPE VI;Educación;Imagen Personal;IMP;Grado Superior;IMP01S;Estética Integral y Bienestar;Presencial;Pública;1.0;1.0;;C/ Dámaso Alonso, 23;40006;921 475 077;40008536@educa.jcyl.es;http://cifpfelipevi.centros.educa.jcyl.es/sitio/;40.93357, -4.09821
Soria;Almazán;42000322;CIFP ALMAZÁN;Agricultura;Agraria;AGA;Grado Medio;AGA04M;Aprovechamiento y Conservación del Medio Natural;Presencial;Pública;1.0;1.0;;C/ la Dehesa, s/n;42200;975 30 1111;42000322@educa.jcyl.es;http://cfaalmazan.centros.educa.jcyl.es;41.47402, -2.54552
Soria;Almazán;42000322;CIFP ALMAZÁN;Agricultura;Agraria;AGA;Grado Superior;AGA01S;Gestión Forestal y del Medio Natural;Presencial;Pública;1.0;1.0;;C/ la Dehesa, s/n;42200;975 30 1111;42000322@educa.jcyl.es;http://cfaalmazan.centros.educa.jcyl.es;41.47402, -2.54552
Soria;Arcos de Jalón;42000437;IES RIBERA DEL JALÓN;Educación;Informática y Comunicaciones;IFC;Grado Medio;IFC01M;Sistemas Microinformáticos y Redes;Presencial;Pública;1.0;1.0;;Avda. La Constitución, s/n;42250;975 32 0175;42000437@educa.jcyl.es;http://iesriberadeljalon.centros.educa.jcyl.es;41.21608, -2.27531
Soria;Soria;42002665;TRILEMA SORIA;Privada;Servicios Socioculturales y a la Comunidad;SSC;Grado Medio;SSC01M;Atención a Personas en Situación de Dependencia;Presencial;Concertada;1.0;1.0;;C/  Los Mirandas, 2;42002;975 211 159;42002665@educa.jcyl.es;https://trilemasoria.fundaciontrilema.org;41.76408, -2.4624
Soria;Soria;42002665;TRILEMA SORIA;Privada;Sanidad;SAN;Grado Medio;SAN21;Cuidados Auxiliares de Enfermería;Presencial;Concertada;1.0;1.0;;C/  Los Mirandas, 2;42002;975 211 159;42002665@educa.jcyl.es;https://trilemasoria.fundaciontrilema.org;41.76408, -2.4624
Soria;Soria;42002690;IES ANTONIO MACHADO;Educación;Servicios Socioculturales y a la Comunidad;SSC;Grado Medio;SSC01M;Atención a Personas en Situación de Dependencia;Presencial;Pública;1.0;1.0;;C/ Aduana Vieja, 12;42002;975 21 2243;42002690@educa.jcyl.es;http://iesantoniomachado.centros.educa.jcyl.es;41.76553, -2.4668
Soria;Soria;42002690;IES ANTONIO MACHADO;Educación;Servicios Socioculturales y a la Comunidad;SSC;Grado Superior;SSC01S;Educación Infantil;Presencial;Pública;1.0;1.0;;C/ Aduana Vieja, 12;42002;975 21 2243;42002690@educa.jcyl.es;http://iesantoniomachado.centros.educa.jcyl.es;41.76553, -2.4668
Soria;Soria;42002707;IES CASTILLA;Educación;Comercio y Marketing;COM;Grado Básico;COM01B;Servicios Comerciales;Presencial;Pública;1.0;1.0;;C/ Alonso Velázquez, s/n;42003;975 22 1283;42002707@educa.jcyl.es;http://iescastilla.centros.educa.jcyl.es;41.7605, -2.47604
Soria;Soria;42002707;IES CASTILLA;Educación;Comercio y Marketing;COM;Grado Superior;COM02S;Transporte y Logística;Presencial;Pública;1.0;1.0;;C/ Alonso Velázquez, s/n;42003;975 22 1283;42002707@educa.jcyl.es;http://iescastilla.centros.educa.jcyl.es;41.7605, -2.47604
Soria;Soria;42002707;IES CASTILLA;Educación;Comercio y Marketing;COM;Grado Medio;COM01M;Actividades Comerciales;Presencial;Pública;1.0;1.0;;C/ Alonso Velázquez, s/n;42003;975 22 1283;42002707@educa.jcyl.es;http://iescastilla.centros.educa.jcyl.es;41.7605, -2.47604
Soria;Soria;42002707;IES CASTILLA;Educación;Comercio y Marketing;COM;Grado Superior;COM04S;Comercio Internacional;Presencial;Pública;1.0;1.0;;C/ Alonso Velázquez, s/n;42003;975 22 1283;42002707@educa.jcyl.es;http://iescastilla.centros.educa.jcyl.es;41.7605, -2.47604
Soria;Soria;42002720;IES POLITÉCNICO;Educación;Sanidad;SAN;Grado Medio;SAN01M;Emergencias Sanitarias;Presencial;Pública;1.0;1.0;;Camino Fuente del Rey, s/n;42002;975 23 1755;42002720@educa.jcyl.es;http://iespolitecnicosoria.centros.educa.jcyl.es;41.77227, -2.47023
Soria;Soria;42002720;IES POLITÉCNICO;Educación;Imagen Personal;IMP;Grado Básico;IMP01B;Peluquería y Estética;Presencial;Pública;1.0;1.0;;Camino Fuente del Rey, s/n;42002;975 23 1755;42002720@educa.jcyl.es;http://iespolitecnicosoria.centros.educa.jcyl.es;41.77227, -2.47023
Soria;Soria;42002720;IES POLITÉCNICO;Educación;Imagen Personal;IMP;Grado Medio;IMP02M;Peluquería y Cosmética Capilar;Presencial;Pública;1.0;1.0;;Camino Fuente del Rey, s/n;42002;975 23 1755;42002720@educa.jcyl.es;http://iespolitecnicosoria.centros.educa.jcyl.es;41.77227, -2.47023
Soria;Soria;42002720;IES POLITÉCNICO;Educación;Sanidad;SAN;Grado Medio;SAN02M;Farmacia y Parafarmacia;Presencial;Pública;1.0;1.0;;Camino Fuente del Rey, s/n;42002;975 23 1755;42002720@educa.jcyl.es;http://iespolitecnicosoria.centros.educa.jcyl.es;41.77227, -2.47023
Soria;Soria;42002720;IES POLITÉCNICO;Educación;Sanidad;SAN;Grado Superior;SAN08S;Laboratorio Clínico y Biomédico;Presencial;Pública;1.0;1.0;;Camino Fuente del Rey, s/n;42002;975 23 1755;42002720@educa.jcyl.es;http://iespolitecnicosoria.centros.educa.jcyl.es;41.77227, -2.47023
Soria;Soria;42002720;IES POLITÉCNICO;Educación;Química;QUI;Grado Medio;QUI02M;Operaciones de Laboratorio;Presencial;Pública;1.0;1.0;;Camino Fuente del Rey, s/n;42002;975 23 1755;42002720@educa.jcyl.es;http://iespolitecnicosoria.centros.educa.jcyl.es;41.77227, -2.47023
Soria;Soria;42002720;IES POLITÉCNICO;Educación;Sanidad;SAN;Grado Medio;SAN21;Cuidados Auxiliares de Enfermería;Presencial;Pública;2.0;2.0;;Camino Fuente del Rey, s/n;42002;975 23 1755;42002720@educa.jcyl.es;http://iespolitecnicosoria.centros.educa.jcyl.es;41.77227, -2.47023
Soria;Soria;42002744;IES VIRGEN DEL ESPINO;Educación;Administración y Gestión;ADG;Grado Medio;ADG01M;Gestión Administrativa;Presencial;Pública;1.0;1.0;;C/ Santa Teresa de Jesús, 1;42004;975 24 0808;42002744@educa.jcyl.es;http://iesvirgendelespino.centros.educa.jcyl.es;41.76092, -2.47455
Soria;Soria;42002744;IES VIRGEN DEL ESPINO;Educación;Administración y Gestión;ADG;Grado Medio;ADG01Md;Gestión Administrativa (distancia);Distancia;Pública;1.0;0.0;;C/ Santa Teresa de Jesús, 1;42004;975 24 0808;42002744@educa.jcyl.es;http://iesvirgendelespino.centros.educa.jcyl.es;41.76092, -2.47455
Soria;Soria;42002744;IES VIRGEN DEL ESPINO;Educación;Informática y Comunicaciones;IFC;Grado Medio;IFC01M;Sistemas Microinformáticos y Redes;Presencial;Pública;1.0;1.0;;C/ Santa Teresa de Jesús, 1;42004;975 24 0808;42002744@educa.jcyl.es;http://iesvirgendelespino.centros.educa.jcyl.es;41.76092, -2.47455
Soria;Soria;42002744;IES VIRGEN DEL ESPINO;Educación;Informática y Comunicaciones;IFC;Grado Superior;IFC02S;Desarrollo de Aplicaciones Multiplataforma;Presencial;Pública;0.0;1.0;;C/ Santa Teresa de Jesús, 1;42004;975 24 0808;42002744@educa.jcyl.es;http://iesvirgendelespino.centros.educa.jcyl.es;41.76092, -2.47455
Soria;Soria;42002744;IES VIRGEN DEL ESPINO;Educación;Informática y Comunicaciones;IFC;Grado Superior;IFC03Sd;Desarrollo de Aplicaciones WEB (distancia);Distancia;Pública;1.0;0.0;;C/ Santa Teresa de Jesús, 1;42004;975 24 0808;42002744@educa.jcyl.es;http://iesvirgendelespino.centros.educa.jcyl.es;41.76092, -2.47455
Soria;Soria;42002744;IES VIRGEN DEL ESPINO;Educación;Administración y Gestión;ADG;Grado Superior;ADG02S;Administración y Finanzas;Presencial;Pública;1.0;1.0;;C/ Santa Teresa de Jesús, 1;42004;975 24 0808;42002744@educa.jcyl.es;http://iesvirgendelespino.centros.educa.jcyl.es;41.76092, -2.47455
Soria;Soria;42002744;IES VIRGEN DEL ESPINO;Educación;Actividades Físicas y Deportivas;AFD;Grado Medio;AFD02M;Guía en el medio natural y de tiempo libre;Presencial;Pública;1.0;1.0;;C/ Santa Teresa de Jesús, 1;42004;975 24 0808;42002744@educa.jcyl.es;http://iesvirgendelespino.centros.educa.jcyl.es;41.76092, -2.47455
Soria;Soria;42002744;IES VIRGEN DEL ESPINO;Educación;Actividades Físicas y Deportivas;AFD;Grado Superior;AFD01S;Enseñanza y Animación Sociodeportiva;Presencial;Pública;1.0;1.0;;C/ Santa Teresa de Jesús, 1;42004;975 24 0808;42002744@educa.jcyl.es;http://iesvirgendelespino.centros.educa.jcyl.es;41.76092, -2.47455
Soria;Soria;42002744;IES VIRGEN DEL ESPINO;Educación;Informática y Comunicaciones;IFC;Grado Básico;IFC02B;Informática de Oficina;Presencial;Pública;1.0;1.0;;C/ Santa Teresa de Jesús, 1;42004;975 24 0808;42002744@educa.jcyl.es;http://iesvirgendelespino.centros.educa.jcyl.es;41.76092, -2.47455
Soria;Soria;42002744;IES VIRGEN DEL ESPINO;Educación;Informática y Comunicaciones;IFC;Grado Superior;IFC01S;Administración de Sistemas Informáticos en Red;Presencial;Pública;1.0;0.0;;C/ Santa Teresa de Jesús, 1;42004;975 24 0808;42002744@educa.jcyl.es;http://iesvirgendelespino.centros.educa.jcyl.es;41.76092, -2.47455
Soria;Soria;42002744;IES VIRGEN DEL ESPINO;Educación;Informática y Comunicaciones;IFC;Grado Superior;IFC03S;Desarrollo de Aplicaciones WEB;Presencial;Pública;1.0;1.0;;C/ Santa Teresa de Jesús, 1;42004;975 24 0808;42002744@educa.jcyl.es;http://iesvirgendelespino.centros.educa.jcyl.es;41.76092, -2.47455
Soria;Almazán;42003268;IES GAYA NUÑO;Educación;Agraria;AGA;Grado Básico;AGA01B;Agro-jardinería y Composiciones Florales;Presencial;Pública;1.0;0.0;;C/ Antonio Machado, 20;42200;975 30 04 72;42003268@educa.jcyl.es;http://iesgayanuno.centros.educa.jcyl.es/;41.48222, -2.52754
Soria;San Esteban de Gormaz;42003700;IES LA RAMBLA;Educación;Industrias Alimentarias;INA;Grado Superior;INA01S;Vitivinicultura;Presencial;Pública;1.0;1.0;;C/ Isaac García Alonso, 29;42330;975 351 203;42003700@educa.jcyl.es;http://ieslarambla.centros.educa.jcyl.es/;41.57125, -3.20185
Soria;El Burgo de Osma;42003761;IES SANTA CATALINA;Educación;Instalación y Mantenimiento;IMA;Grado Medio;IMA03M;Mantenimiento Electromecánico;Presencial;Pública;1.0;1.0;;C/ V Centenario, s/n;42300;975 34 0152;42003761@educa.jcyl.es;http://iesstacatalina.centros.educa.jcyl.es;41.58896, -3.06155
Soria;El Burgo de Osma;42003761;IES SANTA CATALINA;Educación;Administración y Gestión;ADG;Grado Medio;ADG01M;Gestión Administrativa;Presencial;Pública;1.0;1.0;;C/ V Centenario, s/n;42300;975 34 0152;42003761@educa.jcyl.es;http://iesstacatalina.centros.educa.jcyl.es;41.58896, -3.06155
Soria;El Burgo de Osma;42003761;IES SANTA CATALINA;Educación;Comercio y Marketing;COM;Grado Superior;COM02S;Transporte y Logística;Presencial;Pública;1.0;1.0;;C/ V Centenario, s/n;42300;975 34 0152;42003761@educa.jcyl.es;http://iesstacatalina.centros.educa.jcyl.es;41.58896, -3.06155
Soria;Ólvega;42004029;IES VILLA DEL MONCAYO;Educación;Fabricación Mecánica;FME;Grado Medio;FME02M;Soldadura y Calderería;Presencial;Pública;1.0;1.0;;Avda. del  deporte, s/n;42110;976 192 314;42004029@educa.jcyl.es;http://iesovilladelmoncayo.centros.educa.jcyl.es/;41.77674, -1.98492
Soria;Soria;42007195;CIFP LA MERCED;Educación;Hostelería y Turismo;HOT;Grado Básico;HOT01B;Cocina y Restauración;Presencial;Pública;1.0;1.0;;C/ Calisto Pereda, s/n;42002;975 23 2335;42007195@educa.jcyl.es;http://cifpsoria.centros.educa.jcyl.es;41.76641, -2.46463
Soria;Soria;42007195;CIFP LA MERCED;Educación;Hostelería y Turismo;HOT;Grado Superior;HOT01S;Gestión de Alojamientos Turísticos;Presencial;Pública;0.0;1.0;;C/ Calisto Pereda, s/n;42002;975 23 2335;42007195@educa.jcyl.es;http://cifpsoria.centros.educa.jcyl.es;41.76641, -2.46463
Soria;Soria;42007195;CIFP LA MERCED;Educación;Hostelería y Turismo;HOT;Grado Superior;HOT02S;Agencias de Viajes y Gestión de Eventos;Presencial;Pública;0.0;1.0;;C/ Calisto Pereda, s/n;42002;975 23 2335;42007195@educa.jcyl.es;http://cifpsoria.centros.educa.jcyl.es;41.76641, -2.46463
Soria;Soria;42007195;CIFP LA MERCED;Educación;Hostelería y Turismo;HOT;Grado Superior;HOT03S;Guía, Información y Asistencias Turísticas;Presencial;Pública;1.0;1.0;;C/ Calisto Pereda, s/n;42002;975 23 2335;42007195@educa.jcyl.es;http://cifpsoria.centros.educa.jcyl.es;41.76641, -2.46463
Soria;Soria;42007195;CIFP LA MERCED;Educación;Industrias Alimentarias;INA;Grado Medio;INA01M;Panadería, Repostería y Confitería;Presencial;Pública;1.0;1.0;;C/ Calisto Pereda, s/n;42002;975 23 2335;42007195@educa.jcyl.es;http://cifpsoria.centros.educa.jcyl.es;41.76641, -2.46463
Soria;Soria;42007195;CIFP LA MERCED;Educación;Hostelería y Turismo;HOT;Grado Medio;HOT01M;Cocina y Gastronomía;Presencial;Pública;1.0;1.0;;C/ Calisto Pereda, s/n;42002;975 23 2335;42007195@educa.jcyl.es;http://cifpsoria.centros.educa.jcyl.es;41.76641, -2.46463
Soria;Soria;42007213;CIFP PICO FRENTES;Educación;Electricidad y Electrónica;ELE;Grado Medio;ELE01M;Instalaciones Eléctricas y Automáticas;Presencial;Pública;1.0;1.0;;C/ Gervasio Manrique de Lara, 2;42004;975 239 443;42007213@educa.jcyl.es;http://cifppicofrentes.es/;41.76713, -2.4823
Soria;Soria;42007213;CIFP PICO FRENTES;Educación;Electricidad y Electrónica;ELE;Grado Superior;ELE02S;Sistemas de Telecomunicaciones e Informáticos;Presencial;Pública;1.0;1.0;;C/ Gervasio Manrique de Lara, 2;42004;975 239 443;42007213@educa.jcyl.es;http://cifppicofrentes.es/;41.76713, -2.4823
Soria;Soria;42007213;CIFP PICO FRENTES;Educación;Madera, Mueble y Corcho;MAM;Grado Medio;MAM01M;Carpintería y Mueble;Presencial;Pública;1.0;1.0;;C/ Gervasio Manrique de Lara, 2;42004;975 239 443;42007213@educa.jcyl.es;http://cifppicofrentes.es/;41.76713, -2.4823
Soria;Soria;42007213;CIFP PICO FRENTES;Educación;Madera, Mueble y Corcho;MAM;Grado Superior;MAM01S;Diseño y Amueblamiento;Presencial;Pública;1.0;1.0;;C/ Gervasio Manrique de Lara, 2;42004;975 239 443;42007213@educa.jcyl.es;http://cifppicofrentes.es/;41.76713, -2.4823
Soria;Soria;42007213;CIFP PICO FRENTES;Educación;Seguridad y Medio Ambiente;SEA;Grado Medio;SEA01M;Emergencias y Protección Civil;Presencial;Pública;1.0;1.0;;C/ Gervasio Manrique de Lara, 2;42004;975 239 443;42007213@educa.jcyl.es;http://cifppicofrentes.es/;41.76713, -2.4823
Soria;Soria;42007213;CIFP PICO FRENTES;Educación;Transporte y Mantenimiento de Vehículos;TMV;Grado Superior;TMV01S;Automoción;Presencial;Pública;1.0;1.0;;C/ Gervasio Manrique de Lara, 2;42004;975 239 443;42007213@educa.jcyl.es;http://cifppicofrentes.es/;41.76713, -2.4823
Soria;Soria;42007213;CIFP PICO FRENTES;Educación;Electricidad y Electrónica;ELE;Grado Básico;ELE01B;Electricidad y Electrónica;Presencial;Pública;1.0;1.0;;C/ Gervasio Manrique de Lara, 2;42004;975 239 443;42007213@educa.jcyl.es;http://cifppicofrentes.es/;41.76713, -2.4823
Soria;Soria;42007213;CIFP PICO FRENTES;Educación;Energía y Agua;ENA;Grado Superior;ENA03S;Energías Renovables;Presencial;Pública;1.0;1.0;;C/ Gervasio Manrique de Lara, 2;42004;975 239 443;42007213@educa.jcyl.es;http://cifppicofrentes.es/;41.76713, -2.4823
Soria;Soria;42007213;CIFP PICO FRENTES;Educación;Instalación y Mantenimiento;IMA;Grado Medio;IMA03M;Mantenimiento Electromecánico;Presencial;Pública;1.0;1.0;;C/ Gervasio Manrique de Lara, 2;42004;975 239 443;42007213@educa.jcyl.es;http://cifppicofrentes.es/;41.76713, -2.4823
Soria;Soria;42007213;CIFP PICO FRENTES;Educación;Instalación y Mantenimiento;IMA;Grado Superior;IMA03S;Mecatrónica Industrial;Presencial;Pública;1.0;1.0;;C/ Gervasio Manrique de Lara, 2;42004;975 239 443;42007213@educa.jcyl.es;http://cifppicofrentes.es/;41.76713, -2.4823
Soria;Soria;42007213;CIFP PICO FRENTES;Educación;Transporte y Mantenimiento de Vehículos;TMV;Grado Medio;TMV02M;Electromecánica de Vehículos Automóviles;Presencial;Pública;1.0;1.0;;C/ Gervasio Manrique de Lara, 2;42004;975 239 443;42007213@educa.jcyl.es;http://cifppicofrentes.es/;41.76713, -2.4823
Soria;Soria;42007213;CIFP PICO FRENTES;Educación;Madera, Mueble y Corcho;MAM;Grado Básico;MAM01B;Carpintería y Mueble;Presencial;Pública;1.0;1.0;;C/ Gervasio Manrique de Lara, 2;42004;975 239 443;42007213@educa.jcyl.es;http://cifppicofrentes.es/;41.76713, -2.4823
Soria;Soria;42007213;CIFP PICO FRENTES;Educación;Transporte y Mantenimiento de Vehículos;TMV;Grado Básico;TMV01B;Mantenimiento de Vehículos;Presencial;Pública;1.0;1.0;;C/ Gervasio Manrique de Lara, 2;42004;975 239 443;42007213@educa.jcyl.es;http://cifppicofrentes.es/;41.76713, -2.4823
Soria;Soria;42007213;CIFP PICO FRENTES;Educación;Transporte y Mantenimiento de Vehículos;TMV;Curso Especialización;TMV02E;Mantenimiento de vehículos híbridos y eléctricos;Presencial;Pública;1.0;0.0;;C/ Gervasio Manrique de Lara, 2;42004;975 239 443;42007213@educa.jcyl.es;http://cifppicofrentes.es/;41.76713, -2.4823
Valladolid;Castromonte;47000609;CIFP SAN RAFAEL DE LA SANTA ESPINA;Agricultura;Agraria;AGA;Grado Superior;AGA02S;Paisajismo y Medio Rural;Presencial;Pública;1.0;0.0;;C/ La Santa Espina;47641;983 56 5064;47000609@educa.jcyl.es;http://cifpsantaespina.centros.educa.jcyl.es/;41.7318, -5.09821
Valladolid;Castromonte;47000609;CIFP SAN RAFAEL DE LA SANTA ESPINA;Agricultura;Agraria;AGA;Grado Medio;AGA02M;Producción Agropecuaria;Presencial;Pública;1.0;1.0;;C/ La Santa Espina;47641;983 56 5064;47000609@educa.jcyl.es;http://cifpsantaespina.centros.educa.jcyl.es/;41.7318, -5.09821
Valladolid;Castromonte;47000609;CIFP SAN RAFAEL DE LA SANTA ESPINA;Agricultura;Industrias Alimentarias;INA;Grado Medio;INA02M;Aceites de Oliva y Vinos;Presencial;Pública;1.0;1.0;;C/ La Santa Espina;47641;983 56 5064;47000609@educa.jcyl.es;http://cifpsantaespina.centros.educa.jcyl.es/;41.7318, -5.09821
Valladolid;Castromonte;47000609;CIFP SAN RAFAEL DE LA SANTA ESPINA;Agricultura;Industrias Alimentarias;INA;Grado Superior;INA01S;Vitivinicultura;Presencial;Pública;1.0;1.0;;C/ La Santa Espina;47641;983 56 5064;47000609@educa.jcyl.es;http://cifpsantaespina.centros.educa.jcyl.es/;41.7318, -5.09821
Valladolid;Tordesillas;47002692;DIVINA PROVIDENCIA;Privada;Actividades Físicas y Deportivas;AFD;Grado Superior;AFD01S;Enseñanza y Animación Sociodeportiva;Presencial;Concertada;1.0;1.0;;C/ Italia, 15;47100;983 770 924;47002692@educa.jcyl.es;http://www.colegiodivinaprovidencia.es;41.50143, -5.00938
Valladolid;Tordesillas;47002692;DIVINA PROVIDENCIA;Privada;Servicios Socioculturales y a la Comunidad;SSC;Grado Superior;SSC01S;Educación Infantil;Presencial;Concertada;1.0;1.0;;C/ Italia, 15;47100;983 770 924;47002692@educa.jcyl.es;http://www.colegiodivinaprovidencia.es;41.50143, -5.00938
Valladolid;Tordesillas;47002692;DIVINA PROVIDENCIA;Privada;Sanidad;SAN;Grado Medio;SAN21;Cuidados Auxiliares de Enfermería;Presencial;Concertada;1.0;1.0;;C/ Italia, 15;47100;983 770 924;47002692@educa.jcyl.es;http://www.colegiodivinaprovidencia.es;41.50143, -5.00938
Valladolid;Tordesillas;47002692;DIVINA PROVIDENCIA;Privada;Sanidad;SAN;Grado Superior;SAN06S;Higiene Bucodental;Presencial;Concertada;1.0;1.0;;C/ Italia, 15;47100;983 770 924;47002692@educa.jcyl.es;http://www.colegiodivinaprovidencia.es;41.50143, -5.00938
Valladolid;Valladolid;47003571;AVE MARÍA;Privada;Servicios Socioculturales y a la Comunidad;SSC;Grado Medio;SSC01M;Atención a Personas en Situación de Dependencia;Presencial;Concertada;1.0;1.0;;Ctra. de Rueda, km 5;47080;983 24 9874;47003571@educa.jcyl.es;http://www.avemariavalladolid.org;41.59712, -4.75854
Valladolid;Valladolid;47003571;AVE MARÍA;Privada;Sanidad;SAN;Grado Medio;SAN21;Cuidados Auxiliares de Enfermería;Presencial;Concertada;1.0;1.0;;Ctra. de Rueda, km 5;47080;983 24 9874;47003571@educa.jcyl.es;http://www.avemariavalladolid.org;41.59712, -4.75854
Valladolid;Valladolid;47003593;METRODORA FORMACIÓN PROFESIONAL-VALLADOLID;Privada;Sanidad;SAN;Grado Superior;SAN07S;Imagen para el Diagnóstico y Medicina Nuclear;Presencial;Privada;2.0;2.0;;C/ Fray Luis de Leon, 4;47002;983 30 5320;47003593@educa.jcyl.es;http://www.colegiorafaelamaria.com;41.65145, -4.72404
Valladolid;Valladolid;47003593;METRODORA FORMACIÓN PROFESIONAL-VALLADOLID;Privada;Sanidad;SAN;Grado Superior;SAN09S;Radioterapia y Dosimetría;Presencial;Privada;1.0;1.0;;C/ Fray Luis de Leon, 4;47002;983 30 5320;47003593@educa.jcyl.es;http://www.colegiorafaelamaria.com;41.65145, -4.72404
Valladolid;Valladolid;47003611;CENTRO CULTURAL VALLISOLETANO;Privada;Informática y Comunicaciones;IFC;Grado Medio;IFC01M;Sistemas Microinformáticos y Redes;Presencial;Concertada;1.0;1.0;;C/ Arzobispo García Goldáraz, n.º 10;47007;983 230 800;47003611@educa.jcyl.es;www.maristasccv.es;41.63602, -4.73615
Valladolid;Valladolid;47003684;CRISTO REY;Privada;Electricidad y Electrónica;ELE;Grado Medio;ELE02M;Instalaciones de Telecomunicaciones;Presencial;Concertada;1.0;1.0;;Avda. Gijón, 17;47009;983 33 2811;47003684@educa.jcyl.es;http://www.cristoreyva.com;41.66051, -4.74807
Valladolid;Valladolid;47003684;CRISTO REY;Privada;Fabricación Mecánica;FME;Grado Básico;FME01B;Fabricación y Montaje;Presencial;Concertada;1.0;1.0;;Avda. Gijón, 17;47009;983 33 2811;47003684@educa.jcyl.es;http://www.cristoreyva.com;41.66051, -4.74807
Valladolid;Valladolid;47003684;CRISTO REY;Privada;Informática y Comunicaciones;IFC;Grado Superior;IFC01S;Administración de Sistemas Informáticos en Red;Presencial;Concertada;1.0;1.0;;Avda. Gijón, 17;47009;983 33 2811;47003684@educa.jcyl.es;http://www.cristoreyva.com;41.66051, -4.74807
Valladolid;Valladolid;47003684;CRISTO REY;Privada;Transporte y Mantenimiento de Vehículos;TMV;Grado Básico;TMV01B;Mantenimiento de Vehículos;Presencial;Concertada;1.0;1.0;;Avda. Gijón, 17;47009;983 33 2811;47003684@educa.jcyl.es;http://www.cristoreyva.com;41.66051, -4.74807
Valladolid;Valladolid;47003684;CRISTO REY;Privada;Electricidad y Electrónica;ELE;Grado Superior;ELE01S;Sistemas Electrotécnicos y Automatizados;Presencial;Concertada;1.0;1.0;;Avda. Gijón, 17;47009;983 33 2811;47003684@educa.jcyl.es;http://www.cristoreyva.com;41.66051, -4.74807
Valladolid;Valladolid;47003684;CRISTO REY;Privada;Electricidad y Electrónica;ELE;Grado Superior;ELE02S;Sistemas de Telecomunicaciones e Informáticos;Presencial;Concertada;1.0;1.0;;Avda. Gijón, 17;47009;983 33 2811;47003684@educa.jcyl.es;http://www.cristoreyva.com;41.66051, -4.74807
Valladolid;Valladolid;47003684;CRISTO REY;Privada;Electricidad y Electrónica;ELE;Grado Superior;ELE03S;Mantenimiento Electrónico;Presencial;Concertada;1.0;1.0;;Avda. Gijón, 17;47009;983 33 2811;47003684@educa.jcyl.es;http://www.cristoreyva.com;41.66051, -4.74807
Valladolid;Valladolid;47003684;CRISTO REY;Privada;Instalación y Mantenimiento;IMA;Grado Medio;IMA03M;Mantenimiento Electromecánico;Presencial;Concertada;1.0;1.0;;Avda. Gijón, 17;47009;983 33 2811;47003684@educa.jcyl.es;http://www.cristoreyva.com;41.66051, -4.74807
Valladolid;Valladolid;47003684;CRISTO REY;Privada;Instalación y Mantenimiento;IMA;Grado Superior;IMA03S;Mecatrónica Industrial;Presencial;Concertada;1.0;1.0;;Avda. Gijón, 17;47009;983 33 2811;47003684@educa.jcyl.es;http://www.cristoreyva.com;41.66051, -4.74807
Valladolid;Valladolid;47003684;CRISTO REY;Privada;Transporte y Mantenimiento de Vehículos;TMV;Grado Medio;TMV02M;Electromecánica de Vehículos Automóviles;Presencial;Concertada;1.0;1.0;;Avda. Gijón, 17;47009;983 33 2811;47003684@educa.jcyl.es;http://www.cristoreyva.com;41.66051, -4.74807
Valladolid;Valladolid;47003684;CRISTO REY;Privada;Electricidad y Electrónica;ELE;Grado Básico;ELE01B;Electricidad y Electrónica;Presencial;Concertada;1.0;1.0;;Avda. Gijón, 17;47009;983 33 2811;47003684@educa.jcyl.es;http://www.cristoreyva.com;41.66051, -4.74807
Valladolid;Valladolid;47003684;CRISTO REY;Privada;Electricidad y Electrónica;ELE;Grado Medio;ELE01M;Instalaciones Eléctricas y Automáticas;Presencial;Concertada;1.0;1.0;;Avda. Gijón, 17;47009;983 33 2811;47003684@educa.jcyl.es;http://www.cristoreyva.com;41.66051, -4.74807
Valladolid;Valladolid;47003684;CRISTO REY;Privada;Fabricación Mecánica;FME;Grado Medio;FME01M;Mecanizado;Presencial;Concertada;1.0;1.0;;Avda. Gijón, 17;47009;983 33 2811;47003684@educa.jcyl.es;http://www.cristoreyva.com;41.66051, -4.74807
Valladolid;Valladolid;47003684;CRISTO REY;Privada;Fabricación Mecánica;FME;Grado Superior;FME01S;Programación de la Producción en Fabricación Mecánica;Presencial;Concertada;1.0;1.0;;Avda. Gijón, 17;47009;983 33 2811;47003684@educa.jcyl.es;http://www.cristoreyva.com;41.66051, -4.74807
Valladolid;Valladolid;47003684;CRISTO REY;Privada;Transporte y Mantenimiento de Vehículos;TMV;Grado Superior;TMV01S;Automoción;Presencial;Concertada;1.0;1.0;;Avda. Gijón, 17;47009;983 33 2811;47003684@educa.jcyl.es;http://www.cristoreyva.com;41.66051, -4.74807
Valladolid;Valladolid;47003878;LA MILAGROSA Y SANTA FLORENTINA;Privada;Servicios Socioculturales y a la Comunidad;SSC;Grado Medio;SSC01M;Atención a Personas en Situación de Dependencia;Presencial;Concertada;1.0;1.0;;Paseo de Belén, 2;47011;983 25 2064;47003878@educa.jcyl.es;http://lmsf.es;41.66147, -4.70836
Valladolid;Valladolid;47003878;LA MILAGROSA Y SANTA FLORENTINA;Privada;Servicios Socioculturales y a la Comunidad;SSC;Grado Superior;SSC03S;Integración Social;Presencial;Concertada;1.0;1.0;;Paseo de Belén, 2;47011;983 25 2064;47003878@educa.jcyl.es;http://lmsf.es;41.66147, -4.70836
Valladolid;Valladolid;47004135;NUESTRA SEÑORA DEL ROSARIO;Privada;Actividades Físicas y Deportivas;AFD;Grado Superior;AFD01S;Enseñanza y Animación Sociodeportiva;Presencial;Concertada;1.0;1.0;;Ctra. Arca Real, 209;47008;983 22 33 92;47004135@educa.jcyl.es;www.dominicosvalladolid.es;41.60899, -4.73639
Valladolid;Valladolid;47004135;NUESTRA SEÑORA DEL ROSARIO;Privada;Actividades Físicas y Deportivas;AFD;Grado Superior;AFD02S;Acondicionamiento Físico;Presencial;Privada;1.0;1.0;;Ctra. Arca Real, 209;47008;983 22 33 92;47004135@educa.jcyl.es;www.dominicosvalladolid.es;41.60899, -4.73639
Valladolid;Valladolid;47004135;NUESTRA SEÑORA DEL ROSARIO;Privada;Actividades Físicas y Deportivas;AFD;Grado Medio;AFD02M;Guía en el medio natural y de tiempo libre;Presencial;Concertada;1.0;1.0;;Ctra. Arca Real, 209;47008;983 22 33 92;47004135@educa.jcyl.es;www.dominicosvalladolid.es;41.60899, -4.73639
Valladolid;Valladolid;47004214;SAFA-GRIAL;Privada;Administración y Gestión;ADG;Grado Superior;ADG02S;Administración y Finanzas;Presencial;Concertada;1.0;1.0;;C/ Guadalete, 2 y 3, y C/ Ruiz Hernández, 14;47005;983 291 786;47004214@educa.jcyl.es;http://www.safa-grial.com;41.65444, -4.71244
Valladolid;Valladolid;47004214;SAFA-GRIAL;Privada;Sanidad;SAN;Grado Superior;SAN08S;Laboratorio Clínico y Biomédico;Presencial;Concertada;1.0;1.0;;C/ Guadalete, 2 y 3, y C/ Ruiz Hernández, 14;47005;983 291 786;47004214@educa.jcyl.es;http://www.safa-grial.com;41.65444, -4.71244
Valladolid;Valladolid;47004214;SAFA-GRIAL;Privada;Sanidad;SAN;Grado Medio;SAN21;Cuidados Auxiliares de Enfermería;Presencial;Concertada;1.0;1.0;;C/ Guadalete, 2 y 3, y C/ Ruiz Hernández, 14;47005;983 291 786;47004214@educa.jcyl.es;http://www.safa-grial.com;41.65444, -4.71244
Valladolid;Valladolid;47004214;SAFA-GRIAL;Privada;Sanidad;SAN;Grado Superior;SAN32;Dietética;Presencial;Concertada;1.0;1.0;;C/ Guadalete, 2 y 3, y C/ Ruiz Hernández, 14;47005;983 291 786;47004214@educa.jcyl.es;http://www.safa-grial.com;41.65444, -4.71244
Valladolid;Valladolid;47004214;SAFA-GRIAL;Privada;Administración y Gestión;ADG;Grado Básico;ADG01B;Servicios Administrativos;Presencial;Concertada;1.0;1.0;;C/ Guadalete, 2 y 3, y C/ Ruiz Hernández, 14;47005;983 291 786;47004214@educa.jcyl.es;http://www.safa-grial.com;41.65444, -4.71244
Valladolid;Valladolid;47004214;SAFA-GRIAL;Privada;Sanidad;SAN;Grado Medio;SAN02M;Farmacia y Parafarmacia;Presencial;Concertada;1.0;1.0;;C/ Guadalete, 2 y 3, y C/ Ruiz Hernández, 14;47005;983 291 786;47004214@educa.jcyl.es;http://www.safa-grial.com;41.65444, -4.71244
Valladolid;Valladolid;47004354;SAN JUAN BAUTISTA DE LA SALLE;Privada;Administración y Gestión;ADG;Grado Básico;ADG01B;Servicios Administrativos;Presencial;Concertada;1.0;1.0;;C/ Santuario, 7;47002;983 21 8337;47004354@educa.jcyl.es;http://www.lasallevalladolid.es;41.64988, -4.72284
Valladolid;Valladolid;47004354;SAN JUAN BAUTISTA DE LA SALLE;Privada;Electricidad y Electrónica;ELE;Grado Medio;ELE01M;Instalaciones Eléctricas y Automáticas;Presencial;Concertada;1.0;1.0;;C/ Santuario, 7;47002;983 21 8337;47004354@educa.jcyl.es;http://www.lasallevalladolid.es;41.64988, -4.72284
Valladolid;Valladolid;47004354;SAN JUAN BAUTISTA DE LA SALLE;Privada;Administración y Gestión;ADG;Grado Medio;ADG01M;Gestión Administrativa;Presencial;Concertada;1.0;1.0;;C/ Santuario, 7;47002;983 21 8337;47004354@educa.jcyl.es;http://www.lasallevalladolid.es;41.64988, -4.72284
Valladolid;Valladolid;47004408;SAN VIATOR;Privada;Informática y Comunicaciones;IFC;Grado Superior;IFC02S;Desarrollo de Aplicaciones Multiplataforma;Presencial;Concertada;1.0;1.0;;Paseo Juan Carlos I, 12;47008;983 45 7073;47004408@educa.jcyl.es;http://www.sanviatorvalladolid.es;41.63147, -4.72039
Valladolid;Valladolid;47004408;SAN VIATOR;Privada;Sanidad;SAN;Grado Superior;SAN02S;Prótesis Dentales;Presencial;Concertada;1.0;1.0;;Paseo Juan Carlos I, 12;47008;983 45 7073;47004408@educa.jcyl.es;http://www.sanviatorvalladolid.es;41.63147, -4.72039
Valladolid;Valladolid;47004408;SAN VIATOR;Privada;Servicios Socioculturales y a la Comunidad;SSC;Grado Superior;SSC01S;Educación Infantil;Presencial;Concertada;1.0;1.0;;Paseo Juan Carlos I, 12;47008;983 45 7073;47004408@educa.jcyl.es;http://www.sanviatorvalladolid.es;41.63147, -4.72039
Valladolid;Valladolid;47004408;SAN VIATOR;Privada;Informática y Comunicaciones;IFC;Grado Superior;IFC03S;Desarrollo de Aplicaciones Web;Presencial;Privada;1.0;1.0;;Paseo Juan Carlos I, 12;47008;983 45 7073;47004408@educa.jcyl.es;http://www.sanviatorvalladolid.es;41.63147, -4.72039
Valladolid;Valladolid;47004408;SAN VIATOR;Privada;Servicios Socioculturales y a la Comunidad;SSC;Grado Superior;SSC03S;Integración Social;Presencial;Concertada;1.0;1.0;;Paseo Juan Carlos I, 12;47008;983 45 7073;47004408@educa.jcyl.es;http://www.sanviatorvalladolid.es;41.63147, -4.72039
Valladolid;Valladolid;47004408;SAN VIATOR;Privada;Servicios Socioculturales y a la Comunidad;SSC;Grado Superior;SSC05S;Mediación Comunicativa;Presencial;Concertada;1.0;1.0;;Paseo Juan Carlos I, 12;47008;983 45 7073;47004408@educa.jcyl.es;http://www.sanviatorvalladolid.es;41.63147, -4.72039
Valladolid;Valladolid;47004421;SANTA MARÍA MICAELA;Privada;Imagen Personal;IMP;Grado Básico;IMP01B;Peluquería y Estética;Presencial;Concertada;1.0;1.0;;C/ Renedo, 29;47005;983 29 5423;47004421@educa.jcyl.es;http://www.santamariamicaelavalladolid.es;41.6529, -4.71442
Valladolid;Valladolid;47004421;SANTA MARÍA MICAELA;Privada;Imagen Personal;IMP;Grado Medio;IMP02M;Peluquería y Cosmética Capilar;Presencial;Concertada;1.0;1.0;;C/ Renedo, 29;47005;983 29 5423;47004421@educa.jcyl.es;http://www.santamariamicaelavalladolid.es;41.6529, -4.71442
Valladolid;Valladolid;47004421;SANTA MARÍA MICAELA;Privada;Textil, Confección y Piel;TCP;Grado Medio;TCP01M;Confección y Moda;Presencial;Concertada;1.0;1.0;;C/ Renedo, 29;47005;983 29 5423;47004421@educa.jcyl.es;http://www.santamariamicaelavalladolid.es;41.6529, -4.71442
Valladolid;Valladolid;47004585;IES EMILIO FERRARI;Educación;Servicios Socioculturales y a la Comunidad;SSC;Grado Superior;SSC01S;Educación Infantil;Presencial;Pública;1.0;1.0;;C/ Sementera, s/n;47009;983 376 375;47004585@educa.jcyl.es;http://iesemilioferrari.centros.educa.jcyl.es;41.65952, -4.73929
Valladolid;Valladolid;47004585;IES EMILIO FERRARI;Educación;Servicios Socioculturales y a la Comunidad;SSC;Grado Superior;SSC02S;Animación Sociocultural y Turística;Presencial;Pública;1.0;1.0;;C/ Sementera, s/n;47009;983 376 375;47004585@educa.jcyl.es;http://iesemilioferrari.centros.educa.jcyl.es;41.65952, -4.73929
Valladolid;Valladolid;47004585;IES EMILIO FERRARI;Educación;Servicios Socioculturales y a la Comunidad;SSC;Grado Superior;SSC04S;Promoción de Igualdad de Género;Presencial;Pública;1.0;1.0;;C/ Sementera, s/n;47009;983 376 375;47004585@educa.jcyl.es;http://iesemilioferrari.centros.educa.jcyl.es;41.65952, -4.73929
Valladolid;Valladolid;47004585;IES EMILIO FERRARI;Educación;Servicios Socioculturales y a la Comunidad;SSC;Grado Medio;SSC01M;Atención a Personas en Situación de Dependencia;Presencial;Pública;1.0;0.0;;C/ Sementera, s/n;47009;983 376 375;47004585@educa.jcyl.es;http://iesemilioferrari.centros.educa.jcyl.es;41.65952, -4.73929
Valladolid;Valladolid;47004585;IES EMILIO FERRARI;Educación;Servicios Socioculturales y a la Comunidad;SSC;Grado Superior;SSC01Sd;Educación Infantil (distancia);Distancia;Pública;2.0;0.0;;C/ Sementera, s/n;47009;983 376 375;47004585@educa.jcyl.es;http://iesemilioferrari.centros.educa.jcyl.es;41.65952, -4.73929
Valladolid;Valladolid;47004585;IES EMILIO FERRARI;Educación;Servicios Socioculturales y a la Comunidad;SSC;Grado Superior;SSC03S;Integración Social;Presencial;Pública;1.0;1.0;;C/ Sementera, s/n;47009;983 376 375;47004585@educa.jcyl.es;http://iesemilioferrari.centros.educa.jcyl.es;41.65952, -4.73929
Valladolid;Valladolid;47004585;IES EMILIO FERRARI;Educación;Servicios Socioculturales y a la Comunidad;SSC;Grado Superior;SSC03Sd;Integración Social (distancia);Distancia;Pública;1.0;1.0;;C/ Sementera, s/n;47009;983 376 375;47004585@educa.jcyl.es;http://iesemilioferrari.centros.educa.jcyl.es;41.65952, -4.73929
Valladolid;Valladolid;47004615;IES ZORRILLA;Educación;Comercio y Marketing;COM;Grado Medio;COM01M;Actividades Comerciales;Presencial;Pública;2.0;2.0;;Plaza de San Pablo, 3;47011;983 35 5090;47004615@educa.jcyl.es;http://ieszorrilla.centros.educa.jcyl.es;41.65716, -4.72528
Valladolid;Valladolid;47004615;IES ZORRILLA;Educación;Comercio y Marketing;COM;Grado Superior;COM01S;Marketing y Publicidad;Presencial;Pública;2.0;1.0;;Plaza de San Pablo, 3;47011;983 35 5090;47004615@educa.jcyl.es;http://ieszorrilla.centros.educa.jcyl.es;41.65716, -4.72528
Valladolid;Valladolid;47004615;IES ZORRILLA;Educación;Comercio y Marketing;COM;Grado Superior;COM02S;Transporte y Logística;Presencial;Pública;1.0;1.0;;Plaza de San Pablo, 3;47011;983 35 5090;47004615@educa.jcyl.es;http://ieszorrilla.centros.educa.jcyl.es;41.65716, -4.72528
Valladolid;Valladolid;47004615;IES ZORRILLA;Educación;Comercio y Marketing;COM;Grado Superior;COM04S;Comercio Internacional;Presencial;Pública;1.0;1.0;;Plaza de San Pablo, 3;47011;983 35 5090;47004615@educa.jcyl.es;http://ieszorrilla.centros.educa.jcyl.es;41.65716, -4.72528
Valladolid;Valladolid;47004615;IES ZORRILLA;Educación;Comercio y Marketing;COM;Grado Superior;COM02Sd;Transporte y Logística (distancia);Distancia;Pública;2.0;0.0;;Plaza de San Pablo, 3;47011;983 35 5090;47004615@educa.jcyl.es;http://ieszorrilla.centros.educa.jcyl.es;41.65716, -4.72528
Valladolid;Valladolid;47004706;IES LA MERCED;Educación;Electricidad y Electrónica;ELE;Grado Medio;ELE01M;Instalaciones Eléctricas y Automáticas;Presencial;Pública;1.0;1.0;;C/ La Merced, 8;47002;983 29 8400;47004706@educa.jcyl.es;http://ieslamerced.centros.educa.jcyl.es;41.64944, -4.71911
Valladolid;Valladolid;47004706;IES LA MERCED;Educación;Edificación y Obra Civil;EOC;Grado Superior;EOC02S;Proyectos de Obra Civil;Presencial;Pública;1.0;1.0;;C/ La Merced, 8;47002;983 29 8400;47004706@educa.jcyl.es;http://ieslamerced.centros.educa.jcyl.es;41.64944, -4.71911
Valladolid;Valladolid;47004706;IES LA MERCED;Educación;Informática y Comunicaciones;IFC;Grado Básico;IFC01B;Informática y Comunicaciones;Presencial;Pública;1.0;1.0;;C/ La Merced, 8;47002;983 29 8400;47004706@educa.jcyl.es;http://ieslamerced.centros.educa.jcyl.es;41.64944, -4.71911
Valladolid;Valladolid;47004706;IES LA MERCED;Educación;Instalación y Mantenimiento;IMA;Grado Superior;IMA03S;Mecatrónica Industrial;Presencial;Pública;2.0;2.0;;C/ La Merced, 8;47002;983 29 8400;47004706@educa.jcyl.es;http://ieslamerced.centros.educa.jcyl.es;41.64944, -4.71911
Valladolid;Valladolid;47004706;IES LA MERCED;Educación;Electricidad y Electrónica;ELE;Grado Básico;ELE01B;Electricidad y Electrónica;Presencial;Pública;1.0;1.0;;C/ La Merced, 8;47002;983 29 8400;47004706@educa.jcyl.es;http://ieslamerced.centros.educa.jcyl.es;41.64944, -4.71911
Valladolid;Valladolid;47004706;IES LA MERCED;Educación;Electricidad y Electrónica;ELE;Grado Medio;ELE02M;Instalaciones de Telecomunicaciones;Presencial;Pública;1.0;1.0;;C/ La Merced, 8;47002;983 29 8400;47004706@educa.jcyl.es;http://ieslamerced.centros.educa.jcyl.es;41.64944, -4.71911
Valladolid;Valladolid;47004706;IES LA MERCED;Educación;Electricidad y Electrónica;ELE;Grado Superior;ELE03S;Mantenimiento Electrónico;Presencial;Pública;1.0;1.0;;C/ La Merced, 8;47002;983 29 8400;47004706@educa.jcyl.es;http://ieslamerced.centros.educa.jcyl.es;41.64944, -4.71911
Valladolid;Valladolid;47004706;IES LA MERCED;Educación;Energía y Agua;ENA;Grado Superior;ENA03S;Energías Renovables;Presencial;Pública;1.0;1.0;;C/ La Merced, 8;47002;983 29 8400;47004706@educa.jcyl.es;http://ieslamerced.centros.educa.jcyl.es;41.64944, -4.71911
Valladolid;Valladolid;47004706;IES LA MERCED;Educación;Electricidad y Electrónica;ELE;Grado Superior;ELE01S;Sistemas Electrotécnicos y Automatizados;Presencial;Pública;1.0;1.0;;C/ La Merced, 8;47002;983 29 8400;47004706@educa.jcyl.es;http://ieslamerced.centros.educa.jcyl.es;41.64944, -4.71911
Valladolid;Valladolid;47004706;IES LA MERCED;Educación;Edificación y Obra Civil;EOC;Grado Superior;EOC01S;Proyectos de Edificación;Presencial;Pública;1.0;1.0;;C/ La Merced, 8;47002;983 29 8400;47004706@educa.jcyl.es;http://ieslamerced.centros.educa.jcyl.es;41.64944, -4.71911
Valladolid;Valladolid;47004706;IES LA MERCED;Educación;Instalación y Mantenimiento;IMA;Grado Medio;IMA03M;Mantenimiento Electromecánico;Presencial;Pública;2.0;2.0;;C/ La Merced, 8;47002;983 29 8400;47004706@educa.jcyl.es;http://ieslamerced.centros.educa.jcyl.es;41.64944, -4.71911
Valladolid;Valladolid;47004937;GREGORIO FERNÁNDEZ;Privada;Hostelería y Turismo;HOT;Grado Superior;HOT02Sd;Agencias de Viajes y Gestión de Eventos (distancia);Distancia;Privada;1.0;0.0;;C/ Gabilondo, 23;47007;983 471 600;47004937@educa.jcyl.es;https://gregoriofer.com;41.64029, -4.73457
Valladolid;Valladolid;47004937;GREGORIO FERNÁNDEZ;Privada;Informática y Comunicaciones;IFC;Grado Superior;IFC02S;Desarrollo de Aplicaciones Multiplataforma;Presencial;Concertada;1.0;1.0;;C/ Gabilondo, 23;47007;983 47 1600;47004937@educa.jcyl.es;http://gregoriofer.com;41.64029, -4.73457
Valladolid;Valladolid;47004937;GREGORIO FERNÁNDEZ;Privada;Informática y Comunicaciones;IFC;Grado Superior;IFC02Sd;Desarrollo de Aplicaciones Multiplataforma (distancia);Distancia;Privada;1.0;0.0;;C/ Gabilondo, 23;47007;983 471 600;47004937@educa.jcyl.es;https://gregoriofer.com;41.64029, -4.73457
Valladolid;Valladolid;47004937;GREGORIO FERNÁNDEZ;Privada;Sanidad;SAN;Grado Medio;SAN02Md;Farmacia y Parafarmacia (distancia);Presencial;Privada;1.0;1.0;;C/ Gabilondo, 23;47007;983 47 1600;47004937@educa.jcyl.es;http://gregoriofer.com;41.64029, -4.73457
Valladolid;Valladolid;47004937;GREGORIO FERNÁNDEZ;Privada;Sanidad;SAN;Grado Superior;SAN08S;Laboratorio Clínico y Biomédico;Presencial;Concertada;1.0;1.0;;C/ Gabilondo, 23;47007;983 47 1600;47004937@educa.jcyl.es;http://gregoriofer.com;41.64029, -4.73457
Valladolid;Valladolid;47004937;GREGORIO FERNÁNDEZ;Privada;Servicios Socioculturales y a la Comunidad;SSC;Grado Superior;SSC01S;Educación Infantil;Presencial;Concertada;1.0;1.0;;C/ Gabilondo, 23;47007;983 47 1600;47004937@educa.jcyl.es;http://gregoriofer.com;41.64029, -4.73457
Valladolid;Valladolid;47004937;GREGORIO FERNÁNDEZ;Privada;Servicios Socioculturales y a la Comunidad;SSC;Grado Superior;SSC03Sd;Integración Social (distancia);Distancia;Privada;1.0;0.0;;C/ Gabilondo, 23;47007;983 471 600;47004937@educa.jcyl.es;https://gregoriofer.com;41.64029, -4.73457
Valladolid;Valladolid;47004937;GREGORIO FERNÁNDEZ;Privada;Administración y Gestión;ADG;Grado Superior;ADG02S;Administración y Finanzas;Presencial;Concertada;1.0;1.0;;C/ Gabilondo, 23;47007;983 47 1600;47004937@educa.jcyl.es;http://gregoriofer.com;41.64029, -4.73457
Valladolid;Valladolid;47004937;GREGORIO FERNÁNDEZ;Privada;Comercio y Marketing;COM;Grado Superior;COM03S;Gestión de Ventas y Espacios Comerciales;Presencial;Concertada;1.0;1.0;;C/ Gabilondo, 23;47007;983 47 1600;47004937@educa.jcyl.es;http://gregoriofer.com;41.64029, -4.73457
Valladolid;Valladolid;47004937;GREGORIO FERNÁNDEZ;Privada;Servicios Socioculturales y a la Comunidad;SSC;Grado Medio;SSC01M;Atención a Personas en Situación de Dependencia;Presencial;Concertada;2.0;2.0;;C/ Gabilondo, 23;47007;983 47 1600;47004937@educa.jcyl.es;http://gregoriofer.com;41.64029, -4.73457
Valladolid;Valladolid;47004937;GREGORIO FERNÁNDEZ;Privada;Administración y Gestión;ADG;Grado Medio;ADG01M;Gestión Administrativa;Presencial;Concertada;1.0;1.0;;C/ Gabilondo, 23;47007;983 47 1600;47004937@educa.jcyl.es;http://gregoriofer.com;41.64029, -4.73457
Valladolid;Valladolid;47004937;GREGORIO FERNÁNDEZ;Privada;Administración y Gestión;ADG;Grado Superior;ADG02Sd;Administración y Finanzas (distancia);Distancia;Privada;1.0;0.0;;C/ Gabilondo, 23;47007;983 471 600;47004937@educa.jcyl.es;https://gregoriofer.com;41.64029, -4.73457
Valladolid;Valladolid;47004937;GREGORIO FERNÁNDEZ;Privada;Hostelería y Turismo;HOT;Grado Superior;HOT03S;Guía, Información y Asistencias Turísticas;Presencial;Concertada;1.0;1.0;;C/ Gabilondo, 23;47007;983 47 1600;47004937@educa.jcyl.es;http://gregoriofer.com;41.64029, -4.73457
Valladolid;Valladolid;47004937;GREGORIO FERNÁNDEZ;Privada;Informática y Comunicaciones;IFC;Grado Medio;IFC01M;Sistemas Microinformáticos y Redes;Presencial;Concertada;1.0;1.0;;C/ Gabilondo, 23;47007;983 47 1600;47004937@educa.jcyl.es;http://gregoriofer.com;41.64029, -4.73457
Valladolid;Valladolid;47004937;GREGORIO FERNÁNDEZ;Privada;Sanidad;SAN;Grado Medio;SAN02M;Farmacia y Parafarmacia;Presencial;Concertada;1.0;1.0;;C/ Gabilondo, 23;47007;983 47 1600;47004937@educa.jcyl.es;http://gregoriofer.com;41.64029, -4.73457
Valladolid;Valladolid;47004937;GREGORIO FERNÁNDEZ;Privada;Servicios Socioculturales y a la Comunidad;SSC;Grado Superior;SSC03S;Integración Social;Presencial;Concertada;1.0;1.0;;C/ Gabilondo, 23;47007;983 47 1600;47004937@educa.jcyl.es;http://gregoriofer.com;41.64029, -4.73457
Valladolid;Valladolid;47004986;IES GALILEO;Educación;Administración y Gestión;ADG;Grado Medio;ADG01M;Gestión Administrativa;Presencial;Pública;1.0;1.0;;Ctra. Villabañez, s/n;47012;983 20 5640;47004986@educa.jcyl.es;http://iesgalileo.centros.educa.jcyl.es;41.64732, -4.70232
Valladolid;Valladolid;47004986;IES GALILEO;Educación;Administración y Gestión;ADG;Grado Superior;ADG02S;Administración y Finanzas;Presencial;Pública;1.0;1.0;;Ctra. Villabañez, s/n;47012;983 20 5640;47004986@educa.jcyl.es;http://iesgalileo.centros.educa.jcyl.es;41.64732, -4.70232
Valladolid;Valladolid;47004986;IES GALILEO;Educación;Electricidad y Electrónica;ELE;Grado Medio;ELE02M;Instalaciones de Telecomunicaciones;Presencial;Pública;1.0;1.0;;Ctra. Villabañez, s/n;47012;983 20 5640;47004986@educa.jcyl.es;http://iesgalileo.centros.educa.jcyl.es;41.64732, -4.70232
Valladolid;Valladolid;47004986;IES GALILEO;Educación;Informática y Comunicaciones;IFC;Grado Superior;IFC01S;Administración de Sistemas Informáticos en Red;Presencial;Pública;1.0;1.0;;Ctra. Villabañez, s/n;47012;983 20 5640;47004986@educa.jcyl.es;http://iesgalileo.centros.educa.jcyl.es;41.64732, -4.70232
Valladolid;Valladolid;47004986;IES GALILEO;Educación;Transporte y Mantenimiento de Vehículos;TMV;Grado Básico;TMV01B;Mantenimiento de Vehículos;Presencial;Pública;2.0;2.0;;Ctra. Villabañez, s/n;47012;983 20 5640;47004986@educa.jcyl.es;http://iesgalileo.centros.educa.jcyl.es;41.64732, -4.70232
Valladolid;Valladolid;47004986;IES GALILEO;Educación;Transporte y Mantenimiento de Vehículos;TMV;Grado Medio;TMV01M;Carrocería;Presencial;Pública;1.0;1.0;;Ctra. Villabañez, s/n;47012;983 20 5640;47004986@educa.jcyl.es;http://iesgalileo.centros.educa.jcyl.es;41.64732, -4.70232
Valladolid;Valladolid;47004986;IES GALILEO;Educación;Informática y Comunicaciones;IFC;Grado Medio;IFC01M;Sistemas Microinformáticos y Redes;Presencial;Pública;2.0;2.0;;Ctra. Villabañez, s/n;47012;983 20 5640;47004986@educa.jcyl.es;http://iesgalileo.centros.educa.jcyl.es;41.64732, -4.70232
Valladolid;Valladolid;47004986;IES GALILEO;Educación;Informática y Comunicaciones;IFC;Curso Especialización;IFC01E;Ciberseguridad en entornos de las tecnologías de la información;Presencial;Pública;1.0;0.0;;Ctra. Villabañez, s/n;47012;983 20 5640;47004986@educa.jcyl.es;http://iesgalileo.centros.educa.jcyl.es;41.64732, -4.70232
Valladolid;Valladolid;47004986;IES GALILEO;Educación;Transporte y Mantenimiento de Vehículos;TMV;Grado Medio;TMV02M;Electromecánica de Vehículos Automóviles;Presencial;Pública;2.0;2.0;;Ctra. Villabañez, s/n;47012;983 20 5640;47004986@educa.jcyl.es;http://iesgalileo.centros.educa.jcyl.es;41.64732, -4.70232
Valladolid;Valladolid;47004986;IES GALILEO;Educación;Transporte y Mantenimiento de Vehículos;TMV;Grado Superior;TMV01S;Automoción;Presencial;Pública;1.0;1.0;;Ctra. Villabañez, s/n;47012;983 20 5640;47004986@educa.jcyl.es;http://iesgalileo.centros.educa.jcyl.es;41.64732, -4.70232
Valladolid;Valladolid;47004986;IES GALILEO;Educación;Electricidad y Electrónica;ELE;Grado Superior;ELE02S;Sistemas de Telecomunicaciones e Informáticos;Presencial;Pública;1.0;1.0;;Ctra. Villabañez, s/n;47012;983 20 5640;47004986@educa.jcyl.es;http://iesgalileo.centros.educa.jcyl.es;41.64732, -4.70232
Valladolid;Valladolid;47004986;IES GALILEO;Educación;Electricidad y Electrónica;ELE;Grado Superior;ELE04S;Automatización y Robótica Industrial;Presencial;Pública;2.0;2.0;;Ctra. Villabañez, s/n;47012;983 20 5640;47004986@educa.jcyl.es;http://iesgalileo.centros.educa.jcyl.es;41.64732, -4.70232
Valladolid;Valladolid;47004986;IES GALILEO;Educación;Electricidad y Electrónica;ELE;Grado Superior;ELE05S;Electromedicina Clínica;Presencial;Pública;1.0;1.0;;Ctra. Villabañez, s/n;47012;983 20 5640;47004986@educa.jcyl.es;http://iesgalileo.centros.educa.jcyl.es;41.64732, -4.70232
Valladolid;Valladolid;47004986;IES GALILEO;Educación;Informática y Comunicaciones;IFC;Grado Superior;IFC03S;Desarrollo de Aplicaciones WEB;Presencial;Pública;3.0;3.0;;Ctra. Villabañez, s/n;47012;983 20 5640;47004986@educa.jcyl.es;http://iesgalileo.centros.educa.jcyl.es;41.64732, -4.70232
Valladolid;Valladolid;47005747;CENTRO DIDÁCTICO;Privada;Electricidad y Electrónica;ELE;Grado Básico;ELE01B;Electricidad y Electrónica;Presencial;Concertada;1.0;1.0;;C/ Recoletas, 5;47006;983 360 438;47005747@educa.jcyl.es;https://centrodidactico.es;41.64738, -4.73314
Valladolid;Valladolid;47005747;CENTRO DIDÁCTICO;Privada;Sanidad;SAN;Grado Medio;SAN21;Cuidados Auxiliares de Enfermería;Presencial;Concertada;3.0;3.0;;C/ Recoletas, 5;47006;983 360 438;47005747@educa.jcyl.es;https://centrodidactico.es;41.64738, -4.73314
Valladolid;Valladolid;47005747;CENTRO DIDÁCTICO;Privada;Transporte y Mantenimiento de Vehículos;TMV;Grado Medio;TMV02M;Electromecánica de Vehículos Automóviles;Presencial;Concertada;1.0;1.0;;C/ Recoletas, 5;47006;983 360 438;47005747@educa.jcyl.es;https://centrodidactico.es;41.64738, -4.73314
Valladolid;Valladolid;47005747;CENTRO DIDÁCTICO;Privada;Administración y Gestión;ADG;Grado Medio;ADG01M;Gestión Administrativa;Presencial;Concertada;1.0;1.0;;C/ Recoletas, 5;47006;983 360 438;47005747@educa.jcyl.es;https://centrodidactico.es;41.64738, -4.73314
Valladolid;Valladolid;47005747;CENTRO DIDÁCTICO;Privada;Electricidad y Electrónica;ELE;Grado Medio;ELE01M;Instalaciones Eléctricas y Automáticas;Presencial;Concertada;1.0;1.0;;C/ Recoletas, 5;47006;983 360 438;47005747@educa.jcyl.es;https://centrodidactico.es;41.64738, -4.73314
Valladolid;Valladolid;47005747;CENTRO DIDÁCTICO;Privada;Informática y Comunicaciones;IFC;Grado Medio;IFC01M;Sistemas Microinformáticos y Redes;Presencial;Concertada;1.0;1.0;;C/ Recoletas, 5;47006;983 360 438;47005747@educa.jcyl.es;https://centrodidactico.es;41.64738, -4.73314
Valladolid;Valladolid;47005747;CENTRO DIDÁCTICO;Privada;Servicios Socioculturales y a la Comunidad;SSC;Grado Medio;SSC01M;Atención a Personas en Situación de Dependencia;Presencial;Concertada;1.0;1.0;;C/ Recoletas, 5;47006;983 360 438;47005747@educa.jcyl.es;https://centrodidactico.es;41.64738, -4.73314
Valladolid;Valladolid;47005841;IES RAMÓN Y CAJAL;Educación;Imagen Personal;IMP;Grado Básico;IMP01B;Peluquería y Estética;Presencial;Pública;2.0;1.0;;Paseo Juan Carlos I, 11;47012;983 27 0837;47005841@educa.jcyl.es;http://iesramonycajal.centros.educa.jcyl.es/sitio/;41.63705, -4.7174
Valladolid;Valladolid;47005841;IES RAMÓN Y CAJAL;Educación;Imagen Personal;IMP;Grado Superior;IMP01S;Estética Integral y Bienestar;Presencial;Pública;1.0;1.0;;Paseo Juan Carlos I, 11;47012;983 27 0837;47005841@educa.jcyl.es;http://iesramonycajal.centros.educa.jcyl.es/sitio/;41.63705, -4.7174
Valladolid;Valladolid;47005841;IES RAMÓN Y CAJAL;Educación;Imagen Personal;IMP;Grado Superior;IMP03S;Asesoría de Imagen Personal y Corporativa;Presencial;Pública;1.0;1.0;;Paseo Juan Carlos I, 11;47012;983 27 0837;47005841@educa.jcyl.es;http://iesramonycajal.centros.educa.jcyl.es/sitio/;41.63705, -4.7174
Valladolid;Valladolid;47005841;IES RAMÓN Y CAJAL;Educación;Química;QUI;Grado Superior;QUI03S;Fabricación de Productos Farmacéuticos, Biotecnológicos y Afines;Presencial;Pública;1.0;1.0;;Paseo Juan Carlos I, 11;47012;983 27 0837;47005841@educa.jcyl.es;http://iesramonycajal.centros.educa.jcyl.es/sitio/;41.63705, -4.7174
Valladolid;Valladolid;47005841;IES RAMÓN Y CAJAL;Educación;Sanidad;SAN;Grado Medio;SAN02M;Farmacia y Parafarmacia;Presencial;Pública;1.0;1.0;;Paseo Juan Carlos I, 11;47012;983 27 0837;47005841@educa.jcyl.es;http://iesramonycajal.centros.educa.jcyl.es/sitio/;41.63705, -4.7174
Valladolid;Valladolid;47005841;IES RAMÓN Y CAJAL;Educación;Sanidad;SAN;Grado Medio;SAN21;Cuidados Auxiliares de Enfermería;Presencial;Pública;4.0;4.0;;Paseo Juan Carlos I, 11;47012;983 27 0837;47005841@educa.jcyl.es;http://iesramonycajal.centros.educa.jcyl.es/sitio/;41.63705, -4.7174
Valladolid;Valladolid;47005841;IES RAMÓN Y CAJAL;Educación;Sanidad;SAN;Grado Superior;SAN04S;Anatomía Patológica y Citodiagnóstico;Presencial;Pública;2.0;2.0;;Paseo Juan Carlos I, 11;47012;983 27 0837;47005841@educa.jcyl.es;http://iesramonycajal.centros.educa.jcyl.es/sitio/;41.63705, -4.7174
Valladolid;Valladolid;47005841;IES RAMÓN Y CAJAL;Educación;Imagen Personal;IMP;Grado Medio;IMP01M;Estética y Belleza;Presencial;Pública;2.0;2.0;;Paseo Juan Carlos I, 11;47012;983 27 0837;47005841@educa.jcyl.es;http://iesramonycajal.centros.educa.jcyl.es/sitio/;41.63705, -4.7174
Valladolid;Valladolid;47005841;IES RAMÓN Y CAJAL;Educación;Imagen Personal;IMP;Grado Medio;IMP02M;Peluquería y Cosmética Capilar;Presencial;Pública;1.0;1.0;;Paseo Juan Carlos I, 11;47012;983 27 0837;47005841@educa.jcyl.es;http://iesramonycajal.centros.educa.jcyl.es/sitio/;41.63705, -4.7174
Valladolid;Valladolid;47005841;IES RAMÓN Y CAJAL;Educación;Química;QUI;Grado Medio;QUI02M;Operaciones de Laboratorio;Presencial;Pública;1.0;1.0;;Paseo Juan Carlos I, 11;47012;983 27 0837;47005841@educa.jcyl.es;http://iesramonycajal.centros.educa.jcyl.es/sitio/;41.63705, -4.7174
Valladolid;Valladolid;47005841;IES RAMÓN Y CAJAL;Educación;Química;QUI;Grado Superior;QUI01S;Laboratorio de Análisis y Control de Calidad;Presencial;Pública;1.0;1.0;;Paseo Juan Carlos I, 11;47012;983 27 0837;47005841@educa.jcyl.es;http://iesramonycajal.centros.educa.jcyl.es/sitio/;41.63705, -4.7174
Valladolid;Valladolid;47005841;IES RAMÓN Y CAJAL;Educación;Seguridad y Medio Ambiente;SEA;Grado Superior;SEA03S;Química y Salud Ambiental;Presencial;Pública;1.0;1.0;;Paseo Juan Carlos I, 11;47012;983 27 0837;47005841@educa.jcyl.es;http://iesramonycajal.centros.educa.jcyl.es/sitio/;41.63705, -4.7174
Valladolid;Valladolid;47005841;IES RAMÓN Y CAJAL;Educación;Imagen Personal;IMP;Grado Superior;IMP02S;Estilismo y Dirección de Peluquería;Presencial;Pública;1.0;1.0;;Paseo Juan Carlos I, 11;47012;983 27 0837;47005841@educa.jcyl.es;http://iesramonycajal.centros.educa.jcyl.es/sitio/;41.63705, -4.7174
Valladolid;Valladolid;47005841;IES RAMÓN Y CAJAL;Educación;Imagen Personal;IMP;Grado Superior;IMP04S;Caracterización y Maquillaje Profesional;Presencial;Pública;1.0;1.0;;Paseo Juan Carlos I, 11;47012;983 27 0837;47005841@educa.jcyl.es;http://iesramonycajal.centros.educa.jcyl.es/sitio/;41.63705, -4.7174
Valladolid;Valladolid;47005841;IES RAMÓN Y CAJAL;Educación;Sanidad;SAN;Grado Superior;SAN08S;Laboratorio Clínico y Biomédico;Presencial;Pública;2.0;2.0;;Paseo Juan Carlos I, 11;47012;983 27 0837;47005841@educa.jcyl.es;http://iesramonycajal.centros.educa.jcyl.es/sitio/;41.63705, -4.7174
Valladolid;Valladolid;47005981;IES NÚÑEZ DE ARCE;Educación;Administración y Gestión;ADG;Grado Medio;ADG01M;Gestión Administrativa;Presencial;Pública;2.0;2.0;;Plaza de Poniente, s/n;47003;983 36 1690;47005981@educa.jcyl.es;http://www.nunezdearce.es;41.65362, -4.73179
Valladolid;Valladolid;47005981;IES NÚÑEZ DE ARCE;Educación;Administración y Gestión;ADG;Grado Superior;ADG02S;Administración y Finanzas;Presencial;Pública;1.0;1.0;;Plaza de Poniente, s/n;47003;983 36 1690;47005981@educa.jcyl.es;http://www.nunezdearce.es;41.65362, -4.73179
Valladolid;Valladolid;47006284;ALCAZARÉN;Privada;Comercio y Marketing;COM;Grado Básico;COM01B;Servicios Comerciales;Presencial;Concertada;1.0;1.0;;C/ Manuel López Antolí, 1;47009;983 36 3330;47006284@educa.jcyl.es;http://www.alcazarenformacion.es;41.66196, -4.73908
Valladolid;Valladolid;47006284;ALCAZARÉN;Privada;Hostelería y Turismo;HOT;Grado Superior;HOT01S;Gestión de Alojamientos Turísticos;Presencial;Concertada;1.0;1.0;;C/ Manuel López Antolí, 1;47009;983 36 3330;47006284@educa.jcyl.es;http://www.alcazarenformacion.es;41.66196, -4.73908
Valladolid;Valladolid;47006284;ALCAZARÉN;Privada;Hostelería y Turismo;HOT;Grado Medio;HOT01M;Cocina y Gastronomía;Presencial;Concertada;1.0;1.0;;C/ Manuel López Antolí, 1;47009;983 36 3330;47006284@educa.jcyl.es;http://www.alcazarenformacion.es;41.66196, -4.73908
Valladolid;Valladolid;47006284;ALCAZARÉN;Privada;Hostelería y Turismo;HOT;Grado Superior;HOT04S;Dirección de Cocina;Presencial;Privada;1.0;1.0;;C/ Manuel López Antolí, 1;47009;983 36 3330;47006284@educa.jcyl.es;http://www.alcazarenformacion.es;41.66196, -4.73908
Valladolid;Valladolid;47006284;ALCAZARÉN;Privada;Servicios Socioculturales y a la Comunidad;SSC;Grado Superior;SSC01S;Educación Infantil;Presencial;Concertada;1.0;1.0;;C/ Manuel López Antolí, 1;47009;983 36 3330;47006284@educa.jcyl.es;http://www.alcazarenformacion.es;41.66196, -4.73908
Valladolid;Valladolid;47006284;ALCAZARÉN;Privada;Comercio y Marketing;COM;Grado Superior;COM01S;Marketing y Publicidad;Presencial;Privada;1.0;1.0;;C/ Manuel López Antolí, 1;47009;983 36 3330;47006284@educa.jcyl.es;http://www.alcazarenformacion.es;41.66196, -4.73908
Valladolid;Valladolid;47006284;ALCAZARÉN;Privada;Textil, Confección y Piel;TCP;Grado Superior;TCP01S;Patronaje y Moda;Presencial;Concertada;1.0;1.0;;C/ Manuel López Antolí, 1;47009;983 36 3330;47006284@educa.jcyl.es;http://www.alcazarenformacion.es;41.66196, -4.73908
Valladolid;Valladolid;47006533;IES CONDESA EYLO ALFONSO;Educación;Actividades Físicas y Deportivas;AFD;Grado Superior;AFD01S;Enseñanza y Animación Sociodeportiva;Presencial;Pública;1.0;1.0;;C/ Velázquez, s/n;47008;983 27 8450;47006533@educa.jcyl.es;http://www.iescondesaeylo.com;41.63008, -4.73852
Valladolid;Valladolid;47006533;IES CONDESA EYLO ALFONSO;Educación;Actividades Físicas y Deportivas;AFD;Grado Superior;AFD02S;Acondicionamiento Físico;Presencial;Pública;1.0;0.0;;C/ Velázquez, s/n;47008;983 27 8450;47006533@educa.jcyl.es;http://www.iescondesaeylo.com;41.63008, -4.73852
Valladolid;Valladolid;47006533;IES CONDESA EYLO ALFONSO;Educación;Comercio y Marketing;COM;Grado Medio;COM01M;Actividades Comerciales;Presencial;Pública;1.0;1.0;;C/ Velázquez, s/n;47008;983 27 8450;47006533@educa.jcyl.es;http://www.iescondesaeylo.com;41.63008, -4.73852
Valladolid;Valladolid;47006533;IES CONDESA EYLO ALFONSO;Educación;Comercio y Marketing;COM;Grado Superior;COM03S;Gestión de Ventas y Espacios Comerciales;Presencial;Pública;1.0;1.0;;C/ Velázquez, s/n;47008;983 27 8450;47006533@educa.jcyl.es;http://www.iescondesaeylo.com;41.63008, -4.73852
Valladolid;Valladolid;47006545;IES RIBERA DE CASTILLA;Educación;Electricidad y Electrónica;ELE;Grado Básico;ELE01B;Electricidad y Electrónica;Presencial;Pública;1.0;1.0;;C/ Mirabel, 25;47010;983 26 0716;47006545@educa.jcyl.es;http://www.iesribera.es;41.66429, -4.72322
Valladolid;Valladolid;47006545;IES RIBERA DE CASTILLA;Educación;Informática y Comunicaciones;IFC;Grado Básico;IFC01B;Informática y Comunicaciones;Presencial;Pública;1.0;1.0;;C/ Mirabel, 25;47010;983 26 0716;47006545@educa.jcyl.es;http://www.iesribera.es;41.66429, -4.72322
Valladolid;Valladolid;47006545;IES RIBERA DE CASTILLA;Educación;Informática y Comunicaciones;IFC;Grado Básico;IFC02B;Informática de Oficina;Presencial;Pública;1.0;1.0;;C/ Mirabel, 25;47010;983 26 0716;47006545@educa.jcyl.es;http://www.iesribera.es;41.66429, -4.72322
Valladolid;Valladolid;47006545;IES RIBERA DE CASTILLA;Educación;Madera, Mueble y Corcho;MAM;Grado Superior;MAM01S;Diseño y Amueblamiento;Presencial;Pública;1.0;1.0;;C/ Mirabel, 25;47010;983 26 0716;47006545@educa.jcyl.es;http://www.iesribera.es;41.66429, -4.72322
Valladolid;Valladolid;47006545;IES RIBERA DE CASTILLA;Educación;Administración y Gestión;ADG;Grado Medio;ADG01M;Gestión Administrativa;Presencial;Pública;1.0;1.0;;C/ Mirabel, 25;47010;983 26 0716;47006545@educa.jcyl.es;http://www.iesribera.es;41.66429, -4.72322
Valladolid;Valladolid;47006545;IES RIBERA DE CASTILLA;Educación;Administración y Gestión;ADG;Grado Superior;ADG02S;Administración y Finanzas;Presencial;Pública;1.0;1.0;;C/ Mirabel, 25;47010;983 26 0716;47006545@educa.jcyl.es;http://www.iesribera.es;41.66429, -4.72322
Valladolid;Valladolid;47006545;IES RIBERA DE CASTILLA;Educación;Electricidad y Electrónica;ELE;Grado Medio;ELE02M;Instalaciones de Telecomunicaciones;Presencial;Pública;1.0;1.0;;C/ Mirabel, 25;47010;983 26 0716;47006545@educa.jcyl.es;http://www.iesribera.es;41.66429, -4.72322
Valladolid;Valladolid;47006545;IES RIBERA DE CASTILLA;Educación;Informática y Comunicaciones;IFC;Grado Superior;IFC02S;Desarrollo de Aplicaciones Multiplataforma;Presencial;Pública;1.0;1.0;;C/ Mirabel, 25;47010;983 26 0716;47006545@educa.jcyl.es;http://www.iesribera.es;41.66429, -4.72322
Valladolid;Valladolid;47006545;IES RIBERA DE CASTILLA;Educación;Madera, Mueble y Corcho;MAM;Grado Básico;MAM01B;Carpintería y Mueble;Presencial;Pública;1.0;1.0;;C/ Mirabel, 25;47010;983 26 0716;47006545@educa.jcyl.es;http://www.iesribera.es;41.66429, -4.72322
Valladolid;Valladolid;47006545;IES RIBERA DE CASTILLA;Educación;Informática y Comunicaciones;IFC;Grado Medio;IFC01M;Sistemas Microinformáticos y Redes;Presencial;Pública;2.0;2.0;;C/ Mirabel, 25;47010;983 26 0716;47006545@educa.jcyl.es;http://www.iesribera.es;41.66429, -4.72322
Valladolid;Valladolid;47006545;IES RIBERA DE CASTILLA;Educación;Informática y Comunicaciones;IFC;Grado Medio;IFC01Md;Sistemas Microinformáticos y Redes (distancia);Distancia;Pública;1.0;0.0;;C/ Mirabel, 25;47010;983 26 0716;47006545@educa.jcyl.es;http://www.iesribera.es;41.66429, -4.72322
Valladolid;Valladolid;47006545;IES RIBERA DE CASTILLA;Educación;Informática y Comunicaciones;IFC;Grado Superior;IFC01S;Administración de Sistemas Informáticos en Red;Presencial;Pública;1.0;1.0;;C/ Mirabel, 25;47010;983 26 0716;47006545@educa.jcyl.es;http://www.iesribera.es;41.66429, -4.72322
Valladolid;Valladolid;47006545;IES RIBERA DE CASTILLA;Educación;Informática y Comunicaciones;IFC;Grado Superior;IFC03S;Desarrollo de Aplicaciones WEB;Presencial;Pública;1.0;1.0;;C/ Mirabel, 25;47010;983 26 0716;47006545@educa.jcyl.es;http://www.iesribera.es;41.66429, -4.72322
Valladolid;Valladolid;47006545;IES RIBERA DE CASTILLA;Educación;Informática y Comunicaciones;IFC;Grado Superior;IFC03Sd;Desarrollo de Aplicaciones WEB (distancia);Distancia;Pública;1.0;0.0;;C/ Mirabel, 25;47010;983 26 0716;47006545@educa.jcyl.es;http://www.iesribera.es;41.66429, -4.72322
Valladolid;Valladolid;47006545;IES RIBERA DE CASTILLA;Educación;Informática y Comunicaciones;IFC;Curso Especialización;IFC03E;Inteligencia Artificial y Big Data;Presencial;Pública;1.0;0.0;;C/ Mirabel, 25;47010;983 26 0716;47006545@educa.jcyl.es;http://www.iesribera.es;41.66429, -4.72322
Valladolid;Valladolid;47006545;IES RIBERA DE CASTILLA;Educación;Madera, Mueble y Corcho;MAM;Grado Medio;MAM01M;Carpintería y Mueble;Presencial;Pública;1.0;1.0;;C/ Mirabel, 25;47010;983 26 0716;47006545@educa.jcyl.es;http://www.iesribera.es;41.66429, -4.72322
Valladolid;Valladolid;47006697;IES VEGA DEL PRADO;Educación;Imagen y Sonido;IMS;Grado Superior;IMS01S;Animaciones 3D, Juegos y Entornos Interactivos;Presencial;Pública;2.0;2.0;;Plaza de la Cebada, 1;47014;983 35 9377;47006697@educa.jcyl.es;http://iesvegadelprado.centros.educa.jcyl.es;41.64969, -4.74446
Valladolid;Valladolid;47006697;IES VEGA DEL PRADO;Educación;Imagen y Sonido;IMS;Grado Superior;IMS03S;Producción de Audiovisuales y Espectáculos;Presencial;Pública;1.0;0.0;;Plaza de la Cebada, 1;47014;983 35 9377;47006697@educa.jcyl.es;http://iesvegadelprado.centros.educa.jcyl.es;41.64969, -4.74446
Valladolid;Valladolid;47006697;IES VEGA DEL PRADO;Educación;Imagen y Sonido;IMS;Grado Medio;IMS01M;Vídeo Disc-jockey y Sonido;Presencial;Pública;1.0;0.0;;Plaza de la Cebada, 1;47014;983 35 9377;47006697@educa.jcyl.es;http://iesvegadelprado.centros.educa.jcyl.es;41.64969, -4.74446
Valladolid;Valladolid;47006697;IES VEGA DEL PRADO;Educación;Imagen y Sonido;IMS;Grado Superior;IMS05S;Iluminación, Captación y tratamiento de Imagen;Presencial;Pública;1.0;1.0;;Plaza de la Cebada, 1;47014;983 35 9377;47006697@educa.jcyl.es;http://iesvegadelprado.centros.educa.jcyl.es;41.64969, -4.74446
Valladolid;Valladolid;47007021;IES ARCA REAL;Educación;Administración y Gestión;ADG;Grado Medio;ADG01M;Gestión Administrativa;Presencial;Pública;1.0;1.0;;C/ General Shelly, 1;47013;983 22 0818;47007021@educa.jcyl.es;http://iesarcareal.centros.educa.jcyl.es;41.63573, -4.72529
Valladolid;Valladolid;47007021;IES ARCA REAL;Educación;Administración y Gestión;ADG;Grado Superior;ADG01S;Asistencia a la Dirección;Presencial;Pública;1.0;1.0;;C/ General Shelly, 1;47013;983 22 0818;47007021@educa.jcyl.es;http://iesarcareal.centros.educa.jcyl.es;41.63573, -4.72529
Valladolid;Valladolid;47007021;IES ARCA REAL;Educación;Administración y Gestión;ADG;Grado Superior;ADG02S;Administración y Finanzas;Presencial;Pública;1.0;1.0;;C/ General Shelly, 1;47013;983 22 0818;47007021@educa.jcyl.es;http://iesarcareal.centros.educa.jcyl.es;41.63573, -4.72529
Valladolid;Valladolid;47007021;IES ARCA REAL;Educación;Informática y Comunicaciones;IFC;Grado Básico;IFC02B;Informática de Oficina;Presencial;Pública;1.0;0.0;;C/ General Shelly, 1;47013;983 22 0818;47007021@educa.jcyl.es;http://iesarcareal.centros.educa.jcyl.es;41.63573, -4.72529
Valladolid;Valladolid;47007021;IES ARCA REAL;Educación;Administración y Gestión;ADG;Grado Medio;ADG01Md;Gestión Administrativa (distancia);Distancia;Pública;1.0;0.0;;C/ General Shelly, 1;47013;983 22 0818;47007021@educa.jcyl.es;http://iesarcareal.centros.educa.jcyl.es;41.63573, -4.72529
Valladolid;Valladolid;47007021;IES ARCA REAL;Educación;Administración y Gestión;ADG;Grado Superior;ADG02Sd;Administración y Finanzas (distancia);Distancia;Pública;2.0;0.0;;C/ General Shelly, 1;47013;983 22 0818;47007021@educa.jcyl.es;http://iesarcareal.centros.educa.jcyl.es;41.63573, -4.72529
Valladolid;Valladolid;47007021;IES ARCA REAL;Educación;Comercio y Marketing;COM;Curso Especialización;COM02E;Redacción de contenidos digitales para marketing y ventas;Presencial;Pública;1.0;0.0;;C/ General Shelly, 1;47013;983 22 08 18;47007021@educa.jcyl.es;http://iesarcareal.centros.educa.jcyl.es;41.63573, -4.72529
Valladolid;Valladolid;47007070;IES DIEGO DE PRAVES;Educación;Hostelería y Turismo;HOT;Grado Superior;HOT01S;Gestión de Alojamientos Turísticos;Presencial;Pública;1.0;0.0;;C/ Escribano, s/n;47012;983 39 1433;47007070@educa.jcyl.es;http://iesdiegodepraves.centros.educa.jcyl.es;41.64939, -4.70077
Valladolid;Valladolid;47007070;IES DIEGO DE PRAVES;Educación;Hostelería y Turismo;HOT;Grado Básico;HOT01B;Cocina y Restauración;Presencial;Pública;1.0;1.0;;C/ Escribano, s/n;47012;983 39 1433;47007070@educa.jcyl.es;http://iesdiegodepraves.centros.educa.jcyl.es;41.64939, -4.70077
Valladolid;Valladolid;47007070;IES DIEGO DE PRAVES;Educación;Hostelería y Turismo;HOT;Grado Medio;HOT02M;Servicios en Restauración;Presencial;Pública;1.0;1.0;;C/ Escribano, s/n;47012;983 39 1433;47007070@educa.jcyl.es;http://iesdiegodepraves.centros.educa.jcyl.es;41.64939, -4.70077
Valladolid;Valladolid;47007070;IES DIEGO DE PRAVES;Educación;Hostelería y Turismo;HOT;Grado Superior;HOT02S;Agencias de Viajes y Gestión de Eventos;Presencial;Pública;1.0;1.0;;C/ Escribano, s/n;47012;983 39 1433;47007070@educa.jcyl.es;http://iesdiegodepraves.centros.educa.jcyl.es;41.64939, -4.70077
Valladolid;Valladolid;47007070;IES DIEGO DE PRAVES;Educación;Hostelería y Turismo;HOT;Grado Superior;HOT05S;Dirección de Servicios de Restauración;Presencial;Pública;1.0;1.0;;C/ Escribano, s/n;47012;983 39 1433;47007070@educa.jcyl.es;http://iesdiegodepraves.centros.educa.jcyl.es;41.64939, -4.70077
Valladolid;Valladolid;47007070;IES DIEGO DE PRAVES;Educación;Industrias Alimentarias;INA;Grado Medio;INA01M;Panadería, Repostería y Confitería;Presencial;Pública;1.0;1.0;;C/ Escribano, s/n;47012;983 39 1433;47007070@educa.jcyl.es;http://iesdiegodepraves.centros.educa.jcyl.es;41.64939, -4.70077
Valladolid;Valladolid;47007070;IES DIEGO DE PRAVES;Educación;Hostelería y Turismo;HOT;Grado Medio;HOT01M;Cocina y Gastronomía;Presencial;Pública;2.0;2.0;;C/ Escribano, s/n;47012;983 39 1433;47007070@educa.jcyl.es;http://iesdiegodepraves.centros.educa.jcyl.es;41.64939, -4.70077
Valladolid;Valladolid;47007070;IES DIEGO DE PRAVES;Educación;Hostelería y Turismo;HOT;Grado Superior;HOT04S;Dirección de Cocina;Presencial;Pública;1.0;1.0;;C/ Escribano, s/n;47012;983 39 1433;47007070@educa.jcyl.es;http://iesdiegodepraves.centros.educa.jcyl.es;41.64939, -4.70077
Valladolid;Valladolid;47007070;IES DIEGO DE PRAVES;Educación;Hostelería y Turismo;HOT;Curso Especialización;HOT01E;Panadería y bollería artesanales;Presencial;Pública;1.0;0.0;;C/ Escribano, s/n;47012;983 39 1433;47007070@educa.jcyl.es;http://iesdiegodepraves.centros.educa.jcyl.es;41.64939, -4.70077
Valladolid;Peñafiel;47007197;IES CONDE LUCANOR;Educación;Agraria;AGA;Grado Básico;AGA01B;Agro-jardinería y Composiciones Florales;Presencial;Pública;1.0;1.0;;Ctra. Pesquera, s/n;47300;983  88 1091;47007197@educa.jcyl.es;http://iescondelucanor.centros.educa.jcyl.es;41.60681, -4.11635
Valladolid;Peñafiel;47007197;IES CONDE LUCANOR;Educación;Comercio y Marketing;COM;Grado Medio;COM02M;Comercialización de Productos Alimentarios;Presencial;Pública;1.0;1.0;;Ctra. Pesquera, s/n;47300;983  88 1091;47007197@educa.jcyl.es;http://iescondelucanor.centros.educa.jcyl.es;41.60681, -4.11635
Valladolid;Tordesillas;47007291;IES JUANA I DE CASTILLA;Educación;Informática y Comunicaciones;IFC;Grado Medio;IFC01M;Sistemas Microinformáticos y Redes;Presencial;Pública;1.0;1.0;;Avda. de Santa Teresa, 1;47100;983 77 0412;47007291@educa.jcyl.es;http://iesjuanaprimeradecastilla.centros.educa.jcyl.es;41.50057, -4.99467
Valladolid;Tordesillas;47007291;IES JUANA I DE CASTILLA;Educación;Informática y Comunicaciones;IFC;Grado Básico;IFC02B;Informática de Oficina;Presencial;Pública;1.0;1.0;;Avda. de Santa Teresa, 1;47100;983 77 0412;47007291@educa.jcyl.es;http://iesjuanaprimeradecastilla.centros.educa.jcyl.es;41.50057, -4.99467
Valladolid;Tordesillas;47007291;IES JUANA I DE CASTILLA;Educación;Informática y Comunicaciones;IFC;Grado Superior;IFC03S;Desarrollo de Aplicaciones Web;Presencial;Pública;1.0;1.0;;Avda. de Santa Teresa, 1;47100;983 77 0412;47007291@educa.jcyl.es;http://iesjuanaprimeradecastilla.centros.educa.jcyl.es;41.50057, -4.99467
Valladolid;Tordesillas;47007291;IES JUANA I DE CASTILLA;Educación;Electricidad y Electrónica;ELE;Grado Básico;ELE01B;Electricidad y Electrónica;Presencial;Pública;1.0;1.0;;Avda. de Santa Teresa, 1;47100;983 77 0412;47007291@educa.jcyl.es;http://iesjuanaprimeradecastilla.centros.educa.jcyl.es;41.50057, -4.99467
Valladolid;Medina de Rioseco;47007306;IES CAMPOS Y TOROZOS;Educación;Administración y Gestión;ADG;Grado Básico;ADG01B;Servicios Administrativos;Presencial;Pública;1.0;1.0;;C/ Estación, s/n;47800;983 70 1040;47007306@educa.jcyl.es;http://iescamposytorozos.centros.educa.jcyl.es;41.87906, -5.04599
Valladolid;Medina de Rioseco;47007306;IES CAMPOS Y TOROZOS;Educación;Administración y Gestión;ADG;Grado Medio;ADG01M;Gestión Administrativa;Presencial;Pública;1.0;1.0;;C/ Estación, s/n;47800;983 70 1040;47007306@educa.jcyl.es;http://iescamposytorozos.centros.educa.jcyl.es;41.87906, -5.04599
Valladolid;Iscar;47007318;IES SANTO TOMÁS DE AQUINO;Educación;Servicios Socioculturales y a la Comunidad;SSC;Grado Superior;SSC01S;Educación Infantil;Presencial;Pública;1.0;1.0;;C/ San Pedro, 48;47420;983 611 079;47007318@educa.jcyl.es;http://iessantotomasdeaquino.centros.educa.jcyl.es/;41.36066, -4.52776
Valladolid;Laguna de Duero;47007461;IES LAS SALINAS;Educación;Administración y Gestión;ADG;Grado Superior;ADG02S;Administración y Finanzas;Presencial;Pública;1.0;1.0;;Avda. de la Espadaña, 1;47140;983 54 2300;47007461@educa.jcyl.es;http://ieslassalinas.centros.educa.jcyl.es;41.59149, -4.72512
Valladolid;Laguna de Duero;47007461;IES LAS SALINAS;Educación;Administración y Gestión;ADG;Grado Básico;ADG01B;Servicios Administrativos;Presencial;Pública;1.0;1.0;;Avda. de la Espadaña, 1;47140;983 54 2300;47007461@educa.jcyl.es;http://ieslassalinas.centros.educa.jcyl.es;41.59149, -4.72512
Valladolid;Laguna de Duero;47007461;IES LAS SALINAS;Educación;Administración y Gestión;ADG;Grado Medio;ADG01M;Gestión Administrativa;Presencial;Pública;1.0;1.0;;Avda. de la Espadaña, 1;47140;983 54 2300;47007461@educa.jcyl.es;http://ieslassalinas.centros.educa.jcyl.es;41.59149, -4.72512
Valladolid;Valladolid;47007525;IES JULIÁN MARÍAS;Educación;Informática y Comunicaciones;IFC;Grado Superior;IFC01S;Administración de Sistemas Informáticos en Red;Presencial;Pública;1.0;1.0;;C/ Eusebio González Suárez, s/n;47014;983 35 4733;47007525@educa.jcyl.es;http://iesjulianmarias.centros.educa.jcyl.es;41.63196, -4.75846
Valladolid;Valladolid;47007525;IES JULIÁN MARÍAS;Educación;Informática y Comunicaciones;IFC;Grado Superior;IFC02S;Desarrollo de Aplicaciones Multiplataforma;Presencial;Pública;2.0;2.0;;C/ Eusebio González Suárez, s/n;47014;983 35 4733;47007525@educa.jcyl.es;http://iesjulianmarias.centros.educa.jcyl.es;41.63196, -4.75846
Valladolid;Valladolid;47007525;IES JULIÁN MARÍAS;Educación;Informática y Comunicaciones;IFC;Grado Superior;IFC02Sd;Desarrollo de Aplicaciones Multiplataforma (distancia);Distancia;Pública;1.0;0.0;;C/ Eusebio González Suárez, s/n;47014;983 35 4733;47007525@educa.jcyl.es;http://iesjulianmarias.centros.educa.jcyl.es;41.63196, -4.75846
Valladolid;Valladolid;47007525;IES JULIÁN MARÍAS;Educación;Informática y Comunicaciones;IFC;Grado Superior;IFC03S;Desarrollo de Aplicaciones WEB;Presencial;Pública;0.0;1.0;;C/ Eusebio González Suárez, s/n;47014;983 35 4733;47007525@educa.jcyl.es;http://iesjulianmarias.centros.educa.jcyl.es;41.63196, -4.75846
Valladolid;Valladolid;47007525;IES JULIÁN MARÍAS;Educación;Informática y Comunicaciones;IFC;Curso Especialización;IFC01E;Ciberseguridad en entornos de las tecnologías de la información;Presencial;Pública;1.0;0.0;;C/ Eusebio González Suárez, s/n;47014;983 35 4733;47007525@educa.jcyl.es;http://iesjulianmarias.centros.educa.jcyl.es;41.63196, -4.75846
Valladolid;Valladolid;47007525;IES JULIÁN MARÍAS;Educación;Instalación y Mantenimiento;IMA;Curso Especialización;IMA02E;Fabricación inteligente;Presencial;Pública;1.0;0.0;;C/ Eusebio González Suárez, s/n;47014;983 35 4733;47007525@educa.jcyl.es;http://iesjulianmarias.centros.educa.jcyl.es;41.63196, -4.75846
Valladolid;Valladolid;47007525;IES JULIÁN MARÍAS;Educación;Sanidad;SAN;Grado Medio;SAN01M;Emergencias Sanitarias;Presencial;Pública;1.0;1.0;;C/ Eusebio González Suárez, s/n;47014;983 35 4733;47007525@educa.jcyl.es;http://iesjulianmarias.centros.educa.jcyl.es;41.63196, -4.75846
Valladolid;Valladolid;47007525;IES JULIÁN MARÍAS;Educación;Electricidad y Electrónica;ELE;Grado Básico;ELE01B;Electricidad y Electrónica;Presencial;Pública;1.0;1.0;;C/ Eusebio González Suárez, s/n;47014;983 35 4733;47007525@educa.jcyl.es;http://iesjulianmarias.centros.educa.jcyl.es;41.63196, -4.75846
Valladolid;Valladolid;47007525;IES JULIÁN MARÍAS;Educación;Electricidad y Electrónica;ELE;Grado Superior;ELE04S;Automatización y Robótica Industrial;Presencial;Pública;2.0;2.0;;C/ Eusebio González Suárez, s/n;47014;983 35 4733;47007525@educa.jcyl.es;http://iesjulianmarias.centros.educa.jcyl.es;41.63196, -4.75846
Valladolid;Valladolid;47007525;IES JULIÁN MARÍAS;Educación;Sanidad;SAN;Grado Medio;SAN21d;Cuidados Auxiliares de Enfermería (distancia);Distancia;Pública;1.0;0.0;;C/ Eusebio González Suárez, s/n;47014;983 35 4733;47007525@educa.jcyl.es;http://iesjulianmarias.centros.educa.jcyl.es;41.63196, -4.75846
Valladolid;Valladolid;47007525;IES JULIÁN MARÍAS;Educación;Sanidad;SAN;Grado Superior;SAN06S;Higiene Bucodental;Presencial;Pública;3.0;3.0;;C/ Eusebio González Suárez, s/n;47014;983 35 4733;47007525@educa.jcyl.es;http://iesjulianmarias.centros.educa.jcyl.es;41.63196, -4.75846
Valladolid;Valladolid;47007525;IES JULIÁN MARÍAS;Educación;Sanidad;SAN;Grado Superior;SAN32;Dietética;Presencial;Pública;1.0;1.0;;C/ Eusebio González Suárez, s/n;47014;983 35 4733;47007525@educa.jcyl.es;http://iesjulianmarias.centros.educa.jcyl.es;41.63196, -4.75846
Valladolid;Valladolid;47007525;IES JULIÁN MARÍAS;Educación;Electricidad y Electrónica;ELE;Grado Medio;ELE01M;Instalaciones Eléctricas y Automáticas;Presencial;Pública;1.0;1.0;;C/ Eusebio González Suárez, s/n;47014;983 35 4733;47007525@educa.jcyl.es;http://iesjulianmarias.centros.educa.jcyl.es;41.63196, -4.75846
Valladolid;Valladolid;47007525;IES JULIÁN MARÍAS;Educación;Electricidad y Electrónica;ELE;Grado Superior;ELE01S;Sistemas Electrotécnicos y Automatizados;Presencial;Pública;1.0;1.0;;C/ Eusebio González Suárez, s/n;47014;983 35 4733;47007525@educa.jcyl.es;http://iesjulianmarias.centros.educa.jcyl.es;41.63196, -4.75846
Valladolid;Valladolid;47007525;IES JULIÁN MARÍAS;Educación;Informática y Comunicaciones;IFC;Grado Superior;IFC01Sd;Administración de Sistemas Informáticos en Red (distancia);Distancia;Pública;2.0;0.0;;C/ Eusebio González Suárez, s/n;47014;983 35 4733;47007525@educa.jcyl.es;http://iesjulianmarias.centros.educa.jcyl.es;41.63196, -4.75846
Valladolid;Valladolid;47007525;IES JULIÁN MARÍAS;Educación;Sanidad;SAN;Grado Medio;SAN21;Cuidados Auxiliares de Enfermería;Presencial;Pública;4.0;4.0;;C/ Eusebio González Suárez, s/n;47014;983 35 4733;47007525@educa.jcyl.es;http://iesjulianmarias.centros.educa.jcyl.es;41.63196, -4.75846
Valladolid;Laguna de Duero;47007719;IES MARÍA MOLINER - LAGUNA;Educación;Electricidad y Electrónica;ELE;Grado Medio;ELE01M;Instalaciones Eléctricas y Automáticas;Presencial;Pública;1.0;1.0;;C/ Tormes, 2;47140;983 54 6034;47007719@educa.jcyl.es;http://ies-mariamoliner.centros.educa.jcyl.es;41.58441, -4.72838
Valladolid;Valladolid;47007744;ESCUELA SUPERIOR DE IMAGEN Y SONIDO ACEIMAR;Privada;Imagen y Sonido;IMS;Grado Superior;IMS01S;Animaciones 3D, Juegos y Entornos Interactivos;Presencial;Privada;1.0;1.0;;Camino Viejo de Simancas, km 4;47008;983 23 4902;47007744@educa.jcyl.es;https://www.esisv.com;41.60657, -4.78577
Valladolid;Valladolid;47007744;ESCUELA SUPERIOR DE IMAGEN Y SONIDO ACEIMAR;Privada;Imagen y Sonido;IMS;Grado Medio;IMS01M;Vídeo Disc-jockey y Sonido;Presencial;Privada;1.0;1.0;;Camino Viejo de Simancas, km 4;47008;983 23 4902;47007744@educa.jcyl.es;https://www.esisv.com;41.60657, -4.78577
Valladolid;Valladolid;47007744;ESCUELA SUPERIOR DE IMAGEN Y SONIDO ACEIMAR;Privada;Imagen y Sonido;IMS;Grado Superior;IMS03S;Producción de Audiovisuales y Espectáculos;Presencial;Privada;1.0;1.0;;Camino Viejo de Simancas, km 4;47008;983 23 4902;47007744@educa.jcyl.es;https://www.esisv.com;41.60657, -4.78577
Valladolid;Valladolid;47007744;ESCUELA SUPERIOR DE IMAGEN Y SONIDO ACEIMAR;Privada;Imagen y Sonido;IMS;Grado Superior;IMS02S;Realización de Proyectos de Audiovisuales y Espectáculos;Presencial;Privada;1.0;1.0;;Camino Viejo de Simancas, km 4;47008;983 23 4902;47007744@educa.jcyl.es;https://www.esisv.com;41.60657, -4.78577
Valladolid;Valladolid;47007744;ESCUELA SUPERIOR DE IMAGEN Y SONIDO ACEIMAR;Privada;Imagen y Sonido;IMS;Grado Superior;IMS04S;Sonido para Audiovisuales y Espectáculos;Presencial;Privada;1.0;1.0;;Camino Viejo de Simancas, km 4;47008;983 23 4902;47007744@educa.jcyl.es;https://www.esisv.com;41.60657, -4.78577
Valladolid;Valladolid;47010950;CIFP JUAN DE HERRERA;Educación;Fabricación Mecánica;FME;Grado Básico;FME02B;Fabricación de Elementos Metálicos;Presencial;Pública;1.0;1.0;;Avda. de Segovia, 72;47013;983 22 0284;47010950@educa.jcyl.es;http://www.cifpvalladolid.es;41.63458, -4.72137
Valladolid;Valladolid;47010950;CIFP JUAN DE HERRERA;Educación;Fabricación Mecánica;FME;Grado Superior;FME02S;Construcciones Metálicas;Presencial;Pública;1.0;1.0;;Avda. de Segovia, 72;47013;983 22 0284;47010950@educa.jcyl.es;http://www.cifpvalladolid.es;41.63458, -4.72137
Valladolid;Valladolid;47010950;CIFP JUAN DE HERRERA;Educación;Fabricación Mecánica;FME;Curso Especialización;FME01E;Fabricación aditiva;Presencial;Pública;1.0;0.0;;Avda. de Segovia, 72;47013;983 22 0284;47010950@educa.jcyl.es;http://www.cifpvalladolid.es;41.63458, -4.72137
Valladolid;Valladolid;47010950;CIFP JUAN DE HERRERA;Educación;Informática y Comunicaciones;IFC;Grado Superior;IFC02S;Desarrollo de Aplicaciones Multiplataforma;Presencial;Pública;1.0;1.0;;Avda. de Segovia, 72;47013;983 22 0284;47010950@educa.jcyl.es;http://www.cifpvalladolid.es;41.63458, -4.72137
Valladolid;Valladolid;47010950;CIFP JUAN DE HERRERA;Educación;Transporte y Mantenimiento de Vehículos;TMV;Grado Básico;TMV01B;Mantenimiento de Vehículos;Presencial;Pública;2.0;2.0;;Avda. de Segovia, 72;47013;983 22 0284;47010950@educa.jcyl.es;http://www.cifpvalladolid.es;41.63458, -4.72137
Valladolid;Valladolid;47010950;CIFP JUAN DE HERRERA;Educación;Transporte y Mantenimiento de Vehículos;TMV;Grado Medio;TMV03M;Electromecánica de maquinaria;Presencial;Pública;1.0;1.0;;Avda. de Segovia, 72;47013;983 22 0284;47010950@educa.jcyl.es;http://www.cifpvalladolid.es;41.63458, -4.72137
Valladolid;Valladolid;47010950;CIFP JUAN DE HERRERA;Educación;Fabricación Mecánica;FME;Grado Medio;FME01M;Mecanizado;Presencial;Pública;1.0;1.0;;Avda. de Segovia, 72;47013;983 22 0284;47010950@educa.jcyl.es;http://www.cifpvalladolid.es;41.63458, -4.72137
Valladolid;Valladolid;47010950;CIFP JUAN DE HERRERA;Educación;Fabricación Mecánica;FME;Grado Medio;FME02M;Soldadura y Calderería;Presencial;Pública;2.0;2.0;;Avda. de Segovia, 72;47013;983 22 0284;47010950@educa.jcyl.es;http://www.cifpvalladolid.es;41.63458, -4.72137
Valladolid;Valladolid;47010950;CIFP JUAN DE HERRERA;Educación;Fabricación Mecánica;FME;Grado Superior;FME01S;Programación de la Producción en Fabricación Mecánica;Presencial;Pública;1.0;1.0;;Avda. de Segovia, 72;47013;983 22 0284;47010950@educa.jcyl.es;http://www.cifpvalladolid.es;41.63458, -4.72137
Valladolid;Valladolid;47010950;CIFP JUAN DE HERRERA;Educación;Transporte y Mantenimiento de Vehículos;TMV;Grado Medio;TMV02M;Electromecánica de Vehículos Automóviles;Presencial;Pública;2.0;2.0;;Avda. de Segovia, 72;47013;983 22 0284;47010950@educa.jcyl.es;http://www.cifpvalladolid.es;41.63458, -4.72137
Valladolid;Valladolid;47010950;CIFP JUAN DE HERRERA;Educación;Transporte y Mantenimiento de Vehículos;TMV;Grado Medio;TMV05M;Mantenimiento de Material Rodante Ferroviario;Presencial;Pública;1.0;1.0;;Avda. de Segovia, 72;47013;983 22 0284;47010950@educa.jcyl.es;http://www.cifpvalladolid.es;41.63458, -4.72137
Valladolid;Valladolid;47010950;CIFP JUAN DE HERRERA;Educación;Transporte y Mantenimiento de Vehículos;TMV;Grado Superior;TMV01S;Automoción;Presencial;Pública;2.0;2.0;;Avda. de Segovia, 72;47013;983 22 0284;47010950@educa.jcyl.es;http://www.cifpvalladolid.es;41.63458, -4.72137
Valladolid;Valladolid;47010950;CIFP JUAN DE HERRERA;Educación;Fabricación Mecánica;FME;Grado Medio;FME03M;Conformado por Moldeo de Metales y Polímeros;Presencial;Pública;1.0;1.0;;Avda. de Segovia, 72;47013;983 22 0284;47010950@educa.jcyl.es;http://www.cifpvalladolid.es;41.63458, -4.72137
Valladolid;Valladolid;47010950;CIFP JUAN DE HERRERA;Educación;Fabricación Mecánica;FME;Grado Superior;FME03S;Diseño en Fabricación Mecánica;Presencial;Pública;1.0;1.0;;Avda. de Segovia, 72;47013;983 22 0284;47010950@educa.jcyl.es;http://www.cifpvalladolid.es;41.63458, -4.72137
Valladolid;Valladolid;47010950;CIFP JUAN DE HERRERA;Educación;Transporte y Mantenimiento de Vehículos;TMV;Grado Medio;TMV01M;Carrocería;Presencial;Pública;1.0;1.0;;Avda. de Segovia, 72;47013;983 22 0284;47010950@educa.jcyl.es;http://www.cifpvalladolid.es;41.63458, -4.72137
Valladolid;Valladolid;47011115;RÍO DUERO;Privada;Actividades Físicas y Deportivas;AFD;Grado Medio;AFD02M;Guía en el medio natural y de tiempo libre;Presencial;Concertada;1.0;1.0;;Avda. de Santander, 90;47011;983 25 8764;47011115@educa.jcyl.es;www.rduero.com;41.6719, -4.70257
Valladolid;Valladolid;47011115;RÍO DUERO;Privada;Actividades Físicas y Deportivas;AFD;Grado Medio;AFD02M;Guía en el medio natural y de tiempo libre;Presencial;Privada;1.0;1.0;;Avda. de Santander, 90;47011;983 25 8764;47011115@educa.jcyl.es;www.rduero.com;41.6719, -4.70257
Valladolid;Valladolid;47011115;RÍO DUERO;Privada;Actividades Físicas y Deportivas;AFD;Grado Superior;AFD01S;Enseñanza y Animación Sociodeportiva;Presencial;Privada;1.0;1.0;;Avda. de Santander, 90;47011;983 25 8764;47011115@educa.jcyl.es;www.rduero.com;41.6719, -4.70257
Valladolid;Valladolid;47011115;RÍO DUERO;Privada;Actividades Físicas y Deportivas;AFD;Grado Superior;AFD02Sd;Acondicionamiento Físico (distancia);Distancia;Privada;1.0;0.0;;Avda. de Santander, 90;47011;983 25 8764;47011115@educa.jcyl.es;www.rduero.com;41.6719, -4.70257
Valladolid;Valladolid;47011115;RÍO DUERO;Privada;Comercio y Marketing;COM;Grado Básico;COM01B;Servicios Comerciales;Presencial;Concertada;1.0;1.0;;Avda. de Santander, 90;47011;983 25 8764;47011115@educa.jcyl.es;www.rduero.com;41.6719, -4.70257
Valladolid;Valladolid;47011115;RÍO DUERO;Privada;Comercio y Marketing;COM;Grado Superior;COM04S;Comercio Internacional;Presencial;Privada;1.0;0.0;;Avda. de Santander, 90;47011;983 25 8764;47011115@educa.jcyl.es;www.rduero.com;41.6719, -4.70257
Valladolid;Valladolid;47011115;RÍO DUERO;Privada;Informática y Comunicaciones;IFC;Grado Superior;IFC03S;Desarrollo de Aplicaciones WEB;Presencial;Privada;1.0;1.0;;Avda. de Santander, 90;47011;983 25 8764;47011115@educa.jcyl.es;www.rduero.com;41.6719, -4.70257
Valladolid;Valladolid;47011115;RÍO DUERO;Privada;Servicios Socioculturales y a la Comunidad;SSC;Grado Superior;SSC01S;Educación Infantil;Presencial;Concertada;1.0;1.0;;Avda. de Santander, 90;47011;983 25 8764;47011115@educa.jcyl.es;www.rduero.com;41.6719, -4.70257
Valladolid;Valladolid;47011115;RÍO DUERO;Privada;Servicios Socioculturales y a la Comunidad;SSC;Grado Superior;SSC01Sd;Educación Infantil (distancia);Distancia;Privada;1.0;0.0;;Avda. de Santander, 90;47011;983 25 8764;47011115@educa.jcyl.es;www.rduero.com;41.6719, -4.70257
Valladolid;Valladolid;47011115;RÍO DUERO;Privada;Servicios Socioculturales y a la Comunidad;SSC;Grado Superior;SSC03S;Integración Social;Presencial;Privada;1.0;0.0;;Avda. de Santander, 90;47011;983 25 8764;47011115@educa.jcyl.es;www.rduero.com;41.6719, -4.70257
Valladolid;Valladolid;47011115;RÍO DUERO;Privada;Administración y Gestión;ADG;Grado Superior;ADG02S;Administración y Finanzas;Presencial;Concertada;1.0;1.0;;Avda. de Santander, 90;47011;983 25 8764;47011115@educa.jcyl.es;www.rduero.com;41.6719, -4.70257
Valladolid;Valladolid;47011115;RÍO DUERO;Privada;Imagen Personal;IMP;Grado Básico;IMP01B;Peluquería y Estética;Presencial;Concertada;1.0;1.0;;Avda. de Santander, 90;47011;983 25 8764;47011115@educa.jcyl.es;www.rduero.com;41.6719, -4.70257
Valladolid;Valladolid;47011115;RÍO DUERO;Privada;Administración y Gestión;ADG;Grado Superior;ADG02Sd;Administración y Finanzas (distancia);Distancia;Privada;1.0;0.0;;Avda. de Santander, 90;47011;983 25 8764;47011115@educa.jcyl.es;www.rduero.com;41.6719, -4.70257
Valladolid;Valladolid;47011115;RÍO DUERO;Privada;Actividades Físicas y Deportivas;AFD;Grado Superior;AFD01Sd;Enseñanza y Animación Sociodeportiva (distancia);Distancia;Privada;1.0;0.0;;Avda. de Santander, 90;47011;983 25 8764;47011115@educa.jcyl.es;www.rduero.com;41.6719, -4.70257
Valladolid;Valladolid;47011115;RÍO DUERO;Privada;Actividades Físicas y Deportivas;AFD;Grado Superior;AFD02S;Acondicionamiento Físico;Presencial;Privada;1.0;1.0;;Avda. de Santander, 90;47011;983 25 8764;47011115@educa.jcyl.es;www.rduero.com;41.6719, -4.70257
Valladolid;Valladolid;47011115;RÍO DUERO;Privada;Comercio y Marketing;COM;Grado Medio;COM01M;Actividades Comerciales;Presencial;Concertada;1.0;1.0;;Avda. de Santander, 90;47011;983 25 8764;47011115@educa.jcyl.es;www.rduero.com;41.6719, -4.70257
Valladolid;Valladolid;47011115;RÍO DUERO;Privada;Comercio y Marketing;COM;Grado Superior;COM01S;Marketing y Publicidad;Presencial;Privada;1.0;0.0;;Avda. de Santander, 90;47011;983 25 8764;47011115@educa.jcyl.es;www.rduero.com;41.6719, -4.70257
Valladolid;Valladolid;47011115;RÍO DUERO;Privada;Comercio y Marketing;COM;Grado Superior;COM02S;Transporte y Logística;Presencial;Privada;1.0;1.0;;Avda. de Santander, 90;47011;983 25 8764;47011115@educa.jcyl.es;www.rduero.com;41.6719, -4.70257
Valladolid;Valladolid;47011115;RÍO DUERO;Privada;Informática y Comunicaciones;IFC;Grado Básico;IFC02B;Informática de Oficina;Presencial;Privada;1.0;0.0;;Avda. de Santander, 90;47011;983 25 8764;47011115@educa.jcyl.es;www.rduero.com;41.6719, -4.70257
Valladolid;Valladolid;47011115;RÍO DUERO;Privada;Informática y Comunicaciones;IFC;Grado Superior;IFC01S;Administración de Sistemas Informáticos en Red;Presencial;Privada;1.0;1.0;;Avda. de Santander, 90;47011;983 25 8764;47011115@educa.jcyl.es;www.rduero.com;41.6719, -4.70257
Valladolid;Valladolid;47011115;RÍO DUERO;Privada;Informática y Comunicaciones;IFC;Grado Superior;IFC02S;Desarrollo de Aplicaciones Multiplataforma;Presencial;Privada;1.0;1.0;;Avda. de Santander, 90;47011;983 25 8764;47011115@educa.jcyl.es;www.rduero.com;41.6719, -4.70257
Valladolid;Valladolid;47011115;RÍO DUERO;Privada;Imagen Personal;IMP;Grado Medio;IMP02M;Peluquería y Cosmética Capilar;Presencial;Concertada;1.0;1.0;;Avda. de Santander, 90;47011;983 25 8764;47011115@educa.jcyl.es;www.rduero.com;41.6719, -4.70257
Valladolid;Medina del Campo;47011231;CIFP MEDINA DEL CAMPO;Educación;Administración y Gestión;ADG;Grado Medio;ADG01M;Gestión Administrativa;Presencial;Pública;1.0;1.0;;Avda. de Portugal, 58;47400;983 81 3037;47011231@educa.jcyl.es;http://cifpmedinadelcampo.centros.educa.jcyl.es;41.30375, -4.92025
Valladolid;Medina del Campo;47011231;CIFP MEDINA DEL CAMPO;Educación;Electricidad y Electrónica;ELE;Grado Medio;ELE01M;Instalaciones Eléctricas y Automáticas;Presencial;Pública;1.0;1.0;;Avda. de Portugal, 58;47400;983 81 3037;47011231@educa.jcyl.es;http://cifpmedinadelcampo.centros.educa.jcyl.es;41.30375, -4.92025
Valladolid;Medina del Campo;47011231;CIFP MEDINA DEL CAMPO;Educación;Administración y Gestión;ADG;Grado Superior;ADG02S;Administración y Finanzas;Presencial;Pública;1.0;1.0;;Avda. de Portugal, 58;47400;983 81 3037;47011231@educa.jcyl.es;http://cifpmedinadelcampo.centros.educa.jcyl.es;41.30375, -4.92025
Valladolid;Medina del Campo;47011231;CIFP MEDINA DEL CAMPO;Educación;Comercio y Marketing;COM;Grado Básico;COM01B;Servicios Comerciales;Presencial;Pública;1.0;1.0;;Avda. de Portugal, 58;47400;983 81 3037;47011231@educa.jcyl.es;http://cifpmedinadelcampo.centros.educa.jcyl.es;41.30375, -4.92025
Valladolid;Medina del Campo;47011231;CIFP MEDINA DEL CAMPO;Educación;Comercio y Marketing;COM;Grado Superior;COM03Sd;Gestión de Ventas y Espacios Comerciales (distancia);Distancia;Pública;1.0;0.0;;Avda. de Portugal, 58;47400;983 81 3037;47011231@educa.jcyl.es;http://cifpmedinadelcampo.centros.educa.jcyl.es;41.30375, -4.92025
Valladolid;Medina del Campo;47011231;CIFP MEDINA DEL CAMPO;Educación;Instalación y Mantenimiento;IMA;Grado Medio;IMA03M;Mantenimiento Electromecánico;Presencial;Pública;1.0;1.0;;Avda. de Portugal, 58;47400;983 81 3037;47011231@educa.jcyl.es;http://cifpmedinadelcampo.centros.educa.jcyl.es;41.30375, -4.92025
Valladolid;Medina del Campo;47011231;CIFP MEDINA DEL CAMPO;Educación;Comercio y Marketing;COM;Grado Medio;COM01M;Actividades Comerciales;Presencial;Pública;1.0;1.0;;Avda. de Portugal, 58;47400;983 81 3037;47011231@educa.jcyl.es;http://cifpmedinadelcampo.centros.educa.jcyl.es;41.30375, -4.92025
Valladolid;Medina del Campo;47011231;CIFP MEDINA DEL CAMPO;Educación;Electricidad y Electrónica;ELE;Grado Básico;ELE01B;Electricidad y Electrónica;Presencial;Pública;1.0;1.0;;Avda. de Portugal, 58;47400;983 81 3037;47011231@educa.jcyl.es;http://cifpmedinadelcampo.centros.educa.jcyl.es;41.30375, -4.92025
Valladolid;Medina del Campo;47011231;CIFP MEDINA DEL CAMPO;Educación;Instalación y Mantenimiento;IMA;Grado Superior;IMA03S;Mecatrónica Industrial;Presencial;Pública;1.0;1.0;;Avda. de Portugal, 58;47400;983 81 3037;47011231@educa.jcyl.es;http://cifpmedinadelcampo.centros.educa.jcyl.es;41.30375, -4.92025
Valladolid;Zaratán;47011632;VIRGEN DE SAN LORENZO;Privada;Sanidad;SAN;Grado Medio;SAN01Md;Emergencias Sanitarias (distancia);Distancia;Privada;2.0;0.0;;C/ Tamborila, s/n;47610;983 200 020;47011632@educa.jcyl.es;http://www.cvsanlorenzo.es/;41.66373, -4.7816
Valladolid;Zaratán;47011632;VIRGEN DE SAN LORENZO;Privada;Sanidad;SAN;Grado Medio;SAN01M;Emergencias Sanitarias;Presencial;Privada;2.0;2.0;;C/ Tamborila, s/n;47610;983 200 020;47011632@educa.jcyl.es;http://www.cvsanlorenzo.es/;41.66373, -4.7816
Valladolid;Valladolid;47011668;CIFP LYCEUM;Privada;Sanidad;SAN;Grado Superior;SAN01Sd;Audiología Protésica (distancia);Distancia;Privada;1.0;0.0;;C/ Plomo, 3;47012;983 36 7116;47011668@educa.jcyl.es;http://www.lyceumformacion.com;41.61004, -4.70535
Valladolid;Valladolid;47011668;CIFP LYCEUM;Privada;Servicios Socioculturales y a la Comunidad;SSC;Grado Superior;SSC04Sd;Promoción de Igualdad de Género (distancia);Distancia;Privada;1.0;0.0;;C/ Plomo, 3;47012;983 36 7116;47011668@educa.jcyl.es;http://www.lyceumformacion.com;41.61004, -4.70535
Valladolid;Valladolid;47011668;CIFP LYCEUM;Privada;Comercio y Marketing;COM;Grado Superior;COM02Sd;Transporte y Logística (distancia);Distancia;Privada;1.0;0.0;;C/ Plomo, 3;47012;983 36 7116;47011668@educa.jcyl.es;http://www.lyceumformacion.com;41.61004, -4.70535
Valladolid;Valladolid;47011668;CIFP LYCEUM;Privada;Seguridad y Medio Ambiente;SEA;Grado Medio;SEA01Md;Emergencias y Protección Civil (distancia);Distancia;Privada;1.0;0.0;;C/ Plomo, 3;47012;983 36 7116;47011668@educa.jcyl.es;http://www.lyceumformacion.com;41.61004, -4.70535
Valladolid;Valladolid;47011759;CIFP MENESIANO SAN PEDRO REGALADO;Privada;Edificación y Obra Civil;EOC;Grado Básico;EOC01B;Reforma y Mantenimiento de Edificios;Presencial;Concertada;1.0;1.0;;C/ Nava, s/n;47011;983 25 1928;47011759@educa.jcyl.es;http://www.menesianosvalladolid.com/;41.66716, -4.70885
Valladolid;Valladolid;47011759;CIFP MENESIANO SAN PEDRO REGALADO;Privada;Instalación y Mantenimiento;IMA;Grado Medio;IMA02M;Instalaciones Frigoríficas y de Climatización;Presencial;Concertada;1.0;1.0;;C/ Nava, s/n;47011;983 25 1928;47011759@educa.jcyl.es;http://www.menesianosvalladolid.com/;41.66716, -4.70885
Valladolid;Valladolid;47011759;CIFP MENESIANO SAN PEDRO REGALADO;Privada;Instalación y Mantenimiento;IMA;Grado Medio;IMA01M;Instalaciones de Producción de Calor;Presencial;Concertada;0.0;1.0;;C/ Nava, s/n;47011;983 25 1928;47011759@educa.jcyl.es;http://www.menesianosvalladolid.com/;41.66716, -4.70885
Valladolid;Valladolid;47011930;INTRAS PARQUESOL;Privada;Administración y Gestión;ADG;Grado Básico;ADG01B;Servicios Administrativos;Presencial;Concertada;1.0;1.0;;C/ Martín Santos Romero, s/n;47016;983 39 9633;47011930@educa.jcyl.es;http://www.intras.es/;41.63996, -4.76858
Valladolid;Valladolid;47012004;TEMAT IMAGEN PERSONAL Y COMERCIO;Privada;Imagen Personal;IMP;Grado Superior;IMP02Sd;Estilismo y Dirección de Peluquería (distancia);Distancia;Privada;1.0;0.0;;C/ San Juan de Dios, 7;47003;983 251 539;47011024@educa.jcyl.es;http://www.tematformacion.com/;41.65392, -4.72526
Valladolid;Valladolid;47012004;TEMAT IMAGEN PERSONAL Y COMERCIO;Privada;Imagen Personal;IMP;Grado Medio;IMP02Md;Peluquería y Cosmética Capilar (distancia);Distancia;Privada;1.0;0.0;;C/ San Juan de Dios, 7;47003;983 251 539;47011024@educa.jcyl.es;http://www.tematformacion.com/;41.65392, -4.72526
Valladolid;Valladolid;47012089;SANITIO;Privada;Sanidad;SAN;Grado Superior;SAN07Sd;Imagen para el Diagnóstico y Medicina Nuclear (distancia);Distancia;Privada;1.0;0.0;;C/Arzobispo García Goldaraz, 10;47007;655 341 676;47012089@educa.jcyl.es;www.sanitioformacion.com;41.63601, -4.73875
Valladolid;Valladolid;47012089;SANITIO;Privada;Sanidad;SAN;Grado Superior;SAN09Sd;Radioterapia y Dosimetría (distancia);Distancia;Privada;1.0;0.0;;C/Arzobispo García Goldaraz, 10;47007;655 341 676;47012089@educa.jcyl.es;www.sanitioformacion.com;41.63601, -4.73875
Valladolid;Valladolid;47012089;SANITIO;Privada;Sanidad;SAN;Grado Superior;SAN09S;Radioterapia y Dosimetría;Presencial;Privada;1.0;1.0;;C/Arzobispo García Goldaraz, 10;47007;655 341 676;47012089@educa.jcyl.es;www.sanitioformacion.com;41.63601, -4.73875
Valladolid;Valladolid;47012089;SANITIO;Privada;Sanidad;SAN;Grado Superior;SAN07S;Imagen para el Diagnóstico y Medicina Nuclear;Presencial;Privada;1.0;1.0;;C/Arzobispo García Goldaraz, 10;47007;655 341 676;47012089@educa.jcyl.es;www.sanitioformacion.com;41.63601, -4.73875
Valladolid;Valladolid;47012089;SANITIO;Privada;Sanidad;SAN;Grado Superior;SAN08S;Laboratorio Clínico y Biomédico;Presencial;Privada;1.0;0.0;;C/Arzobispo García Goldaraz, 10;47007;655 341 676;47012089@educa.jcyl.es;www.sanitioformacion.com;41.63601, -4.73875
Valladolid;Valladolid;47012090;ESI;Privada;Edificación y Obra Civil;EOC;Grado Superior;EOC02Sd;Proyectos de Obra Civil (distancia);Distancia;Privada;1.0;0.0;;c/ Arca Real, 209;47007;983 397 622;47012090@educa.jcyl.es;https://www.esivalladolid.com/;41.6085, -4.73625
Valladolid;Valladolid;47012090;ESI;Privada;Edificación y Obra Civil;EOC;Grado Superior;EOC01Sd;Proyectos de Edificación (distancia);Distancia;Privada;1.0;0.0;;c/ Arca Real, 209;47007;983 397 622;47012090@educa.jcyl.es;https://www.esivalladolid.com/;41.6085, -4.73625
Valladolid;Valladolid;47012156;CIFP SAGRADA FAMILIA;Privada;Electricidad y Electrónica;ELE;Grado Superior;ELE04S;Automatización y Robótica Industrial;Presencial;Privada;1.0;1.0;;C/ Arca Real, 146;47008;983 223 176;47012156@educa.jcyl.es;https://www.fpsafavalladolid.com/;41.60366, -4.74566
Valladolid;Valladolid;47012156;CIFP SAGRADA FAMILIA;Privada;Instalación y Mantenimiento;IMA;Grado Medio;IMA03M;Mantenimiento Electromecánico;Presencial;Concertada;1.0;1.0;;C/ Arca Real, 146;47008;983 223 176;47012156@educa.jcyl.es;https://www.fpsafavalladolid.com/;41.60366, -4.74566
Valladolid;Valladolid;47012156;CIFP SAGRADA FAMILIA;Privada;Informática y Comunicaciones;IFC;Grado Superior;IFC02S;Desarrollo de Aplicaciones Multiplataforma;Presencial;Privada;1.0;1.0;;C/ Arca Real, 146;47008;983 223 176;47012156@educa.jcyl.es;https://www.fpsafavalladolid.com/;41.60366, -4.74566
Valladolid;Valladolid;47012156;CIFP SAGRADA FAMILIA;Privada;Informática y Comunicaciones;IFC;Grado Medio;IFC01M;Sistemas Microinformáticos y Redes;Presencial;Concertada;1.0;1.0;;C/ Arca Real, 146;47008;983 223 176;47012156@educa.jcyl.es;https://www.fpsafavalladolid.com/;41.60366, -4.74566
Valladolid;Valladolid;47012156;CIFP SAGRADA FAMILIA;Privada;Informática y Comunicaciones;IFC;Grado Superior;IFC03S;Desarrollo de aplicaciones WEB;Presencial;Privada;1.0;0.0;;C/ Arca Real, 146;47008;983 223 176;47012156@educa.jcyl.es;https://www.fpsafavalladolid.com/;41.60366, -4.74566
Valladolid;Valladolid;47012156;CIFP SAGRADA FAMILIA;Privada;Instalación y Mantenimiento;IMA;Grado Superior;IMA03S;Mecatrónica Industrial;Presencial;Privada;1.0;1.0;;C/ Arca Real, 146;47008;983 223 176;47012156@educa.jcyl.es;https://www.fpsafavalladolid.com/;41.60366, -4.74566
Valladolid;La Parrilla;47012171;AT-DAC;Privada;Servicios Socioculturales y a la Comunidad;SSC;Grado Superior;SSC06Sd;Formación para la movilidad segura y sostenible (distancia);Distancia;Privada;2.0;0.0;;Ctra. Tudela, km 7,8;47328;672 035 652;47012171@educa.jcyl.es;https://www.academiadeltransportista.com/fp/profesor-autoescuela/;41.53851, -4.51236
Valladolid;Valladolid;47012247;ILERNA VALLADOLID;Privada;Sanidad;SAN;Grado Medio;SAN21d;Cuidados Auxiliares de Enfermería (distancia);Distancia;Privada;1.0;0.0;;C/ Fray Luis de Leon, 15;47002;983 968 122;47012247@educa.jcyl.es;https://www.ilerna.es/fp-valladolid;41.65087, -4.72517
Valladolid;Valladolid;47012247;ILERNA VALLADOLID;Privada;Servicios Socioculturales y a la Comunidad;SSC;Grado Superior;SSC03Sd;Integración Social (distancia);Distancia;Privada;1.0;0.0;;C/ Fray Luis de Leon, 15;47002;983 968 122;47012247@educa.jcyl.es;https://www.ilerna.es/fp-valladolid;41.65087, -4.72517
Valladolid;Valladolid;47012247;ILERNA VALLADOLID;Privada;Sanidad;SAN;Grado Medio;SAN21;Cuidados Auxiliares de Enfermería;Presencial;Privada;2.0;2.0;;C/ Fray Luis de Leon, 15;47002;983 968 122;47012247@educa.jcyl.es;https://www.ilerna.es/fp-valladolid;41.65087, -4.72517
Valladolid;Valladolid;47012247;ILERNA VALLADOLID;Privada;Servicios Socioculturales y a la Comunidad;SSC;Grado Superior;SSC01Sd;Educación Infantil (distancia);Distancia;Privada;1.0;0.0;;C/ Fray Luis de Leon, 15;47002;983 968 122;47012247@educa.jcyl.es;https://www.ilerna.es/fp-valladolid;41.65087, -4.72517
Valladolid;Valladolid;47012247;ILERNA VALLADOLID;Privada;Servicios Socioculturales y a la Comunidad;SSC;Grado Superior;SSC03S;Integración Social;Presencial;Privada;1.0;1.0;;C/ Fray Luis de Leon, 15;47002;983 968 122;47012247@educa.jcyl.es;https://www.ilerna.es/fp-valladolid;41.65087, -4.72517
Valladolid;Valladolid;47012247;ILERNA VALLADOLID;Privada;Sanidad;SAN;Grado Superior;SAN06S;Higiene Bucodental;Presencial;Privada;2.0;2.0;;C/ Fray Luis de Leon, 15;47002;983 968 122;47012247@educa.jcyl.es;https://www.ilerna.es/fp-valladolid;41.65087, -4.72517
Valladolid;Valladolid;47012247;ILERNA VALLADOLID;Privada;Sanidad;SAN;Grado Superior;SAN06Sd;Higiene Bucodental (distancia);Distancia;Privada;1.0;0.0;;C/ Fray Luis de Leon, 15;47002;983 968 122;47012247@educa.jcyl.es;https://www.ilerna.es/fp-valladolid;41.65087, -4.72517
Valladolid;Valladolid;47012247;ILERNA VALLADOLID;Privada;Sanidad;SAN;Grado Superior;SAN07S;Imagen para el Diagnóstico y Medicina Nuclear;Presencial;Privada;2.0;2.0;;C/ Fray Luis de Leon, 15;47002;983 968 122;47012247@educa.jcyl.es;https://www.ilerna.es/fp-valladolid;41.65087, -4.72517
Valladolid;Valladolid;47012247;ILERNA VALLADOLID;Privada;Sanidad;SAN;Grado Superior;SAN07Sd;Imagen para el Diagnóstico y Medicina Nuclear (distancia);Distancia;Privada;1.0;0.0;;C/ Fray Luis de Leon, 15;47002;983 968 122;47012247@educa.jcyl.es;https://www.ilerna.es/fp-valladolid;41.65087, -4.72517
Valladolid;Valladolid;47012247;ILERNA VALLADOLID;Privada;Servicios Socioculturales y a la Comunidad;SSC;Grado Superior;SSC01S;Educación Infantil;Presencial;Privada;1.0;1.0;;C/ Fray Luis de Leon, 15;47002;983 968 122;47012247@educa.jcyl.es;https://www.ilerna.es/fp-valladolid;41.65087, -4.72517
Valladolid;Valladolid;47012260;CESUR VALLADOLID;Privada;Sanidad;SAN;Grado Medio;SAN21;Cuidados Auxiliares de Enfermería;Presencial;Privada;2.0;0.0;;C/ Villanubla, 15;47009;983 729 097;47012260@educa.jcyl.es;https://www.cesurformacion.com/fp-valladolid;41.66332, -4.736
Valladolid;Valladolid;47012260;CESUR VALLADOLID;Privada;Sanidad;SAN;Grado Superior;SAN04S;Anatomía Patológica y Citodiagnóstico;Presencial;Privada;2.0;0.0;;C/ Villanubla, 15;47009;983 729 097;47012260@educa.jcyl.es;https://www.cesurformacion.com/fp-valladolid;41.66332, -4.736
Valladolid;Valladolid;47012260;CESUR VALLADOLID;Privada;Sanidad;SAN;Grado Superior;SAN08S;Laboratorio Clínico y Biomédico;Presencial;Privada;2.0;0.0;;C/ Villanubla, 15;47009;983 729 097;47012260@educa.jcyl.es;https://www.cesurformacion.com/fp-valladolid;41.66332, -4.736
Valladolid;Valladolid;47012260;CESUR VALLADOLID;Privada;Sanidad;SAN;Grado Superior;SAN07S;Imagen para el Diagnóstico y Medicina Nuclear;Presencial;Privada;2.0;0.0;;C/ Villanubla, 15;47009;983 729 097;47012260@educa.jcyl.es;https://www.cesurformacion.com/fp-valladolid;41.66332, -4.736
Valladolid;Valladolid;47012314;CÁMARA DE COMERCIO DE VALLADOLID FP;Privada;Hostelería y Turismo;HOT;Grado Superior;HOT04S;Dirección de Cocina;Presencial;Privada;1.0;0.0;;Plaza de la Gastronomía y Vino, 1;47009;648 794 162;47012314@educa.jcyl.es;https://www.fpcamaravalladolid.com/;41.65779, -4.73782
Valladolid;Valladolid;47012314;CÁMARA DE COMERCIO DE VALLADOLID FP;Privada;Administración y Gestión;ADG;Grado Superior;ADG02S;Administración y Finanzas;Presencial;Privada;1.0;0.0;;Plaza de la Gastronomía y Vino, 1;47009;648 794 162;47012314@educa.jcyl.es;https://www.fpcamaravalladolid.com/;41.65779, -4.73782
Valladolid;Valladolid;47012314;CÁMARA DE COMERCIO DE VALLADOLID FP;Privada;Comercio y Marketing;COM;Grado Superior;COM01S;Marketing y Publicidad;Presencial;Privada;1.0;0.0;;Plaza de la Gastronomía y Vino, 1;47009;648 794 162;47012314@educa.jcyl.es;https://www.fpcamaravalladolid.com/;41.65779, -4.73782
Valladolid;Valladolid;47012314;CÁMARA DE COMERCIO DE VALLADOLID FP;Privada;Sanidad;SAN;Grado Superior;SAN32;Dietética;Presencial;Privada;1.0;0.0;;Plaza de la Gastronomía y Vino, 1;47009;648 794 162;47012314@educa.jcyl.es;https://www.fpcamaravalladolid.com/;41.65779, -4.73782
Zamora;Benavente;49000391;IES LOS SAUCES;Educación;Transporte y Mantenimiento de Vehículos;TMV;Grado Medio;TMV02M;Electromecánica de Vehículos Automóviles;Presencial;Pública;1.0;1.0;;Avda. Federico Silva, 48;49600;980 63 0686;49000391@educa.jcyl.es;http://ieslosauces.centros.educa.jcyl.es;42.00044, -5.66734
Zamora;Benavente;49000391;IES LOS SAUCES;Educación;Transporte y Mantenimiento de Vehículos;TMV;Curso Especialización;TMV03E;Mantenimiento y seguridad en sistemas  de vehículos hibridos y eléctricos;Presencial;Pública;1.0;0.0;;Avda. Federico Silva, 48;49600;980 63 0686;49000391@educa.jcyl.es;http://ieslosauces.centros.educa.jcyl.es;42.00044, -5.66734
Zamora;Benavente;49000391;IES LOS SAUCES;Educación;Electricidad y Electrónica;ELE;Grado Básico;ELE01B;Electricidad y Electrónica;Presencial;Pública;1.0;1.0;;Avda. Federico Silva, 48;49600;980 63 0686;49000391@educa.jcyl.es;http://ieslosauces.centros.educa.jcyl.es;42.00044, -5.66734
Zamora;Benavente;49000391;IES LOS SAUCES;Educación;Electricidad y Electrónica;ELE;Grado Superior;ELE01S;Sistemas Electrotécnicos y Automatizados;Presencial;Pública;1.0;1.0;;Avda. Federico Silva, 48;49600;980 63 0686;49000391@educa.jcyl.es;http://ieslosauces.centros.educa.jcyl.es;42.00044, -5.66734
Zamora;Benavente;49000391;IES LOS SAUCES;Educación;Electricidad y Electrónica;ELE;Curso Especialización;ELE01E;Ciberseguridad en entornos de las tecnologías de la operación;Presencial;Pública;1.0;0.0;;Avda. Federico Silva, 48;49600;980 63 0686;49000391@educa.jcyl.es;http://ieslosauces.centros.educa.jcyl.es;42.00044, -5.66734
Zamora;Benavente;49000391;IES LOS SAUCES;Educación;Informática y Comunicaciones;IFC;Grado Medio;IFC01M;Sistemas Microinformáticos y Redes;Presencial;Pública;1.0;1.0;;Avda. Federico Silva, 48;49600;980 63 0686;49000391@educa.jcyl.es;http://ieslosauces.centros.educa.jcyl.es;42.00044, -5.66734
Zamora;Benavente;49000391;IES LOS SAUCES;Educación;Electricidad y Electrónica;ELE;Grado Medio;ELE01M;Instalaciones Eléctricas y Automáticas;Presencial;Pública;1.0;1.0;;Avda. Federico Silva, 48;49600;980 63 0686;49000391@educa.jcyl.es;http://ieslosauces.centros.educa.jcyl.es;42.00044, -5.66734
Zamora;Benavente;49000391;IES LOS SAUCES;Educación;Informática y Comunicaciones;IFC;Grado Superior;IFC03S;Desarrollo de Aplicaciones WEB;Presencial;Pública;1.0;1.0;;Avda. Federico Silva, 48;49600;980 63 0686;49000391@educa.jcyl.es;http://ieslosauces.centros.educa.jcyl.es;42.00044, -5.66734
Zamora;Benavente;49000391;IES LOS SAUCES;Educación;Transporte y Mantenimiento de Vehículos;TMV;Grado Superior;TMV01S;Automoción;Presencial;Pública;1.0;1.0;;Avda. Federico Silva, 48;49600;980 63 0686;49000391@educa.jcyl.es;http://ieslosauces.centros.educa.jcyl.es;42.00044, -5.66734
Zamora;Benavente;49000418;IES LEÓN FELIPE;Educación;Administración y Gestión;ADG;Grado Superior;ADG02S;Administración y Finanzas;Presencial;Pública;1.0;1.0;;Avda. Federico Silva Muñoz, 46;49600;980 63 0364;49000418@educa.jcyl.es;http://iesleonfelipe.centros.educa.jcyl.es;42.00123, -5.66925
Zamora;Benavente;49000418;IES LEÓN FELIPE;Educación;Administración y Gestión;ADG;Grado Medio;ADG01M;Gestión Administrativa;Presencial;Pública;1.0;1.0;;Avda. Federico Silva Muñoz, 46;49600;980 63 0364;49000418@educa.jcyl.es;http://iesleonfelipe.centros.educa.jcyl.es;42.00123, -5.66925
Zamora;Benavente;49000418;IES LEÓN FELIPE;Educación;Comercio y Marketing;COM;Curso Especialización;COM01E;Posicionamiento en buscadores (SEO/SEM) y comunicación en redes sociales;Presencial;Pública;1.0;0.0;;Avda. Federico Silva Muñoz, 46;49600;980 63 03 64;49000418@educa.jcyl.es;http://iesleonfelipe.centros.educa.jcyl.es;42.00123, -5.66925
Zamora;Benavente;49000418;IES LEÓN FELIPE;Educación;Madera, Mueble y Corcho;MAM;Grado Básico;MAM01B;Carpintería y Mueble;Presencial;Pública;1.0;1.0;;Avda. Federico Silva Muñoz, 46;49600;980 63 0364;49000418@educa.jcyl.es;http://iesleonfelipe.centros.educa.jcyl.es;42.00123, -5.66925
Zamora;Benavente;49000418;IES LEÓN FELIPE;Educación;Administración y Gestión;ADG;Grado Básico;ADG01B;Servicios Administrativos;Presencial;Pública;1.0;1.0;;Avda. Federico Silva Muñoz, 46;49600;980 63 0364;49000418@educa.jcyl.es;http://iesleonfelipe.centros.educa.jcyl.es;42.00123, -5.66925
Zamora;Benavente;49000418;IES LEÓN FELIPE;Educación;Comercio y Marketing;COM;Grado Medio;COM01M;Actividades Comerciales;Presencial;Pública;1.0;1.0;;Avda. Federico Silva Muñoz, 46;49600;980 63 0364;49000418@educa.jcyl.es;http://iesleonfelipe.centros.educa.jcyl.es;42.00123, -5.66925
Zamora;Benavente;49000418;IES LEÓN FELIPE;Educación;Comercio y Marketing;COM;Grado Superior;COM02S;Transporte y Logística;Presencial;Pública;1.0;1.0;;Avda. Federico Silva Muñoz, 46;49600;980 63 0364;49000418@educa.jcyl.es;http://iesleonfelipe.centros.educa.jcyl.es;42.00123, -5.66925
Zamora;Toro;49004588;IES GONZÁLEZ ALLENDE;Educación;Administración y Gestión;ADG;Grado Medio;ADG01M;Gestión Administrativa;Presencial;Pública;1.0;1.0;;Avda. González Allende, 21;49800;980 69 2830;49004588@educa.jcyl.es;http://iesgonzalezallende.centros.educa.jcyl.es;41.51832, -5.38561
Zamora;Toro;49004588;IES GONZÁLEZ ALLENDE;Educación;Comercio y Marketing;COM;Grado Superior;COM04S;Comercio Internacional;Presencial;Pública;1.0;0.0;;Avda. González Allende, 21;49800;980 69 2830;49004588@educa.jcyl.es;http://iesgonzalezallende.centros.educa.jcyl.es;41.51832, -5.38561
Zamora;Zamora;49005994;IES CLAUDIO MOYANO;Educación;Comercio y Marketing;COM;Grado Superior;COM01S;Marketing y Publicidad;Presencial;Pública;1.0;1.0;;Avda. Requejo, 4;49003;980 52 0400;49005994@educa.jcyl.es;http://iesclaudiomoyano.centros.educa.jcyl.es;41.50937, -5.73787
Zamora;Zamora;49005994;IES CLAUDIO MOYANO;Educación;Informática y Comunicaciones;IFC;Grado Básico;IFC01B;Informática y Comunicaciones;Presencial;Pública;0.0;1.0;;Avda. Requejo, 4;49003;980 52 0400;49005994@educa.jcyl.es;http://iesclaudiomoyano.centros.educa.jcyl.es;41.50937, -5.73787
Zamora;Zamora;49005994;IES CLAUDIO MOYANO;Educación;Informática y Comunicaciones;IFC;Grado Medio;IFC01M;Sistemas Microinformáticos y Redes;Presencial;Pública;2.0;2.0;;Avda. Requejo, 4;49003;980 52 0400;49005994@educa.jcyl.es;http://iesclaudiomoyano.centros.educa.jcyl.es;41.50937, -5.73787
Zamora;Zamora;49005994;IES CLAUDIO MOYANO;Educación;Informática y Comunicaciones;IFC;Grado Superior;IFC02S;Desarrollo de Aplicaciones Multiplataforma;Presencial;Pública;1.0;1.0;;Avda. Requejo, 4;49003;980 52 0400;49005994@educa.jcyl.es;http://iesclaudiomoyano.centros.educa.jcyl.es;41.50937, -5.73787
Zamora;Zamora;49005994;IES CLAUDIO MOYANO;Educación;Comercio y Marketing;COM;Grado Medio;COM01M;Actividades Comerciales;Presencial;Pública;1.0;1.0;;Avda. Requejo, 4;49003;980 52 0400;49005994@educa.jcyl.es;http://iesclaudiomoyano.centros.educa.jcyl.es;41.50937, -5.73787
Zamora;Zamora;49005994;IES CLAUDIO MOYANO;Educación;Informática y Comunicaciones;IFC;Grado Básico;IFC02B;Informática de Oficina;Presencial;Pública;1.0;0.0;;Avda. Requejo, 4;49003;980 52 0400;49005994@educa.jcyl.es;http://iesclaudiomoyano.centros.educa.jcyl.es;41.50937, -5.73787
Zamora;Zamora;49005994;IES CLAUDIO MOYANO;Educación;Informática y Comunicaciones;IFC;Grado Superior;IFC01S;Administración de Sistemas Informáticos en Red;Presencial;Pública;1.0;1.0;;Avda. Requejo, 4;49003;980 52 0400;49005994@educa.jcyl.es;http://iesclaudiomoyano.centros.educa.jcyl.es;41.50937, -5.73787
Zamora;Zamora;49005994;IES CLAUDIO MOYANO;Educación;Informática y Comunicaciones;IFC;Grado Superior;IFC03S;Desarrollo de Aplicaciones WEB;Presencial;Pública;1.0;1.0;;Avda. Requejo, 4;49003;980 52 0400;49005994@educa.jcyl.es;http://iesclaudiomoyano.centros.educa.jcyl.es;41.50937, -5.73787
Zamora;Zamora;49006007;IES MARÍA DE MOLINA;Educación;Imagen Personal;IMP;Grado Superior;IMP01S;Estética Integral y Bienestar;Presencial;Pública;1.0;1.0;;Avda. Requejo, 6;49003;980 52 0901;49006007@educa.jcyl.es;http://iesmariademolina.centros.educa.jcyl.es;41.50983, -5.73724
Zamora;Zamora;49006007;IES MARÍA DE MOLINA;Educación;Sanidad;SAN;Grado Medio;SAN21;Cuidados Auxiliares de Enfermería;Presencial;Pública;2.0;2.0;;Avda. Requejo, 6;49003;980 52 0901;49006007@educa.jcyl.es;http://iesmariademolina.centros.educa.jcyl.es;41.50983, -5.73724
Zamora;Zamora;49006007;IES MARÍA DE MOLINA;Educación;Imagen Personal;IMP;Grado Medio;IMP02M;Peluquería y Cosmética Capilar;Presencial;Pública;1.0;1.0;;Avda. Requejo, 6;49003;980 52 0901;49006007@educa.jcyl.es;http://iesmariademolina.centros.educa.jcyl.es;41.50983, -5.73724
Zamora;Zamora;49006007;IES MARÍA DE MOLINA;Educación;Sanidad;SAN;Grado Medio;SAN01M;Emergencias Sanitarias;Presencial;Pública;1.0;1.0;;Avda. Requejo, 6;49003;980 52 0901;49006007@educa.jcyl.es;http://iesmariademolina.centros.educa.jcyl.es;41.50983, -5.73724
Zamora;Zamora;49006007;IES MARÍA DE MOLINA;Educación;Sanidad;SAN;Grado Superior;SAN08S;Laboratorio Clínico y Biomédico;Presencial;Pública;1.0;1.0;;Avda. Requejo, 6;49003;980 52 0901;49006007@educa.jcyl.es;http://iesmariademolina.centros.educa.jcyl.es;41.50983, -5.73724
Zamora;Zamora;49006007;IES MARÍA DE MOLINA;Educación;Imagen Personal;IMP;Grado Básico;IMP01B;Peluquería y Estética;Presencial;Pública;1.0;1.0;;Avda. Requejo, 6;49003;980 52 0901;49006007@educa.jcyl.es;http://iesmariademolina.centros.educa.jcyl.es;41.50983, -5.73724
Zamora;Zamora;49006007;IES MARÍA DE MOLINA;Educación;Sanidad;SAN;Grado Superior;SAN04S;Anatomía Patológica y Citodiagnóstico;Presencial;Pública;1.0;1.0;;Avda. Requejo, 6;49003;980 52 0901;49006007@educa.jcyl.es;http://iesmariademolina.centros.educa.jcyl.es;41.50983, -5.73724
Zamora;Zamora;49006019;IES UNIVERSIDAD LABORAL;Educación;Fabricación Mecánica;FME;Grado Básico;FME02B;Fabricación de Elementos Metálicos;Presencial;Pública;1.0;0.0;;Avda. Príncipe de Asturias, 53;49003;980 52 0100;49006019@educa.jcyl.es;http://iesuniversidadlaboral.centros.educa.jcyl.es;41.51457, -5.73474
Zamora;Zamora;49006019;IES UNIVERSIDAD LABORAL;Educación;Fabricación Mecánica;FME;Grado Medio;FME01M;Mecanizado;Presencial;Pública;1.0;1.0;;Avda. Príncipe de Asturias, 53;49003;980 52 0100;49006019@educa.jcyl.es;http://iesuniversidadlaboral.centros.educa.jcyl.es;41.51457, -5.73474
Zamora;Zamora;49006019;IES UNIVERSIDAD LABORAL;Educación;Instalación y Mantenimiento;IMA;Grado Medio;IMA03M;Mantenimiento Electromecánico;Presencial;Pública;1.0;1.0;;Avda. Príncipe de Asturias, 53;49003;980 52 0100;49006019@educa.jcyl.es;http://iesuniversidadlaboral.centros.educa.jcyl.es;41.51457, -5.73474
Zamora;Zamora;49006019;IES UNIVERSIDAD LABORAL;Educación;Edificación y Obra Civil;EOC;Grado Superior;EOC01S;Proyectos de Edificación;Presencial;Pública;1.0;1.0;;Avda. Príncipe de Asturias, 53;49003;980 52 0100;49006019@educa.jcyl.es;http://iesuniversidadlaboral.centros.educa.jcyl.es;41.51457, -5.73474
Zamora;Zamora;49006019;IES UNIVERSIDAD LABORAL;Educación;Fabricación Mecánica;FME;Grado Básico;FME01B;Fabricación y Montaje;Presencial;Pública;1.0;1.0;;Avda. Príncipe de Asturias, 53;49003;980 52 0100;49006019@educa.jcyl.es;http://iesuniversidadlaboral.centros.educa.jcyl.es;41.51457, -5.73474
Zamora;Zamora;49006019;IES UNIVERSIDAD LABORAL;Educación;Instalación y Mantenimiento;IMA;Grado Superior;MSP34;Prevención de Riesgos Profesionales;Presencial;Pública;1.0;1.0;;Avda. Príncipe de Asturias, 53;49003;980 52 0100;49006019@educa.jcyl.es;http://iesuniversidadlaboral.centros.educa.jcyl.es;41.51457, -5.73474
Zamora;Zamora;49006019;IES UNIVERSIDAD LABORAL;Educación;Instalación y Mantenimiento;IMA;Grado Superior;IMA03S;Mecatrónica Industrial;Presencial;Pública;1.0;1.0;;Avda. Príncipe de Asturias, 53;49003;980 52 0100;49006019@educa.jcyl.es;http://iesuniversidadlaboral.centros.educa.jcyl.es;41.51457, -5.73474
Zamora;Zamora;49006019;IES UNIVERSIDAD LABORAL;Educación;Instalación y Mantenimiento;IMA;Curso Especialización;IMA03E;Modelado de la información de la construcción (BIM);Presencial;Pública;1.0;0.0;;Avda. Príncipe de Asturias, 53;49003;980 52 0100;49006019@educa.jcyl.es;http://iesuniversidadlaboral.centros.educa.jcyl.es;41.51457, -5.73474
Zamora;Zamora;49006020;IES RÍO DUERO;Educación;Electricidad y Electrónica;ELE;Grado Medio;ELE01M;Instalaciones Eléctricas y Automáticas;Presencial;Pública;1.0;1.0;;Avda. Obispo Acuña, 16;49071;980 52 5501;49006020@educa.jcyl.es;http://iesrioduero.centros.educa.jcyl.es;41.50374, -5.73433
Zamora;Zamora;49006020;IES RÍO DUERO;Educación;Electricidad y Electrónica;ELE;Grado Medio;ELE02M;Instalaciones de Telecomunicaciones;Presencial;Pública;1.0;1.0;;Avda. Obispo Acuña, 16;49071;980 52 5501;49006020@educa.jcyl.es;http://iesrioduero.centros.educa.jcyl.es;41.50374, -5.73433
Zamora;Zamora;49006020;IES RÍO DUERO;Educación;Electricidad y Electrónica;ELE;Grado Superior;ELE03S;Mantenimiento Electrónico;Presencial;Pública;1.0;1.0;;Avda. Obispo Acuña, 16;49071;980 52 5501;49006020@educa.jcyl.es;http://iesrioduero.centros.educa.jcyl.es;41.50374, -5.73433
Zamora;Zamora;49006020;IES RÍO DUERO;Educación;Transporte y Mantenimiento de Vehículos;TMV;Grado Medio;TMV02M;Electromecánica de Vehículos Automóviles;Presencial;Pública;1.0;1.0;;Avda. Obispo Acuña, 16;49071;980 52 5501;49006020@educa.jcyl.es;http://iesrioduero.centros.educa.jcyl.es;41.50374, -5.73433
Zamora;Zamora;49006020;IES RÍO DUERO;Educación;Transporte y Mantenimiento de Vehículos;TMV;Grado Superior;TMV01S;Automoción;Presencial;Pública;1.0;1.0;;Avda. Obispo Acuña, 16;49071;980 52 5501;49006020@educa.jcyl.es;http://iesrioduero.centros.educa.jcyl.es;41.50374, -5.73433
Zamora;Zamora;49006020;IES RÍO DUERO;Educación;Electricidad y Electrónica;ELE;Grado Básico;ELE01B;Electricidad y Electrónica;Presencial;Pública;1.0;1.0;;Avda. Obispo Acuña, 16;49071;980 52 5501;49006020@educa.jcyl.es;http://iesrioduero.centros.educa.jcyl.es;41.50374, -5.73433
Zamora;Zamora;49006020;IES RÍO DUERO;Educación;Transporte y Mantenimiento de Vehículos;TMV;Grado Medio;TMV01M;Carrocería;Presencial;Pública;1.0;1.0;;Avda. Obispo Acuña, 16;49071;980 52 5501;49006020@educa.jcyl.es;http://iesrioduero.centros.educa.jcyl.es;41.50374, -5.73433
Zamora;Zamora;49006044;IES ALFONSO IX;Educación;Agraria;AGA;Grado Superior;AGA01S;Gestión Forestal y del Medio Natural;Presencial;Pública;2.0;2.0;;Ctra. La Aldehuela, s/n;49022;980 52 1829;49006044@educa.jcyl.es;http://iesalfonsoix.centros.educa.jcyl.es;41.52152, -5.71711
Zamora;Zamora;49006044;IES ALFONSO IX;Educación;Industrias Alimentarias;INA;Grado Medio;INA03M;Elaboración de Productos Alimenticios;Presencial;Pública;1.0;1.0;;Ctra. La Aldehuela, s/n;49022;980 52 1829;49006044@educa.jcyl.es;http://iesalfonsoix.centros.educa.jcyl.es;41.52152, -5.71711
Zamora;Zamora;49006044;IES ALFONSO IX;Educación;Agraria;AGA;Grado Medio;AGA01M;Producción Agroecológica;Presencial;Pública;1.0;1.0;;Ctra. La Aldehuela, s/n;49022;980 52 1829;49006044@educa.jcyl.es;http://iesalfonsoix.centros.educa.jcyl.es;41.52152, -5.71711
Zamora;Zamora;49006044;IES ALFONSO IX;Educación;Agraria;AGA;Grado Básico;AGA03B;Aprovechamientos Forestales;Presencial;Pública;1.0;1.0;;Ctra. La Aldehuela, s/n;49022;980 52 1829;49006044@educa.jcyl.es;http://iesalfonsoix.centros.educa.jcyl.es;41.52152, -5.71711
Zamora;Zamora;49006081;TRILEMA ZAMORA;Privada;Sanidad;SAN;Grado Medio;SAN21;Cuidados Auxiliares de Enfermería;Presencial;Concertada;2.0;2.0;;C/ Argentina, 37;49019;980 52 1158;49006081@educa.jcyl.es;http://www.colegiomariainmaculadazamora.com;41.50872, -5.73076
Zamora;Zamora;49006378;IES LA VAGUADA;Educación;Administración y Gestión;ADG;Grado Superior;ADG01S;Asistencia a la Dirección;Presencial;Pública;1.0;1.0;;C/ Villalpando, 11;49002;980 534 104;49006378@educa.jcyl.es;http://ieslavaguada.centros.educa.jcyl.es;41.51069, -5.74756
Zamora;Zamora;49006378;IES LA VAGUADA;Educación;Imagen y Sonido;IMS;Grado Superior;IMS03S;Producción de Audiovisuales y Espectáculos;Presencial;Pública;1.0;0.0;;C/ Villalpando, 11;49002;980 534 104;49006378@educa.jcyl.es;http://ieslavaguada.centros.educa.jcyl.es;41.51069, -5.74756
Zamora;Zamora;49006378;IES LA VAGUADA;Educación;Imagen y Sonido;IMS;Curso Especialización;IMS01E;Audiodescripción y subtitulación;Presencial;Pública;1.0;0.0;;C/ Villalpando, 11;49002;980 534 104;49006378@educa.jcyl.es;http://ieslavaguada.centros.educa.jcyl.es;41.51069, -5.74756
Zamora;Zamora;49006378;IES LA VAGUADA;Educación;Administración y Gestión;ADG;Grado Básico;ADG01B;Servicios Administrativos;Presencial;Pública;1.0;1.0;;C/ Villalpando, 11;49002;980 534 104;49006378@educa.jcyl.es;http://ieslavaguada.centros.educa.jcyl.es;41.51069, -5.74756
Zamora;Zamora;49006378;IES LA VAGUADA;Educación;Administración y Gestión;ADG;Grado Superior;ADG02S;Administración y Finanzas;Presencial;Pública;1.0;1.0;;C/ Villalpando, 11;49002;980 534 104;49006378@educa.jcyl.es;http://ieslavaguada.centros.educa.jcyl.es;41.51069, -5.74756
Zamora;Zamora;49006378;IES LA VAGUADA;Educación;Imagen y Sonido;IMS;Grado Superior;IMS02S;Realización de Proyectos de Audiovisuales y Espectáculos;Presencial;Pública;1.0;1.0;;C/ Villalpando, 11;49002;980 534 104;49006378@educa.jcyl.es;http://ieslavaguada.centros.educa.jcyl.es;41.51069, -5.74756
Zamora;Zamora;49006378;IES LA VAGUADA;Educación;Administración y Gestión;ADG;Grado Medio;ADG01M;Gestión Administrativa;Presencial;Pública;2.0;1.0;;C/ Villalpando, 11;49002;980 534 104;49006378@educa.jcyl.es;http://ieslavaguada.centros.educa.jcyl.es;41.51069, -5.74756
Zamora;Zamora;49006378;IES LA VAGUADA;Educación;Administración y Gestión;ADG;Grado Medio;ADG01Md;Gestión Administrativa (distancia);Distancia;Pública;1.0;0.0;;C/ Villalpando, 11;49002;980 534 104;49006378@educa.jcyl.es;http://ieslavaguada.centros.educa.jcyl.es;41.51069, -5.74756
Zamora;Zamora;49006378;IES LA VAGUADA;Educación;Imagen y Sonido;IMS;Grado Superior;IMS05S;Iluminación, Captación y tratamiento de Imagen;Presencial;Pública;1.0;1.0;;C/ Villalpando, 11;49002;980 534 104;49006378@educa.jcyl.es;http://ieslavaguada.centros.educa.jcyl.es;41.51069, -5.74756
Zamora;Puebla de Sanabria;49007164;IES VALVERDE DE LUCERNA;Educación;Actividades Físicas y Deportivas;AFD;Grado Superior;AFD02S;Acondicionamiento Físico;Presencial;Pública;1.0;1.0;;Carretera del Lago, 16;49300;980 620 520;49007164@educa.jcyl.es;http://iesvalverdedelucerna.centros.educa.jcyl.es;42.05806, -6.62611
Zamora;Puebla de Sanabria;49007164;IES VALVERDE DE LUCERNA;Educación;Actividades Físicas y Deportivas;AFD;Grado Medio;AFD02M;Guía en el medio natural y de tiempo libre;Presencial;Pública;1.0;1.0;;Carretera del Lago, 16;49300;980 620 520;49007164@educa.jcyl.es;http://iesvalverdedelucerna.centros.educa.jcyl.es;42.05806, -6.62611
Zamora;Camarzana de Tera;49007531;IES LOS VALLES;Educación;Servicios Socioculturales y a la Comunidad;SSC;Grado Medio;SSC01M;Atención a Personas en Situación de Dependencia;Presencial;Pública;1.0;0.0;;C/ Carretera, 74;49332;980 64 98 00;49007531@educa.jcyl.es;http://ieslosvalles.centros.educa.jcyl.es;41.99367, -6.03286
Zamora;Benavente;49007619;IES LOS SALADOS;Educación;Sanidad;SAN;Grado Medio;SAN21;Cuidados Auxiliares de Enfermería;Presencial;Pública;1.0;1.0;;C/ Los Salados, s/n;49600;980 635 277;49007619@educa.jcyl.es;http://iesolossalados.centros.educa.jcyl.es/;41.99131, -5.66751
Zamora;Zamora;49010643;CIFP CIUDAD DE ZAMORA;Educación;Actividades Físicas y Deportivas;AFD;Grado Superior;AFD02S;Acondicionamiento Físico;Presencial;Pública;1.0;1.0;;Avda. Requejo, 39;49022;980 515 414;49010643@educa.jcyl.es;http://cifpzamora.centros.educa.jcyl.es;41.51521, -5.73201
Zamora;Zamora;49010643;CIFP CIUDAD DE ZAMORA;Educación;Hostelería y Turismo;HOT;Grado Básico;HOT01B;Cocina y Restauración;Presencial;Pública;1.0;1.0;;Avda. Requejo, 39;49022;980 515 414;49010643@educa.jcyl.es;http://cifpzamora.centros.educa.jcyl.es;41.51521, -5.73201
Zamora;Zamora;49010643;CIFP CIUDAD DE ZAMORA;Educación;Hostelería y Turismo;HOT;Grado Superior;HOT01S;Gestión de Alojamientos Turísticos;Presencial;Pública;1.0;1.0;;Avda. Requejo, 39;49022;980 515 414;49010643@educa.jcyl.es;http://cifpzamora.centros.educa.jcyl.es;41.51521, -5.73201
Zamora;Zamora;49010643;CIFP CIUDAD DE ZAMORA;Educación;Hostelería y Turismo;HOT;Grado Superior;HOT03S;Guía, Información y Asistencias Turísticas;Presencial;Pública;0.0;1.0;;Avda. Requejo, 39;49022;980 515 414;49010643@educa.jcyl.es;http://cifpzamora.centros.educa.jcyl.es;41.51521, -5.73201
Zamora;Zamora;49010643;CIFP CIUDAD DE ZAMORA;Educación;Hostelería y Turismo;HOT;Grado Superior;HOT04S;Dirección de Cocina;Presencial;Pública;1.0;1.0;;Avda. Requejo, 39;49022;980 515 414;49010643@educa.jcyl.es;http://cifpzamora.centros.educa.jcyl.es;41.51521, -5.73201
Zamora;Zamora;49010643;CIFP CIUDAD DE ZAMORA;Educación;Hostelería y Turismo;HOT;Grado Superior;HOT05S;Dirección de Servicios de Restauración;Presencial;Pública;1.0;0.0;;Avda. Requejo, 39;49022;980 515 414;49010643@educa.jcyl.es;http://cifpzamora.centros.educa.jcyl.es;41.51521, -5.73201
Zamora;Zamora;49010643;CIFP CIUDAD DE ZAMORA;Educación;Servicios Socioculturales y a la Comunidad;SSC;Grado Medio;SSC01M;Atención a Personas en Situación de Dependencia;Presencial;Pública;1.0;1.0;;Avda. Requejo, 39;49022;980 515 414;49010643@educa.jcyl.es;http://cifpzamora.centros.educa.jcyl.es;41.51521, -5.73201
Zamora;Zamora;49010643;CIFP CIUDAD DE ZAMORA;Educación;Servicios Socioculturales y a la Comunidad;SSC;Grado Superior;SSC01Sd;Educación Infantil (distancia);Distancia;Pública;1.0;0.0;;Avda. Requejo, 39;49022;980 515 414;49010643@educa.jcyl.es;http://cifpzamora.centros.educa.jcyl.es;41.51521, -5.73201
Zamora;Zamora;49010643;CIFP CIUDAD DE ZAMORA;Educación;Servicios Socioculturales y a la Comunidad;SSC;Grado Superior;SSC03S;Integración Social;Presencial;Pública;1.0;1.0;;Avda. Requejo, 39;49022;980 515 414;49010643@educa.jcyl.es;http://cifpzamora.centros.educa.jcyl.es;41.51521, -5.73201
Zamora;Zamora;49010643;CIFP CIUDAD DE ZAMORA;Educación;Actividades Físicas y Deportivas;AFD;Grado Superior;AFD01S;Enseñanza y Animación Sociodeportiva;Presencial;Pública;1.0;1.0;;Avda. Requejo, 39;49022;980 515 414;49010643@educa.jcyl.es;http://cifpzamora.centros.educa.jcyl.es;41.51521, -5.73201
Zamora;Zamora;49010643;CIFP CIUDAD DE ZAMORA;Educación;Hostelería y Turismo;HOT;Grado Medio;HOT02M;Servicios en Restauración;Presencial;Pública;1.0;1.0;;Avda. Requejo, 39;49022;980 515 414;49010643@educa.jcyl.es;http://cifpzamora.centros.educa.jcyl.es;41.51521, -5.73201
Zamora;Zamora;49010643;CIFP CIUDAD DE ZAMORA;Educación;Servicios Socioculturales y a la Comunidad;SSC;Grado Medio;SSC01Md;Atención a Personas en Situación de Dependencia (distancia);Distancia;Pública;1.0;0.0;;Avda. Requejo, 39;49022;980 515 414;49010643@educa.jcyl.es;http://cifpzamora.centros.educa.jcyl.es;41.51521, -5.73201
Zamora;Zamora;49010643;CIFP CIUDAD DE ZAMORA;Educación;Servicios Socioculturales y a la Comunidad;SSC;Grado Superior;SSC03Sd;Integración Social (distancia);Distancia;Pública;1.0;0.0;;Avda. Requejo, 39;49022;980 515 414;49010643@educa.jcyl.es;http://cifpzamora.centros.educa.jcyl.es;41.51521, -5.73201
Zamora;Zamora;49010643;CIFP CIUDAD DE ZAMORA;Educación;Hostelería y Turismo;HOT;Grado Medio;HOT01M;Cocina y Gastronomía;Presencial;Pública;1.0;1.0;;Avda. Requejo, 39;49022;980 515 414;49010643@educa.jcyl.es;http://cifpzamora.centros.educa.jcyl.es;41.51521, -5.73201
Zamora;Zamora;49010643;CIFP CIUDAD DE ZAMORA;Educación;Hostelería y Turismo;HOT;Curso Especialización;HOT01E;Panadería y bollería artesanales;Presencial;Pública;1.0;0.0;;Avda. Requejo, 39;49022;980 515 414;49010643@educa.jcyl.es;http://cifpzamora.centros.educa.jcyl.es;41.51521, -5.73201
Zamora;Zamora;49010643;CIFP CIUDAD DE ZAMORA;Educación;Servicios Socioculturales y a la Comunidad;SSC;Grado Superior;SSC01S;Educación Infantil;Presencial;Pública;1.0;1.0;;Avda. Requejo, 39;49022;980 515 414;49010643@educa.jcyl.es;http://cifpzamora.centros.educa.jcyl.es;41.51521, -5.73201
Zamora;Zamora;49010679;CENTRO MENESIANO ZAMORA JOVEN;Privada;Sanidad;SAN;Grado Medio;SAN02M;Farmacia y Parafarmacia;Presencial;Concertada;1.0;1.0;;C/ Pontejos, 13;49028;980 50 9431;49010679@educa.jcyl.es;www.menesianoszamora.com;41.49734, -5.73584
Zamora;Zamora;49010679;CENTRO MENESIANO ZAMORA JOVEN;Privada;Sanidad;SAN;Grado Medio;SAN02Md;Farmacia y Parafarmacia (distancia);Distancia;Privada;1.0;0.0;;C/ Pontejos, 13;49028;980 509 431;49010679@educa.jcyl.es;www.menesianoszamora.com;41.49734, -5.73584
Zamora;Zamora;49010679;CENTRO MENESIANO ZAMORA JOVEN;Privada;Fabricación Mecánica;FME;Grado Básico;FME01B;Fabricación y Montaje;Presencial;Concertada;1.0;1.0;;C/ Pontejos, 13;49028;980 50 9431;49010679@educa.jcyl.es;www.menesianoszamora.com;41.49734, -5.73584
Zamora;Zamora;49010679;CENTRO MENESIANO ZAMORA JOVEN;Privada;Fabricación Mecánica;FME;Grado Medio;FME02M;Soldadura y Calderería;Presencial;Concertada;1.0;1.0;;C/ Pontejos, 13;49028;980 50 9431;49010679@educa.jcyl.es;www.menesianoszamora.com;41.49734, -5.73584
Zamora;Zamora;49010679;CENTRO MENESIANO ZAMORA JOVEN;Privada;Transporte y Mantenimiento de Vehículos;TMV;Grado Básico;TMV01B;Mantenimiento de Vehículos;Presencial;Concertada;1.0;1.0;;C/ Pontejos, 13;49028;980 50 9431;49010679@educa.jcyl.es;www.menesianoszamora.com;41.49734, -5.73584
