Dataset identifier;Federated dataset;Title;Description;Themes;Keywords;License;Language;Timezone;Modified;Data processed;Metadata processed;Creator;Reference;Attributions;Update frequency;Number of records;Size of records in the dataset (in bytes);Reuse count;API call count;Download count;Attachments download count;File fields download count;Popularity score
entidades-asociativas-agroalimentarias-prioritarias-reconocidas-de-caracter-regi;False;Entidades Asociativas Agroalimentarias Prioritarias Reconocidas de carácter regional;"<p><span style=""font-family: lora; font-size: medium;"">Entidades Asociativas Agroalimentarias prioritarias reconocidas en Castilla y León.</span></p><p><span style=""font-family: lora; font-size: medium;""><br></span><span style=""font-family: inherit; font-size: 1em;"">Frecuencia de actualización:</span><span style=""font-family: inherit; font-size: 1em;""> Mensual.</span></p><p><br></p>";Medio rural y pesca;"entidades asociativas agroalimentarias prioritarias;EAPr;asociacionismo";CC BY 4.0 ES;es;Europe/Madrid;2026-09-25T00:02:02.559000+02:00;2026-09-25T00:02:02.559000+02:00;2026-09-25T00:02:02.609000+02:00;Junta de Castilla y León;;;;47;4833;0;22184;495;0;0;6.0
estadisticas-web-paginas;False;Estadísticas web - Páginas;<p>Información sobre las páginas mas visitadas de cada sitio web siempre limitando a todas aquellas que tengan mas de 100 páginas vistas al día. Actualización diaria.</p><p><br></p>;Sector público;estadísticas;CC BY 4.0 ES;es;Europe/Madrid;2026-09-24T23:43:06.210000+02:00;2026-09-24T23:43:06.210000+02:00;2026-09-24T23:43:11.581000+02:00;Junta de Castilla y León;;;;119591;18295041;0;53178;1889;0;0;9.8
calidad-del-aire-del-dia-en-curso;False;Calidad del aire  del día en curso;"<p><span style=""font-family: lora; font-size: medium;"">Datos de concentración de contaminantes registrados cada hora, en el día en curso, en las estaciones de control de la calidad del aire de la Junta de Castilla y León.<br><br></span><span style=""font-family: lora; font-size: medium;"">Si se desea consultar los datos con un mayor nivel de filtrado o más actualizados, puede hacerlo en la</span><span style=""font-family: lora; font-size: medium;""> </span><a href=""http://servicios.jcyl.es/esco"" style=""color: rgb(186, 12, 47); text-decoration: none; font-family: lora; font-size: medium;"">aplicación de Consulta de Datos de la Red de Calidad del Aire</a><span style=""font-family: lora; font-size: medium;""></span></p>";Medio ambiente;"Calidad del aire;medio ambiente;atmosfera;contaminación;diario";CC BY 4.0 ES;es;Europe/Madrid;2026-09-24T23:06:17.026000+02:00;2026-09-24T23:06:17.026000+02:00;2026-09-24T23:06:17.069000+02:00;Junta de Castilla y León;;;HOURLY;3882;293155;0;4004;77;0;0;2.5
concentracion-parcelaria;False;Concentración Parcelaria;Información pública de concentraciones parcelarias;Medio rural y pesca;"concentración;parcelas;agricultura;superficie;fincas";CC BY 4.0 ES;es;Europe/Madrid;2026-09-24T22:10:49.725000+02:00;2026-09-24T22:10:49.725000+02:00;2026-09-24T22:10:49.781000+02:00;Junta de Castilla y León;;;;3192;870326;0;64201;308;0;0;9.1
formacion-del-ecyl;False;Formación del ECYL;"<p>Listado de cursos de formación competencia del ECYL.</p><p><span style=""font-family: inherit; font-size: 1em;"">Frecuencia de actualización:</span><span style=""font-family: inherit; font-size: 1em;""> Diaria.</span></p>";Empleo;"formación;empleo;ecyl;cursos";CC BY 4.0 ES;es;Europe/Madrid;2026-09-24T22:06:09.449000+02:00;2026-09-24T22:06:09.449000+02:00;2026-09-24T22:06:09.499000+02:00;Junta de Castilla y León;;;;552;688112;0;119842;25932;0;0;19.8
convocatorias-de-empleo-publico;False;Convocatorias de Empleo Público;"<p>Convocatorias de Empleo Público de la Junta de Castilla y León.</p><p><span style=""font-family: inherit; font-size: 1em;"">Frecuencia de actualización:</span><span style=""font-family: inherit; font-size: 1em;""> Diaria.</span></p>";Sector público;"empleo;publico;oposiciones";CC BY 4.0 ES;es;Europe/Madrid;2026-09-24T22:06:09.164000+02:00;2026-09-24T22:06:09.164000+02:00;2026-09-24T22:06:09.209000+02:00;Junta de Castilla y León;;;;309;2928472;0;103713;519;0;0;11.6
proyectos-de-cooperacion-al-desarrollo;False;Proyectos de cooperación al desarrollo;"<p><span style=""font-family: lora; font-size: medium;"">Listado de proyectos de cooperación al desarrollo.</span></p><p><span style=""font-family: lora; font-size: medium;""><br></span><span style=""font-family: inherit; font-size: 1em;"">Frecuencia de actualización:</span><span style=""font-family: inherit; font-size: 1em;""> Anual.</span></p><p><br></p>";Sociedad y bienestar;"proyectos;cooperación;desarrollo";CC BY 4.0 ES;es;Europe/Madrid;2026-09-24T22:01:29.871000+02:00;2026-09-24T22:01:29.871000+02:00;2026-09-24T22:01:29.924000+02:00;Junta de Castilla y León;;;;934;3128996;0;43086;243;0;0;7.5
noticias-del-ecyl;False;Noticias del ECYL;"<p>Listado de noticias competencia del servicio público de empleo.</p><p><span style=""font-family: inherit; font-size: 1em;"">Frecuencia de actualización:</span><span style=""font-family: inherit; font-size: 1em;""> Diaria.</span></p>";Empleo;"noticias;empleo;ecyl;actualidad;comunicación";CC BY 4.0 ES;es;Europe/Madrid;2026-09-24T22:01:21.763000+02:00;2026-09-24T22:01:21.763000+02:00;2026-09-24T22:01:21.811000+02:00;Junta de Castilla y León;;;;71;247744;0;109432;200;0;0;11.4
registro-de-turismo-de-castilla-y-leon;False;Registro de Turismo de Castilla y León;Relación de infraestructuras turísticas de Castilla y León;Turismo;"turismo;gastronomía;retu;alojamiento;esquí;golf;transporte";CC BY 4.0 ES;es;Europe/Madrid;2026-09-24T22:01:21.579000+02:00;2026-09-24T22:01:21.579000+02:00;2026-09-24T22:01:21.625000+02:00;Junta de Castilla y León;;;;35955;7921530;0;1738460;30221;0;0;51.8
ofertas-de-empleo;False;Ofertas de Empleo;"<p>Listado de ofertas de empleo en Castilla y León.</p><p><span style=""font-family: inherit; font-size: 1em;"">Frecuencia de actualización:</span><span style=""font-family: inherit; font-size: 1em;""> Diaria.</span></p>";Empleo;"ofertas;empleo;ecyl;trabajo";CC BY 4.0 ES;es;Europe/Madrid;2026-09-24T22:01:10.228000+02:00;2026-09-24T22:01:10.228000+02:00;2026-09-24T22:01:10.274000+02:00;Junta de Castilla y León;;;;1089;1100993;0;741042;1538;0;0;29.8
registro-de-municipios-de-castilla-y-leon;False;Registro de municipios de Castilla y León;"<p>Listado de municipios de Castilla y León.</p><p><span style=""font-family: inherit; font-size: 1em;"">Frecuencia de actualización:</span><span style=""font-family: inherit; font-size: 1em;""> Diaria.</span></p>";Sector público;"registro;municipios;mancomunidades;entidades menores";CC BY 4.0 ES;es;Europe/Madrid;2026-09-24T22:00:39.172000+02:00;2026-09-24T22:00:39.172000+02:00;2026-09-24T22:00:39.218000+02:00;Junta de Castilla y León;;;;2248;430147;0;456583;54877;0;0;34.4
tramites;False;Trámites;"<p>Trámites de la Junta de Castilla y León en la Sede Electrónica. No incorpora convocatorias de ayudas y premios, incluidos en otros conjuntos de datos.</p><p><span style=""font-family: inherit; font-size: 1em;"">Frecuencia de actualización:</span><span style=""font-family: inherit; font-size: 1em;""> Diaria</span></p>";Sector público;"tramites;sede;electronica";CC BY 4.0 ES;es;Europe/Madrid;2026-09-24T22:00:30.563000+02:00;2026-09-24T22:00:30.563000+02:00;2026-09-24T22:00:30.616000+02:00;Junta de Castilla y León;;;;846;6176574;0;49960;398;0;0;8.3
registro-de-desfibriladores-externos-semiautomaticos-desa-en-vehiculos-de-transp;False;Registro de desfibriladores externos semiautomáticos (DESA) en vehículos de transporte no sanitario;"<p>Relación de desfibriladores externos semiautomáticos (DESA) en vehículos de transporte NO sanitario de Castilla y León indicando su número de serie, empresa, provincia y localidad.</p><p><span style=""font-family: inherit; font-size: 1em;"">Frecuencia de actualización:</span><span style=""font-family: inherit; font-size: 1em;""> Diaria.</span></p>";Salud;"desfibriladores;automáticos;vehículos;desa;dese";CC BY 4.0 ES;es;;2026-09-24T22:00:17.466000+02:00;2026-09-24T22:00:17.466000+02:00;2026-09-24T22:00:17.518000+02:00;Junta de Castilla y León;;;;130;11244;0;18099;466;0;0;5.5
directorio-de-centros-docentes;False;Directorio de Centros Docentes;Relación de centros educativos que imparten enseñanzas no universitarias en el curso académico actual;Educación;"educación;centros docentes;colegios;ceip;ies;primaria;infantil;secundaria;público;privado";CC BY 4.0 ES;es;Europe/Madrid;2026-09-24T22:00:15.299000+02:00;2026-09-24T22:00:15.299000+02:00;2026-09-24T22:00:15.348000+02:00;Junta de Castilla y León;;;;1744;659886;0;295528;5233;0;0;21.4
incendios-forestales;False;Parte diario de incendios forestales;"<p><span style=""font-size: 12.495px;"">Durante la campaña contra incendios forestales se publicarán en CSV los partes informativos de incendios forestales activos en Castilla y León.</span></p><p><span style=""font-size: 12.495px;"">Se realizarán a partir de los datos técnicos facilitados por la Dirección General de Medio Natural, de acuerdo con lo establecido en PLANCAL e INFOCAL.</span></p><p><span style='font-size:11.0pt;font-family:""Aptos"",sans-serif;
mso-fareast-font-family:Aptos;mso-fareast-theme-font:minor-latin;mso-bidi-font-family:
Aptos;mso-ligatures:standardcontextual;mso-ansi-language:ES;mso-fareast-language:
EN-US;mso-bidi-language:AR-SA'>Con la aprobación del nuevo INFOCAL <b>DECRETO
6/2025 de 27 de marzo, </b>el índice de INFOCAL relativo a cada incendio en
función de su gravedad es el <b>Índice de Gravedad Potencial (IGR).</b>
Con el antiguo INFOCAL era el Nivel de gravedad del Incendio. Este es el motivo
del cambio, el nuevo INFOCAL entró en vigor el 2 de mayo de 2025.</span></p><p><span style=""font-size: 12.495px;""><br></span><span style=""font-family: inherit; font-size: 1em;"">Frecuencia de actualización:</span><span style=""font-family: inherit; font-size: 1em;""> dos veces al día hasta el 14 de octubre de 2025, fecha fin de la temporada de alto peligro de incendios</span><span style=""font-family: inherit; font-size: 1em;"">.</span></p>";Medio ambiente;"indendios;forestales;activos;medio ambiente;medio natural";CC BY 4.0 ES;es;Europe/Madrid;2026-09-24T21:15:55.509000+02:00;2026-09-24T21:15:55.509000+02:00;2026-09-24T21:15:55.554000+02:00;Junta de Castilla y León;;;;29088;8877966;0;1841899;69026;0;0;57.8
eventos-de-la-agenda-cultural-categorizados-y-geolocalizados;False;Eventos de la agenda cultural categorizados y geolocalizados;"<p>Relación de eventos de la agenda cultural que se celebran en Castilla y León desde el día en el que se realiza la consulta en adelante. 
Cada registro incluye su categoría, la dirección del lugar de celebración y las coordenadas de su posición geográfica.</p><p><span style=""font-family: inherit; font-size: 1em;"">Frecuencia de actualización:</span><span style=""font-family: inherit; font-size: 1em;""> Cada 4 horas.</span></p>";Cultura y ocio;"eventos;agenda;cultural;hoy;actual";CC BY 4.0 ES;es;Europe/Madrid;2026-09-24T21:01:26.786000+02:00;2026-09-24T21:01:26.786000+02:00;2026-09-24T21:01:26.829000+02:00;Junta de Castilla y León;;;;698;1775693;0;582309;555686;0;0;64.7
altos-cargos;False;Altos Cargos;<p>Altos cargos de la Junta de Castilla y León</p>;Sector público;altos cargos;CC BY 4.0 ES;es;Europe/Madrid;2026-09-24T19:10:41.068000+02:00;2026-09-24T19:10:41.068000+02:00;2026-09-24T19:10:41.116000+02:00;Junta de Castilla y León;;;;365;1766560;0;52116;464;0;0;8.5
registro-de-centros-sanitarios-de-castilla-y-leon;False;Registro de centros sanitarios de Castilla y León;"<p>Registro de centros de salud, consultorios médicos y hospitales ubicadas en Castilla y León.</p><p><span style=""font-family: inherit; font-size: 1em;"">Frecuencia de actualización:</span><span style=""font-family: inherit; font-size: 1em;""> Mensual.</span></p>";Salud;"centros de salud;consultorios médicos;hospitales;infraestructuras de salud;sanitarios;sanidad";CC BY 4.0 ES;es;Europe/Madrid;2026-09-24T17:14:18.436000+02:00;2026-09-24T17:14:18.436000+02:00;2026-09-24T23:14:16.553000+02:00;Junta de Castilla y León;;;;10479;3531931;0;601555;10613;0;0;30.5
convocatoria-y-orden-del-dia-de-la-comision-delegada-gobierno;False;Convocatoria y orden del día de la Comisión delegada del Gobierno;"<p>Convocatoria y el orden del día de la reunión de la Comisión Delegada del Gobierno, indicando para cada uno de ellos la fecha de la sesión, el número de la sesión, el título y el enlace a los documentos.</p><p><span style=""font-family: inherit; font-size: 1em;"">Frecuencia de actualización: Semanal.</span></p>";Sector público;comisión delegada del gobierno;CC BY 4.0 ES;es;Europe/Madrid;2026-09-24T16:31:14.196000+02:00;2026-09-24T16:31:14.196000+02:00;2026-09-24T16:31:14.239000+02:00;Junta de Castilla y León;;;;69;9339;0;9685;718;0;0;4.6
acuerdos-de-la-comision-delegada-gobierno;False;Acuerdos de la Comisión Delegada del Gobierno;"<p style=""""><font face=""lora"" size=""3"">Relación de Acuerdos de la Comisión Delegada para Asuntos Económicos, indicando para cada uno de ellos la fecha de la sesión, el título, consejería responsable y documento completo del acuerdo.</font></p><p style=""""><br></p>";Sector público;"acuerdos;administración pública;comisión delegada del gobierno";CC BY 4.0 ES;es;Europe/Madrid;2026-09-24T16:31:14.186000+02:00;2026-09-24T16:31:14.186000+02:00;2026-09-24T16:31:14.237000+02:00;Junta de Castilla y León;;;;1058;639094;0;16494;763;0;0;5.6
actas-de-la-comision-delegada-gobierno;False;Actas de la comisión delegada del Gobierno;"<p>Listado de actas de la Comisión Delegada del Gobierno, indicando para cada una de ellas la fecha de la sesión, el número de la sesión, el título y texto del acta.</p><p><span style=""font-family: inherit; font-size: 1em;"">Frecuencia de actualización:</span><span style=""font-family: inherit; font-size: 1em;""> Semanal.</span></p>";Sector público;"actas;administración pública;comisión delegada del gobierno";CC BY 4.0 ES;es;Europe/Madrid;2026-09-24T16:31:13.669000+02:00;2026-09-24T16:31:13.669000+02:00;2026-09-24T16:31:13.713000+02:00;Junta de Castilla y León;;;;68;8660;0;11845;640;0;0;4.9
acuerdos-de-la-comision-delegada-para-asuntos-economicos;False;Acuerdos de la Comisión Delegada para Asuntos Económicos;"<p style=""""><font face=""lora"" size=""3"">Relación de Acuerdos de la Comisión Delegada para Asuntos Económicos, indicando para cada uno de ellos la fecha de la sesión, el título, consejería responsable y documento completo del acuerdo.</font></p><p style=""""><font face=""lora"" size=""3"">Nota: Comisión derogada por la disposición derogatoria del Decreto 19/2022, de 26 de mayo, por el que se crea y regula la Comisión Delegada del Gobierno<br></font><br></p>";Sector público;"acuerdos;comisión delegada de asuntos económicos;administración pública";CC BY 4.0 ES;es;Europe/Madrid;2026-09-24T16:31:03.922000+02:00;2026-09-24T16:31:03.922000+02:00;2026-09-24T16:31:03.974000+02:00;Junta de Castilla y León;;;;376;223085;0;12747;1441;0;0;5.7
actas-del-consejo-de-gobierno;False;Actas del Consejo de Gobierno;"<p>Listado de actas de Consejos de Gobierno, indicando para cada una de ellas la fecha de la sesión, el número de la sesión, el título y texto del acta.</p><p><span style=""font-family: inherit; font-size: 1em;"">Frecuencia de actualización:</span><span style=""font-family: inherit; font-size: 1em;""> Semanal.</span></p>";Sector público;"consejos de gobierno;actas";CC BY 4.0 ES;es;Europe/Madrid;2026-09-24T16:31:03.772000+02:00;2026-09-24T16:31:03.772000+02:00;2026-09-24T16:31:03.825000+02:00;Junta de Castilla y León;;;;348;46230;0;27177;2160;0;0;7.8
orden-del-dia-del-consejo-de-gobierno;False;Orden del Día del Consejo de Gobierno;"<p>Convocatoria y el orden del día de la reunión de Consejo de Gobierno, indicando para cada uno de ellos la fecha de la sesión, el número de la sesión, el título y el enlace a los documentos.</p><p><span style=""font-family: inherit; font-size: 1em;"">Frecuencia de actualización:</span><span style=""font-family: inherit; font-size: 1em;""> Semanal.</span></p>";Sector público;consejos de gobierno;CC BY 4.0 ES;es;Europe/Madrid;2026-09-24T16:31:03.732000+02:00;2026-09-24T16:31:03.732000+02:00;2026-09-24T16:31:03.779000+02:00;Junta de Castilla y León;;;;349;50202;0;29832;1844;0;0;7.9
convocatoria-y-orden-del-dia-de-la-comision-delegada;False;Convocatoria y orden del día de la Comisión delegada para asuntos económicos;"<p>Convocatoria y el orden del día de la reunión de la Comisión Delegada para Asuntos Económicos, indicando para cada uno de ellos la fecha de la sesión, el número de la sesión, el título y el enlace a los documentos.</p><p><span style=""font-family: inherit; font-size: 1em;"">Frecuencia de actualización: Semanal.</span></p><p><span style=""font-family: inherit; font-size: 1em;"">Nota: Comisión d</span><span style=""font-size: 14px;"">erogada por la disposición derogatoria del Decreto 19/2022, de 26 de mayo, por el que se crea y regula la Comisión Delegada del Gobierno</span></p>";Sector público;comisión delegada de asuntos económicos;CC BY 4.0 ES;es;Europe/Madrid;2026-09-24T16:31:03.709000+02:00;2026-09-24T16:31:03.709000+02:00;2026-09-24T16:31:03.754000+02:00;Junta de Castilla y León;;;;32;4339;0;11184;1349;0;0;5.4
actas-de-la-comision-delegada-para-asuntos-economicos;False;Actas de la comisión delegada para asuntos económicos;"<p>Listado de actas de la Comisión Delegada para Asuntos Económicos, indicando para cada una de ellas la fecha de la sesión, el número de la sesión, el título y texto del acta.</p><p><span style=""font-family: inherit; font-size: 1em;"">Frecuencia de actualización:</span><span style=""font-family: inherit; font-size: 1em;""> Semanal.</span></p><p><span style=""font-family: inherit; font-size: 1em;"">Nota: Comisión d</span><span style=""font-size: 14px;"">erogada por la disposición derogatoria del Decreto 19/2022, de 26 de mayo, por el que se crea y regula la Comisión Delegada del Gobierno</span></p>";Sector público;"actas;administración pública;comisión delegada de asuntos económicos";CC BY 4.0 ES;es;Europe/Madrid;2026-09-24T16:30:06.977000+02:00;2026-09-24T16:30:06.977000+02:00;2026-09-24T16:30:07.014000+02:00;Junta de Castilla y León;;;;32;4083;0;11771;1311;0;0;5.4
cursosescuelastiempolibre2026;False;Próximos cursos de Formación Juvenil;"<p>Catálogo de próximos cursos de<span style='font-size:11.0pt;font-family:""Aptos"",sans-serif;
mso-fareast-font-family:""Times New Roman"";mso-bidi-font-family:Aptos;
mso-ligatures:standardcontextual;mso-ansi-language:ES;mso-fareast-language:
EN-US;mso-bidi-language:AR-SA'> Formación Juvenil</span> 2026. </p>";Educación;;CC BY 4.0 ES;es;;2026-09-24T16:01:14.099000+02:00;2026-09-24T16:01:14.099000+02:00;2026-09-24T16:01:14.147000+02:00;Junta de Castilla y León;;;;18;3813;0;60448;133;0;0;8.5
voluntariado_entidades-colaboradoras;False;Voluntariado: entidades colaboradoras con garantía juvenil;"<p><span style=""font-size: 12.495px;"">El programa de Voluntariado Joven de Castilla y León es un programa de la Junta de Castilla y León, coordinado por el Consejo de la Juventud de CyL. Cualquier Joven entre 18 y 30 años puede participar en el mismo. La información que recoge son la relación de entidades colaboradoras donde realizar el voluntariado, la temática del tipo de voluntariado que se puede realizar y la provincia donde se puede realizar.</span></p><p><span style=""font-size: 12.495px;""><br></span>Nota: Frecuencia de actualización trimestral </p>";Sociedad y bienestar;"voluntariado;juventud;bienestar social";CC BY 4.0 ES;es;;2026-09-24T15:30:52.800000+02:00;2026-09-24T15:30:52.800000+02:00;2026-09-24T15:30:52.844000+02:00;Junta de Castilla y León;;;;420;28229;0;16058;1355;0;0;6.1
programa-de-voluntariado-estadistica-anual;False;Estadísticas Voluntariado joven;"<p><span style='color: rgb(23, 43, 77); font-family: -apple-system, BlinkMacSystemFont, ""Segoe UI"", Roboto, ""Noto Sans"", Ubuntu, ""Droid Sans"", ""Helvetica Neue"", sans-serif; font-size: 14px; background-color: rgb(244, 245, 247);'>El programa de Voluntariado Joven de Castilla y León es un programa de la Junta de Castilla y León, coordinado por el Consejo de la Juventud de CyL. Cualquier Joven entre 18 y 30 años puede participar en el mismo. La información que recoge son el número de personas voluntarias que participan en el programa, el número de entidades colaboradoras donde realizar el voluntariado, el número de formaciones y difusiones realizadas para participar y dar a conocer el programa.</span><br></p><p><font face=""Times New Roman, serif""><span style=""font-size: 16px;""><br></span></font></p><p><span style='font-size: 16px; font-family: ""Times New Roman"", serif;'>Frecuencia de actualización Anual.</span><br></p><div><br></div>";Sociedad y bienestar;"voluntariado;juventud;estadísticas";CC BY 4.0 ES;es;Europe/Madrid;2026-09-24T15:30:52.796000+02:00;2026-09-24T15:30:52.796000+02:00;2026-09-24T15:30:52.835000+02:00;Junta de Castilla y León;;;;409;26994;0;17300;1570;0;0;6.4
acuerdos-de-consejos-de-gobierno;False;Acuerdos de Consejos de Gobierno;"<p style=""font-family: lora; font-size: medium;"">Relación de Acuerdos de Gobierno indicando para cada uno de ellos la fecha de la sesión, el título, consejería responsable y documento completo del acuerdo.</p><p style=""font-family: lora; font-size: medium;"">Los acuerdos se publican con disociación de los datos de carácter personal.</p><p style=""font-family: lora; font-size: medium;"">Aunque los asuntos se denominan en los listados “propuesta de acuerdo”, “proyecto de decreto” o “anteproyecto de ley”, estos se publican una vez aprobados en Consejo de Gobierno, en cuyo caso pasan ya a ser “Acuerdos”, “Decretos” y “Proyectos de ley”. Cada listado aparecerá publicado en el Portal de Gobierno Abierto el viernes de la semana siguiente a la celebración de la sesión del Consejo de Gobierno en cuestión, una vez haya sido aprobada el acta.</p>";Sector público;"acuerdos;consejos de gobierno";CC BY 4.0 ES;es;Europe/Madrid;2026-09-24T14:15:16.598000+02:00;2026-09-24T14:15:16.598000+02:00;2026-09-24T14:15:16.641000+02:00;Junta de Castilla y León;;;;9206;4173815;0;75704;3741;0;0;12.2
superficies-de-cultivos-lenosos;False;Superficies de cultivos leñosos;"<p>Relación de las superficies de cultivos leñosos por municipios, comarcas y provincias en el año.</p><p><span style=""font-family: inherit; font-size: 1em;"">Frecuencia de actualización:</span><span style=""font-family: inherit; font-size: 1em;""> Anual.</span></p>";Medio rural y pesca;"agricultura;superficies;cultivos;leñosos";CC BY 4.0 ES;es;Europe/Madrid;2026-09-24T14:05:29.237000+02:00;2026-09-24T14:05:29.237000+02:00;2026-09-24T14:05:37.791000+02:00;Junta de Castilla y León;;;;52563;5038457;0;30561;2101;0;0;8.1
datos-basicos-de-los-archivos-historicos-provinciales-y-archivo-general-de-casti;False;Datos básicos de los Archivos Históricos Provinciales y Archivo General de Castilla y León;"<p><span style=""font-size: 12.495px;"">El dataset “Datos básicos de los Archivos Históricos Provinciales y del Archivo General de Castilla y León” recoge información fundamental y concisa sobre las funciones que realizan los archivos y, en especial, los relacionados con los servicios que prestan tanto a los órganos que han producido la documentación como a los ciudadanos. Los datos que se recogen son:</span></p><ul><li><span style=""font-family: inherit;"">Capacidad de los archivos medida en metros lineales de estantería.</span><br></li><li><span style=""font-size: 12.495px;"">Ocupación de los depósitos, es decir, metros lineales de estantería ocupados o unidades de instalación* bajo la responsabilidad del archivo.</span></li><li><span style=""font-size: 12.495px;"">Unidades de instalación ingresadas.</span></li><li><span style=""font-size: 12.495px;"">Unidades de instalación que han salido de forma definitiva del archivo, mediante transferencia.</span></li><li><span style=""font-size: 12.495px;"">Unidades de instalación eliminadas en aplicación de las Reglas de Conservación aprobadas .</span></li><li><span style=""font-size: 12.495px;"">Dentro de la categoría “Servicios a los ciudadanos”, se engloban los siguientes datos recogidos en la tabla:</span></li><ul><li>número de investigadores/usuarios,</li><li><span style=""font-size: 12.495px;"">número de consultas en sala,</span></li><li><span style=""font-size: 12.495px;"">número de consultas no presenciales,</span></li><li><span style=""font-size: 12.495px;"">número de fotocopias y</span></li><li><span style=""font-size: 12.495px;"">reproducciones digitales servidas.</span></li></ul><li><span style=""font-size: 12.495px;"">Incluidos en la categoría “Servicios a los órganos productores de la documentación” encontramos recogidos en la tabla estos campos:</span></li><ul><li><span style=""font-size: 12.495px;"">número de solicitudes de información del órgano productor,</span></li><li><span style=""font-size: 12.495px;"">número de solicitudes de asistencia técnica del órgano productor,</span></li><li><span style=""font-size: 12.495px;"">número de unidades de instalación consultadas por el órgano productor,</span></li><li><span style=""font-size: 12.495px;"">número de expedientes prestados al órgano productor,</span></li><li><span style=""font-size: 12.495px;"">número de expedientes o documentos incorporados a expedientes ya custodiados en el archivo.</span></li></ul><li><span style=""font-size: 12.495px;"">Libros (títulos) de la Biblioteca especializada de los Archivos Históricos Provinciales y del Archivo General de Castilla y León.</span></li><li><span style=""font-size: 12.495px;"">Publicaciones periódicas (títulos) de la Biblioteca especializada de los Archivos Históricos Provinciales y del Archivo General de Castilla y León.</span></li></ul><p><span style=""font-size: 12.495px;"">* Una unidad de instalación equivale habitualmente a una caja.</span></p>";Cultura y ocio;"cultura;archivos";CC BY 4.0 ES;es;Europe/Madrid;2026-09-24T14:00:38.001000+02:00;2026-09-24T14:00:38.001000+02:00;2026-09-24T14:00:46.577000+02:00;Junta de Castilla y León;;;;60;7143;0;10042;1531;0;0;5.3
superficies-de-cultivos-herbaceos;False;Superficies de cultivos herbáceos;"<p>Relación de las superficies de cultivos herbáceos por municipios, comarcas y provincias.</p><p><span style=""font-family: inherit; font-size: 1em;"">Frecuencia de actualización:</span><span style=""font-family: inherit; font-size: 1em;""> Anual</span></p>";Medio rural y pesca;"agricultura;superficies;cultivos;herbáceos";CC BY 4.0 ES;es;Europe/Madrid;2026-09-24T14:00:15.565000+02:00;2026-09-24T14:00:15.565000+02:00;2026-09-24T14:00:20.792000+02:00;Junta de Castilla y León;;;;384837;41227294;0;55821;3764;0;0;10.9
bocyl;False;Boletín Oficial de Castilla y León;<p>Disposiciones del Boletín Oficial de Castilla y León.</p>;Sector público;BOCyL;CC BY 4.0 ES;es;Europe/Madrid;2026-09-24T13:08:37.206000+02:00;2026-09-24T13:08:37.206000+02:00;2026-09-24T23:08:12.593000+02:00;Junta de Castilla y León;;;;64367;49730140;0;1760110;6231;0;0;47.0
jovenes-inscritos-en-garantia-juvenil;False;Jóvenes inscritos en garantía juvenil;"<p style=""""><span style=""font-family: lora; font-size: medium;"">La información contenida recoge el número de jóvenes inscritos en garantía juvenil en nuestra comunidad.</span><br></p><p style=""font-family: lora; font-size: medium;"">Garantía Juvenil es una iniciativa europea que pretende facilitar el acceso de los jóvenes al mercado de trabajo.</p><p style=""font-family: lora; font-size: medium;"">En él se contemplan el número de solicitudes realizadas, los expedientes resueltos, las inscripciones aprobadas y las rechazadas desagregados por provincias y sexo. Los informes estadísticos publicados tienen un carácter exclusivamente orientativo, al sufrir los datos variaciones diarias, incluso a tiempo pasado, como consecuencia del funcionamiento dinámico del sistema de recogida de datos. Los datos son resultado del seguimiento que se realiza con el único objeto de orientar acerca de los inscritos en el Sistema Nacional de Garantía Juvenil.</p><p style=""""><font face=""Times New Roman, serif""><span style=""font-size: 16px;"">Con una actualización Trimestral.</span></font></p>";Empleo;"juventud;garantia juvenil;empleo";CC BY 4.0 ES;es;Europe/Madrid;2026-09-24T11:20:14.492000+02:00;2026-09-24T11:20:14.492000+02:00;2026-09-24T11:20:14.543000+02:00;Junta de Castilla y León;;;;18;1732;0;10427;1535;5;0;5.4
catalogo-de-informacion-publica;False;Catálogo de información pública;"<p><span style=""font-size: 14px;"">Relación de los contenidos cuya publicación debe promoverse de manera activa indicando los formatos utilizados, y se identifiquen sus responsables y los plazos de actualización de cada uno de ellos.</span><br></p>";Sector público;"administración pública;catálogo";CC BY 4.0 ES;es;Europe/Madrid;2026-09-24T10:12:07.733000+02:00;2026-09-24T10:12:07.733000+02:00;2026-09-24T10:12:07.779000+02:00;Junta de Castilla y León;;;;598;519623;0;24949;322;0;0;6.1
estadisticas-web-navegadores;False;Estadisticas web - Navegadores;"<p><span style=""font-size: 12.495px;"">Información sobre los navegadores empleados para navegar por cada sitio web. Actualización diaria.</span></p>";Sector público;estadísticas;CC BY 4.0 ES;es;Europe/Madrid;2026-09-24T08:17:16.829000+02:00;2026-09-24T08:17:16.829000+02:00;2026-09-24T08:17:16.869000+02:00;Junta de Castilla y León;;;;894984;60736260;0;60511;853;0;0;9.5
estadisticas-web-dispositivos;False;Estadisticas web - Dispositivos;<p>Información sobre el número de sesiones por dispositivos utilizados para navegar por sitio web. Actualización diaria.</p>;Sector público;estadísticas;CC BY 4.0 ES;es;;2026-09-24T08:16:04.818000+02:00;2026-09-24T08:16:04.818000+02:00;2026-09-24T08:16:04.889000+02:00;Junta de Castilla y León;;;;108724;9248516;0;28341;773;0;0;6.9
estadisticas-web-sistemas-operativos-windows;False;Estadisticas web - Sistemas operativos Windows;<p>Información sobre la versión de windows utilizada para navegar por cada sitio web. Actualización diaria.</p>;Sector público;estadísticas;CC BY 4.0 ES;es;Europe/Madrid;2026-09-24T08:15:57.857000+02:00;2026-09-24T08:15:57.857000+02:00;2026-09-24T08:15:57.904000+02:00;Junta de Castilla y León;;;;436022;22117686;0;39190;824;0;0;7.9
estadisticas-web-visitas;False;Estadísticas web - Visitas;<p>Información sobre el número de visitas, usuarios únicos, páginas vistas, porcentaje de rebote, duración de la sesión, páginas por sesión, usuarios nuevos ,porcentaje de salidas y porcentaje de nuevas sesiones por sitio web. Actualización diaria.</p>;Sector público;estadísticas;CC BY 4.0 ES;es;Europe/Madrid;2026-09-24T08:15:51.599000+02:00;2026-09-24T08:15:51.599000+02:00;2026-09-24T08:15:51.643000+02:00;Junta de Castilla y León;;;;29892;3675332;0;72338;938;0;0;10.3
estadisticas-web-navegadores-explorer;False;Estadisticas web - Navegadores explorer;"<p><span style=""font-size: 12.495px;"">Información sobre la versión de Internet Explorer utilizada para navegar por cada sitio web. Actualización diaria.</span></p>";Sector público;estadísticas;CC BY 4.0 ES;es;Europe/Madrid;2026-09-24T08:15:15.445000+02:00;2026-09-24T08:15:15.445000+02:00;2026-09-24T08:15:15.493000+02:00;Junta de Castilla y León;;;;5594;289342;0;43041;682;0;0;8.1
estadisticas-de-uso-de-redes-sociales;False;Estadísticas de uso de redes sociales de la Junta de Castilla y León;"<p style='margin-bottom: 8px; overflow-wrap: break-word; text-overflow: ellipsis; color: rgb(23, 43, 77); font-family: -apple-system, BlinkMacSystemFont, ""Segoe UI"", Roboto, ""Noto Sans"", Ubuntu, ""Droid Sans"", ""Helvetica Neue"", sans-serif;'>Las estadísticas de uso de las redes sociales aportan los datos necesarios sobre la gestión de las redes sociales corporativas y el alcance que tienen todas esas publicaciones entre las diferentes redes sociales. Se informa de número de seguidores de cada cuenta así como la actividad de la misma: número de publicaciones y el impacto de cada publicación (personas que las leen y personas que interactúan con ellas de diferente forma).</p><p style='margin-bottom: 8px; overflow-wrap: break-word; text-overflow: ellipsis; color: rgb(23, 43, 77); font-family: -apple-system, BlinkMacSystemFont, ""Segoe UI"", Roboto, ""Noto Sans"", Ubuntu, ""Droid Sans"", ""Helvetica Neue"", sans-serif;'>La finalidad de esta publicación es la de ver la evolución de la gestión de las redes sociales corporativas y el impacto que tiene sobre los usuarios.</p><p style='margin-bottom: 8px; overflow-wrap: break-word; text-overflow: ellipsis; color: rgb(23, 43, 77); font-family: -apple-system, BlinkMacSystemFont, ""Segoe UI"", Roboto, ""Noto Sans"", Ubuntu, ""Droid Sans"", ""Helvetica Neue"", sans-serif;'>La información se encuentra desglosada en Perfil, red social, Tweets/Post totales, Tweets/Post totales, Seguidores/Fans totales, Seguidores/Fans diarios y fecha.</p><p class="""" style=""margin-bottom: 8px; overflow-wrap: break-word; text-overflow: ellipsis;""><span style='color: rgb(23, 43, 77); font-family: -apple-system, BlinkMacSystemFont, ""Segoe UI"", Roboto, ""Noto Sans"", Ubuntu, ""Droid Sans"", ""Helvetica Neue"", sans-serif; font-size: 0.875rem;'><i>

<i aria-hidden=""true"" class=""fa fa-info ng-binding""></i>


No se pueden proporcionar los datos histórico entre Julio 2023 y Diciembre 2023 debido a los cambios en la forma de proporcionar la información de la API de X.</i></span></p><p style='margin-bottom: 8px; overflow-wrap: break-word; text-overflow: ellipsis; color: rgb(23, 43, 77); font-family: -apple-system, BlinkMacSystemFont, ""Segoe UI"", Roboto, ""Noto Sans"", Ubuntu, ""Droid Sans"", ""Helvetica Neue"", sans-serif;'><span style=""color: rgb(23, 43, 77);"">Frecuencia de actualización: Diaria</span><br></p>";Sector público;"redes sociales;estadísticas";CC BY 4.0 ES;es;Europe/Madrid;2026-09-24T08:04:20.808000+02:00;2026-09-24T08:04:20.808000+02:00;2026-09-24T08:04:21.485000+02:00;Junta de Castilla y León;;;;143283;10467089;0;175822;1411;0;0;15.5
escuelas-de-animacion-juvenil;False;Escuelas de animación juvenil;;Cultura y ocio;"juventud;animación";CC BY 4.0 ES;es;Europe/Madrid;2026-09-24T08:01:00.567000+02:00;2026-09-24T08:01:00.567000+02:00;2026-09-24T08:01:00.627000+02:00;Junta de Castilla y León;;;;87;13552;0;48658;1010;0;0;8.8
directorio-de-talleres-artesanos-de-castilla-y-leon;False;Directorio de talleres artesanos de Castilla y León;<p>Talleres artesanos de Castilla y León</p>;Comercio;"directorio;artesanos";CC BY 4.0 ES;es;Europe/Madrid;2026-09-24T06:00:27.626000+02:00;2026-09-24T06:00:27.626000+02:00;2026-09-24T06:00:27.685000+02:00;Junta de Castilla y León;;;;484;288721;0;55696;2680;0;0;10.4
gestores-de-residuos-registrados-en-castilla-y-leon-canal-domestico;False;Gestores de residuos registrados en Castilla y León: canal doméstico;"<p><span style=""font-size: 14px;"">La Ley de residuos y suelos contaminados establece que las comunicaciones y autorizaciones de gestión de residuos se deben inscribir por las Comunidades Autónomas en sus respectivos registros.</span></p><p><span style=""font-size: 14px;"">Este conjunto de datos muestra los gestores de residuos registrados en Castilla y León para el canal doméstico</span></p><p><span style=""font-size: 14px;"">Cada registro del conjunto de datos incluye datos del gestor, tipo de instalación o centro, operación y proceso de tratamiento, así como del tipo de residuo incluyendo los códigos LER.</span></p><p><span style=""font-size: 14px;"">Se muestra un registro por cada tipo de residuo que el gestor tenga autorizado.</span></p>";Medio ambiente;gestión de residuos;CC BY 4.0 ES;es;Europe/Madrid;2026-09-24T00:00:23.172000+02:00;2026-09-24T00:00:23.172000+02:00;2026-09-24T00:00:23.227000+02:00;Junta de Castilla y León;;;;3101;2151536;0;22940;1899;0;0;7.2
catalogo-de-datos;False;Catálogo de datasets incluidos en el portal de análisis;<p>Relación de conjuntos de datos que la Junta de Castilla y León ha publicado en el portal de análisis de datos abiertos</p>;Sector público;"Catálogo;Datasets";CC BY 4.0 ES;es;Europe/Madrid;2026-09-24T00:00:05.590000+02:00;2026-09-24T00:00:05.590000+02:00;2026-09-25T00:02:04.491000+02:00;Junta de Castilla y León;;;;440;524369;0;51978;829;0;0;8.9
certificados-de-eficiencia-energetica;False;Certificados de Eficiencia Energética de Edificios;"<p>Certificados de Eficiencia Energética en Castilla y León, inscritos en el Registro de Certificados de Eficiencia Energética de Castilla León.</p><p><span style=""font-family: inherit; font-size: 1em;"">Frecuencia de actualización:</span><span style=""font-family: inherit; font-size: 1em;""> Diaria.</span></p>";Energía;"certificados;eficiencia energética;eren;energía";CC BY 4.0 ES;es;Europe/Madrid;2026-09-23T22:04:39.054000+02:00;2026-09-23T22:04:39.054000+02:00;2026-09-24T22:02:04.840000+02:00;Junta de Castilla y León;https://datosabiertos.jcyl.es/web/jcyl/set/es/energia/certificados-eficiencia-valladolid/1284543419075;;;367838;130220152;0;4887709;36431;0;0;81.5
productos-de-la-marca-tierra-de-sabor;False;"Productos de la marca ""Tierra de Sabor""";"<p>Registro de los productos que actualmente pertenecen a la marca de garantía “Tierra de Sabor"".</p><p><span style=""font-family: inherit; font-size: 1em;"">Frecuencia de actualización:</span><span style=""font-family: inherit; font-size: 1em;""> Quincenal.</span></p>";Comercio;"tierra de sabor;tds;registro tds;productos";CC BY 4.0 ES;es;Europe/Madrid;2026-09-23T22:00:33.755000+02:00;2026-09-23T22:00:33.755000+02:00;2026-09-24T22:00:45.875000+02:00;Junta de Castilla y León;;;;4785;681538;0;36229;691;0;0;7.5
directorio-de-la-administracion-general-e-institucional-de-la-comunidad;False;Directorio de la Administración General e Institucional de la Comunidad;"<p>Conjunto de órganos administrativos, centrales y territoriales que desarrollan funciones ejecutivas de carácter administrativo. Incluye Consejerías, Direcciones Generales, Delegaciones Territoriales, así como Organismos Autónomos y Entes Públicos.</p><p><span style=""font-family: inherit; font-size: 1em;"">Frecuencia de actualización:</span><span style=""font-family: inherit; font-size: 1em;""> Diaria.</span></p>";Sector público;"directorio;administración;general;institucional;comunidad";CC BY 4.0 ES;es;Europe/Madrid;2026-09-23T22:00:32.902000+02:00;2026-09-23T22:00:32.902000+02:00;2026-09-23T22:00:32.955000+02:00;Junta de Castilla y León;;;;4703;1934813;0;92568;617;0;0;11.1
empresas-acogidas-a-la-marca-tierra-de-sabor;False;"Empresas acogidas a la marca ""Tierra de Sabor""";"<p>Registro de las empresas que están actualmente acogidas a la marca de garantía “Tierra de Sabor"".</p><p><span style=""font-family: inherit; font-size: 1em;"">Frecuencia de actualización:</span><span style=""font-family: inherit; font-size: 1em;""> Quincenal.</span></p>";Comercio;"tierra de sabor;tds;registro tds;empresas";CC BY 4.0 ES;es;Europe/Madrid;2026-09-23T22:00:32.749000+02:00;2026-09-23T22:00:32.749000+02:00;2026-09-24T22:00:23.444000+02:00;Junta de Castilla y León;;;;660;78060;0;45629;1211;0;0;8.8
registro-de-desfibriladores-externos-semiautomaticos-desa-en-espacios-fisicos;False;Registro de desfibriladores externos semiautomáticos (DESA) en espacios físicos;"<p>Relación de desfibriladores externos semiautomáticos (DESA) en espacios físicos de Castilla y León indicando su número de serie, empresa y dirección completa.</p><p><span style=""font-family: inherit; font-size: 1em;"">Frecuencia de actualización:</span><span style=""font-family: inherit; font-size: 1em;""> Diaria.</span></p>";Salud;"desfibriladores;automáticos;espacios físicos;desa;dese";CC BY 4.0 ES;es;Europe/Madrid;2026-09-23T22:00:20.253000+02:00;2026-09-23T22:00:20.253000+02:00;2026-09-24T22:00:25.417000+02:00;Junta de Castilla y León;;;;2725;459517;0;118099;2010;0;0;13.5
registro-de-infraestructuras-culturales;False;Registro de infraestructuras culturales;"<p>Relación de las diferentes infraestructuras culturales de Castilla y León.</p><p><span style=""font-family: inherit; font-size: 1em;"">Frecuencia de actualización:</span><span style=""font-family: inherit; font-size: 1em;""> Diaria.</span></p>";Cultura y ocio;"directorio;infraestructuras;culturales;bibliotecas;archivos;museos;cultura";CC BY 4.0 ES;es;Europe/Madrid;2026-09-23T22:00:17.148000+02:00;2026-09-23T22:00:17.148000+02:00;2026-09-23T22:00:17.214000+02:00;Junta de Castilla y León;;;;1878;867528;0;66306;1740;0;0;10.5
oficinas-de-informacion-y-registro-de-la-junta-de-castilla-y-leon;False;Oficinas de información y registro de la Junta de Castilla y León;Relación de Oficinas de Atención al Ciudadano y Registro de Castilla y León.;Sector público;"directorio;oficinas;información;registro";CC BY 4.0 ES;es;Europe/Madrid;2026-09-23T22:00:06.746000+02:00;2026-09-23T22:00:06.746000+02:00;2026-09-23T22:00:06.793000+02:00;Junta de Castilla y León;;;;217;104447;0;77045;323;0;0;9.9
directorio-de-asociaciones-de-consumidores;False;Directorio de Asociaciones de Consumidores;<p>En este directorio se incluyen las organizaciones de consumidores de la Comunidad de Castilla y León incluidas en el Registro de Organizaciones de Consumidores y Usuarios de Castilla y León creado en 1986. En este Registro podrán inscribirse, sin carácter constitutivo, aquellas entidades (asociaciones, federaciones, agrupaciones, cooperativas etc..) legalmente constituidas, que tengan como finalidad la defensa de los intereses, incluyendo la información y educación, de los consumidores y usuarios, bien sea con carácter general, bien en relación con productos o servicios determinados, que tengan como ámbito territorial de actuación el de la Comunidad de Casilla y León.</p><p>La previa inscripción en el Registro será requisito imprescindible para ser beneficiario de subvenciones procedentes de los recursos de la propia Comunidad, participar en órganos de colaboración con la Administración de la Comunidad Autónoma de Castilla y León, y, en general, para la realización de actuaciones de colaboración en materia de defensa de los consumidores y usuarios de Castilla y León.</p>;Sector público;"consumo;administración;asociaciones";CC BY 4.0 ES;es;Europe/Madrid;2026-09-23T22:00:04.074000+02:00;2026-09-23T22:00:04.074000+02:00;2026-09-23T22:00:04.143000+02:00;Junta de Castilla y León;;;;69;27827;0;20483;304;0;0;5.5
oficinas-del-servicio-publico-de-empleo-ecyl;False;Oficinas del Servicio Público de Empleo (ECyL);"<p>Relación de las Oficinas del EcyL de las 9 provincias de la Comunidad, así como Centros de Formación Profesional Ocupacional de Castilla y León y las Gerencias Provinciales de Ecyl.</p><p><span style=""font-family: inherit; font-size: 1em;"">Frecuencia de actualización:</span><span style=""font-family: inherit; font-size: 1em;""> Cada 4 horas.</span></p>";Empleo;"directorio;oficinas;empleo;ecyl";CC BY 4.0 ES;es;Europe/Madrid;2026-09-23T22:00:03.307000+02:00;2026-09-23T22:00:03.307000+02:00;2026-09-23T22:00:03.360000+02:00;Junta de Castilla y León;;;;79;34412;0;42330;401;0;0;7.7
bibliotecas-bibliobuses-y-puntos-de-servicio-movil-geolocalizados;False;Bibliotecas, bibliobuses y puntos de servicio móvil geolocalizados;"<p>Instituciones bibliotecarias y puntos de servicio móvil geolocalizados.</p><p><span style=""font-family: inherit; font-size: 1em;"">Frecuencia de actualización:</span><span style=""font-family: inherit; font-size: 1em;""> Diaria.</span></p>";Cultura y ocio;"instituciones;culturales;cultura;bibliotecas;bibliobus;puntos servicio móvil";CC BY 4.0 ES;es;Europe/Madrid;2026-09-23T21:21:02.723000+02:00;2026-09-23T21:21:02.723000+02:00;2026-09-23T21:21:02.773000+02:00;Junta de Castilla y León;;;;393;201483;0;46781;520415;0;0;45.8
museos;False;Directorio de Museos de Castilla y León;"<p style='font-family: -apple-system, BlinkMacSystemFont, ""Segoe UI"", Roboto, Helvetica, Arial, sans-serif;'>Relación de Museos de Castilla y León autorizados por la
Junta de Castilla y León.

</p><p style='font-family: -apple-system, BlinkMacSystemFont, ""Segoe UI"", Roboto, Helvetica, Arial, sans-serif;'><span style=""font-family: inherit; font-size: 1em;"">Frecuencia de actualización:</span><span style=""font-family: inherit; font-size: 1em;""> Diaria.</span></p>";Cultura y ocio;"directorio;información;museos";CC BY 4.0 ES;es;Europe/Madrid;2026-09-23T19:12:03.247000+02:00;2026-09-23T19:12:03.247000+02:00;2026-09-23T19:12:03.294000+02:00;Junta de Castilla y León;;;;172;387082;0;81597;497;0;0;10.4
calidad-agua-zonas-bano;False;Calificación semanal de las zonas de baño en Castilla y León;<p>Calificaciones obtenidas en cada Zona de Agua de Baño en Castilla y León durante la temporada de baño del año correspondiente (del 15 de junio al 15 de septiembre de cada anualidad).</p><p>La valoración de la aptitud de las aguas de baño se realiza a tenor de lo establecido en el Decreto 80/2008, de 27 noviembre, sobre la gestión sanitaria de la calidad de las aguas de año de la Comunidad de Castilla y León y la Orden SAN/2207/2008, de 22 diciembre por la que se desarrolla parcialmente el Decreto 80/2008.</p><p><b>NOTA: La campaña de verano de 2026 ha finalizado el 15 de septiembre por lo que no habrá más datos hasta el inicio de la próxima campaña de verano 2027</b></p>;"Salud;Seguridad";"agua;baño";;es;;2026-09-23T11:11:48.590000+02:00;2026-09-11T12:04:01.740000+02:00;2026-09-24T16:01:39.416000+02:00;;;;;352;73329;0;12758;151;0;0;4.3
registro-clubes-deportivos;False;Registro clubes deportivos;"<p><span style=""font-family: lora; font-size: medium;"">Relación de clubes deportivos de Castilla y León</span><br></p>";Cultura y ocio;"deporte;clubes deportivos";CC BY 4.0 ES;es;Europe/Madrid;2026-09-23T10:00:49.721000+02:00;2026-09-23T10:00:49.721000+02:00;2026-09-24T10:00:35.755000+02:00;Junta de Castilla y León;;;;9492;6763526;0;100661;9303;0;0;15.4
dependencia-solicitantes-personas-con-derecho-beneficiarios-y-prestaciones;False;Dependencia: solicitantes, personas con derecho, personas beneficiarias y prestaciones;"<p><span style=""font-size: 12.495px;"">Solicitantes, personas con derecho, personas beneficiarias y prestaciones de dependencia desglosados por sexo, provincia y grupo de edad.</span><br></p>";Sociedad y bienestar;"servicios sociales;discapacidad;dependencia";CC BY 4.0 ES;es;Europe/Madrid;2026-09-22T11:57:11.390000+02:00;2026-09-22T11:57:11.390000+02:00;2026-09-24T13:57:15.218000+02:00;Junta de Castilla y León;;;;6318;1632552;0;159090;2447;0;0;15.5
auditorias-energeticas-en-castilla-y-leon;False;Auditorías energéticas en Castilla y León;"<p><span style=""font-size: 12.495px;"">Resultados de las auditoría energéticas comunicados por las empresas ubicadas en Castilla y León, en cumplimiento del RD 56/2016, de 12 de febrero, que transpone parcialmente la Directiva 2012/27, relativa a la eficiencia energética.</span><br></p>";Energía;"Auditorías;industrias;eren;energía;ente";CC BY 4.0 ES;es;Europe/Madrid;2026-09-21T17:30:16.183000+02:00;2026-09-21T17:30:16.183000+02:00;2026-09-21T17:30:16.228000+02:00;Junta de Castilla y León;;;;13156;949958;0;30938;859;0;0;7.2
listado-de-cotos-de-caza-de-castilla-y-leon;False;Listado de cotos de caza de Castilla y León;"<p>La Ley 4/1996, de 12 de julio, de Caza de Castilla y León, clasifica el territorio de Castilla y León, a los efectos de la caza, en terrenos cinegéticos y terrenos no cinegéticos. Dentro de los primeros, se incluyen los Cotos de Caza que se definen como toda superficie continua de terreno susceptible de aprovechamiento cinegético que haya sido declarada y reconocida como tal, mediante resolución del órgano competente.

En este conjunto de datos se ofrece el listado de Cotos de Caza de Castilla y León (cotos vigentes en la actualidad junto con los anulados/extinguidos), por provincia.</p><p><span style=""font-family: inherit; font-size: 1em;"">Frecuencia de actualización:</span><span style=""font-family: inherit; font-size: 1em;""> Mensual.</span></p>";Medio ambiente;"caza;medio ambiente;cotos privados;reglamentación";CC BY 4.0 ES;es;Europe/Madrid;2026-09-21T11:19:08.564000+02:00;2026-09-21T11:19:08.564000+02:00;2026-09-24T21:00:36.129000+02:00;Junta de Castilla y León;;;;8016;1163935;0;279952;6306;0;0;21.3
informacion-polinica-actual;False;Información Polínica Actual;"<p>Niveles de polen y previsión.</p><p><span style=""font-family: inherit; font-size: 1em;"">Frecuencia de actualización:</span><span style=""font-family: inherit; font-size: 1em;""> Semanal.</span></p>";Salud;"estaciones;tipos polínicos;nivel de polen precedente;previsión próximos días";CC BY 4.0 ES;es;Europe/Madrid;2026-09-19T08:12:11.417000+02:00;2026-09-19T08:12:11.417000+02:00;2026-09-24T10:12:15.667000+02:00;Junta de Castilla y León;;;;167;12745;0;771593;1682;0;0;30.5
registro-de-establecimientos-farmaceuticos-de-castilla-y-leon;False;Registro de establecimientos farmacéuticos de Castilla y León;"<p>Información sobre denominación y ubicación de las oficinas de farmacia autorizadas en Castilla y León.</p><p><span style=""font-family: inherit; font-size: 1em;"">Frecuencia de actualización:</span><span style=""font-family: inherit; font-size: 1em;""> Diaria.</span></p>";Salud;"farmacias;dispensación de medicamentos";CC BY 4.0 ES;es;;2026-09-18T22:00:38.166000+02:00;2026-09-18T22:00:38.166000+02:00;2026-09-24T22:01:23.438000+02:00;Junta de Castilla y León;;;;1588;197804;0;116834;1492;0;0;13.1
informacion-polinica-historica;False;Información Polínica Histórica;"<p>Histórico de niveles de polen desde el año 2009.
Desde el 15 de noviembre de 2012 al 15 de enero de 2013, no se realizaran lecturas en las estaciones.
Las lecturas correspondientes a las estaciones de Benavente y Aranda de Duero figuran únicamente en el año 2012.</p><p><span style=""font-family: inherit; font-size: 1em;"">Frecuencia de actualización:</span><span style=""font-family: inherit; font-size: 1em;""> Semanal..</span></p>";Salud;"fecha;año;semana;estaciones;tipos polínicos;nivel de polen precedente;previsión próximos días";CC BY 4.0 ES;es;Europe/Madrid;2026-09-18T12:34:21.077000+02:00;2026-09-18T12:34:21.077000+02:00;2026-09-24T23:33:12.629000+02:00;Junta de Castilla y León;;;;138452;21987159;0;596280;1253;0;0;26.8
datos-visitantes-centro-fundacion-siglo;False;Datos de visitantes por centro de la Fundación Siglo;"<p><span style='font-size:11.0pt;font-family:""Calibri"",sans-serif;
mso-fareast-font-family:Calibri;mso-fareast-theme-font:minor-latin;mso-ansi-language:
ES;mso-fareast-language:EN-US;mso-bidi-language:AR-SA'>Datos mensuales del
número de visitantes, visitas y espectadores en los ocho equipamientos
regionales gestionados por la Fundación Siglo para el Turismo y las Artes de
Castilla y León</span></p><p><span style='font-size:11.0pt;font-family:""Calibri"",sans-serif;
mso-fareast-font-family:Calibri;mso-fareast-theme-font:minor-latin;mso-ansi-language:
ES;mso-fareast-language:EN-US;mso-bidi-language:AR-SA'>Frecuencia de actualización: Mensual <br></span><br></p>";Turismo;"turismo;cultura";CC BY 4.0 ES;es;Europe/Madrid;2026-09-18T11:24:12.487000+02:00;2026-09-18T11:24:12.487000+02:00;2026-09-24T11:24:11.816000+02:00;Junta de Castilla y León;;;;640;53395;0;14348;1018;0;0;5.6
demanda-boletin-coyuntura-turistica;False;Boletín de coyuntura turística. Demanda;"<p class="""">Ofrece información sobre la evolución del turismo en la Comunidad a través de los resultados del movimiento de viajeros en los establecimientos turísticos, diferenciado por tipo de alojamiento, procedencias, viajeros y pernoctaciones. Existen datos desde 2000.</p><p class=""""><span style=""font-family: inherit; font-size: 0.875rem;"">Frecuencia de actualización: mensual.</span><br></p><p class=""""><br></p>";Turismo;turismo;CC BY 4.0 ES;es;Europe/Madrid;2026-09-17T14:40:28.423000+02:00;2026-09-17T14:40:28.423000+02:00;2026-09-24T14:40:16.291000+02:00;Junta de Castilla y León;;;;17316;2877414;0;691870;1328;0;0;28.7
oferta-boletin-coyuntura-turistica;False;Boletín de coyuntura turística. Oferta;"<p>Ofrece información sobre la evolución del turismo en la Comunidad a través de los resultados del movimiento de viajeros en los establecimientos turísticos, diferenciado por tipo de alojamiento, procedencias, viajeros y pernoctaciones. Existen datos desde 2000.</p><p><span style=""font-family: inherit; font-size: 0.875rem;"">Frecuencia de actualización: mensual.</span><br></p>";Turismo;turismo;CC BY 4.0 ES;es;Europe/Madrid;2026-09-17T14:40:22.571000+02:00;2026-09-17T14:40:22.571000+02:00;2026-09-24T14:40:16.288000+02:00;Junta de Castilla y León;;;;44676;4391429;0;859951;1214;0;0;31.7
contratos-basados-en-acuerdo-marco-de-sacyl;False;Contratos basados en acuerdo marco de SACYL;"<p><span style=""font-family: lora; font-size: medium;"">Contratos basados en acuerdo marco suscritos por la Gerencia Regional de Salud de Castilla y León desde el año 2018.</span><br></p>";Sector público;"contratos;acuerdo marco";CC BY 4.0 ES;es;Europe/Madrid;2026-09-17T10:25:22.505000+02:00;2026-09-17T10:25:22.505000+02:00;2026-09-24T10:26:25.836000+02:00;Junta de Castilla y León;;;;7049;1637455;0;30412;3079;0;0;8.6
guia-de-medios-de-comunicacion;False;Guía de medios de comunicación;"<p>Relación de los diferentes medios de comunicación de Castilla y León.

AVISO: Los datos disponibles proceden de la información que los medios de comunicación proporcionan a la Junta de Castilla y León. En aquellos casos en los que las entidades no comunican diligentemente la información relevante, este conjunto de datos no puede garantizar que la información disponible corresponda con la realidad de aquellas.</p><p><span style=""font-family: inherit; font-size: 1em;"">Frecuencia de actualización:</span><span style=""font-family: inherit; font-size: 1em;""> Diaria.</span></p>";Sector público;"directorio;información;medios de comunicación;guía;radio;prensa;televisión";CC BY 4.0 ES;es;Europe/Madrid;2026-09-16T22:00:56.822000+02:00;2026-09-16T22:00:56.822000+02:00;2026-09-23T22:00:06.159000+02:00;Junta de Castilla y León;;;;413;153853;0;86965;1226;0;0;11.4
directorio-de-industrias-culturales;False;Directorio de industrias culturales;"<p>Relación de las diferentes industrias culturales de Castilla y León organizadas por tipo de actividad.</p><p><span style=""font-family: inherit; font-size: 1em;"">Frecuencia de actualización:</span><span style=""font-family: inherit; font-size: 1em;""> Diaria.</span></p>";Cultura y ocio;"directorio;industrias;culturales;cultura;actividad";CC BY 4.0 ES;es;Europe/Madrid;2026-09-16T22:00:56.058000+02:00;2026-09-16T22:00:56.058000+02:00;2026-09-23T22:00:42.963000+02:00;Junta de Castilla y León;;;;429;216712;0;47840;949;0;0;8.7
centros-servicios-saisde;False;Centros y Servicios Acreditados Específicos del Sistema de Asistencia e Integración Social del Drogodependiente (SAISDE) de Castilla y León;"<p>La red asistencial de Castilla y León incluye centros y servicios generales, especializados y específicos de asistencia al drogodependiente. Esta red se estructura en tres niveles complementarios y coordinados de atención según su accesibilidad.</p><p><span style=""font-family: inherit; font-size: 0.875rem;"">El primer nivel es el más accesible y está formado por: servicios específicos de primer nivel para alcohólicos y todo tipo de drogodependientes, servicios autonómicos de referencia para la intervención en drogodependencias en el ámbito laboral, servicios de orientación y asesoramiento a drogodependientes con problemas jurídico-penales. servicios de emergencia social, equipos de atención primaria de salud y CEAS.</span><br></p><p><span style=""font-family: inherit; font-size: 0.875rem;"">El segundo nivel está formado por centros específicos de asistencia ambulatoria a drogodependientes (CAD), centros de día, unidades para el tratamiento ambulatorio del alcoholismo (UTA), servicios, unidades y consultas especializadas para el tratamiento del tabaquismo y equipos de salud mental de distrito.</span><br></p><p><span style=""font-family: inherit; font-size: 0.875rem;"">El tercer nivel, es el menos accesible y en él se puede recibir atención por derivación. Está formado por comunidades terapéuticas para drogodependientes, centros residenciales de rehabilitación de alcohólicos (CRA), unidad de referencia de desintoxicación hospitalaria y de patología dual y unidades de hospitalización psiquiátrica.</span></p><p><span style=""font-family: inherit; font-size: 0.875rem;"">La información se presenta</span> agrupada en columnas: nivel asistencia, tipo de recurso, entidad, correo electrónico, teléfono, fax, localidad, provincia y está geolocalizado.</p><p><span style=""font-family: inherit; font-size: 0.875rem;"">Frecuencia de actualización: Anual<br></span><br></p>";Sociedad y bienestar;dependencia;CC BY 4.0 ES;es;Europe/Madrid;2026-09-16T17:16:02.757000+02:00;2026-09-16T17:16:02.757000+02:00;2026-09-24T23:16:17.608000+02:00;Junta de Castilla y León;;;;98;33220;0;282723;3193;0;0;20.2
incidencias-en-la-red-de-carreteras-titularidad-de-la-junta-de-castilla-y-leon;False;Incidencias en la red de carreteras titularidad de la Junta de Castilla y León;"<p>Datos de las incidencias ocurridas en la red de carreteras titularidad de la Junta de Castilla y León.</p><p><span style=""font-family: lora; font-size: medium;"">Frecuencia de actualización: Cada 10 mint.</span><br></p>";Transporte;"red de carreteras;transporte;incidencias";CC BY 4.0 ES;es;Europe/Madrid;2026-09-15T04:01:08.523000+02:00;2026-09-15T04:01:08.523000+02:00;2026-09-15T04:01:08.587000+02:00;Junta de Castilla y León;;;;144;34800;0;1017129;14273;0;0;38.9
transportes-metropolitanos;False;Transportes metropolitanos;"<ul style=""margin-top:0cm"" type=""disc"">
<li class=""MsoNormal"" style=""color:#44546A;mso-list:l0 level1 lfo1"">La Comunidad de Castilla y León, en el ejercicio de sus
     competencias lleva a cabo la coordinación de los servicios urbanos e
     interurbanos con la finalidad de integrar en una sola red articulada los
     servicios de transporte en aquellas zonas donde varios núcleos urbanos
     dependan de diferentes municipios y su situación económica, social,
     geográfica, asentamiento y volumen de población necesitan racionalizar y
     armonizar sus modos de transporte público. El transporte metropolitano
     existe en Salamanca, Burgos, Segovia, León y Valladolid. En la estadística
     se recogen los datos relativos número de viajeros anuales y por provincia.<u5:p></u5:p><o:p></o:p></li>
</ul><p><span style='color: rgb(23, 43, 77); font-family: -apple-system, BlinkMacSystemFont, ""Segoe UI"", Roboto, ""Noto Sans"", Ubuntu, ""Droid Sans"", ""Helvetica Neue"", sans-serif; font-size: 14px;'>Frecuencia de actualización: Puntual</span><br></p>";Transporte;"transporte;metropolitano";CC BY 4.0 ES;es;Europe/Madrid;2026-09-15T04:01:08.370000+02:00;2026-09-15T04:01:08.370000+02:00;2026-09-15T04:01:08.427000+02:00;Junta de Castilla y León;;;;18;808;0;5164;88;0;0;2.8
visitantes-museos-mensuales;False;Visitantes mensuales de museos;"<p class=""MsoNormal""><span style=""font-size: 12.495px;"">Número de </span><span style=""font-size: 12.495px;""></span><span style='font-family:""Arial"",sans-serif'>visitantes mensuales en
los museos </span><span style='font-family:""Arial"",sans-serif'>de titularidad estatal gestionados por la Comunidad Autónoma de Castilla y León.<br></span></p><p class=""MsoNormal"">Datos desde 2012. Actualización mensual.<br><span style='font-family:""Arial"",sans-serif'></span></p><p class=""MsoNormal""><span style='font-family:""Arial"",sans-serif'><br></span></p><p class=""MsoNormal""><span style='font-family:""Arial"",sans-serif'><br></span></p>
<p><span style=""font-size: 12.495px;""><br></span></p><p><span style=""font-size: 12.495px;"">Desde septiembre del 2018 hasta febrero del 2020 el de Palencia estuvo cerrado por obras.</span></p><p><span style=""font-size: 12.495px;"">En Museo-Yacimiento de Tiermes (anexo Museo Numantino) no se poseen datos cuantitativos.</span></p><p><span style=""font-size: 12.495px;"">Los datos de enero de 2011 incluyen de enero a mayo<br></span></p>";Cultura y ocio;museos;CC BY 4.0 ES;es;Europe/Madrid;2026-09-14T15:13:03.924000+02:00;2026-09-14T15:13:03.924000+02:00;2026-09-24T23:13:15.702000+02:00;Junta de Castilla y León;;;;2952;187824;0;30516;2109;0;0;8.1
paro-provincias;False;Paro registrado en las provincias de Castilla y León;<p>Paro registrado en las provincias de Castilla y León</p>;Empleo;"empleo;paro";CC BY 4.0 ES;es;Europe/Madrid;2026-09-14T12:05:09.832000+02:00;2026-09-14T12:05:09.832000+02:00;2026-09-24T12:04:01.707000+02:00;Junta de Castilla y León;;;;2960;468637;0;215881;2515;0;0;17.7
contratos-realizados-en-las-provincias-de-castilla-y-leon;False;Contratos realizados en las provincias de Castilla y León;<p>Contratos realizados en las provincias de Castilla y León</p>;Empleo;"empleo;contratos";CC BY 4.0 ES;es;Europe/Madrid;2026-09-14T12:05:09.685000+02:00;2026-09-14T12:05:09.685000+02:00;2026-09-24T12:04:29.430000+02:00;Junta de Castilla y León;;;;2600;289719;0;72536;2046;0;0;11.1
afiliacion-media-a-la-seguridad-social-en-las-provincias-de-castilla-y-leon;False;Afiliación media a la Seguridad Social en las provincias de Castilla y León;<p>Afiliación media a la Seguridad Social en las provincias de Castilla y León.</p><div><br></div>;Empleo;"empleo;Seguridad Social";CC BY 4.0 ES;es;Europe/Madrid;2026-09-14T12:03:04.304000+02:00;2026-09-14T12:03:04.304000+02:00;2026-09-24T12:03:44.090000+02:00;Junta de Castilla y León;;;;2720;280167;0;62736;1879;0;0;10.4
relacion-de-puntos-de-servicio-movil-de-los-bibliobuses-de-castilla-y-leon;False;Relación de puntos de servicio móvil de los bibliobuses de Castilla y León;"<p>Detalle de los puntos de servicio móvil de los bibliobuses existentes en Castilla y León.</p><p><span style=""font-family: inherit; font-size: 1em;"">Frecuencia de actualización:</span><span style=""font-family: inherit; font-size: 1em;""> Diaria.</span></p>";Cultura y ocio;"bibliobus;biblioteca;cultura;puntos;servicio;móvil";CC BY 4.0 ES;es;Europe/Madrid;2026-09-14T08:58:01.545000+02:00;2026-09-14T08:58:01.545000+02:00;2026-09-14T08:58:01.594000+02:00;Junta de Castilla y León;;;;733;520514;0;50537;410;0;0;8.3
planes-y-programas;False;Planes y programas;"<p>Planes y programas anuales y plurianuales en los que se fijen objetivos concretos, así como las actividades, medios y tiempo previsto para su consecución.</p><p><span style=""font-family: inherit; font-size: 1em;"">Frecuencia de actualización:</span><span style=""font-family: inherit; font-size: 1em;""> Diaria.</span></p>";Sector público;"planes;programas;planificación;estrategias";CC BY 4.0 ES;es;Europe/Madrid;2026-09-12T06:01:25.655000+02:00;2026-09-12T06:01:25.655000+02:00;2026-09-12T06:01:25.705000+02:00;Junta de Castilla y León;;;;254;972204;0;30214;746;0;0;7.1
altas-hospitalarias-infarto-miocardio;False;Altas hospitalarias con diagnóstico de Infarto agudo de miocardio;"<p>Número de ingresos, con diagnóstico principal al alta de Infarto agudo de miocardio (códigos CIE10: I21, I22). Cada registro representa un ingreso de un paciente.</p><p><font face=""inherit""><span style=""font-size: 0.875rem;"">La información se presenta agrupada en columnas: Fecha de ingreso, Fecha de alta, Día de la semana en la fecha del ingreso, Día de la semana en la fecha del alta, Zona Básica de Salud del Paciente, Ámbito de </span></font>procedencia<font face=""inherit""><span style=""font-size: 0.875rem;"">, Hospital, Área, Provincia, Edad, Sexo.</span></font></p><p><font face=""inherit""><span style=""font-size: 0.875rem;"">Los datos del año en curso son provisionales pendientes de consolidación al realizar el cierre de año.</span></font></p><p><span style=""font-family: inherit; font-size: 0.875rem;"">Frecuencia de actualización: Mensual.</span> Se actualiza el día 8 de cada mes.</p>";Salud;"sanidad;enfermedades;infarto;BISION";CC BY 4.0 ES;es;Europe/Madrid;2026-09-11T01:01:20.497000+02:00;2026-09-11T01:01:20.497000+02:00;2026-09-11T01:01:20.558000+02:00;Junta de Castilla y León;;;;20908;3392286;0;11929;1081;0;0;5.3
altas-hospitalarias-ictus;False;Altas hospitalarias con diagnóstico de Ictus;<p>Número de ingresos, con diagnóstico principal al alta de Ictus (códigos CIE10: I60, I61, I62, I63). Cada registro representa un ingreso de un paciente.</p><p>Fecha de ingreso, Fecha de alta, Día de la semana en la fecha del ingreso, Día de la semana en la fecha del alta, Zona Básica de Salud del Paciente, Ámbito de procendencia, Hospital, Área, Provincia, Edad, Sexo.</p><p>Los datos del año en curso son provisionales pendientes de consolidación al realizar el cierre de año.</p><p>Frecuencia de actualización: Mensual. Se actualiza el día 8 de cada mes.</p>;Salud;"sanidad;enfermedades;ictus;BISION";CC BY 4.0 ES;es;Europe/Madrid;2026-09-11T00:01:17.062000+02:00;2026-09-11T00:01:17.062000+02:00;2026-09-11T00:01:17.111000+02:00;Junta de Castilla y León;;;;5362;866086;0;11877;1112;0;0;5.3
alojamientos-juveniles;False;Alojamientos Juveniles;Listado de residencias, albergues y campamentos juveniles de Castilla y León;Sociedad y bienestar;"alojamientos;residencias;albergues;campamentos;juveniles;juventud";CC BY 4.0 ES;es;Europe/Madrid;2026-09-10T07:00:55.727000+02:00;2026-09-10T07:00:55.727000+02:00;2026-09-10T07:00:55.778000+02:00;Junta de Castilla y León;;;;41;122655;0;31177;357;0;0;6.7
premios;False;Premios;"<p>Convocatorias de Premios de la Junta de Castilla y León en la Sede Electrónica.</p><p><span style=""font-family: inherit; font-size: 1em;"">Frecuencia de actualización:</span><span style=""font-family: inherit; font-size: 1em;""> Cada 4 horas.</span></p>";Sector público;"premios;sede;electronica";CC BY 4.0 ES;es;Europe/Madrid;2026-09-10T04:01:01.942000+02:00;2026-09-10T04:01:01.942000+02:00;2026-09-10T04:01:01.998000+02:00;Junta de Castilla y León;;;;16;124787;0;24377;186;0;0;5.8
urgencias-hospitalarias-atendidas;False;Urgencias Hospitalarias atendidas - 2024/2025;"<p>Nº de Urgencias Hospitalarias que han sido atendidas. Cada registro representa una urgencia hospitalaria atendida durante los años 2024 y 2025.</p><p><font face=""inherit""><span style=""font-size: 0.875rem;"">La información se presenta agrupada en columnas: Fecha de atención, Día de la semana, Hora, Nivel de triaje, Zona Básica de Salud</span></font><font face=""inherit""><span style=""font-size: 0.875rem;"">, Ámbito de procedencia, Hospital, Área, Provincia, Edad, Sexo.</span></font><br></p><p><span style=""font-family: inherit; font-size: 0.875rem;"">Frecuencia de actualización: Mensual.</span><br></p>";Salud;"sanidad;urgencias;BISION";CC BY 4.0 ES;es;Europe/Madrid;2026-09-10T03:15:01.708000+02:00;2026-09-10T03:15:01.708000+02:00;2026-09-10T03:15:01.767000+02:00;Junta de Castilla y León;;;;2237282;266773877;0;29279;2118;0;0;8.0
actividad-pediatria-zbs;False;Actividad de pediatría a nivel de Zona Básica de Salud - 2024/2025;<p>Nº de consultas realizadas por pediatras según la fecha, zona básica de salud, el ámbito, el área, la provincia, la edad y sexo del paciente y el tipo de atención durante los años 2024 y 2025.</p><p>La información se presenta agrupada en columnas: Fecha, Código Zona Básica de Salud, Zona Básica de Salud, Ámbito de procedencia, Área, Provincia, Edad, Sexo, Tipo de atención, Nº de Consultas.</p><p>Frecuencia de actualización: Mensual. Se actualiza el día 8 de cada mes.</p>;Salud;"sanidad;BISION";CC BY 4.0 ES;es;Europe/Madrid;2026-09-10T02:12:18.956000+02:00;2026-09-10T02:12:18.956000+02:00;2026-09-10T02:12:19+02:00;Junta de Castilla y León;;;;1741264;231603742;0;10684;857;0;0;4.9
actividad-de-pediatria-a-nivel-de-zona-basica-de-salud-2026;False;Actividad de pediatría a nivel de Zona Básica de Salud - 2026;<p>Nº de consultas realizadas por pediatras según la fecha, zona básica de salud, el ámbito, el área, la provincia, la edad y sexo del paciente y el tipo de atención durante 2026.</p><p>La información se presenta agrupada en columnas: Fecha, Código Zona Básica de Salud, Zona Básica de Salud, Ámbito de procedencia, Área, Provincia, Edad, Sexo, Tipo de atención, Nº de Consultas.</p><p>Frecuencia de actualización: Mensual. Se actualiza el día 8 de cada mes.</p>;Salud;"sanidad;BISION";CC BY 4.0 ES;es;Europe/Madrid;2026-09-10T02:05:31.782000+02:00;2026-09-10T02:05:31.782000+02:00;2026-09-10T02:05:31.828000+02:00;Junta de Castilla y León;;;;564310;75190043;0;1452;226;0;0;2.0
actividad-medicina-familia-consultorio;False;Actividad de medicina de familia a nivel de consultorio;"<p>Nº de consultas totales, presenciales, no presenciales y en domicilio realizadas por médicos de familia desglosando por día, consultorio, zona básica de salud, área y provincia.</p><p><span style=""font-family: inherit; font-size: 0.875rem;"">La información se presenta agrupada en columnas: Fecha,Código Consultorio, Consultorio, Código Zona Básica de Salud, Zona Básica de Salud, Área, Provincia, Consultas totales, Consultas presenciales, Consultas no presenciales, Consultas en domicilio.</span><br></p><p>Frecuencia de actualización: Mensual. Se actualiza el día 8 de cada mes.</p>";Salud;"sanidad;centros de salud;BISION";CC BY 4.0 ES;es;Europe/Madrid;2026-09-10T01:11:50.503000+02:00;2026-09-10T01:11:50.503000+02:00;2026-09-10T01:11:50.548000+02:00;Junta de Castilla y León;;;;1955991;180847879;0;22918;2092;0;0;7.3
calendario-eventos-ice;False;Calendario de eventos del ICE;"<p style=""font-family: lora; font-size: medium;"">Agenda de eventos empresariales en los que participa el Instituto de Competitividad Empresarial de Castilla y León.</p>";;;;es;;2026-09-09T11:36:44+02:00;2026-09-23T18:15:30.008000+02:00;2026-09-24T18:15:51.598000+02:00;;;;;1194;4609257;0;270;10;0;0;0.7
altas-hospitalarias-fractura-cadera;False;Altas hospitalarias con diagnóstico de fractura de cadera;"<p>Número de ingresos, con diagnóstico principal al alta de fractura de cadera (códigos CIE10: M80.05, S72.0, S72.1, S72.2). Cada registro representa un ingreso de un paciente.</p><p><font face=""inherit""><span style=""font-size: 0.875rem;"">La información se presenta agrupada en columnas: Fecha de ingreso, Fecha de alta, Día de la semana en la fecha del ingreso, Día de la semana en la fecha del alta, Zona Básica de Salud del Paciente, Ámbito de </span></font>procedencia<font face=""inherit""><span style=""font-size: 0.875rem;"">, Hospital, Área, Provincia, Edad, Sexo</span></font></p><p><font face=""inherit""><span style=""font-size: 0.875rem;"">Los datos del año en curso son provisionales pendientes de consolidación al realizar el cierre de año.</span></font></p><p>Frecuencia de actualización: Mensual. Se actualiza el día 8 de cada mes.</p>";Salud;"sanidad;enfermedades;BISION";CC BY 4.0 ES;es;Europe/Madrid;2026-09-09T01:04:18.987000+02:00;2026-09-09T01:04:18.987000+02:00;2026-09-24T23:04:52.538000+02:00;Junta de Castilla y León;;;;26460;3864271;0;7809;865;0;0;4.4
registro-de-instituciones-bibliotecarias-de-castilla-y-leon;False;Registro de instituciones bibliotecarias de Castilla y León;Relación de instituciones bibliotecarias de Castilla y León.;Cultura y ocio;"instituciones;culturales;cultura;bibliotecas";CC BY 4.0 ES;es;Europe/Madrid;2026-09-08T04:01:01.927000+02:00;2026-09-08T04:01:01.927000+02:00;2026-09-08T04:01:01.999000+02:00;Junta de Castilla y León;;;;448;563683;0;39629;519;0;0;7.6
visitantes-oficinas-regionales-de-turismo;False;Visitantes Oficinas Regionales de Turismo;"<p style=""font-family: lora; font-size: medium;"">Datos mensuales del número de turistas nacionales e internacionales que solicitan de forma presencial información en cada una de las nueve Oficinas de Turismo Regionales gestionadas por la Fundación Siglo para el Turismo y las Artes de Castilla y León.</p><p style=""font-family: lora; font-size: medium;"">La información se encuentra estructurada en: año, mes, Oficina de Turismo, número de visitantes nacionales y número de visitantes extranjeros.</p>";Turismo;"turismo;oficinas de información turística";CC BY 4.0 ES;es;Europe/Madrid;2026-09-07T15:44:02.933000+02:00;2026-09-07T15:44:02.933000+02:00;2026-09-24T23:44:15.517000+02:00;Junta de Castilla y León;;;;720;33751;0;23121;1775;0;0;7.2
actividaddiaria012;False;Actividad diaria del servicio 012;"<p><span style=""font-size: 12.495px;"">Se recoge información desde el año 2020 sobre llamadas atendidas, buzón, correos electrónicos, alertas enviadas, alertas SMS/Fax, total consultas, nivel de atención y TMO.</span></p><ul><li><span style=""font-size: 12.495px;"">Llamadas: Número de llamadas recibidas y emitidas.</span></li><li><span style=""font-size: 12.495px;"">Buzón: Número de consultas recogidas en el buzón de voz fuera del horario del Servicio.</span></li><li><span style=""font-size: 12.495px;"">Correos: Número de consultas recibidas vía email.</span></li><li><span style=""font-size: 12.495px;"">Alertas SMS/FAX: Número de consultas recibidas vía FAX y número de alertas enviadas por SMS y/o correo electrónico sobre convocatorias.</span></li><li><span style=""font-size: 12.495px;"">Total Consultas: Número de consultas totales gestionadas por el Servicio 012.</span></li><li><span style=""font-size: 12.495px;"">Nivel de atención: Porcentaje de llamadas atendidas.</span></li><li><span style=""font-size: 12.495px;"">TMO (mm:ss): Tiempo medio de duración de las llamadas.</span></li></ul>";Sector público;"administración pública;información administrativa;012";CC BY 4.0 ES;es;Europe/Madrid;2026-09-07T11:50:06.376000+02:00;2026-09-07T11:50:06.376000+02:00;2026-09-24T13:50:38.486000+02:00;Junta de Castilla y León;;;;2434;137266;0;25393;1275;0;0;7.1
actividadmensual012;False;Actividad mensual del servicio 012;"<p><span style=""font-size: 12.495px;"">Se recoge información desde el año 2013 sobre llamadas atendidas, buzón, correos electrónicos, alertas enviadas, alertas SMS/Fax, total consultas, nivel de atención y TMO.</span></p><ul><li><span style=""font-size: 12.495px;"">Llamadas: Número de llamadas recibidas y emitidas.</span></li><li><span style=""font-size: 12.495px;"">Buzón: Número de consultas recogidas en el buzón de voz fuera del horario del Servicio.</span></li><li><span style=""font-size: 12.495px;"">Correos: Número de consultas recibidas vía email.</span></li><li><span style=""font-size: 12.495px;"">Alertas SMS/FAX: Número de consultas recibidas vía FAX y número de alertas enviadas por SMS y/o correo electrónico sobre convocatorias.</span></li><li><span style=""font-size: 12.495px;"">Total Consultas: Número de consultas totales gestionadas por el Servicio 012.</span></li><li><span style=""font-size: 12.495px;"">Nivel de atención: Porcentaje de llamadas atendidas.</span></li><li><span style=""font-size: 12.495px;"">TMO (mm:ss): Tiempo medio de duración de las llamadas.</span></li></ul>";Sector público;"administración pública;información administrativa;012";CC BY 4.0 ES;es;Europe/Madrid;2026-09-07T11:50:06.331000+02:00;2026-09-07T11:50:06.331000+02:00;2026-09-24T13:50:38.468000+02:00;Junta de Castilla y León;;;;164;10348;0;20191;1188;0;0;6.4
relacion-de-ferias-comerciales;False;Relación de Ferias Comerciales;"<p>Relación de ferias comerciales que se celebran en Castilla y León.</p><p><span style=""font-family: inherit; font-size: 1em;"">Frecuencia de actualización:</span><span style=""font-family: inherit; font-size: 1em;""> Diaria.</span></p>";Economía;"ferias;comerciales";CC BY 4.0 ES;es;Europe/Madrid;2026-09-06T05:00:51.609000+02:00;2026-09-06T05:00:51.609000+02:00;2026-09-06T05:00:52.196000+02:00;Junta de Castilla y León;;;;4908;2749976;0;44666;360;0;0;7.8
consumos-horarios-en-hospitales;False;Consumos horarios en hospitales;"<p>Consumos horarios de electricidad de los 27 hospitales de Castilla y León.</p><p><span style=""font-family: inherit; font-size: 1em;"">Frecuencia de actualización:</span><span style=""font-family: inherit; font-size: 1em;""> Trimestral. </span></p>";"Energía;Salud";"consumo;electricidad;hospitales";CC BY 4.0 ES;es;;2026-09-05T15:43:45.499000+02:00;2026-09-05T15:43:45.499000+02:00;2026-09-24T16:02:09.459000+02:00;Junta de Castilla y León;;;;2232120;875882501;0;293308;671;33;0;18.8
informacion-economica-circo-facyl;False;Información económica de festivales de Cir&co y Fàcyl;"<p>Información económica anual de los festivales organizados por la Fundación Siglo (Festival Internacional de las Artes y la Cultura de Castilla y León FACYL y Festival Internacional de Circo de Castilla y León CIR&amp;CO).</p><p>El fichero cuenta con los siguientes campos: año, festival, concepto, subconcepto e importe (incluido IVA).</p><p>Frecuencia de actualización: Anual<br></p>";Cultura y ocio;;CC BY 4.0 ES;es;Europe/Madrid;2026-09-05T10:28:02.773000+02:00;2026-09-05T10:28:02.773000+02:00;2026-09-24T10:28:10.326000+02:00;Junta de Castilla y León;;;;166;17220;0;8425;973;0;0;4.6
consumo-de-gasoil-en-centros-de-educacion-y-sanidad-de-la-administracion-autonom;False;Consumo de gasoil en centros de Educación y Sanidad de la administración autonómica de Castilla y León;Consumo de gasoil en los centros de consumo energético de sanidad y educación en la administración autonómica de Castilla y León;Energía;"centros;consumo energético;gasoil;administración autonómica";CC BY 4.0 ES;es;;2026-09-05T08:55:28.733000+02:00;2026-09-05T08:55:28.733000+02:00;2026-09-24T08:55:03.538000+02:00;Junta de Castilla y León;;;;19872;6031704;0;87225;16863;3;0;16.5
consumo-de-electricidad-en-centros-de-la-administracion-autonomica-de-castilla-y;False;Consumo de electricidad en centros de la administración autonómica de Castilla y León;Consumo eléctrico en todos los centros de consumo energético de la administración autonómica de Castilla y León.;Energía;"centros;consumo energético;electricidad;administración autonómica";CC BY 4.0 ES;es;;2026-09-05T08:51:38.726000+02:00;2026-09-05T08:51:38.726000+02:00;2026-09-24T08:50:28.849000+02:00;Junta de Castilla y León;;;;119335;56252571;0;160242;13556;9;0;19.2
consumo-de-gas-en-centros-de-la-administracion-autonomica-de-castilla-y-leon;False;Consumo de gas en centros de la administración autonómica de Castilla y León;"<p>Consumo de gas en todos los centros de consumo energético de la administración autonómica de Castilla y León.</p><p><span style=""font-family: inherit; font-size: 1em;"">Frecuencia de actualización:</span><span style=""font-family: inherit; font-size: 1em;""> Trimestral.</span></p>";Energía;"centros;consumo energético;gas;administración autonómica";CC BY 4.0 ES;es;;2026-09-05T08:50:41.851000+02:00;2026-09-05T08:50:41.851000+02:00;2026-09-24T08:50:27.046000+02:00;Junta de Castilla y León;;;;40279;16912945;0;97284;14098;14;0;16.4
centros-de-consumo-energetico-de-la-administracion-autonoma-de-castilla-y-leon;False;Centros de consumo energético de la administración autónoma de Castilla y León;Listado de todos los centros de consumo energético de la administración autonómica de Castilla y León, incluyendo datos como los centros de gasto, la geoposición y la referencia catastral.;Energía;"centros;consumo energético;administración autonómica";CC BY 4.0 ES;es;;2026-09-05T08:50:19.971000+02:00;2026-09-05T08:50:19.971000+02:00;2026-09-24T08:50:19.934000+02:00;Junta de Castilla y León;;;;1541;578814;0;213734;13002;8;0;21.0
costes-laborales;False;Costes laborales;"<p>Costes laborales en Castilla y León y España en los últimos años.</p><p><span style=""font-family: inherit; font-size: 1em;"">Frecuencia de actualización:</span><span style=""font-family: inherit; font-size: 1em;""> Trimestral.</span></p>";Economía;"coyuntura;económica;coste;laboral;horas;trabajador;sector";CC BY 4.0 ES;es;Europe/Madrid;2026-09-05T08:00:03.081000+02:00;2026-09-05T08:00:03.081000+02:00;2026-09-24T08:00:03.847000+02:00;Junta de Castilla y León;;;;105;11942;0;15337;161;0;0;4.7
indices-de-comercio-al-por-menor;False;Índices de Comercio al por Menor;"<p>Índices de Comercio al por Menor en Castilla y León y España en los últimos años.</p><p><span style=""font-family: inherit; font-size: 1em;"">Frecuencia de actualización:</span><span style=""font-family: inherit; font-size: 1em;""> Mensual.</span></p>";Economía;"coyuntura;económica;índices;comercio;menor;grandes superficies;pequeño comercio;ventas";CC BY 4.0 ES;es;Europe/Madrid;2026-09-04T15:00:20.661000+02:00;2026-09-04T15:00:20.661000+02:00;2026-09-24T15:01:38.253000+02:00;Junta de Castilla y León;;;;276;27367;0;16585;229;0;0;5.0
indice-de-precios-de-consumo;False;Índice de Precios de Consumo;"<p>Índice de Precios de Consumo en Castilla y León y en España en los años.</p><p><span style=""font-family: inherit; font-size: 1em;"">Frecuencia de actualización:</span><span style=""font-family: inherit; font-size: 1em;""> Mensual.</span></p>";Economía;"coyuntura;económica;ipc";CC BY 4.0 ES;es;Europe/Madrid;2026-09-04T15:00:20.539000+02:00;2026-09-04T15:00:20.539000+02:00;2026-09-24T15:01:38.266000+02:00;Junta de Castilla y León;;;;240;5368;0;15140;233;0;0;4.8
indice-de-produccion-industrial;False;Índice de Producción Industrial;"<p>Índice de Producción Industrial en Castilla y León en los últimos años.</p><p><span style=""font-family: inherit; font-size: 1em;"">Frecuencia de actualización:</span><span style=""font-family: inherit; font-size: 1em;""> Mensual.</span></p>";Economía;"coyuntura;económica;índice;producción;industrial;bienes;consumo;duradero";CC BY 4.0 ES;es;Europe/Madrid;2026-09-04T15:00:02.625000+02:00;2026-09-04T15:00:02.625000+02:00;2026-09-24T15:01:38.259000+02:00;Junta de Castilla y León;;;;264;23567;0;17124;177;0;0;4.9
principales-variables-turisticas;False;Principales variables turísticas;"<p>Valores de las principales variables turísticas por tipo en Castilla y León en los últimos años.</p><p><span style=""font-family: inherit; font-size: 1em;"">Frecuencia de actualización:</span><span style=""font-family: inherit; font-size: 1em;""> Mensual.</span></p>";Turismo;"coyuntura;económica;turismo;demanda;ocupación;estancia;establecimientos";CC BY 4.0 ES;es;Europe/Madrid;2026-09-03T22:00:43.796000+02:00;2026-09-03T22:00:43.796000+02:00;2026-09-24T22:00:25.695000+02:00;Junta de Castilla y León;;;;377;19964;0;24805;299;0;0;6.0
licitacion-de-obras-publicas;False;Licitación de obras públicas;"<p>Licitación de obras públicas en Castilla y León y España en los últimos años.</p><p><span style=""font-family: inherit; font-size: 1em;"">Frecuencia de actualización:</span><span style=""font-family: inherit; font-size: 1em;""> Trimestral.</span></p>";Sector público;"coyuntura;económica;licitación;obras públicas;vivienda;edificación";CC BY 4.0 ES;es;Europe/Madrid;2026-09-03T22:00:40.486000+02:00;2026-09-03T22:00:40.486000+02:00;2026-09-24T22:00:45.941000+02:00;Junta de Castilla y León;;;;1;12;0;10632;519;0;0;4.5
contratos-menores;False;Contratos menores;"<p style=""font-family: lora; font-size: medium;"">Contratos menores suscritos por la Administración de la Comunidad de Castilla y León desde el año 2019.</p><p style=""font-family: lora; font-size: medium;""><span class=""spanunderline"" style=""text-decoration-line: underline;""><span style=""font-weight: bolder;"">NOTA</span></span>: Se advierte, para una mejor comprensión de los datos del informe, que algunos de los datos que en él figuran, en especial los enlaces a la publicación, no se incorporan aún al sistema de forma automatizada, lo que sí sucederá cuando concluya la integración sistémica de la Plataforma Duero de contratación electrónica con la Plataforma de contratación del Sector público, prevista para el primer semestre de 2020.</p>";Sector público;"contratos;menores";CC BY 4.0 ES;es;Europe/Madrid;2026-09-02T13:08:10.829000+02:00;2026-09-02T13:08:10.829000+02:00;2026-09-24T23:08:54.596000+02:00;Junta de Castilla y León;;;;128119;51179875;0;116711;5277;0;0;14.9
contratos-ordinarios;False;Contratos ordinarios;"<p style=""font-family: lora; font-size: medium;"">Contratos ordinarios suscritos por la Administración de la Comunidad de Castilla y León desde el año 2019.</p><p style=""font-family: lora; font-size: medium;""><span class=""spanunderline"" style=""text-decoration-line: underline;""><span style=""font-weight: bolder;"">NOTA</span></span>: Se advierte, para una mejor comprensión de los datos del informe, que algunos de los datos que en él figuran, en especial los enlaces a la publicación, no se incorporan aún al sistema de forma automatizada, lo que sí sucederá cuando concluya la integración sistémica de la Plataforma Duero de contratación electrónica con la Plataforma de contratación del Sector público, prevista para el primer semestre de 2020.</p>";Sector público;"contratos;ordinarios";CC BY 4.0 ES;es;Europe/Madrid;2026-09-02T13:07:06.107000+02:00;2026-09-02T13:07:06.107000+02:00;2026-09-24T23:08:12.520000+02:00;Junta de Castilla y León;;;;9462;3961532;0;72504;3920;0;0;12.0
contratos-desistimiento-renuncia-desierto;False;Contratos: desistimiento, renuncia, desierto;"<p style=""font-family: lora; font-size: medium;"">Desestimiento, renuncia y declaración de desierto de contratos de la Administración de la Comunidad de Castilla y León desde el año 2019.</p><p style=""font-family: lora; font-size: medium;""><span class=""spanunderline"" style=""text-decoration-line: underline;""><span style=""font-weight: bolder;"">NOTA</span></span>: Se advierte, para una mejor comprensión de los datos del informe, que algunos de los datos que en él figuran, en especial los enlaces a la publicación, no se incorporan aún al sistema de forma automatizada, lo que sí sucederá cuando concluya la integración sistémica de la Plataforma Duero de contratación electrónica con la Plataforma de contratación del Sector público, prevista para el primer semestre de 2020.</p>";Sector público;"contratos;desistimiento;renuncia;desierto";CC BY 4.0 ES;es;Europe/Madrid;2026-09-02T13:07:06.011000+02:00;2026-09-02T13:07:06.011000+02:00;2026-09-24T23:08:12.561000+02:00;Junta de Castilla y León;;;;4416;1286717;0;16561;1811;0;0;6.4
contratos-basados-en-acuerdo-marco;False;Contratos basados en acuerdo marco;"<p style=""font-family: lora; font-size: medium;"">Contratos basados en acuerdo marco suscritos por la Administración de la Comunidad de Castilla y León desde el año 2019.</p><p style=""font-family: lora; font-size: medium;""><span class=""spanunderline"" style=""text-decoration-line: underline;""><span style=""font-weight: bolder;"">NOTA</span></span>: Se advierte, para una mejor comprensión de los datos del informe, que algunos de los datos que en él figuran, en especial los enlaces a la publicación, no se incorporan aún al sistema de forma automatizada, lo que sí sucederá cuando concluya la integración sistémica de la Plataforma Duero de contratación electrónica con la Plataforma de contratación del Sector público, prevista para el primer semestre de 2020.</p>";Sector público;"contratos;acuerdo marco";CC BY 4.0 ES;es;Europe/Madrid;2026-09-02T13:07:05.303000+02:00;2026-09-02T13:07:05.303000+02:00;2026-09-24T23:08:12.541000+02:00;Junta de Castilla y León;;;;2290;929246;0;42443;2495;0;0;9.3
contratos-modificados;False;Contratos modificados;"<p style=""font-family: lora; font-size: medium;"">Contratos modificados por la Administración de la Comunidad de Castilla y León desde el año 2019.</p><p style=""font-family: lora; font-size: medium;""><span class=""spanunderline"" style=""text-decoration-line: underline;""><span style=""font-weight: bolder;"">NOTA</span></span>: Se advierte, para una mejor comprensión de los datos del informe, que algunos de los datos que en él figuran, en especial los enlaces a la publicación, no se incorporan aún al sistema de forma automatizada, lo que sí sucederá cuando concluya la integración sistémica de la Plataforma Duero de contratación electrónica con la Plataforma de contratación del Sector público, prevista para el primer semestre de 2020.</p>";Sector público;"contratos;modificados";CC BY 4.0 ES;es;Europe/Madrid;2026-09-02T13:07:05.208000+02:00;2026-09-02T13:07:05.208000+02:00;2026-09-24T23:33:02.587000+02:00;Junta de Castilla y León;;;;439;186765;0;25330;1918;0;0;7.5
registro-de-fundaciones-de-castilla-y-leon;False;Registro de fundaciones de Castilla y León;"<p>Las Fundaciones son organizaciones constituidas sin fin de lucro que, por voluntad de sus creadores, tienen afectado de modo duradero su patrimonio a la realización de fines de interés general.

Las que realizan sus actividades principalmente en el ámbito territorial de la Comunidad de Castilla y León, adquieren personalidad jurídica con la inscripción en el Registro de Fundaciones de Castilla y León, en el que, además, deben inscribirse todos los actos y negocios jurídicos relevantes de las mismas.

Los datos disponibles proceden de las inscripciones practicadas como consecuencia de los documentos presentados por las propias fundaciones en cumplimiento de lo establecido en la Ley, así como de las comunicaciones efectuadas por los representantes de las mismas.</p><p><span style=""font-family: inherit; font-size: 1em;"">Frecuencia de actualización:</span><span style=""font-family: inherit; font-size: 1em;""> Mensual.</span></p>";Sector público;"registro;fundaciones";CC BY 4.0 ES;es;Europe/Madrid;2026-09-01T22:01:05.207000+02:00;2026-09-01T22:01:05.207000+02:00;2026-09-24T22:00:45.742000+02:00;Junta de Castilla y León;;;;590;510211;0;63931;1057;0;0;9.9
estadisticas-web-navegadores-explorer-historico-xi-legislatura;False;Estadisticas web - Navegadores explorer - Historico XI Legislatura;"<p><span style=""font-size: 12.495px;"">Información sobre la versión de Internet Explorer utilizada para navegar por cada sitio web. Actualización diaria.</span></p>";Sector público;estadísticas;CC BY 4.0 ES;es;Europe/Madrid;2026-09-01T12:40:05.736000+02:00;2026-09-01T12:40:05.736000+02:00;2026-09-01T12:40:30.067000+02:00;Junta de Castilla y León;;;;14359;741105;0;100;5;0;0;0.4
actuaciones-del-pacto-para-la-recuperacion-economica-el-empleo-y-la-cohesion-soc;False;Actuaciones del Pacto para la Recuperación Económica, el Empleo y la Cohesión Social;"<p><span style=""font-size: 12.495px;"">Actuaciones asociadas a cada uno de las 86 medidas del Pacto para la Recuperación Económica, el Empleo y la Cohesión Social.</span></p><p><span style=""font-size: 12.495px;"">En cada actuación se indica a qué compromiso pertenece, su descripción y los enlaces o documentos que completen dicha información.</span></p>";"Economía;Empleo;Sociedad y bienestar";"administración pública;coronavirus;COVID-19;actuaciones;pacto recuperación económica";CC BY 4.0 ES;es;Europe/Madrid;2026-09-01T10:06:15.177000+02:00;2026-09-01T10:06:15.177000+02:00;2026-09-01T10:06:15.228000+02:00;Junta de Castilla y León;;;;310;354334;0;20241;1705;0;0;6.8
registrocooperativas;False;Registro de cooperativas;<p>Relación de las cooperativas constituidas en la Comunidad Autónoma desde la entrada en vigor de la Ley 4/2002, o de fecha anterior y que tienen adaptados sus estatutos a la referida Ley.<br></p>;Economía;"sociedades;cooperativas;registro;economía social";CC BY 4.0 ES;es;Europe/Madrid;2026-09-01T10:05:30.644000+02:00;2026-09-01T10:05:30.644000+02:00;2026-09-24T10:01:39.302000+02:00;Junta de Castilla y León;;;;2305;384632;0;86209;4355;0;0;13.0
datos-diarios-de-calidad-del-aire;False;Datos diarios de calidad del aire;"<p>Datos de concentración de contaminantes diarios registrados en las estaciones de control de la calidad del aire de la Junta de Castilla y León desde el año 1997 hasta el año 2025</p><p class=""MsoNormal"">Los datos de las distintas estaciones de calidad del aire de CyL se pueden
visualizar desde el enlace: <a href=""http://servicios.jcyl.es/esco/index.action"">http://servicios.jcyl.es/esco/index.action</a>.
Desde ese enlace se pueden consultar los datos en tiempo real, es decir, los
valores que se están registrando hoy y los datos históricos.</p>";Medio ambiente;"calidad del aire;medio ambiente;atmosfera;contaminación";CC BY 4.0 ES;es;Europe/Madrid;2026-08-31T14:20:17.857000+02:00;2026-08-31T14:20:17.857000+02:00;2026-09-24T14:20:24.791000+02:00;Junta de Castilla y León;;;;8658;845366;0;578;18;0;0;1.0
establecimientos-comerciales;False;Establecimientos comerciales en Castilla y León;<p>Relación de establecimientos comerciales situados en Castilla y León.</p><p>La información se presenta agrupada en columnas: número de registro de actividad, titular, nombre comercial, dirección código postal, población, municipio, provincia, código de provincia, código de municipio, código de población, C.N.A.E., sector comercial, teléfono, móvil, correo electrónico, página web, latitud, longitud, posición geométrica y número de habitantes.</p><p>Frecuencia de actualización: continua.</p>;"Comercio;Economía";"comercio;pequeño comercio";CC BY 4.0 ES;es;Europe/Madrid;2026-08-28T12:25:21.546000+02:00;2026-08-28T12:25:21.546000+02:00;2026-09-24T23:25:29.102000+02:00;Junta de Castilla y León;;;;24192;9328540;0;540803;3446;0;0;26.8
estadisticas-web-visitas-historico;False;Estadísticas web - Visitas - Historico XI Legislatura;<p>Información sobre el número de visitas, usuarios únicos, páginas vistas, porcentaje de rebote, duración de la sesión, páginas por sesión, usuarios nuevos ,porcentaje de salidas y porcentaje de nuevas sesiones por sitio web. Actualización diaria.</p>;Sector público;estadísticas;CC BY 4.0 ES;es;Europe/Madrid;2026-08-28T09:06:54.546000+02:00;2026-08-28T09:06:54.546000+02:00;2026-08-28T09:06:54.603000+02:00;Junta de Castilla y León;;;;63698;8104641;0;170;6;0;0;0.6
estadisticas-web-navegadores-historico-xi-legislatura;False;Estadisticas web - Navegadores - Historico XI Legislatura;"<p><span style=""font-size: 12.495px;"">Información sobre los navegadores empleados para navegar por cada sitio web. Actualización diaria.</span></p>";Sector público;estadísticas;CC BY 4.0 ES;es;Europe/Madrid;2026-08-25T10:47:34.985000+02:00;2026-08-25T10:47:34.985000+02:00;2026-08-25T10:47:35.026000+02:00;Junta de Castilla y León;;;;828367;63114706;0;241;224;0;0;1.3
estadisticas-web-sistemas-operativos-windows-historico-xi-legislatura;False;Estadisticas web - Sistemas operativos Windows - Historico XI Legislatura;<p>Información sobre la versión de windows utilizada para navegar por cada sitio web. Actualización diaria.</p>;Sector público;estadísticas;CC BY 4.0 ES;es;Europe/Madrid;2026-08-25T10:47:09.113000+02:00;2026-08-25T10:47:09.113000+02:00;2026-08-25T10:47:09.156000+02:00;Junta de Castilla y León;;;;194387;12158639;0;242;10;0;0;0.7
estadisticas-web-dispositivos-historico-xi-legislatura;False;Estadisticas web - Dispositivos - Historico XI Legislatura;<p>Información sobre el número de sesiones por dispositivos utilizados para navegar por sitio web. Actualización diaria.</p>;Sector público;estadísticas;CC BY 4.0 ES;es;;2026-08-25T10:47:01.680000+02:00;2026-08-25T10:47:01.680000+02:00;2026-08-25T10:47:01.728000+02:00;Junta de Castilla y León;;;;256224;22426682;0;244;13;0;0;0.7
estadisticas-web-paginas-historico-xi-legislatura;False;Estadísticas web - Páginas - Historico XI Legislatura;<p>Información sobre las páginas mas visitadas de cada sitio web siempre limitando a todas aquellas que tengan mas de 100 páginas vistas al día. Actualización diaria.</p><p><br></p>;Sector público;estadísticas;CC BY 4.0 ES;es;Europe/Madrid;2026-08-25T10:43:41.361000+02:00;2026-08-25T10:43:41.361000+02:00;2026-08-25T10:43:41.405000+02:00;Junta de Castilla y León;;;;210877;33592461;0;210;13;0;0;0.7
bienes-inmuebles-cedidos-a-terceros;False;Bienes inmuebles cedidos a terceros;"<p><span style=""font-size: 12.495px;"">Relación de bienes inmuebles propiedad de </span><span style=""font-size: 12.495px;""><span style=""font-size: 12.495px;"">la Administración General de la Comunidad de Castilla y León y sus Organismos Autónomos </span>cedidos a terceros por cualquier título, la persona o entidad cesionaria y el uso al que se destina el inmueble.</span></p><p><span style=""font-size: 12.495px;"">Actualización anual. </span><span style=""font-size: 12.495px;""><span style=""font-size: 12.495px;"">Los datos se recopilan una vez finalizado el año.</span></span></p>";Sector público;"bienes inmuebles;información patrimonial";CC BY 4.0 ES;es;Europe/Madrid;2026-08-24T11:14:52.394000+02:00;2026-08-24T11:14:52.394000+02:00;2026-08-24T11:14:52.436000+02:00;Junta de Castilla y León;;;;2316;403082;0;15459;778;0;0;5.5
urgencias-hospitalarias-atendidas-20252026;False;Urgencias Hospitalarias atendidas - 2025/2026;"<p>Nº de Urgencias Hospitalarias que han sido atendidas. Cada registro representa una urgencia hospitalaria atendida durante los años 2025 y 2026.</p><p><font face=""inherit""><span style=""font-size: 0.875rem;"">La información se presenta agrupada en columnas: Fecha de atención, Día de la semana, Hora, Nivel de triaje, Zona Básica de Salud</span></font><font face=""inherit""><span style=""font-size: 0.875rem;"">, Ámbito de procedencia, Hospital, Área, Provincia, Edad, Sexo.</span></font><br></p><p><span style=""font-family: inherit; font-size: 0.875rem;"">Frecuencia de actualización: Mensual.</span><br></p>";Salud;"sanidad;urgencias;BISION";CC BY 4.0 ES;es;Europe/Madrid;2026-08-24T10:58:31.792000+02:00;2026-08-24T10:58:31.792000+02:00;2026-08-24T10:58:31.838000+02:00;Junta de Castilla y León;;;;1784285;212677114;0;1636;317;0;0;2.3
calendario-de-promocion-del-espanol-como-lengua-extranjera;False;Calendario de promoción del Español como lengua extranjera;<p>El calendario de promoción del español como lengua extranjera es el documento que recoge la actividad de promoción internacional que se realiza de Castilla y León como destino de aprendizaje de español como lengua extranjera. En él se proyectan las diversas acciones de promoción del año como son los cursos y charlas que se realizan en línea dirigidas a distintos mercados extranjeros y las presenciales en diferentes lugares del mundo.</p><p>Este conjunto de datos esta clasificado en : año, fecha, mercado, evento y tipo</p><p><br></p><p><br></p><p>Actualización: trimestral.</p>;Turismo;"promoción de la lengua española;turismo;cultura";CC BY 4.0 ES;es;Europe/Madrid;2026-08-18T13:04:02.431000+02:00;2026-08-18T13:04:02.431000+02:00;2026-09-24T23:04:15.713000+02:00;Junta de Castilla y León;;;;167;21413;0;13534;1338;0;0;5.7
fallecimientos-2017-2020-meses;False;Mortalidad por meses;"<p>Datos globales de mortalidad por meses de cada año a partir del año 2017.<br></p><p> Cálculo efectuado tomando en cuenta las bajas de tarjetas sanitarias. <br></p><p><span style=""font-size: 12.495px;"">Se incluye información de:<br></span></p><ul><li><span style=""font-size: 12.495px;"">Número total de pacientes dados de baja por fallecimiento.</span></li><li><span style=""font-size: 12.495px;"">Tasa provincial de fallecimientos calculada con respecto a la población de cada provincia expresada por mil. <br></span></li><li><span style=""font-size: 12.495px;"">Número total de pacientes de residencias dados de baja por fallecimiento.</span></li><li><span style=""font-size: 12.495px;""><span style=""font-size: 12.495px;"">Tasa provincial de fallecimientos de pacientes en residencias calculada con </span>respecto al total de plazas en residencias expresada por cien.</span></li></ul>";Salud;"fallecidos;mortalidad";CC BY 4.0 ES;es;Europe/Madrid;2026-08-17T11:58:53.154000+02:00;2026-08-17T11:58:53.154000+02:00;2026-08-17T11:58:53.198000+02:00;Junta de Castilla y León;;;;1035;66471;0;6117238;3873;0;0;83.0
agenda-de-trabajo-de-altos-cargos;False;Agenda de trabajo de altos cargos;"<p><span style=""font-family: lora; font-size: medium;"">Reuniones, eventos y encuentros que mantienen los consejeros y restantes altos cargos en la Administración de la Comunidad de Castilla y León y sus organismos autónomos en la Legislatura en curso (actualmente la XII legislatura)</span></p><p><span style=""font-family: lora; font-size: medium;""><br></span><span style=""font-family: inherit; font-size: 1em;"">Frecuencia de actualización:</span><span style=""font-family: inherit; font-size: 1em;""> Cada 4 horas.</span></p><p><br></p>";Sector público;"agenda;trabajo;altos cargos";CC BY 4.0 ES;es;Europe/Madrid;2026-08-15T17:05:03.774000+02:00;2026-08-15T17:05:03.774000+02:00;2026-09-24T21:05:35.807000+02:00;Junta de Castilla y León;;;;1239;581447;0;77930;2937;0;0;11.9
datos-historicos-horarios-de-calidad-del-aire;False;Datos históricos horarios de calidad del aire (2022-2025);"<p>Datos de concentración de contaminantes horarios registrados en las estaciones de control de la calidad del aire de la Junta de Castilla y León desde el año 2022 hasta el año 2025</p><p class=""MsoNormal"">Los datos de las distintas estaciones de calidad del aire de CyL se pueden
visualizar desde el enlace: <a href=""http://servicios.jcyl.es/esco/index.action"">http://servicios.jcyl.es/esco/index.action</a>.
Desde ese enlace se pueden consultar los datos en tiempo real, es decir, los
valores que se están registrando hoy y los datos históricos.</p>";Medio ambiente;"calidad del aire;medio ambiente;atmosfera;contaminación";CC BY 4.0 ES;es;Europe/Madrid;2026-08-10T13:46:54.386000+02:00;2026-08-10T13:46:54.386000+02:00;2026-08-18T13:16:36.510000+02:00;Junta de Castilla y León;;;;1337661;227217550;0;3034;200;0;0;2.5
calidad-del-aire-datos-historicos-diarios;False;Datos históricos diarios de calidad del aire (1997-2025);"<p>Datos de concentración de contaminantes diarios registrados en las estaciones de control de la calidad del aire de la Junta de Castilla y León desde el año 1997 hasta el año 2025</p><p class=""MsoNormal"">Los datos de las distintas estaciones de calidad del aire de CyL se pueden
visualizar desde el enlace: <a href=""http://servicios.jcyl.es/esco/index.action"">http://servicios.jcyl.es/esco/index.action</a>.
Desde ese enlace se pueden consultar los datos en tiempo real, es decir, los
valores que se están registrando hoy y los datos históricos.</p>";Medio ambiente;"calidad del aire;medio ambiente;atmosfera;contaminación";CC BY 4.0 ES;es;Europe/Madrid;2026-08-07T12:18:19.288000+02:00;2026-08-07T12:18:19.288000+02:00;2026-08-07T12:18:19.326000+02:00;Junta de Castilla y León;;;;515227;81093946;0;84510;14794;0;0;15.9
pacto-recuperacion;False;Indicadores para el pacto para la recuperación económica, el empleo y la cohesión social;<p>Indicadores relacionados con las ayudas y subvenciones del pacto para la recuperación económica, el empleo y la cohesión social.</p>;Economía;"subvenciones;ayudas;pacto recuperación económica";CC BY 4.0 ES;es;Europe/Madrid;2026-08-06T15:34:02.851000+02:00;2022-02-28T08:37:04.037000+01:00;2026-08-06T15:34:08.571000+02:00;Junta de Castilla y León;;;;460;419633;0;38519;182;0;0;7.0
aptos-competencias-clave;False;Aptos Competencias Clave;"<p style='margin-bottom: 8px; overflow-wrap: break-word; text-overflow: ellipsis; color: rgb(23, 43, 77); font-family: -apple-system, BlinkMacSystemFont, ""Segoe UI"", Roboto, ""Noto Sans"", Ubuntu, ""Droid Sans"", ""Helvetica Neue"", sans-serif;'>Las competencias clave son los requisitos formativos que aseguran que tienes los conocimientos necesarios para cursar, con aprovechamiento, los cursos correspondientes a los Certificados de Profesionalidad de nivel de cualificación 2 y 3.</p><p style='margin-bottom: 0px; overflow-wrap: break-word; text-overflow: ellipsis; color: rgb(23, 43, 77); font-family: -apple-system, BlinkMacSystemFont, ""Segoe UI"", Roboto, ""Noto Sans"", Ubuntu, ""Droid Sans"", ""Helvetica Neue"", sans-serif;'>Es una acreditación laboral y, por tanto, no es directamente convalidable con un título de Formación Profesional.</p><p style=""margin: 0cm 0cm 6pt; background-image: initial; background-position: initial; background-size: initial; background-repeat: initial; background-attachment: initial; background-origin: initial; background-clip: initial;""><span style='font-size:10.5pt;font-family:""Segoe UI"",sans-serif;
color:#172B4D'>La información está disgregada en: año, provincia, nivel,
materia, aptos, mujeres españolas, hombres españoles, mujeres  inmigrantes y  hombres 
inmigrantes.<o:p></o:p></span></p><p>
<span style='font-size:10.5pt;font-family:""Segoe UI"",sans-serif;mso-fareast-font-family:
Calibri;mso-fareast-theme-font:minor-latin;color:#172B4D;mso-ansi-language:
ES;mso-fareast-language:EN-US;mso-bidi-language:AR-SA'>• Frecuencia de
actualización: Anual.</span><br></p>";Cultura y ocio;"empleo;certificados;formación";CC BY 4.0 ES;es;Europe/Madrid;2026-08-06T12:11:04.903000+02:00;2023-09-21T17:13:02.746000+02:00;2026-09-24T23:13:15.607000+02:00;Junta de Castilla y León;;;;242;10484;0;1956;317;0;0;2.4
principales-motivos-de-vacunacion-frente-a-la-gripe-campana-2526;False;Principales motivos de vacunación frente a la gripe. Campaña 25/26;"<p><span style=""font-weight: bolder; color: rgb(86, 86, 86); font-family: lora, Helvetica, Arial, sans-serif;"">La campaña de vacunación 2025/2026 finalizó el 23 de marzo de 2026.</span></p><p>Información sobre dosis administradas en función de los motivos de vacunación en la campaña 2025/2026</p>";Salud;;CC BY 4.0 ES;es;;2026-08-06T12:09:47.066000+02:00;2026-03-26T07:47:47.080000+01:00;2026-08-06T12:09:49.649000+02:00;Junta de Castilla y León;;;;3795;216178;0;6627;319;0;0;3.6
empleo-competencias-clave-convocatorias;False;Competencias Clave Convocatorias;"<p style='margin-bottom: 8px; overflow-wrap: break-word; text-overflow: ellipsis; color: rgb(23, 43, 77); font-family: -apple-system, BlinkMacSystemFont, ""Segoe UI"", Roboto, ""Noto Sans"", Ubuntu, ""Droid Sans"", ""Helvetica Neue"", sans-serif;'>Son los requisitos formativos que aseguran que tienes los conocimientos necesarios para cursar, con aprovechamiento, los cursos correspondientes a los Certificados de Profesionalidad de nivel de cualificación 2 y 3.</p><p style='margin-bottom: 0px; overflow-wrap: break-word; text-overflow: ellipsis; color: rgb(23, 43, 77); font-family: -apple-system, BlinkMacSystemFont, ""Segoe UI"", Roboto, ""Noto Sans"", Ubuntu, ""Droid Sans"", ""Helvetica Neue"", sans-serif;'>Es una acreditación laboral y, por tanto, no es directamente convalidable con un título de Formación Profesional.</p><p style=""margin: 0cm 0cm 6pt; background-image: initial; background-position: initial; background-size: initial; background-repeat: initial; background-attachment: initial; background-origin: initial; background-clip: initial;""><span style='font-size:10.5pt;font-family:""Segoe UI"",sans-serif;
color:#172B4D'>La información está disgregada en: año, provincia, nivel,
pruebas realizadas, renuncias, candidatos, lengua castellana, matemáticas, lengua
inglesa, mujeres españolas, hombres españoles, mujeres  inmigrantes  y hombres  inmigrantes.<o:p></o:p></span></p><p>
<span style='font-size:10.5pt;font-family:""Segoe UI"",sans-serif;mso-fareast-font-family:
Calibri;mso-fareast-theme-font:minor-latin;color:#172B4D;mso-ansi-language:
ES;mso-fareast-language:EN-US;mso-bidi-language:AR-SA'>• Frecuencia de
actualización: Anual.</span><br></p>";Cultura y ocio;"empleo;certificados;formación";CC BY 4.0 ES;es;Europe/Madrid;2026-08-06T12:05:35.762000+02:00;2023-09-21T17:15:04.014000+02:00;2026-09-24T23:15:35.765000+02:00;Junta de Castilla y León;;;;46;1654;0;4745;320;0;0;3.2
personas-vacunadas-diariamente-frente-a-la-gripe-campana-2526;False;Personas vacunadas diariamente frente a la gripe. Campaña 25/26;"<p><span style=""font-weight: bolder; color: rgb(86, 86, 86); font-family: lora, Helvetica, Arial, sans-serif;"">La campaña de vacunación 2025/2026 finalizó el 23 de marzo de 2026.</span></p><p>Información sobre personas vacunadas por provincia de forma diaria en la campaña 2025/2026</p><p style=""font-family: sans-serif; margin-bottom: 1em;""><br></p>";Salud;;CC BY 4.0 ES;es;;2026-08-06T12:04:07.922000+02:00;2026-03-26T07:45:48.104000+01:00;2026-08-06T12:04:10.182000+02:00;Junta de Castilla y León;;;;1800;50048;0;32523;323;0;0;6.8
dosis-vacunas-gripe-campana-2526;False;Dosis vacunas GRIPE Campaña 25/26;"<p><span style=""font-weight: bolder; color: rgb(86, 86, 86); font-family: lora, Helvetica, Arial, sans-serif;"">La campaña de vacunación 2025/2026 finalizó el 23 de marzo de 2026.</span><span style=""font-size: 0.875rem;""></span></p><p><span style=""font-size: 0.875rem;"">Información sobre dosis suministradas y personas vacunadas por provincia en la campaña 2025/2026</span></p>";Salud;;CC BY 4.0 ES;es;;2026-08-06T11:58:15.915000+02:00;2026-03-26T07:44:33.136000+01:00;2026-08-06T11:58:21.817000+02:00;Junta Castilla y León;;;;230;29510;0;26742;354;0;0;6.3
calendario-de-promocion-y-comercializacion-turistica;False;Calendario de promoción y comercialización turística;"<p><span style='font-size:11.0pt;font-family:""Calibri"",sans-serif;
mso-fareast-font-family:""Times New Roman"";mso-ansi-language:ES;mso-fareast-language:
ES;mso-bidi-language:AR-SA'>El calendario de promoción y comercialización
turística recoge los eventos promocionales que organiza o en los que participa
la Fundación Siglo para el Turismo y las Artes de Castilla y León. Algunos de
ellos están destinados a público final, si bien la mayoría están dirigidos a promocionar
Castilla y León como destino entre los profesionales del sector, ya sean
intermediarios (agentes de viaje) u otros colectivos que pueden contribuir a la
promoción al público final (por ejemplo, periodistas). En la mayoría de estos
eventos se facilita además el encuentro entre la demanda profesional (agentes
de viaje) y la oferta turística de la Comunidad de Castilla y León (empresas
del sector, como alojamientos, guías de turismo, restaurantes, museos, etc).</span></p><p><span style='color: rgb(23, 43, 77); font-family: -apple-system, BlinkMacSystemFont, ""Segoe UI"", Roboto, ""Noto Sans"", Ubuntu, ""Droid Sans"", ""Helvetica Neue"", sans-serif; font-size: 14px;'>Este conjunto de datos esta clasificado en: Fecha de Inicio, Fecha de Fin,  tipo, título, Ubicación, WEB y observaciones</span><span style='font-size:11.0pt;font-family:""Calibri"",sans-serif;
mso-fareast-font-family:""Times New Roman"";mso-ansi-language:ES;mso-fareast-language:
ES;mso-bidi-language:AR-SA'><br></span></p><p><span style='font-size:11.0pt;font-family:""Calibri"",sans-serif;
mso-fareast-font-family:""Times New Roman"";mso-ansi-language:ES;mso-fareast-language:
ES;mso-bidi-language:AR-SA'>Frecuencia de Actualización: </span><span style='color: rgb(23, 43, 77); font-family: -apple-system, BlinkMacSystemFont, ""Segoe UI"", Roboto, ""Noto Sans"", Ubuntu, ""Droid Sans"", ""Helvetica Neue"", sans-serif; font-size: 14px;'>Puntual</span><span style='font-size:11.0pt;font-family:""Calibri"",sans-serif;
mso-fareast-font-family:""Times New Roman"";mso-ansi-language:ES;mso-fareast-language:
ES;mso-bidi-language:AR-SA'><br></span><br></p>";Turismo;turismo;CC BY 4.0 ES;es;Europe/Madrid;2026-08-05T14:20:11.899000+02:00;2026-08-05T14:20:11.899000+02:00;2026-09-24T23:20:25.812000+02:00;Junta de Castilla y León;;;;412;123985;0;17579;1427;0;0;6.3
vacunacion-frente-a-la-gripe-por-edad-sexo-y-provincia-campana-2526;False;Vacunación frente a la gripe por edad, sexo y provincia. Campaña 25/26;"<p><span style=""font-weight: bolder; color: rgb(86, 86, 86); font-family: lora, Helvetica, Arial, sans-serif;"">La campaña de vacunación 2025/2026 finalizó el 23 de marzo de 2026.</span></p><p>Información sobre dosis suministradas por sexo, edad y provincia en la campaña 2025/2026</p>";Salud;;CC BY 4.0 ES;es;;2026-08-05T13:16:17.938000+02:00;2026-03-26T07:48:19.588000+01:00;2026-08-05T13:16:22.059000+02:00;Junta de Castilla y León;;;;6440;387386;0;7143;524;0;0;4.0
certificados-profesionalidad;False;Certificados de profesionalidad;"<p style=""margin: 0cm 0cm 6pt; background-image: initial; background-position: initial; background-size: initial; background-repeat: initial; background-attachment: initial; background-origin: initial; background-clip: initial;""><span style='font-family: ""Segoe UI"", sans-serif; font-size: 0.875rem;'>Es una acreditación oficial para el desarrollo de una actividad laboral. Certifica que la persona que lo posee está cualificada para desarrollar una actividad laboral determinada al poseer los conocimientos y habilidades necesarios para ello.</span><br></p><p><span style='font-family: ""Segoe UI"", sans-serif; font-size: 0.875rem;'>La información está disgregada en: familia, código, denominación, url para  Consultar  la estructura, url para  Consultar el Programa/Real Decreto, Código Módulos, Nivel CP, Certificado Profesionalidad que acredita cualificación, Horas Totales Módulos Formativos, Horas Presenciales, Horas Teleformación, Horas Módulo Práticas, Horas Totales Certificado, Identificador Módulo Practicas, Real Decreto, Fecha Real Decreto, Fecha Alta, Especialidad FOD y si Completa en teleformación.</span><br></p><p><font face=""Segoe UI, sans-serif""><br></font></p><p>
</p><p><font face=""Segoe UI, sans-serif"">• Frecuencia de actualización: Anual.</font></p><div><br></div>";Cultura y ocio;"empleo;certificados;formación";CC BY 4.0 ES;es;Europe/Madrid;2026-08-05T13:04:38.288000+02:00;2023-09-21T17:10:06.162000+02:00;2026-09-24T23:10:23.934000+02:00;Junta de Castilla y León;;;;583;264282;0;7804;546;0;0;4.1
plantilla-urgencias;False;Plantilla Gerencia Emergencias;"<p><span style=""font-family: inherit; font-size: 0.875rem;"">En este conjunto de datos se muestra la plantilla de profesionales que trabajan en las unidades asistenciales de Emergencias Sanitarias de Castilla y León con independencia de si se trata de personal estatutario perteneciente a Sacyl o profesionales de las empresas que trabajan con Emergencias Sanitarias (empresas de transporte sanitario terrestre, transporte sanitario aéreo y operación telefónica).</span></p><p>
<br></p>";Salud;"DGPAS;emergencias";CC BY 4.0 ES;es;Europe/Madrid;2026-08-05T13:01:03.317000+02:00;2026-03-05T15:30:01.462000+01:00;2026-09-24T15:30:30.946000+02:00;Junta de Castilla y León;;;;40;1297;0;6878;1119;0;0;4.5
hospitales-plantilla-urgencias;False;Plantilla atención urgente hospitalaria;"<p class=""MsoNormal""><span style=""font-size: 12.495px;"">La comunidad de Castilla y León está estructurada en 11 áreas de salud, que tienen, al menos, un hospital cada una de ellas. En total, hay 14 hospitales. Los Servicios de Urgencias Hospitalarias están ubicados en un área específica del hospital y cumplen unos requisitos funcionales, estructurales y organizativos, que garantizan condiciones de seguridad, calidad y eficiencia para atender a la urgencia y la emergencia. </span><br></p><p>
</p><p class=""MsoNormal"">Este conjunto de datos están reflejado la provincia, el nivel,
el hospital, los
requisitos/categoría, los puestos de trabajo así como la dotación numérica.</p><p class=""MsoNormal"">Frecuencia de Actualización: Anual</p><p class=""MsoNormal""><o:p></o:p></p>";Salud;"DGPAS;sanidad";CC BY 4.0 ES;es;Europe/Madrid;2026-08-05T12:59:05.241000+02:00;2025-11-07T07:05:32.157000+01:00;2026-09-24T15:30:30.789000+02:00;Junta de Castilla y León;;;;59;8260;0;6567;1198;0;0;4.5
presion-asistencial-mf-pediatria-y-enfermeria-zbs;False;Pacientes diarios en consulta ordinaria;"<p>Presión asistencial por profesional y zona básica de salud.</p><p class=""MsoNormal"">El promedio de pacientes diarios vistos en consulta se
calcula dividiendo el total de consultas vistas por cada profesional entre los
días efectivos de consulta registrados en sus agendas.</p><p class=""MsoNormal"">Actualización trimestral.</p><p class=""MsoNormal""><o:p></o:p></p>";Salud;pacientes;CC BY 4.0 ES;es;Europe/Madrid;2026-08-05T12:58:12.265000+02:00;2026-08-05T12:58:12.265000+02:00;2026-08-05T12:58:12.309000+02:00;Junta de Castilla y León;;;;3211;559401;0;106823;1207;0;0;12.4
familias-numerosas;False;Estadísticas del registro de familias numerosas;"<p><font style=""vertical-align: inherit;""><font style=""vertical-align: inherit;"">Son familias numerosas las formadas por uno o dos ascendientes con tres o más hijos/as (sean o no comunes) así como aquellas otras que se encuentren en alguna de las situaciones equiparadas a la misma por la legislación vigente.</font></font></p><p><font style=""vertical-align: inherit;""><font style=""vertical-align: inherit;"">La información está disgregada en año, provincia, número de familias de categoría general, número de familias de categoría especial, nº de títulos nuevos, nº de títulos vigentes, nº de renovaciones, nº de familias de 2 a 10 o más hijos.</font></font></p><p><span style=""font-family: inherit; font-size: 0.833rem;"">Frecuencia de actualización: Anual</span><br></p>";Demografía;"Familia numerosa;familia";CC BY 4.0 ES;es;Europe/Madrid;2026-08-05T12:55:32.879000+02:00;2023-10-21T03:00:25.122000+02:00;2026-09-24T03:00:13.604000+02:00;Junta de Castilla y León;;;;243;11699;0;12121;1204;0;0;5.4
expropiaciones-forzosas-en-materia-de-desarrollo-rural;False;Expropiaciones forzosas en materia de desarrollo rural;"<p>La expropiación forzosa consiste en la privación de la propiedad privada
 o de derechos o intereses legítimos que se tengan sobre un patrimonio, 
independientemente de a quién pertenezcan (particulares, entidades, 
administraciones públicas, etc.), por causa de utilidad pública o 
interés social.
</p><p>Para cada expropiación se publica el nombre del proyecto, mecanismo de aprobación, promotor, beneficiaria, fincas afectadas, titulares afectados, fecha convocatoria de actas previas, y de ocupación, metros cuadrados de ocupación definitiva y temporal, así como de servidumbre de vuelo y de acueducto.</p><p>Actualización anual.<br></p><table class=""odswidget-table__internal-table""><thead class=""odswidget-table__internal-header-table-header""><tr><th class=""odswidget-table__header-cell odswidget-table__header-cell--spinner""><br></th><th class=""odswidget-table__header-cell ng-scope"" title=""PROYECTO""> <div class=""odswidget-table__header-cell-container""> <div class=""odswidget-table__label ng-binding"">PROYECTO</div> <div class=""odswidget-table__sort-icons"" title=""ordenar""> </div></div></th></tr><tr><th class=""odswidget-table__header-cell ng-scope"" title=""APROBACIÓN PROYECTO""> <div class=""odswidget-table__header-cell-container""> <div class=""odswidget-table__label ng-binding"">APROBACIÓN PROYECTO</div> <div class=""odswidget-table__sort-icons"" title=""ordenar""> </div></div></th><th class=""odswidget-table__header-cell ng-scope"" title=""PROMOTOR""> <div class=""odswidget-table__header-cell-container""> <div class=""odswidget-table__label ng-binding"">PROMOTOR</div> <div class=""odswidget-table__sort-icons"" title=""ordenar""> </div></div></th><th class=""odswidget-table__header-cell ng-scope"" title=""BENEFICIARIA""> <div class=""odswidget-table__header-cell-container""> <div class=""odswidget-table__label ng-binding"">BENEFICIARIA</div> <div class=""odswidget-table__sort-icons"" title=""ordenar""> </div></div></th><th class=""odswidget-table__header-cell ng-scope"" title=""FINCAS AFECTADAS""> <div class=""odswidget-table__header-cell-container""> <div class=""odswidget-table__label ng-binding"">FINCAS AFECTADAS</div> <div class=""odswidget-table__sort-icons"" title=""ordenar""> </div></div></th><th class=""odswidget-table__header-cell ng-scope"" title=""TITULARES AFECTADOS ""> <div class=""odswidget-table__header-cell-container""> <div class=""odswidget-table__label ng-binding"">TITULARES AFECTADOS </div> <div class=""odswidget-table__sort-icons"" title=""ordenar""> </div></div></th><th class=""odswidget-table__header-cell ng-scope"" title=""FECHA CONVOCATORIA ACTAS PREVIAS""> <div class=""odswidget-table__header-cell-container""> <div class=""odswidget-table__label ng-binding"">FECHA CONVOCATORIA ACTAS PREVIAS</div> <div class=""odswidget-table__sort-icons odswidget-table__sort-icons--active"" title=""ordenar""> </div></div></th><th class=""odswidget-table__header-cell ng-scope"" title=""FECHA CONVOCATORIA ACTAS OCUPACIÓN""> <div class=""odswidget-table__header-cell-container""> <div class=""odswidget-table__label ng-binding"">FECHA CONVOCATORIA ACTAS OCUPACIÓN</div> <div class=""odswidget-table__sort-icons"" title=""ordenar""> </div></div></th></tr></thead></table>";Medio rural y pesca;;CC BY 4.0 ES;es;Europe/Madrid;2026-08-05T12:52:48.106000+02:00;2023-03-31T17:15:03.642000+02:00;2026-09-24T23:15:25.675000+02:00;Junta de Castilla y León;;;;40;12874;0;11119;1264;18;0;5.3
eae-ordinaria;False;Expedientes sometidos a evaluación ambiental estratégica ordinaria;"<p>La evaluación ambiental estratégica es un trámite paralelo y complementario a los procedimientos sustantivos de aprobación o adopción de un plan o programa, pudiendo realizarse simultáneamente las fases correspondientes al trámite sustantivo y al ambiental.</p><p>La Evaluación Ambiental Estratégica Ordinaria (EAEO), regulada en los artículos 17 a 28 de la Ley 21/2013, de 9 de diciembre, de evaluación ambiental.<br></p><p><span style=""font-family: inherit; font-size: 0.833rem;"">La declaración ambiental estratégica es el informe preceptivo y determinante del órgano ambiental con el que finaliza la evaluación ambiental estratégica ordinaria y que se pronuncia sobre la integración de los aspectos ambientales en la propuesta final del plan o programa</span><br></p><p>La declaración ambiental estratégica se publicará en el «Boletín Oficial del Estado» o diario oficial correspondiente sin perjuicio de su publicación en la sede electrónica del órgano ambiental.</p><div><br></div><p>Frecuencia de actualización: Anual</p>";Medio ambiente;"evaluación ambiental;ordinaria";CC BY 4.0 ES;es;Europe/Madrid;2026-08-05T12:52:03.802000+02:00;2026-05-11T16:03:02.961000+02:00;2026-09-24T23:03:10.501000+02:00;Junta de Castilla y León;;;;118;10615;0;15140;1285;5;0;5.9
apertura-monumentos;False;Apertura de Monumentos;"<p style=""margin-bottom: 8px; overflow-wrap: break-word; text-overflow: ellipsis;""><font color=""#172b4d"" face=""-apple-system, BlinkMacSystemFont, Segoe UI, Roboto, Noto Sans, Ubuntu, Droid Sans, Helvetica Neue, sans-serif"">Durante los meses de verano (del 13 de julio al 8 de septiembre de 2024, ambos inclusive), se realiza la apertura de monumentos de la Iglesia Católica ubicados en Castilla y León para el acceso gratuito de visitantes.</font><br></p><p style=""margin-bottom: 8px; overflow-wrap: break-word; text-overflow: ellipsis;""><font color=""#172b4d"" face=""-apple-system, BlinkMacSystemFont, Segoe UI, Roboto, Noto Sans, Ubuntu, Droid Sans, Helvetica Neue, sans-serif"">Este programa de apertura promovido por la Junta de Castilla y León se realiza en colaboración con las Diócesis/Archidiócesis de Castilla y León a través de responsables designados en cada parroquia, que son los encargados de abrir los templos y de ofrecerles información sobre las condiciones de las visitas, siendo éste acceso gratuito para el visitante.</font></p><p style=""margin-bottom: 8px; overflow-wrap: break-word; text-overflow: ellipsis;""><font color=""#172b4d"" face=""-apple-system, BlinkMacSystemFont, Segoe UI, Roboto, Noto Sans, Ubuntu, Droid Sans, Helvetica Neue, sans-serif"">La información se encuentra organizada en los siguientes campos: año, Diócesis/Achidiócesis titular del templo, localidad, programa, monumento, días de apertura, horario de apertura, número de visitantes</font><br></p><p style=""margin-bottom: 8px; overflow-wrap: break-word; text-overflow: ellipsis;""><span style='color: rgb(23, 43, 77); font-family: -apple-system, BlinkMacSystemFont, ""Segoe UI"", Roboto, ""Noto Sans"", Ubuntu, ""Droid Sans"", ""Helvetica Neue"", sans-serif; font-size: 0.875rem;'>Frecuencia de Actualización: Anual.</span><br></p>";Turismo;Monumentos;CC BY 4.0 ES;es;Europe/Madrid;2026-08-05T12:33:08.205000+02:00;2026-01-27T23:00:04.407000+01:00;2026-09-24T23:01:39.636000+02:00;Junta de Castilla y León;;;;1980;266365;0;16642;570;0;0;5.4
solicitudes-superficie-sigpac-provincia;False;Superficie declarada en la solicitud única por uso SIGPAC y provincia;"<p class=""MsoListParagraph"">El SIGPAC, disponible en el portal PAC, está formado
por la superposición de una ortofoto, en la actualidad tomada en 2020, con el
parcelario de Catastro, constituye el eje para la formulación de la solicitud
gráfica. Su clasificación se encuentra en función del uso asignada a cada una
de las parcelas que lo forman y recoge la totalidad de la superficie de la
Comunidad de Castilla y León.<o:p></o:p></p><p class=""MsoListParagraph""><o:p> </o:p></p><p>
</p><p class=""MsoListParagraph"">Esta consulta proporciona la superficie declarada en
la solicitud única de la PAC en función del uso, de forma que determinados usos
no son admisibles para la percepción de ayudas como superficies improductivas,
zonas urbanas, cauces fluviales, etc., por ello, las superficies solicitadas no
alcanzan la totalidad de las superficies de SIGPAC.</p><p class=""MsoListParagraph"">La información se encuentra estructurada en: año, provincia, producto y superficie.</p><p class=""MsoListParagraph""><br></p><p class=""MsoListParagraph"">Frecuencia de Actualización: Anual.</p><p class=""MsoListParagraph""><o:p></o:p></p>";Medio rural y pesca;"PAC;agricultura";CC BY 4.0 ES;es;Europe/Madrid;2026-08-05T12:30:49.737000+02:00;2021-09-20T08:42:40.742000+02:00;2026-08-05T12:30:52.816000+02:00;Junta de Castilla y León;;;;144;5908;0;6104;594;0;0;3.8
visitantes-museos-anual-tipo-entrada;False;Visitantes anuales de museos por tipo de entrada;"<p><span style=""font-size: 12.495px;"">Número de visitantes por tipo de entrada en los museos </span><span style=""font-size: 12.495px;"">de titularidad estatal gestionados por la Comunidad Autónoma de Castilla y León.<br><br>Datos desde 2005. Frecuencia de actualización: anual.<br></span></p><p><span style=""font-size: 12.495px;""><br></span></p><p><span style=""font-size: 12.495px;"">Nota: En 2011 hubo 5676 visitantes con tarifa especial (promoción) al Museo de la Evolución Humana</span></p>";Cultura y ocio;museos;CC BY 4.0 ES;es;Europe/Madrid;2026-08-05T12:30:02.960000+02:00;2026-07-01T12:13:04.222000+02:00;2026-09-24T23:13:15.612000+02:00;Junta de Castilla y León;;;;347;17745;0;15233;1412;0;0;6.0
solicitantes-edad-sexo-sac;False;Solicitantes por edad y sexo por sección agraria comarcal - solicitud única;"<p class=""MsoListParagraph"">Además de la información completa que proporciona la
solicitud única de ayudas PAC relativa a las superficies agrarias, de la misma
forma aporta otro tipo de información sobre los titulares de las explotaciones
que sirve para la toma de decisiones en materia de política agraria. </p><p class=""MsoListParagraph"">la información se encuentra estructurada en <span style=""font-size: 12.495px;"">año, provincia, sección agraria comarcal , tramo de edad y número de solicitantes.</span></p><p class=""MsoListParagraph""><span style=""font-family: inherit; font-size: 0.833rem;"">Frecuencia de Actualización: Anual.</span><br></p><p class=""MsoListParagraph""><o:p></o:p></p>";Medio rural y pesca;"PAC;agricultura";CC BY 4.0 ES;es;Europe/Madrid;2026-08-05T12:29:01.871000+02:00;2021-09-20T08:32:28.780000+02:00;2026-08-05T12:29:05.967000+02:00;Junta de Castilla y León;;;;636;34041;0;8117;602;0;0;4.2
catalogo-colectivo-patrimonio-bibliografico;False;Catálogo Colectivo del Patrimonio Bibliográfico;"<p style=""margin: 0cm 0cm 6pt; background-image: initial; background-position: initial; background-size: initial; background-repeat: initial; background-attachment: initial; background-origin: initial; background-clip: initial;""><span style='font-size:10.5pt;font-family:""Segoe UI"",sans-serif;
color:#172B4D'>El Catálogo Colectivo del Patrimonio Bibliográfico es un
proyecto nacional que tiene como objetivo promover la difusión y el
conocimiento del Patrimonio Bibliográfico mediante la realización del
inventario y la descripción de los fondos depositados en bibliotecas españolas,
públicas y privadas, que por su antigüedad, riqueza o singularidad forman parte
de nuestro Patrimonio Histórico. La Comunidad Autónoma de Castilla y León
colabora en la elaboración del catálogo desde 1989.<o:p></o:p></span></p><p style=""margin: 0cm 0cm 6pt; background-image: initial; background-position: initial; background-size: initial; background-repeat: initial; background-attachment: initial; background-origin: initial; background-clip: initial;""><span style='font-size:10.5pt;font-family:""Segoe UI"",sans-serif;
color:#172B4D'>Los datos se encuentra clasificados en año, provincia, localidad
y biblioteca/institución.<o:p></o:p></span></p><p style=""margin: 0cm 0cm 6pt; background-image: initial; background-position: initial; background-size: initial; background-repeat: initial; background-attachment: initial; background-origin: initial; background-clip: initial;"">
<span style='font-size:10.5pt;line-height:107%;font-family:""Segoe UI"",sans-serif;
mso-fareast-font-family:Calibri;mso-fareast-theme-font:minor-latin;color:#172B4D;
mso-ansi-language:ES;mso-fareast-language:EN-US;mso-bidi-language:AR-SA'>•
Frecuencia de actualización: Anual</span><br></p>";Cultura y ocio;"bibliotecas;información patrimonial";CC BY 4.0 ES;es;Europe/Madrid;2026-08-05T12:28:19.947000+02:00;2021-11-09T14:25:55.492000+01:00;2026-08-05T12:28:25.743000+02:00;Junta de Castilla y León;;;;169;12780;0;5280;637;0;0;3.7
administracion-electronica;False;Administración Electrónica;<p>El resumen de datos estadísticos sobre Administración Electrónica recoge las cifras actualizadas del uso de las diferentes aplicaciones y funcionalidades que integran la administración digital de la Junta de Castilla y León (solicitudes electrónicas, herramientas de intermediación, notificación, firma electrónica, etc.)</p>;Sector público;;CC BY 4.0 ES;es;Europe/Madrid;2026-08-05T12:27:13.166000+02:00;2021-11-23T09:46:59.240000+01:00;2026-08-05T12:27:19.078000+02:00;Junta de Castilla y León;;;;72741;5180044;0;39003;613;0;0;7.7
estadisticas-de-siniestralidad-laboral;False;Estadísticas de siniestralidad laboral;"<p>Estadísticas mensuales de siniestralidad laboral en cada una de las provincias de Castilla y León.</p><p class=""MsoNormal"">Nota: debido al ciberataque
que tuvo el Ministerio, la aplicación Delt@ estuvo parada desde el
9 de junio al 5 de julio de 2021. La mayor parte de los accidentes producidos en junio
se han registrado en julio, de manera que los datos de ese mes están
sobrevalorados y compensan la infravaloración del mes de junio.</p>
<p> </p><p><span style=""font-family: inherit; font-size: 1em;"">Frecuencia de actualización:</span><span style=""font-family: inherit; font-size: 1em;""> Mensual.</span></p>";"Seguridad;Salud;Empleo";"estadísticas;sinestralidad laboral";CC BY 4.0 ES;es;;2026-08-05T12:23:27.966000+02:00;2026-09-01T16:54:07.570000+02:00;2026-09-24T23:55:02.248000+02:00;Junta de Castilla y León;;;;200280;24558981;0;46297;1395;0;0;8.9
relacion-vertederos-residuos-domesticos-sellados;False;Relación de los vertederos de residuos domésticos sellados;"<p style=""margin-bottom: 8px; overflow-wrap: break-word; text-overflow: ellipsis;""><font face=""-apple-system, BlinkMacSystemFont, Segoe UI, Roboto, Noto Sans, Ubuntu, Droid Sans, Helvetica Neue, sans-serif""><span style=""font-size: 14px;"">La Junta de Castilla y León, dentro del Programa Integral de Residuos, ha sellado los vertederos urbanos en todas las provincias. Su ubicación, coordenadas y año de clausura pueden consultarse en los datos aportados.</span></font></p><p style=""margin-bottom: 8px; overflow-wrap: break-word; text-overflow: ellipsis;""><font face=""-apple-system, BlinkMacSystemFont, Segoe UI, Roboto, Noto Sans, Ubuntu, Droid Sans, Helvetica Neue, sans-serif""><span style=""font-size: 14px;"">La información se encuentra estructurada en :</span></font></p><p style=""margin-bottom: 8px; overflow-wrap: break-word; text-overflow: ellipsis;""><font face=""-apple-system, BlinkMacSystemFont, Segoe UI, Roboto, Noto Sans, Ubuntu, Droid Sans, Helvetica Neue, sans-serif""><span style=""font-size: 14px;"">código actuación, provincia, municipio, localidad, inversión, año, sellado, latitud, longitud y geolocalización</span></font></p><p style=""margin-bottom: 8px; overflow-wrap: break-word; text-overflow: ellipsis;""><font face=""-apple-system, BlinkMacSystemFont, Segoe UI, Roboto, Noto Sans, Ubuntu, Droid Sans, Helvetica Neue, sans-serif""><span style=""font-size: 14px;""><br></span></font></p><p style=""margin-bottom: 8px; overflow-wrap: break-word; text-overflow: ellipsis;""><font face=""-apple-system, BlinkMacSystemFont, Segoe UI, Roboto, Noto Sans, Ubuntu, Droid Sans, Helvetica Neue, sans-serif""><span style=""font-size: 14px;"">Nota: En cada registro la inversión va referida al código de actuación, que puede ser común (afectar) a varios municipios.</span></font></p><p style=""margin-bottom: 8px; overflow-wrap: break-word; text-overflow: ellipsis;""><font face=""-apple-system, BlinkMacSystemFont, Segoe UI, Roboto, Noto Sans, Ubuntu, Droid Sans, Helvetica Neue, sans-serif""><span style=""font-size: 14px;""><br></span></font></p><p style=""margin-bottom: 8px; overflow-wrap: break-word; text-overflow: ellipsis;""><font face=""-apple-system, BlinkMacSystemFont, Segoe UI, Roboto, Noto Sans, Ubuntu, Droid Sans, Helvetica Neue, sans-serif""><span style=""font-size: 14px;"">La inversión correspondiente a la actuación en Boca de Huérgano (LE-32) está incluida en la del sellado de Guardo (PA-03).</span></font></p><p style=""margin-bottom: 8px; overflow-wrap: break-word; text-overflow: ellipsis;""><span style='font-size: 14px; font-family: -apple-system, BlinkMacSystemFont, ""Segoe UI"", Roboto, ""Noto Sans"", Ubuntu, ""Droid Sans"", ""Helvetica Neue"", sans-serif;'>• Frecuencia de actualización: Puntual</span><br></p>";Medio ambiente;"vertederos;gestión de residuos";CC BY 4.0 ES;es;Europe/Madrid;2026-08-05T12:18:29.631000+02:00;2026-08-05T12:18:29.631000+02:00;2026-08-05T12:18:29.672000+02:00;Junta de Castilla y León;;;;539;84011;0;12453;1486;0;0;5.7
solicitudes-superficie-cultivo-provincia;False;Superficie por cultivo y provincia - solicitud única;"<p class=""MsoListParagraph"">La solicitud única recoge una serie de información
relativa a las explotaciones agrarias, entre ella las superficies y el cultivo
implantado, por ello constituye una herramienta potente para la toma de
decisiones en materia de política agraria.<o:p></o:p></p><p class=""MsoListParagraph""><o:p> </o:p></p><p>
</p><p class=""MsoListParagraph"">Si bien se debe reseñar alguna circunstancia, aunque
en la actualidad estamos en un régimen de ayudas desvinculadas de la producción
salvo ayudas puntuales no siempre ha sido así, la reforma de la PAC de 1992
motivada por la disminución de los precios garantizados motivados por los
elevados volúmenes de almacenamiento se orientó a los grandes cultivos
continentales, por este motivo determinadas producciones como cultivos
hortícolas o leñosos se han mantenido al margen del sistema de ayudas. Por
ello, productos como viñedo, frutales u hortícolas figuran con una superficie
inferior a la real. La SAC (Sección Agraria Comarcal) de presentación se
encuentra en función de la ubicación de la superficie, por lo cual dentro de
solicitudes presentadas en otra comunidad autónoma se pueden incluir
superficies de Castilla y León que lógicamente no se han computado; de la misma
forma, superficies de otras comunidades autónomas figuran en solicitudes
presentadas en Castilla y León.</p><p class=""MsoListParagraph"">Los datos se encuentran estructurados en año, provincia, producto y superficie.</p><p class=""MsoListParagraph""><span style=""font-family: inherit; font-size: 0.833rem;"">Frecuencia de actualización: Anual</span><br></p><p class=""MsoListParagraph""><o:p></o:p></p>";Medio rural y pesca;"PAC;agricultura";CC BY 4.0 ES;es;Europe/Madrid;2026-08-05T12:18:10.461000+02:00;2021-09-20T08:28:56.694000+02:00;2026-08-05T12:18:13.163000+02:00;Junta de Castilla y León;;;;666;24847;0;13008;636;0;0;5.0
grandes-ejes-viarios-de-las-carreteras-autonomicas;False;Grandes ejes viarios de las carreteras autonómicas;"<p>G<span style=""font-family: Calibri, sans-serif; font-size: 11pt;"">randes ejes viarios de las carreteras </span><font face=""Calibri, sans-serif""><span style=""font-size: 14.6667px;"">autonómicas según la Ley de Ruido.<br></span></font></p><p><span style=""font-family: Calibri, sans-serif; font-size: 11pt;""><br></span><br></p>";Transporte;"red de carreteras;transporte;grandes ejes";CC BY 4.0 ES;es;Europe/Madrid;2026-08-05T12:16:13.087000+02:00;2025-05-12T12:20:04.059000+02:00;2026-09-24T15:30:56.546000+02:00;Junta de Castilla y León;;;;117;17099;0;10544;1507;0;0;5.4
solicitudes-sac;False;Solicitudes únicas presentadas por sección agraria comarcal;"<p class=""MsoListParagraph"">La solicitud única de ayudas PAC recoge las
solicitudes de ayudas FEAGA y FEADER relacionadas con el sistema integrado de
gestión y control (SIGC), definido en el Reglamento (UE) nº 1306/2013 del
Parlamento Europeo y del Consejo. Las solicitudes, presentadas de forma
telemática, se registran en las distintas secciones agrarias comarcales (SAC)
en función de la ubicación de la superficie que comprende la explotación
agraria del titular. La información de este apartado indica el número de
solicitudes PAC presentadas en cada una de las SAC que conforman la estructura
territorial de la Consejería de Agricultura, Ganadería y Desarrollo Rural. </p><p class=""MsoListParagraph"">Los datos se encuentran agrupados es año, provincia, sección agraria comarcal  y número de solicitudes. </p><p class=""MsoListParagraph"">Frecuencia de actualización: Anual.<o:p></o:p></p>";Medio rural y pesca;"PAC;agricultura";CC BY 4.0 ES;es;Europe/Madrid;2026-08-05T12:14:56.949000+02:00;2021-09-20T10:37:19.918000+02:00;2026-08-05T12:15:01.299000+02:00;Junta de Castilla y León;;;;53;1980;0;7240;699;0;0;4.2
tucerticyl-centros-certificadores;False;TuCertiCyL – Centros certificadores;"<p><span style=""font-size: 12.495px;"">Listado de centros certificadores en competencias digitales tuCertiCyL, en el que se incluyen datos como la denominación, dirección, código postal, localidad y municipio del centro.</span><br></p>";Ciencia y tecnología;"tecnología;TuCertiCyL;competencias digitales";CC BY 4.0 ES;es;Europe/Madrid;2026-08-05T12:09:08.197000+02:00;2026-08-05T12:09:08.197000+02:00;2026-08-05T12:09:08.240000+02:00;Junta de Castilla y León;;;;27;2877;0;9566;721;0;0;4.6
tucerticyl-usuarios-activos;False;TuCertiCyL – Usuarios activos;"<p><span style=""font-family: lora; font-size: medium;"">Número de usuarios activos por provincia y sexo en la plataforma de certificación de competencias digitales tuCertiCyL, incluyendo la edad media por provincia y sexo.</span><br></p>";Ciencia y tecnología;"tecnología;TuCertiCyL;competencias digitales";CC BY 4.0 ES;es;Europe/Madrid;2026-08-05T12:06:53.126000+02:00;2026-08-05T12:06:53.126000+02:00;2026-08-05T12:06:53.167000+02:00;Junta de Castilla y León;;;;980;41313;0;12025;743;0;0;5.0
relacion-puntos-encuentro-familiar;False;Relación de Puntos de encuentro familiar;"<p style=""""><font face=""lora"" size=""3""><font style=""vertical-align: inherit;""><font style=""vertical-align: inherit;""><font style=""vertical-align: inherit;""><font style=""vertical-align: inherit;"">Los Puntos de Encuentro Familiar son servicios especializados de apoyo a las familias, que se prestan en instalaciones adecuadas, con el fin de favorecer que los menores pueden mantener relaciones con sus familiares, cuando se presenten dificultades o conflictos, derivados de los procesos de separación, u otros supuestos de interrupción de la convivencia familiar.</font></font></font></font></font></p><p style=""""><font face=""lora"" size=""3""><br></font></p><p style=""""><font face=""lora"" size=""3""><font style=""vertical-align: inherit;""><font style=""vertical-align: inherit;""><font style=""vertical-align: inherit;""><font style=""vertical-align: inherit;"">Los Puntos de Encuentro Familiar intervendrán cuando sean el único medio posible para facilitar las relaciones entre la familia y el menor, y tras haber agotado otras vías de solución</font></font></font></font></font></p><p style=""""><span style=""font-family: lora; font-size: medium;""><font style=""vertical-align: inherit;""><font style=""vertical-align: inherit;""><font style=""vertical-align: inherit;""><font style=""vertical-align: inherit;"">El conjunto de datos se encuentra estructurado en: año, provincia, PEF (puntos de encuentro Familiar), nº familias atendidas, nº de menores atendidos.</font></font></font></font></span></p><p style=""""><font style=""vertical-align: inherit;""><font style=""vertical-align: inherit;""><font style=""vertical-align: inherit;""><font style=""vertical-align: inherit;""><font face=""lora"" size=""3"">Frecuencia de actualización: Anual</font><br></font></font></font></font><br></p>";Sociedad y bienestar;"puntos de encuentro;familia";CC BY 4.0 ES;es;Europe/Madrid;2026-08-05T11:50:18.507000+02:00;2023-10-21T03:00:30.406000+02:00;2026-09-24T03:00:01.822000+02:00;Junta de Castilla y León;;;;64;13293;0;10755;827;0;0;4.9
datos-estadisticos-bibliotecas;False;Datos estadísticos bibliotecas;"<p style=""margin: 0cm 0cm 6pt; background-image: initial; background-position: initial; background-size: initial; background-repeat: initial; background-attachment: initial; background-origin: initial; background-clip: initial;""><span style='font-size:10.5pt;font-family:""Segoe UI"",sans-serif;
color:#172B4D'>Anualmente, el Servicio de Bibliotecas y Biblioteca de Castilla
y León recopila datos estadísticos relativos a las bibliotecas de la Comunidad
para su inclusión en el Anuario Estadístico de Castilla y León. Reflejan la
situación de las bibliotecas públicas municipales, bibliotecas públicas
provinciales y bibliobuses que se encuentran actualmente en funcionamiento en
Castilla y León: visitantes, usuarios, fondos, dotación económica, préstamos y
materiales incorporados por Depósito legal.<br>
Los datos se encuentran estructurados en: <o:p></o:p></span></p><p>
</p><p style=""margin: 0cm 0cm 6pt; background-image: initial; background-position: initial; background-size: initial; background-repeat: initial; background-attachment: initial; background-origin: initial; background-clip: initial;""><span style='font-size:10.5pt;font-family:""Segoe UI"",sans-serif;
color:#172B4D'>Bibliotecas Públicas, estatales, provinciales, municipales y
bibliobuses.</span></p><p style=""margin: 0cm 0cm 6pt; background-image: initial; background-position: initial; background-size: initial; background-repeat: initial; background-attachment: initial; background-origin: initial; background-clip: initial;""><span style='font-size:10.5pt;font-family:""Segoe UI"",sans-serif;
color:#172B4D'><br></span><span style='color: rgb(23, 43, 77); font-family: ""Segoe UI"", sans-serif; font-size: 10.5pt;'>Frecuencia de actualización: Anual</span></p><p style=""margin: 0cm 0cm 6pt; background-image: initial; background-position: initial; background-size: initial; background-repeat: initial; background-attachment: initial; background-origin: initial; background-clip: initial;""><span style='font-size:10.5pt;font-family:""Segoe UI"",sans-serif;
color:#172B4D'><o:p></o:p></span></p>";Cultura y ocio;"bibliobus;bibliotecas";CC BY 4.0 ES;es;Europe/Madrid;2026-08-05T11:47:47.537000+02:00;2021-11-09T14:18:53.015000+01:00;2026-08-05T11:47:50.768000+02:00;Junta de Castilla y León;;;;46;5012;0;7683;809;0;0;4.4
colaboradores-carnet-joven;False;Centros colaboradores con el Carnet Joven;"<p>Centros colaboradores con el Carnet Joven</p><p>Son empresas y entidades que ofrecen un descuento o ventaja sobre sus productos y/o servicios a los titulares del carné joven europeo.</p><p><span style=""font-family: inherit; font-size: 0.875rem;"">La información se encuentra clasificada en colaborador, web colab. y  actividad</span><br></p><p><span style=""font-family: inherit; font-size: 0.875rem;"">Frecuencia actualización: Anual.</span><br></p><div><br></div>";Cultura y ocio;"juventud;carnet joven";CC BY 4.0 ES;es;Europe/Madrid;2026-08-05T11:42:50.613000+02:00;2026-05-04T09:00:45.716000+02:00;2026-09-21T09:00:23.202000+02:00;Junta de Castilla y León;;;;303;22675;0;6239;864;0;0;4.1
delegaciones-de-colegios-profesionales-estatales;False;Delegaciones de colegios profesionales estatales;"<p><span style=""font-size: 12.495px;"">Registro de delegaciones de colegios profesionales estatales en Castilla y León</span></p><p><span style=""font-size: 12.495px;""><br></span><span style=""font-family: inherit; font-size: 1em;"">Frecuencia de actualización:</span><span style=""font-family: inherit; font-size: 1em;""> Mensual.</span></p><p><br></p>";Sector público;"registro;delegaciones;Colegios profesionales";CC BY 4.0 ES;es;Europe/Madrid;2026-08-05T11:17:49.623000+02:00;2026-08-05T11:17:49.623000+02:00;2026-08-05T11:17:49.664000+02:00;Junta de Castilla y León;;;;32;11192;0;9778;1759;0;0;5.4
actividad-inspectora-y-sancionadora-covid-19;False;Actividad inspectora y sancionadora COVID-19;"<p><span style='color: rgb(23, 43, 77); font-family: -apple-system, BlinkMacSystemFont, ""Segoe UI"", Roboto, ""Noto Sans"", Ubuntu, ""Droid Sans"", ""Helvetica Neue"", sans-serif; font-size: 14px;'>Información de la acción inspectora y sancionadora de la Administración de la Comunidad llevada a cabo desde el comienzo de la situación sanitaria derivada de la normativa dictada para afrontar la crisis sanitaria derivada de la COVID-19.</span></p><p></p><p class=""MsoNormal""><b><span style='font-size:10.5pt;font-family:""Segoe UI"",sans-serif;
color:#172B4D'>Ante la evolución de la pandemia, la Junta de Castilla y León ha
decidido incluir las inspecciones del cumplimiento de la normativa COVID dentro
de la actividad inspectora  ordinaria en cada uno de sus ámbitos
sectoriales, por lo que la presente información  específica deja de ser actualizada
a partir del 3 de marzo de 2022</span>.</b></p><p><span style='color: rgb(23, 43, 77); font-family: -apple-system, BlinkMacSystemFont, ""Segoe UI"", Roboto, ""Noto Sans"", Ubuntu, ""Droid Sans"", ""Helvetica Neue"", sans-serif; font-size: 14px;'></span></p>";Salud;"sanidad;COVID-19";CC BY 4.0 ES;es;Europe/Madrid;2026-08-05T11:15:28.503000+02:00;2022-03-03T10:35:22.957000+01:00;2026-09-24T23:31:14.421000+02:00;Junta de Castilla y León;;;;1728;144278;0;70940;943;0;0;10.2
eae-simplificada;False;Expedientes sometidos a evaluación ambiental estratégica simplificada;"<p>La evaluación ambiental estratégica es un trámite paralelo y complementario a los procedimientos sustantivos de aprobación o adopción de un plan o programa, pudiendo realizarse simultáneamente las fases correspondientes al trámite sustantivo y al ambiental.</p><p><span style=""font-family: inherit; font-size: 0.833rem;"">-           </span>La Evaluación Ambiental Estratégica Simplificada (EAES), regulada en los artículos 29 a 32 de la Ley <span style='background-color: rgb(244, 245, 247); color: rgb(23, 43, 77); font-family: -apple-system, BlinkMacSystemFont, ""Segoe UI"", Roboto, ""Noto Sans"", Ubuntu, ""Droid Sans"", ""Helvetica Neue"", sans-serif; font-size: 14px;'>21/2013, de 9 de diciembre, de evaluación ambiental.</span><span style=""font-family: inherit; font-size: 0.833rem;"">.</span></p><p><span style=""font-family: inherit; font-size: 0.833rem;"">El informe ambiental estratégico es el documento finalizador de la evaluación ambiental estratégica simplificada, tiene carácter de informe preceptivo y determinante.</span><br></p><p>El mismo podrá determinar que el plan o programa no tiene efectos significativos sobre el medio ambiente o que debe someterse a una evaluación ambiental estratégica ordinaria.</p><p>Este informe se publicará en el Boletín Oficial del Estado o diario oficial correspondientes y sin perjuicio de su publicación en la sede electrónica del órgano ambiental</p><div><br></div><p>Frecuencia de actualización: Anual<br><br></p>";Medio ambiente;"evaluación ambiental;ordinarios";CC BY 4.0 ES;es;Europe/Madrid;2026-08-05T11:14:44.091000+02:00;2026-05-11T16:21:28.587000+02:00;2026-09-24T23:21:13.298000+02:00;Junta de Castilla y León;;;;1457;149685;0;13590;980;5;0;5.4
ingresos-tasas-bocyl;False;Ingresos por tasas - BOCYL;"<p style='margin-bottom: 8px; overflow-wrap: break-word; text-overflow: ellipsis; color: rgb(23, 43, 77); font-family: -apple-system, BlinkMacSystemFont, ""Segoe UI"", Roboto, ""Noto Sans"", Ubuntu, ""Droid Sans"", ""Helvetica Neue"", sans-serif; font-size: 14px;'>Datos relativos a los ingresos percibidos por el pago de tasas para la inserción de anuncios en el Boletín Oficial de Castilla y León (BOCyL).</p><p style='margin-bottom: 8px; overflow-wrap: break-word; text-overflow: ellipsis; color: rgb(23, 43, 77); font-family: -apple-system, BlinkMacSystemFont, ""Segoe UI"", Roboto, ""Noto Sans"", Ubuntu, ""Droid Sans"", ""Helvetica Neue"", sans-serif; font-size: 14px;'>Se muestran los siguientes campos: año, mes, número de anuncios, importe, variación interanual y porcentaje de variación interanual.</p><p style='margin-bottom: 8px; overflow-wrap: break-word; text-overflow: ellipsis; color: rgb(23, 43, 77); font-family: -apple-system, BlinkMacSystemFont, ""Segoe UI"", Roboto, ""Noto Sans"", Ubuntu, ""Droid Sans"", ""Helvetica Neue"", sans-serif; font-size: 14px;'>• Frecuencia de actualización: Mensual</p>";Sector público;"BOCyL;tasas";CC BY 4.0 ES;es;Europe/Madrid;2026-08-05T11:12:49.374000+02:00;2026-08-05T11:12:49.374000+02:00;2026-08-05T11:12:49.416000+02:00;Junta de Castilla y León;;;;91;7513;0;4149;967;0;0;3.7
donaciones-de-sangre-y-aferesis;False;Donaciones de sangre y aféresis;"<p><span style=""font-family: lora; font-size: medium;"">Listado de donaciones de sangre total, aféresis de plasma y aféresis de plaquetas realizadas en Castilla y León con indicación de fecha, lugar y datos de los donantes (sexo, edad y grupo sanguíneo).</span></p><p><span style=""font-family: lora; font-size: medium;""><br></span><span style=""font-family: inherit; font-size: 1em;"">Frecuencia de actualización:</span><span style=""font-family: inherit; font-size: 1em;""> Trimestral.</span></p><p><br></p>";Salud;"donación;sangre;plaquetas;plasma";CC BY 4.0 ES;es;Europe/Madrid;2026-08-05T11:06:39.500000+02:00;2026-07-21T00:04:36.082000+02:00;2026-09-25T00:00:47.602000+02:00;Junta de Castilla y León;;;;910248;62949377;0;473442;1037;0;0;23.9
tsi-por-profesional;False;Tarjetas sanitarias por profesional y zona básica de salud;"<p>Tarjetas sanitarias (pacientes) por profesional y zona básica de salud.</p><p class=""MsoNormal"">Si el centro de salud tiene pediatra de equipo, los Médicos
de familia tienen asignada las TSI&gt;= 14 años.<o:p></o:p></p><p class=""MsoNormal""><o:p> </o:p><span style=""font-family: inherit; font-size: 0.875rem;"">Si el centro de salud no tiene pediatra de equipo, los
médicos de familia tienen asignada todas las TSI.</span></p><p class=""MsoNormal""><o:p></o:p></p>";Salud;pacientes;CC BY 4.0 ES;es;Europe/Madrid;2026-08-05T11:01:23.223000+02:00;2026-08-05T11:01:23.223000+02:00;2026-08-05T11:01:23.269000+02:00;Junta de Castilla y León;;;;3211;509383;0;164749;1593;0;0;15.2
registro-entidades-igualdad-oportunidades;False;Registro de Entidades para la Igualdad de Oportunidades;"<p class=""MsoNormal"" style=""text-align:justify"">EL Registro de Entidades para la
Igualdad de Oportunidades, regulado por el 
Decreto 6/2000, de 13 de enero,<b> </b> constituye un instrumento de conocimiento y
ordenación para facilitar la gestión de los servicios de atención a la mujer y
las actuaciones en materia de igualdad de oportunidades.<o:p></o:p></p><p style='margin-bottom: 8px; text-overflow: ellipsis; overflow-wrap: break-word; color: rgb(23, 43, 77); font-family: -apple-system, BlinkMacSystemFont, ""Segoe UI"", Roboto, ""Noto Sans"", Ubuntu, ""Droid Sans"", ""Helvetica Neue"", sans-serif; font-size: 14px;'>
</p><p class=""MsoNormal"" style=""text-align:justify"">Mediante la inscripción en el
Registro y la correspondiente acreditación por la Dirección General de la
Mujer, se reconoce que una determinada entidad realiza actuaciones dirigidas a
la mujer en favor de la igualdad de oportunidades.</p><p class=""MsoNormal"" style=""text-align:justify"">En el dataset se incluyen Nombre de la entidad, NIF, dirección postal y coordenadas para su geolocalización.</p><p class=""MsoNormal"" style=""text-align:justify""><br></p>";Sociedad y bienestar;;CC BY 4.0 ES;es;Europe/Madrid;2026-08-05T10:53:04.050000+02:00;2024-11-07T11:08:26.046000+01:00;2026-09-24T23:08:12.453000+02:00;Junta de Castilla y León;;;;569;158628;0;15720;1651;0;0;6.2
foros-de-participacion-ciudadana;False;Foros de participación ciudadana y consulta previa;"<p style='margin-bottom: 8px; text-overflow: ellipsis; overflow-wrap: break-word; color: rgb(23, 43, 77); font-family: -apple-system, BlinkMacSystemFont, ""Segoe UI"", Roboto, ""Noto Sans"", Ubuntu, ""Droid Sans"", ""Helvetica Neue"", sans-serif; font-size: 14px;'>Listado de foros de participación publicados en el espacio de participación ciudadana <a href=""https://participa.jcyl.es/"" rel=""noreferrer nofollow"" style=""color: rgb(23, 43, 77);"" target=""_blank"">https://participacyl.es</a>.</p><p style='margin-bottom: 8px; text-overflow: ellipsis; overflow-wrap: break-word; color: rgb(23, 43, 77); font-family: -apple-system, BlinkMacSystemFont, ""Segoe UI"", Roboto, ""Noto Sans"", Ubuntu, ""Droid Sans"", ""Helvetica Neue"", sans-serif; font-size: 14px;'>Este dataset incluye tanto las consultas previas como las consultas de participación ciudadana.</p><p style='margin-bottom: 8px; text-overflow: ellipsis; overflow-wrap: break-word; color: rgb(23, 43, 77); font-family: -apple-system, BlinkMacSystemFont, ""Segoe UI"", Roboto, ""Noto Sans"", Ubuntu, ""Droid Sans"", ""Helvetica Neue"", sans-serif; font-size: 14px;'>La Ley 3/2015, de 4 de marzo, de Transparencia y Participación Ciudadana de Castilla y León regula la participación en los asuntos públicos de la Comunidad a través del Portal de Gobierno Abierto</p><p style='margin-bottom: 8px; text-overflow: ellipsis; overflow-wrap: break-word; color: rgb(23, 43, 77); font-family: -apple-system, BlinkMacSystemFont, ""Segoe UI"", Roboto, ""Noto Sans"", Ubuntu, ""Droid Sans"", ""Helvetica Neue"", sans-serif; font-size: 14px;'>La Junta de Castilla y León dentro del espacio de Gobierno Abierto ha establecido una herramienta de participación para que los anteproyectos de ley, proyectos de decreto, planes, programas, estrategias e iniciativas públicas de interés para el conjunto de la Comunidad puedan ser debatidos y completados con las opiniones de los ciudadanos.</p><p style='margin-bottom: 8px; text-overflow: ellipsis; overflow-wrap: break-word; color: rgb(23, 43, 77); font-family: -apple-system, BlinkMacSystemFont, ""Segoe UI"", Roboto, ""Noto Sans"", Ubuntu, ""Droid Sans"", ""Helvetica Neue"", sans-serif; font-size: 14px;'>Para cada foro se indica: nombre, enlace, fecha de inicio, fecha de fin, ideas (sugerencias) recibidas, así como los comentarios y votos a dichas ideas.</p>";Sector público;;CC BY 4.0 ES;es;Europe/Madrid;2026-08-05T10:43:39.696000+02:00;2026-05-27T09:40:14.270000+02:00;2026-09-24T13:40:35.895000+02:00;Junta de Castilla y León;;;;1523;520022;0;18628;1654;0;0;6.6
estadisticas-establecimientos-juego;False;Estadísticas de establecimientos en el sector del juego;"<p class=""MsoNormal"">Establecimientos en los que el juego o las apuestas se
desarrollan como actividad principal, o cuya actividad principal sea otra pero
el juego se desarrolla como actividad complementaria a la principal, tales como
los establecimientos de hostelería. La información se presenta agrupada en  columnas:<o:p></o:p></p><p class=""MsoNormal"">Año, Provincia,                 Almacén
Fiscal, Almacén Máquinas, Bingo, Bolera, Casinos, Camping, Centro de Ocio, Café
Teatro, Discoteca, Bares, Cafeterías, Pub, Centro Recreativo Familiar, Restaurante,
Salón de Juego,      Casas de Apuestas, Almacén
Apuestas y totales a 31/12<o:p></o:p></p><p class=""MsoNormal"" style=""margin-left:35.4pt"">Nota: en el año 2019 se introduce
un tipo más “<b>Almacén Apuestas</b>”
(por lo que los años anteriores en dicha columna carecen de datos).<o:p></o:p></p><p class=""MsoNormal""><o:p> </o:p></p><p>
</p><p class=""MsoNormal"">Actualización: anual.<o:p></o:p></p>";Economía;juego;CC BY 4.0 ES;es;Europe/Madrid;2026-08-05T10:21:41.079000+02:00;2026-04-09T08:30:04.389000+02:00;2026-09-24T08:30:10.989000+02:00;Junta de Castilla y León;;;;99;7176;0;11027;1656;0;0;5.6
proyectos-eia-simplificada;False;Expedientes sometidos a evaluación de impacto ambiental simplificada;"<p>La evaluación de impacto ambiental (EIA)  es el proceso a través del cual se analizan los efectos significativos que tienen o pueden tener los proyectos, antes de su autorización sobre el medio ambiente, incluyendo en dicho análisis los efectos de aquellos sobre los siguientes factores: la población, la salud humana, la flora, la fauna, la biodiversidad, la geodiversidad, la tierra, el suelo, el subsuelo, el aire, el agua, el clima, el cambio climático, el paisaje, los bienes materiales, incluido el patrimonio cultural, y la interacción entre todos los factores mencionados. </p><p>Existen dos tipos de evaluación de impacto ambiental, ordinaria y simplificada.</p><p>La Evaluación de Impacto Ambiental Simplificada (EAES), que se realizará según el procedimiento establecido en los artículos del 45 al 48 de la Ley 21/2013, de 9 de diciembre, de evaluación ambiental.</p><div><span style=""font-family: inherit; font-size: 0.833rem;"">El informe de impacto ambiental es un informe preceptivo y determinante del órgano ambiental con el que finaliza la evaluación de impacto ambiental simplificada</span><br></div><p>El informe de impacto ambiental podrá determinar que el proyecto evaluado no tiene efectos significativos sobre el medio ambiente o que debe someterse a una evaluación de impacto ambiental ordinaria.</p><p>Este informe se publicará en el Boletín Oficial del Estado o diario oficial correspondientes y sin perjuicio de su publicación en la sede electrónica del órgano ambiental. </p><div><br></div><p>• Frecuencia de actualización: Anual</p><div><br></div>";Medio ambiente;"evaluación ambiental;impacto;medio ambiente";CC BY 4.0 ES;es;Europe/Madrid;2026-08-05T09:42:03.134000+02:00;2026-05-11T16:16:07.423000+02:00;2026-09-24T23:16:11.765000+02:00;Junta de Castilla y León;;;;1318;165604;0;15798;1715;7;0;6.3
red_teatros;False;Red de Teatros;"<p style=""margin: 0cm 0cm 6pt; background-image: initial; background-position: initial; background-size: initial; background-repeat: initial; background-attachment: initial; background-origin: initial; background-clip: initial;""><span style='font-size:10.5pt;font-family:""Segoe UI"",sans-serif;
color:#172B4D'>La Red de Teatros y los Circuitos Escénicos de Castilla y León
son sendos programas culturales de colaboración entre la Consejería de Cultura
y Turismo de la Junta de Castilla y León y las Entidades Locales de más de
10.000 habitantes (en el caso del programa de Red de Teatros) y de menos de
10.000 habitantes (en el caso del programa de Circuitos Escénicos) para la
realización conjunta de actividades de artes escénicas y música con el fin de
asegurar una programación estable, coordinada y de calidad en los teatros de la
Comunidad Autónoma.<o:p></o:p></span></p><p style=""margin: 0cm 0cm 6pt; background-image: initial; background-position: initial; background-size: initial; background-repeat: initial; background-attachment: initial; background-origin: initial; background-clip: initial;""><span style='font-size:10.5pt;font-family:""Segoe UI"",sans-serif;
color:#172B4D'>La información está disgregada en: entidad, sala, dirección, CP,
provincia, municipio, responsables, teléfono/s, FAX, email, dirección web    <o:p></o:p></span></p><p>
<span style='font-size:11.0pt;line-height:107%;font-family:""Calibri"",sans-serif;
mso-ascii-theme-font:minor-latin;mso-fareast-font-family:Calibri;mso-fareast-theme-font:
minor-latin;mso-hansi-theme-font:minor-latin;mso-bidi-font-family:""Times New Roman"";
mso-bidi-theme-font:minor-bidi;mso-ansi-language:ES;mso-fareast-language:EN-US;
mso-bidi-language:AR-SA'> </span><span style='font-size:10.5pt;line-height:107%;font-family:""Segoe UI"",sans-serif;
mso-fareast-font-family:Calibri;mso-fareast-theme-font:minor-latin;color:#172B4D;
mso-ansi-language:ES;mso-fareast-language:EN-US;mso-bidi-language:AR-SA'>•
Frecuencia de actualización: Semestral<br>
<br>
</span></p>";Cultura y ocio;"teatro;cultura";CC BY 4.0 ES;es;Europe/Madrid;2026-08-05T09:33:52.237000+02:00;2024-07-22T16:13:04.417000+02:00;2026-09-24T23:13:15.599000+02:00;Junta de Castilla y León;;;;31;8300;0;15568;1861;0;0;6.3
actividad-inspectora-en-los-mataderos;False;Actividad inspectora en los mataderos;"<p>La actividad inspectora en los mataderos estudia el número de animales sacrificados y por tanto, sometidos a control e inspección veterinaria, desglosados por especie.</p><p>Aclaraciones a tener en cuenta:</p><ul>
<li>Las columnas ""Nº animales sacrificados en los mataderos de Castilla y León por cabeza - Aves de corral"" y ""Nº de sacrificios en los mataderos de Castilla y León en UGM - Aves de corral"" incluyen pollos de cebo, gallinas de puesta y otras aves (palomas, patos, etc.).</li><li>Las columnas ""Nº animales sacrificados en los mataderos de Castilla y León por cabeza - Ungulados - Porcina"" y ""Nº de sacrificios en los mataderos de Castilla y León en UGM - Ungulados - Porcina"" incluyen lechones.</li></ul>";Salud;"mataderos;salud pública;actividad inspectora;análisis";CC BY 4.0 ES;es;;2026-08-05T08:02:02.256000+02:00;2026-08-05T08:02:02.256000+02:00;2026-09-24T20:01:03.868000+02:00;Junta de Castilla y León;;;;144;14902;0;16947;1726;0;0;6.4
control-oficial-de-productos-alimenticios-provincias;False;Control oficial de productos alimenticios - provincias;<p>Programa de investigación de residuos en productos de origen animal: el objetivo de este programa es garantizar que los productos de origen animal que se ponen en el mercado destinados al consumo humano no contengan residuos de medicamentos veterinarios o contaminantes medioambientales por encima de los límites legales, así como sustancias prohibidas. Para alcanzar este objetivo, se realiza la vigilancia de estas sustancias mediante un plan de muestreo y análisis establecido anualmente.</p><p>Las tomas de muestras se pueden llevar a cabo en el marco de dos subprogramas, un “Subprograma de muestreo aleatorio” en el que las muestras a tomar serán proporcionales al número de animales sacrificados y a las producciones del año precedente al de ejecución del Plan, y otro “Programa de sospechosos” llevado a cabo únicamente en aquellos productos procedentes de animales en los que se sospeche que han podido ser objeto de tratamientos ilegales, o de tratamientos que, si bien han utilizado sustancias autorizadas, no han respetado los tiempos de espera.</p><p>Este dataset muestra la distribución de las muestras entre estos dos programas.</p><p>Frecuencia de actualización anual.</p>;Salud;"salud pública;control oficial;productos alimenticios;alimentos;provincia";CC BY 4.0 ES;es;Europe/Madrid;2026-08-05T06:06:05.569000+02:00;2026-08-05T06:06:05.569000+02:00;2026-09-24T06:06:01.464000+02:00;Junta de Castilla y León;;;;126;3662;0;12311;1136;0;0;5.4
terrenos-cinegeticos;False;Terrenos cinegéticos;"<p style=""margin: 0cm 0cm 6pt; background-image: initial; background-position: initial; background-size: initial; background-repeat: initial; background-attachment: initial; background-origin: initial; background-clip: initial;""><font color=""#172b4d"" face=""Segoe UI, sans-serif"">Estadística anual en la que se refleja la relación de cotos de caza y reservas de caza existentes en cada provincia para cada temporada de caza, definiendo la superficie que aporta cada grupo a la provincia.</font></p><p style=""margin: 0cm 0cm 6pt; background-image: initial; background-position: initial; background-size: initial; background-repeat: initial; background-attachment: initial; background-origin: initial; background-clip: initial;""><span style='color: rgb(23, 43, 77); font-family: ""Segoe UI"", sans-serif; font-size: 0.875rem;'>Cada registro del conjunto de datos incluye datos del año, provincia, tipo (reservas regionales de caza, cotos de caza, cotos regionales y zonas de caza controlada), número y superficie en hectáreas.</span><br></p><p style=""margin: 0cm 0cm 6pt; background-image: initial; background-position: initial; background-size: initial; background-repeat: initial; background-attachment: initial; background-origin: initial; background-clip: initial;""><font color=""#172b4d"" face=""Segoe UI, sans-serif"">Frecuencia de actualización: Anual<br></font></p>";Medio ambiente;"caza;cotos";CC BY 4.0 ES;es;Europe/Madrid;2026-07-31T14:38:18.787000+02:00;2026-02-25T11:54:02.963000+01:00;2026-09-24T11:54:15.682000+02:00;Junta de Castilla y León;;;;324;17600;0;40394;1775;0;0;8.7
representantes-en-consejos-de-administracion-de-empresas-publicas-y-participadas;False;Representantes en Consejos de Administración de Empresas Públicas y Participadas;"<p><span style=""font-size: 12.495px;"">Para cada representante se indica: empresa, si la empresa es pública o participada, entidad a la que se vincula (administración general u otra entidad) y nombre de la persona.</span><br></p>";Sector público;"consejos de administración;empresas públicas;empresas participadas;administración pública";CC BY 4.0 ES;es;Europe/Madrid;2026-07-31T14:37:38.031000+02:00;2026-07-31T14:37:38.031000+02:00;2026-07-31T14:37:38.155000+02:00;Junta de Castilla y León;;;;34;3392;0;4308;1726;0;0;4.3
directorio-organizaciones-profesionales-comercio;False;Directorio de organizaciones profesionales de comercio;"<p><span style='color: rgb(23, 43, 77); font-family: -apple-system, BlinkMacSystemFont, ""Segoe UI"", Roboto, ""Noto Sans"", Ubuntu, ""Droid Sans"", ""Helvetica Neue"", sans-serif; font-size: 14px;'>Comprende un conjunto de datos de todas las asociaciones y federaciones de comerciante inscritas en el registro de organizaciones profesionales de comercio, creado mediante Decreto 10/1993, de 28 de enero y cuyo órgano gestor es la Dirección General de Comercio y Consumo.</span><br style='color: rgb(23, 43, 77); font-family: -apple-system, BlinkMacSystemFont, ""Segoe UI"", Roboto, ""Noto Sans"", Ubuntu, ""Droid Sans"", ""Helvetica Neue"", sans-serif; font-size: 14px;'/><span style='color: rgb(23, 43, 77); font-family: -apple-system, BlinkMacSystemFont, ""Segoe UI"", Roboto, ""Noto Sans"", Ubuntu, ""Droid Sans"", ""Helvetica Neue"", sans-serif; font-size: 14px;'>Se trata de organizaciones sin ánimo de lucro y con personalidad jurídica que tienen su sede social en Castilla y León y desarrollan una actividad comercial en el territorio de nuestra Comunidad. Su finalidad es la defensa de los intereses de los sectores del comercio al por mayor y al por menor cuya actividad esté incluida en los epígrafes comprendidos entre los códigos 45 a 47.9 de la Clasificación Nacional de Actividades Económicas (CNAE).</span><br style='color: rgb(23, 43, 77); font-family: -apple-system, BlinkMacSystemFont, ""Segoe UI"", Roboto, ""Noto Sans"", Ubuntu, ""Droid Sans"", ""Helvetica Neue"", sans-serif; font-size: 14px;'/><span style='color: rgb(23, 43, 77); font-family: -apple-system, BlinkMacSystemFont, ""Segoe UI"", Roboto, ""Noto Sans"", Ubuntu, ""Droid Sans"", ""Helvetica Neue"", sans-serif; font-size: 14px;'>La información se encuentra agrupada en: nombre, dirección, localidad, provincia, código postal, teléfono, fax, email, nº de registro y su geolocalización</span><br></p>";Comercio;"comercio;directorio";CC BY 4.0 ES;es;Europe/Madrid;2026-07-31T14:31:14.772000+02:00;2026-06-29T16:07:03.051000+02:00;2026-09-24T23:07:15.787000+02:00;Junta de Castilla y León;;;;131;33303;0;24879;1818;0;0;7.4
compromisos-del-pacto-para-la-recuperacion-economica-el-empleo-y-la-cohesion-soc;False;Compromisos del Pacto para la Recuperación Económica, el Empleo y la Cohesión Social;"<p><span style=""font-size: 12.495px;"">86 medidas del Pacto para la Recuperación Económica, el Empleo y la Cohesión Social. Se centran en cinco grandes ejes: sanidad de calidad y equidad, economía y empleo, protección social, servicios públicos y financiación de la Comunidad tanto a nivel nacional como en la Unión Europea. El objetivo es garantizar la estabilidad política, económica y social para impulsar el futuro de Castilla y León tras la crisis sanitaria provocada por la COVID-19.</span></p><p><span style=""font-family: inherit;"">En cada compromiso se indica a qué eje (bloque) pertenece, las consejerías y órganos responsables, y el estado de ejecución junto con las fechas de inicio y de finalización, en su caso. Compromisos del pacto de recuperación económica</span></p><p><span style=""font-family: inherit;""><br></span><br></p>";"Economía;Empleo;Sociedad y bienestar";"administración pública;coronavirus;COVID-19;compromisos;actuaciones;pacto recuperación económica";CC BY 4.0 ES;es;Europe/Madrid;2026-07-31T14:27:20.356000+02:00;2026-07-31T14:27:20.356000+02:00;2026-07-31T14:27:20.401000+02:00;Junta de Castilla y León;;;;86;78518;0;18284;1715;0;0;6.6
consejos-de-colegios-profesionales;False;Consejos de Colegios profesionales;"<p><span style=""font-size: 12.495px;"">Datos relativos a los consejos de colegios profesionales inscritos en el registro de colegios profesionales y consejos de colegios de Castilla y León.</span></p><p><span style=""font-family: inherit; font-size: 1em;"">Frecuencia de actualización:</span><span style=""font-family: inherit; font-size: 1em;""> Mensual.</span></p><p><br></p>";Sector público;"registro;consejos;Colegios profesionales";CC BY 4.0 ES;es;Europe/Madrid;2026-07-31T14:09:22.055000+02:00;2026-07-31T14:09:22.055000+02:00;2026-07-31T14:09:22.098000+02:00;Junta de Castilla y León;;;;16;6200;0;6817;2552;0;0;5.4
programa_conciliamos;False;"Información sobre el programa ""Conciliamos""";"<p class=""MsoNormal"" style=""margin-bottom: 6pt; line-height: normal; background-image: initial; background-position: initial; background-size: initial; background-repeat: initial; background-attachment: initial; background-origin: initial; background-clip: initial;""><font color=""#172b4d"" face=""Segoe UI, sans-serif"">El objetivo es el cuidado y atención lúdica para niños entre los 3 y 12 años (hasta 14 cuando se trata de niños con necesidades específicas de apoyo educativo) en periodos no lectivos mientras sus padres trabajan. Los menores están a cargo de monitores de ocio y tiempo libre y desarrollan actividades plásticas, artísticas, deportivas, juegos. Realizan también actividades de promoción, conocimiento, concienciación y sensibilización de los derechos de la infancia, fomento de la igualdad de oportunidades entre niñas y niños y taller de animación a la lectura. El programa se desarrolla durante las vacaciones de Carnaval, Semana Santa, verano y Navidad.</font><br></p><p class=""MsoNormal"" style=""margin-bottom: 6pt; line-height: normal; background-image: initial; background-position: initial; background-size: initial; background-repeat: initial; background-attachment: initial; background-origin: initial; background-clip: initial;""><span style='font-size:10.5pt;font-family:""Segoe UI"",sans-serif;
mso-fareast-font-family:""Times New Roman"";color:#172B4D;mso-fareast-language:
ES'>Los datos se encuentran estructurados en:</span> <span style='font-size:
10.5pt;font-family:""Segoe UI"",sans-serif;mso-fareast-font-family:""Times New Roman"";
color:#172B4D;mso-fareast-language:ES'>Año, Convocatoria, Provincia, Nº de
Centros, Solicitudes presentadas, Solicitudes admitidas<o:p></o:p></span></p><p>
</p><p class=""MsoNormal"" style=""margin-bottom: 6pt; line-height: normal; background-image: initial; background-position: initial; background-size: initial; background-repeat: initial; background-attachment: initial; background-origin: initial; background-clip: initial;""><span style='font-size:10.5pt;font-family:""Segoe UI"",sans-serif;
mso-fareast-font-family:""Times New Roman"";color:#172B4D;mso-fareast-language:
ES'>• Frecuencia de actualización: Anual<o:p></o:p></span></p>";Sociedad y bienestar;"conciliamos;familia";CC BY 4.0 ES;es;Europe/Madrid;2026-07-31T13:29:22.422000+02:00;2026-06-18T14:30:02.643000+02:00;2026-09-24T14:31:05.608000+02:00;Junta de Castilla y León;;;;261;13781;0;7760;1890;0;0;5.2
uniones_de_hecho;False;Estadística del registro de parejas de hecho;"<p class=""MsoNormal"" style=""margin-bottom: 6pt; line-height: normal; background-image: initial; background-position: initial; background-size: initial; background-repeat: initial; background-attachment: initial; background-origin: initial; background-clip: initial;""><font color=""#172b4d"" face=""Segoe UI, sans-serif"">Parejas que comparten su vida en una relación afectiva análoga a la conyugal, no fundamentada en el vínculo matrimonial, que requieren la existencia de un instrumento que acredite su situación.</font></p><p class=""MsoNormal"" style=""margin-bottom: 6pt; line-height: normal; background-image: initial; background-position: initial; background-size: initial; background-repeat: initial; background-attachment: initial; background-origin: initial; background-clip: initial;""><font color=""#172b4d"" face=""Segoe UI, sans-serif""><span style=""font-size: 10.5pt;"">
La información se encuentran estructurada en:</span></font>  <span style='font-size:10.5pt;font-family:
""Segoe UI"",sans-serif;mso-fareast-font-family:""Times New Roman"";color:#172B4D;
mso-fareast-language:ES'>año, provincia, solicitudes, parejas heterosexuales, parejas
homosexuales<o:p></o:p></span></p><p>
</p><p class=""MsoNormal"" style=""margin-bottom: 6pt; line-height: normal; background-image: initial; background-position: initial; background-size: initial; background-repeat: initial; background-attachment: initial; background-origin: initial; background-clip: initial;""><span style='font-size:10.5pt;font-family:""Segoe UI"",sans-serif;
mso-fareast-font-family:""Times New Roman"";color:#172B4D;mso-fareast-language:
ES'>• Frecuencia de actualización: Anual<o:p></o:p></span></p>";Sociedad y bienestar;"familia;parejas de hecho";CC BY 4.0 ES;es;Europe/Madrid;2026-07-31T12:59:41.863000+02:00;2024-09-24T11:02:18.992000+02:00;2026-09-24T11:02:19.999000+02:00;Junta de Castilla y León;;;;126;5125;0;5071;1982;0;0;4.7
estadisticas-del-sistema-de-registro-unico-de-castilla-y-leon;False;Estadísticas del Sistema de Registro Único de Castilla y León;"<p style='margin-bottom: 8px; text-overflow: ellipsis; overflow-wrap: break-word; color: rgb(23, 43, 77); font-family: -apple-system, BlinkMacSystemFont, ""Segoe UI"", Roboto, ""Noto Sans"", Ubuntu, ""Droid Sans"", ""Helvetica Neue"", sans-serif; font-size: 14px;'>Datos registrales esenciales derivados de la atención ciudadana desde las oficinas autonómicas de asistencia en materia de registros.</p><p style='margin-bottom: 8px; text-overflow: ellipsis; overflow-wrap: break-word; color: rgb(23, 43, 77); font-family: -apple-system, BlinkMacSystemFont, ""Segoe UI"", Roboto, ""Noto Sans"", Ubuntu, ""Droid Sans"", ""Helvetica Neue"", sans-serif; font-size: 14px;'>SIRCYL es la aplicación informática que da soporte al Sistema del Registro Único de la Administración de la Comunidad de Castilla y León, integrada desde su certificación por la Administración General del Estado en el “Sistema de Interconexión de Registros” (SIR) a nivel nacional. Se encuentra implantada en la totalidad de las oficinas de asistencia autonómicas. Permite digitalizar la documentación que presenta el ciudadano en papel y enviarla electrónicamente en cuestión de segundos a su destino en cualquier administración a nivel nacional.</p><p style='margin-bottom: 8px; text-overflow: ellipsis; overflow-wrap: break-word; color: rgb(23, 43, 77); font-family: -apple-system, BlinkMacSystemFont, ""Segoe UI"", Roboto, ""Noto Sans"", Ubuntu, ""Droid Sans"", ""Helvetica Neue"", sans-serif; font-size: 14px;'>IR: Asientos involucrados en Intercambio Registral entre administraciones.<br>DI: Asientos enviados por Distribución Interna a unidades administrativas de la Junta de Castilla y León.</p><p style='margin-bottom: 8px; text-overflow: ellipsis; overflow-wrap: break-word; color: rgb(23, 43, 77); font-family: -apple-system, BlinkMacSystemFont, ""Segoe UI"", Roboto, ""Noto Sans"", Ubuntu, ""Droid Sans"", ""Helvetica Neue"", sans-serif; font-size: 14px;'>REUN es la aplicación que daba soporte al Sistema de Registro Único de la A.C.CYL hasta 2017, con una operativa en soporte papel en exclusiva (ni distribución interna ni intercambio registral). Durante el 2017 se fue abandonando progresivamente a medida que se implantaba SIRCYL.</p><p style='margin-bottom: 8px; text-overflow: ellipsis; overflow-wrap: break-word; color: rgb(23, 43, 77); font-family: -apple-system, BlinkMacSystemFont, ""Segoe UI"", Roboto, ""Noto Sans"", Ubuntu, ""Droid Sans"", ""Helvetica Neue"", sans-serif; font-size: 14px;'>Nota: Los datos totales de SIRCYL no corresponde con la suma de su desglose porque en el mismo asiento registral se pueden dar ciclos de vida distintos que pueden involucrar, o no, a una, a dos o a las tres columnas.</p><p style='margin-bottom: 0px; text-overflow: ellipsis; overflow-wrap: break-word; color: rgb(23, 43, 77); font-family: -apple-system, BlinkMacSystemFont, ""Segoe UI"", Roboto, ""Noto Sans"", Ubuntu, ""Droid Sans"", ""Helvetica Neue"", sans-serif; font-size: 14px;'>• Frecuencia de actualización: Mensual</p>";Sector público;"administración pública;información administrativa;oficinas de atención al ciudadano;SIRCYL";CC BY 4.0 ES;es;Europe/Madrid;2026-07-31T12:51:25.750000+02:00;2025-02-07T11:05:05.272000+01:00;2026-09-24T11:05:25.683000+02:00;Junta de Castilla y León;;;;30;1278;0;60652;2131;0;0;10.4
subvenciones-covid19;False;Subvenciones COVID-19;"<p><b>Subvenciones y ayudas concedidas para reducir el impacto económico provocado por la COVID-19 en el mercado laboral</b>.<br></p><p>En este conjunto de datos refleja las ayudas y subvenciones concedidas en el marco de dos importantes acuerdos alcanzados en el seno del Diálogo Social, con objeto de mitigar los efectos económicos provocados por la pandemia. El primero de ellos es el Plan de Medidas Extraordinarias para la protección a los trabajadores/as, a las empresas, a las familias y a personas vulnerables con motivo de la crisis del Covid-19, cuyas medidas se han instrumentalizado a través del Decreto-Ley 2/2020, de 16 de abril, de medidas urgentes y extraordinarias para la protección de las personas y las empresas de Castilla y León frente al impacto económico y social del COVID-19. Y el segundo, es el Plan de Choque para favorecer el empleo de las personas y colectivos más afectados por la crisis COVID-19, que constituye un paso más en el cumplimiento del mandato contenido en el punto 25 del Pacto para la Recuperación Económica, el Empleo y la Cohesión Social en la Comunidad.</p><p><span style=""font-family: inherit; font-size: 0.833rem;""> Además, debido al gran impacto que supone para el tejido económico y empresarial, se pueden visualizar las subvenciones para trabajadores por cuenta propia o autónomos de los sectores de ocio nocturno, comerciales, industriales, de servicios, profesionales y análogos, así como las ayudas destinadas a proporcionar a autónomos y empresas el apoyo a la solvencia y reducir el endeudamiento del sector privado, dentro del ámbito territorial de la Comunidad de Castilla y León, ambas convocadas con el fin de reducir el impacto económico del coronavirus.</span><br></p><p> No se publica la información relativa a las Ayudas a la protección de las personas trabajadoras que no perciban ningún tipo de prestación o subsidio por desempleo o por cese de actividad, debido a que se tratan datos sensibles cuya publicación puede exponer a sus titulares a una situación de vulnerabilidad. En dichas ayudas hay un total de 1567 beneficiarios que han percibido un total de 3.282.343,39 euros.</p><p>* La información sobre concesiones de subvenciones, se publica de acuerdo con lo establecido en el Artículo 7.8 del Real Decreto 130/2019, de 8 de marzo, por el que se regula la Base de Datos Nacional de Subvenciones y la publicidad de las subvenciones y demás ayudas públicas.<br></p><p><span style=""font-family: inherit; font-size: 0.833rem;""> Datos a 6 de septiembre de 2021.</span></p><p><span style=""--tw-translate-x: 0; --tw-translate-y: 0; --tw-rotate: 0; --tw-skew-x: 0; --tw-skew-y: 0; --tw-scale-x: 1; --tw-scale-y: 1; --tw-pan-x: ; --tw-pan-y: ; --tw-pinch-zoom: ; --tw-scroll-snap-strictness: proximity; --tw-ordinal: ; --tw-slashed-zero: ; --tw-numeric-figure: ; --tw-numeric-spacing: ; --tw-numeric-fraction: ; --tw-ring-inset: ; --tw-ring-offset-width: 0px; --tw-ring-offset-color: #fff; --tw-ring-color: rgb(59 130 246 / .5); --tw-ring-offset-shadow: 0 0 #0000; --tw-ring-shadow: 0 0 #0000; --tw-shadow: 0 0 #0000; --tw-shadow-colored: 0 0 #0000; --tw-blur: ; --tw-brightness: ; --tw-contrast: ; --tw-grayscale: ; --tw-hue-rotate: ; --tw-invert: ; --tw-saturate: ; --tw-sepia: ; --tw-drop-shadow: ; --tw-backdrop-blur: ; --tw-backdrop-brightness: ; --tw-backdrop-contrast: ; --tw-backdrop-grayscale: ; --tw-backdrop-hue-rotate: ; --tw-backdrop-invert: ; --tw-backdrop-opacity: ; --tw-backdrop-saturate: ; --tw-backdrop-sepia: ; color: rgb(86, 86, 86); font-family: inherit; font-size: 1em; font-weight: bolder;"">Frecuencia de actualización:</span><span style=""--tw-translate-x: 0; --tw-translate-y: 0; --tw-rotate: 0; --tw-skew-x: 0; --tw-skew-y: 0; --tw-scale-x: 1; --tw-scale-y: 1; --tw-pan-x: ; --tw-pan-y: ; --tw-pinch-zoom: ; --tw-scroll-snap-strictness: proximity; --tw-ordinal: ; --tw-slashed-zero: ; --tw-numeric-figure: ; --tw-numeric-spacing: ; --tw-numeric-fraction: ; --tw-ring-inset: ; --tw-ring-offset-width: 0px; --tw-ring-offset-color: #fff; --tw-ring-color: rgb(59 130 246 / .5); --tw-ring-offset-shadow: 0 0 #0000; --tw-ring-shadow: 0 0 #0000; --tw-shadow: 0 0 #0000; --tw-shadow-colored: 0 0 #0000; --tw-blur: ; --tw-brightness: ; --tw-contrast: ; --tw-grayscale: ; --tw-hue-rotate: ; --tw-invert: ; --tw-saturate: ; --tw-sepia: ; --tw-drop-shadow: ; --tw-backdrop-blur: ; --tw-backdrop-brightness: ; --tw-backdrop-contrast: ; --tw-backdrop-grayscale: ; --tw-backdrop-hue-rotate: ; --tw-backdrop-invert: ; --tw-backdrop-opacity: ; --tw-backdrop-saturate: ; --tw-backdrop-sepia: ; color: rgb(86, 86, 86); font-family: inherit; font-size: 1em;""> No programada.</span><span style=""font-family: inherit; font-size: 0.833rem;""><br></span><br></p>";Economía;"COVID-19;ayudas;subvenciones";CC BY 4.0 ES;es;Europe/Madrid;2026-07-31T12:28:07.881000+02:00;2023-08-10T15:48:57.065000+02:00;2026-07-31T12:28:09.865000+02:00;Junta de Castilla y León;;;;36354;12856430;0;36004;2770;0;0;8.9
registro-de-centros-infantiles;False;Registro de centros infantiles;"<p class=""MsoNormal"" style=""margin-bottom: 6pt; line-height: normal; background-image: initial; background-position: initial; background-size: initial; background-repeat: initial; background-attachment: initial; background-origin: initial; background-clip: initial;""><font color=""#172b4d"" face=""Segoe UI, sans-serif"">El Registro de Centros Infantiles para la conciliación de la vida familiar y laboral tiene carácter público, voluntario y gratuito, y recoge los Centros infantiles dirigidos a la atención de niños y niñas de 0 a 3 años, que desarrollen su actividad en Castilla y León. La inscripción en el mismo tiene únicamente efectos declarativos, sin perjuicio de que para la obtención de las ayudas otorgadas por la Administración de la Comunidad Autónoma será condición indispensable dicha inscripción.</font><br></p><p class=""MsoNormal"" style=""margin-bottom: 6pt; line-height: normal; background-image: initial; background-position: initial; background-size: initial; background-repeat: initial; background-attachment: initial; background-origin: initial; background-clip: initial;""><span style='font-size:10.5pt;font-family:""Segoe UI"",sans-serif;
mso-fareast-font-family:""Times New Roman"";color:#172B4D;mso-fareast-language:
ES'>Los datos se encuentran estructurados en: </span> <span style='font-size:10.5pt;font-family:
""Segoe UI"",sans-serif;mso-fareast-font-family:""Times New Roman"";color:#172B4D;
mso-fareast-language:ES'>Año,  Tipo
Centro (los valores que se admiten serían): {Urbanos, Rurales, Escuelas
Infantiles-PRIVADO, Centros infantiles-PRIVADO ,Escuelas infantiles-PUBLICA ,Centros
infantiles-PUBLICA, Administración autonómica, Administración Local }, Nº
Centros,  Nº plaza, Provincia.<o:p></o:p></span></p><p>
</p><p class=""MsoNormal"" style=""margin-bottom: 6pt; line-height: normal; background-image: initial; background-position: initial; background-size: initial; background-repeat: initial; background-attachment: initial; background-origin: initial; background-clip: initial;""><span style='font-size:10.5pt;font-family:""Segoe UI"",sans-serif;
mso-fareast-font-family:""Times New Roman"";color:#172B4D;mso-fareast-language:
ES'>• Frecuencia de actualización: Anual<o:p></o:p></span></p>";Sociedad y bienestar;"centros infantiles;familia";CC BY 4.0 ES;es;Europe/Madrid;2026-07-31T12:27:40.575000+02:00;2023-10-21T15:00:04.083000+02:00;2026-09-24T15:01:11.662000+02:00;Junta de Castilla y León;;;;36;4382;0;5245;2780;0;0;5.2
registro-de-agentes-de-cooperacion-para-el-desarrollo-de-castilla-y-leon;False;Registro de agentes de cooperación para el desarrollo de Castilla y León;"<p style=""font-family: lora; font-size: medium;"">Se consideran agentes de cooperación para el desarrollo aquellas entidades, de carácter público o privado, que intervengan en las tareas de cooperación para el desarrollo y compartan y respeten los objetivos y principios previstos en la LEY 9/2006, de 10 de octubre, de Cooperación al Desarrollo.</p><p style=""font-family: lora; font-size: medium;"">La inscripción en el Registro de Agentes de Cooperación al Desarrollo de Castilla y León es un requisito imprescindible para que aquellos organismos o entidades de nuestra Comunidad, que no sean Administración Pública, puedan recibir ayudas de la Administración de Castilla y León.</p><p style=""font-family: lora; font-size: medium;"">El listado del presente registro corresponde con aquellas entidades que cumpliendo los requisitos mencionados tengan domicilio social en el territorio de la Comunidad Autónoma o delegaciones o sedes permanentes radicadas en este territorio.</p><p style=""font-family: lora; font-size: medium;"">Frecuencia de actualización: Semestral<br></p>";Sociedad y bienestar;"registro;agentes;cooperación;desarrollo;ONG";CC BY 4.0 ES;es;Europe/Madrid;2026-07-31T12:17:47.713000+02:00;2026-05-07T14:33:03.047000+02:00;2026-09-24T23:33:12.715000+02:00;Junta de Castilla y León;;;;304;60232;0;22995;3310;0;0;8.0
sugerencias-y-quejas-de-los-ciudadanos;False;Sugerencias y quejas de los ciudadanos;"<p style='margin-bottom: 8px; text-overflow: ellipsis; overflow-wrap: break-word; color: rgb(23, 43, 77); font-family: -apple-system, BlinkMacSystemFont, ""Segoe UI"", Roboto, ""Noto Sans"", Ubuntu, ""Droid Sans"", ""Helvetica Neue"", sans-serif; font-size: 14px;'>Las sugerencias y quejas son las propuestas o las manifestaciones formuladas por la ciudadanía sobre las mejoras o disconformidades que se observen en los órganos y unidades administrativas o en el funcionamiento de los servicios públicos con la finalidad de fomentar la mejora e innovación de los servicios públicos.</p><p style='margin-bottom: 8px; text-overflow: ellipsis; overflow-wrap: break-word; color: rgb(23, 43, 77); font-family: -apple-system, BlinkMacSystemFont, ""Segoe UI"", Roboto, ""Noto Sans"", Ubuntu, ""Droid Sans"", ""Helvetica Neue"", sans-serif; font-size: 14px;'>El dataset presenta los siguientes campos: Tipo (queja o sugerencia); Estado; Fecha de la solicitud; Origen (fuente); Unidad (consejería u organismo); Provincia; Referencia (breve descripción).</p><p style='margin-bottom: 8px; text-overflow: ellipsis; overflow-wrap: break-word; color: rgb(23, 43, 77); font-family: -apple-system, BlinkMacSystemFont, ""Segoe UI"", Roboto, ""Noto Sans"", Ubuntu, ""Droid Sans"", ""Helvetica Neue"", sans-serif; font-size: 14px;'>• Frecuencia de actualización: Anual.</p>";Sector público;;CC BY 4.0 ES;es;Europe/Madrid;2026-07-31T10:19:33.140000+02:00;2026-07-31T10:19:33.140000+02:00;2026-07-31T10:19:33.519000+02:00;Junta de Castilla y León;;;;8216;1198325;0;15764;3854;0;0;7.4
registro-de-artesanos-alimentarios;False;Registro de Artesanos Alimentarios;"<p><span style=""font-family: lora; font-size: medium;"">Relación de las empresas artesanas alimentarias inscritas en el registro de la Consejería de Agricultura y Ganadería.</span><br></p>";Industria;"industrias;agroalimentación;artesanos";CC BY 4.0 ES;es;Europe/Madrid;2026-07-31T10:16:57.463000+02:00;2025-02-06T11:00:09.969000+01:00;2026-09-24T15:01:28.225000+02:00;Junta de Castilla y León;;;;419;62573;0;20139;4099;0;0;8.0
superficies-de-cultivos-municipales;False;Superficies de cultivos municipales;"<p><span style=""font-family: lora; font-size: medium;"">Distribución General de la Tierra por Cultivos y Aprovechamientos municipales.</span></p><p><span style=""font-family: inherit; font-size: 1em; font-weight: bolder;"">Frecuencia de actualización:</span><span style=""font-family: inherit; font-size: 1em;""> Anual</span></p>";Medio rural y pesca;"agricultura;superficies;cultivos;municipios";CC BY 4.0 ES;es;Europe/Madrid;2026-07-30T14:05:04.993000+02:00;2026-07-30T14:05:04.993000+02:00;2026-09-03T10:26:36.390000+02:00;Junta de Castilla y León;;;;313367;34615432;0;32297;3308;0;0;8.9
vehiculos-de-la-administracion-general-de-la-comunidad-y-sus-organismos-autonomo;False;Vehículos de la Administración General de la Comunidad y sus organismos autónomos;"<p><span style=""font-size: 12.495px;"">Para cada vehículo se indica: consejería u organismo, marca, modelo, tipo, matrícula (al menos de los turismos con matrícula 0000 BDR en adelante) y año de matriculación.</span></p><p><span style=""font-size: 12.495px;"">Actualización anual. Los datos se recopilan una vez finalizado el año.<br></span><br></p>";Sector público;"inventario;vehículos;administración pública";CC BY 4.0 ES;es;Europe/Madrid;2026-07-30T13:18:02.115000+02:00;2026-07-30T13:18:02.115000+02:00;2026-09-24T13:18:47.092000+02:00;Junta de Castilla y León;;;;5773;591760;0;23145;2058;0;0;7.3
urgencias-hospitalarias-atendidas-2022-2023;False;Urgencias Hospitalarias atendidas - 2022/2023;"<p>Nº de Urgencias Hospitalarias que han sido atendidas. Cada registro representa una urgencia hospitalaria atendida en los años 2022 y 2023.</p><p><font face=""inherit""><span style=""font-size: 0.875rem;"">La información se presenta agrupada en columnas: Fecha de atención, Día de la semana, Hora, Nivel de triaje, Zona Básica de Salud</span></font><font face=""inherit""><span style=""font-size: 0.875rem;"">, Ámbito de procedencia, Hospital, Área, Provincia, Edad, Sexo.</span></font><br></p><p><span style=""font-family: inherit; font-size: 0.875rem;"">Frecuencia de actualización: Mensual.</span><br></p>";Salud;"sanidad;urgencias;BISION";CC BY 4.0 ES;es;Europe/Madrid;2026-07-30T10:30:10.087000+02:00;2026-07-30T10:30:10.087000+02:00;2026-07-30T10:30:10.129000+02:00;Junta de Castilla y León;;;;2105371;251683758;0;7323;396;0;0;3.8
datos-plantillas-cuerpos-policia-local;False;Datos de plantillas de Cuerpos de Policía Local;"<p>Información sobre los municipios de Castilla y León  que cuentan con cuerpos de policía local o con vigilantes municipales. Así mismo refleja el número de efectivos que integran sus plantillas desagregado este dato por sexos.</p><p>Se considera Medio Urbano aquellos municipios de más de 20.000 habitantes.</p><p> El conjunto de datos está disgregado en:  año, provincia , ayuntamiento, número de vigilantes de seguridad, Policía Local -Ejecutiva- Agente, Policía Local -Ejecutiva- Oficial, Policía Local - Técnica -  Suboficial,  Policía Local - Técnica - Inspector, Policía Local - Superior - Mayor, Policía Local - Superior - Intendente, Policía Local - Superior - Superintendentes, Total,  Hombres, Mujeres, Medio urbano o rural.</p><p><span style=""font-family: inherit; font-size: 0.875rem;"">Frecuencia de Actualización: Semestral en junio y diciembre</span><br></p><div><br></div>";Seguridad;"Seguridad Pública;policía local;vigilantes locales;Agencia Protección Civil;protección ciudadana";CC BY 4.0 ES;es;Europe/Madrid;2026-07-30T10:21:00.697000+02:00;2026-02-01T14:00:36.174000+01:00;2026-09-01T14:00:47.846000+02:00;Junta de Castilla y León;;;;820;50154;0;88776;2270;0;0;12.2
deportistas-alto-nivel;False;Deportistas de alto nivel;"<p style=""background-image: initial; background-position: initial; background-size: initial; background-repeat: initial; background-attachment: initial; background-origin: initial; background-clip: initial;""><span style='color: rgb(23, 43, 77); font-family: -apple-system, BlinkMacSystemFont, ""Segoe UI"", Roboto, ""Noto Sans"", Ubuntu, ""Droid Sans"", ""Helvetica Neue"", sans-serif; font-size: 14px;'>Se considera deporte de alto nivel aquel que es de interés para el Estado o para la Comunidad Autónoma, por motivos como el estímulo para el fomento del deporte base y la función representativa de España, o en su caso de Castilla y León, en las competiciones. Para ser declarado deportista de alto nivel se atiende fundamentalmente al rendimiento y clasificación en las competiciones deportivas. Los deportistas de alto nivel pueden obtener determinados beneficios, como becas o acceso preferente para el uso de las instalaciones deportivas de la Junta de Castilla y León.</span></p><p>
</p><p style=""margin: 0cm 0cm 6pt; background-image: initial; background-position: initial; background-size: initial; background-repeat: initial; background-attachment: initial; background-origin: initial; background-clip: initial;""><span style='font-size:10.5pt;font-family:""Segoe UI"",sans-serif;
color:#172B4D'>La información se
encuentra desglosada en:</span> <span style='font-size:10.5pt;font-family:
""Segoe UI"",sans-serif;color:#172B4D'>federaciones deportivas
de castilla y león, grupo, apellidos, nombre, causa
desestimación, DNI/NIF y disposición/fecha de publicación.</span></p><p style=""margin: 0cm 0cm 6pt; background-image: initial; background-position: initial; background-size: initial; background-repeat: initial; background-attachment: initial; background-origin: initial; background-clip: initial;""><span style='color: rgb(23, 43, 77); font-family: ""Segoe UI"", sans-serif; font-size: 10.5pt;'>Frecuencia de actualización: Anual.</span></p><p style=""margin: 0cm 0cm 6pt; background-image: initial; background-position: initial; background-size: initial; background-repeat: initial; background-attachment: initial; background-origin: initial; background-clip: initial;""><span style='font-size:10.5pt;font-family:
""Segoe UI"",sans-serif;color:#172B4D'><o:p></o:p></span></p>";Deporte;deporte;CC BY 4.0 ES;es;Europe/Madrid;2026-07-30T10:05:22.148000+02:00;2025-05-19T17:44:55.088000+02:00;2026-09-24T01:03:02.522000+02:00;Junta de Castilla y León;;;;3100;928724;0;55518;1239;0;0;9.5
urgencias-hospitalarias-atendidas-2020-2021;False;Urgencias Hospitalarias atendidas - 2020/2021;"<p>Nº de Urgencias Hospitalarias que han sido atendidas. Cada registro representa una urgencia hospitalaria atendida en los años 2020 y 2021.</p><p><font face=""inherit""><span style=""font-size: 0.875rem;"">La información se presenta agrupada en columnas: Fecha de atención, Día de la semana, Hora, Nivel de triaje, Zona Básica de Salud</span></font><font face=""inherit""><span style=""font-size: 0.875rem;"">, Ámbito de procedencia, Hospital, Área, Provincia, Edad, Sexo.</span></font><br></p><p><span style=""font-family: inherit; font-size: 0.875rem;"">Frecuencia de actualización: Mensual.</span><br></p>";Salud;"sanidad;urgencias;BISION";CC BY 4.0 ES;es;Europe/Madrid;2026-07-30T09:44:14.147000+02:00;2026-07-30T09:44:14.147000+02:00;2026-08-06T12:20:28.375000+02:00;Junta de Castilla y León;;;;1615524;199830207;0;2801;336;0;0;2.7
acreditacion-de-competencias-profesionales;False;Acreditación de competencias profesionales;"<p style='margin-bottom: 8px; overflow-wrap: break-word; text-overflow: ellipsis; color: rgb(23, 43, 77); font-family: -apple-system, BlinkMacSystemFont, ""Segoe UI"", Roboto, ""Noto Sans"", Ubuntu, ""Droid Sans"", ""Helvetica Neue"", sans-serif;'>Las competencias profesionales adquiridas en el trabajo y los conocimientos obtenidos por la experiencia acumulada a lo largo de la vida ahora pueden ser reconocidos. En otras palabras, si NO se posee una titulación oficial, pero se tienen conocimientos profesionales obtenidos por una actividad laboral, o por haber desarrollado tareas de voluntariado, becario u otro tipo de actividades no remuneradas, o se tienen conocimientos por vías de aprendizaje no formales de formación, mediante este proceso, los candidatos pueden demostrar lo que saben hacer y obtener una certificación oficial relacionada con su actividad.</p><p style=""margin: 0cm 0cm 6pt; background-image: initial; background-position: initial; background-size: initial; background-repeat: initial; background-attachment: initial; background-origin: initial; background-clip: initial;""><span style='color: rgb(23, 43, 77); font-family: -apple-system, BlinkMacSystemFont, ""Segoe UI"", Roboto, ""Noto Sans"", Ubuntu, ""Droid Sans"", ""Helvetica Neue"", sans-serif; font-size: 0.875rem;'>La Administración Pública convoca procedimientos de Evaluación y Acreditación de Competencias Profesionales en las Comunidades Autónomas. La convocatoria se centra en determinados ámbitos profesionales y se puede participar en aquella que se ajuste a nuestro perfil.</span></p><p style=""margin: 0cm 0cm 6pt; background-image: initial; background-position: initial; background-size: initial; background-repeat: initial; background-attachment: initial; background-origin: initial; background-clip: initial;""><span style='color: rgb(23, 43, 77); font-family: -apple-system, BlinkMacSystemFont, ""Segoe UI"", Roboto, ""Noto Sans"", Ubuntu, ""Droid Sans"", ""Helvetica Neue"", sans-serif; font-size: 0.875rem;'><br></span><span style='font-size:10.5pt;font-family:""Segoe UI"",sans-serif;
color:#172B4D'>La información está disgregada en: año, tipo, descripción,
plazas convocadas, plazas solicitadas y 
acreditaciones<o:p></o:p></span></p><p>
<span style='font-size:10.5pt;font-family:""Segoe UI"",sans-serif;mso-fareast-font-family:
Calibri;mso-fareast-theme-font:minor-latin;color:#172B4D;mso-ansi-language:
ES;mso-fareast-language:EN-US;mso-bidi-language:AR-SA'>• Frecuencia de
actualización: Anual.<br>
<br>
</span></p>";Cultura y ocio;"empleo;certificados;formación";CC BY 4.0 ES;es;Europe/Madrid;2026-07-30T08:51:20.127000+02:00;2023-09-21T17:16:03.902000+02:00;2026-09-24T23:16:11.759000+02:00;Junta de Castilla y León;;;;339;37002;0;4022;518;0;0;3.3
resultados-electorales-1983-actualidad;False;Resultados electorales (1983 - Actualidad);"<p><span style=""font-family: lora; font-size: medium;"">Resultados electorales </span><span style=""font-family: lora; font-size: medium;"">a las Cortes de Castilla y León de todas las convocatorias celebradas desde 1983, con información a nivel de mesa electoral.</span><br></p>";Sector público;"elecciones;resultado;electoral;votos;regional;municipios;convocatoria";CC BY 4.0 ES;es;Europe/Madrid;2026-07-30T08:29:38.336000+02:00;2026-07-27T08:31:58.808000+02:00;2026-07-30T08:29:41.044000+02:00;Junta de Castilla y León;;;;580751;56248625;0;49432;807;0;0;8.7
solicitudes-regimen-ayuda-sac;False;Solicitudes únicas presentadas por ayuda y sección agraria comarcal;"<p class=""MsoNormal"">La solicitud única
recoge las peticiones de ayudas FEAGA y FEADER relacionadas con el SIGC. En
cuanto a las ayudas FEAGA estas son de dos tipos, por una parte las
desacopladas de la producción, es decir se perciben por el cumplimiento de una
serie de condiciones con independencia del producto que ocupe la superficie
admisible, como es el régimen de pago  básico y pagos complementarios y,
por otra, las ayudas asociadas que se encuentran vinculadas a la producción, a
su vez, se pueden percibir por el cultivo de determinados productos agrícolas
como leguminosas, oleaginosas o remolacha azucarera, entre otros, o, por
determinados tipos de ganadería como el vacuno de carne o leche y el ovino y
caprino. <o:p></o:p></p><p class=""MsoNormal"" style=""mso-margin-top-alt:auto;mso-margin-bottom-alt:auto;
margin-left:35.4pt"">En cuanto a las
ayudas FEADER, desarrolladas en el Programa de Desarrollo Rural de Castilla y
León 2014-2020, son las relativas a las medidas de:<o:p></o:p></p><p class=""MsoNormal"" style=""mso-margin-top-alt:auto;mso-margin-bottom-alt:auto;
margin-left:71.4pt;text-indent:-18.0pt;mso-list:l0 level1 lfo1;tab-stops:list 36.0pt""><span style=""font-size:10.0pt;mso-bidi-font-size:11.0pt;font-family:Symbol;
mso-fareast-font-family:Symbol;mso-bidi-font-family:Symbol;mso-fareast-language:
ES"">·<span style='font-variant-numeric: normal; font-variant-east-asian: normal; font-stretch: normal; font-size: 7pt; line-height: normal; font-family: ""Times New Roman"";'>        
</span></span>Ayudas de
agroambiente y clima<o:p></o:p></p><p class=""MsoNormal"" style=""mso-margin-top-alt:auto;mso-margin-bottom-alt:auto;
margin-left:71.4pt;text-indent:-18.0pt;mso-list:l0 level1 lfo1;tab-stops:list 36.0pt""><span style=""font-size:10.0pt;mso-bidi-font-size:11.0pt;font-family:Symbol;
mso-fareast-font-family:Symbol;mso-bidi-font-family:Symbol;mso-fareast-language:
ES"">·<span style='font-variant-numeric: normal; font-variant-east-asian: normal; font-stretch: normal; font-size: 7pt; line-height: normal; font-family: ""Times New Roman"";'>        
</span></span>Ayuda a la
agricultura ecológica<o:p></o:p></p><p class=""MsoNormal"" style=""mso-margin-top-alt:auto;mso-margin-bottom-alt:auto;
margin-left:71.4pt;text-indent:-18.0pt;mso-list:l0 level1 lfo1;tab-stops:list 36.0pt""><span style=""font-size:10.0pt;mso-bidi-font-size:11.0pt;font-family:Symbol;
mso-fareast-font-family:Symbol;mso-bidi-font-family:Symbol;mso-fareast-language:
ES"">·<span style='font-variant-numeric: normal; font-variant-east-asian: normal; font-stretch: normal; font-size: 7pt; line-height: normal; font-family: ""Times New Roman"";'>        
</span></span>Ayuda a
zonas con limitaciones naturales<o:p></o:p></p><p class=""MsoNormal"" style=""mso-margin-top-alt:auto;mso-margin-bottom-alt:auto;
margin-left:71.4pt;text-indent:-18.0pt;mso-list:l0 level1 lfo1;tab-stops:list 36.0pt""><span style=""font-size:10.0pt;mso-bidi-font-size:11.0pt;font-family:Symbol;
mso-fareast-font-family:Symbol;mso-bidi-font-family:Symbol;mso-fareast-language:
ES"">·<span style='font-variant-numeric: normal; font-variant-east-asian: normal; font-stretch: normal; font-size: 7pt; line-height: normal; font-family: ""Times New Roman"";'>        
</span></span>Ayuda al
mantenimiento de la forestación<o:p></o:p></p><p class=""MsoNormal"">La información se encuentra clasificada en
años, provincia, sección agraria comarcal, tipo ayuda y número de solicitudes.<o:p></o:p></p><p>
</p><p class=""MsoNormal""> Frecuencia de
Actualización: Anual<o:p></o:p></p>";Medio rural y pesca;"PAC;agricultura";CC BY 4.0 ES;es;Europe/Madrid;2026-07-29T15:11:39.935000+02:00;2021-09-20T10:38:23.330000+02:00;2026-07-29T15:11:42.241000+02:00;Junta de Castilla y León;;;;424;31057;0;7095;496;0;0;3.9
contratos-agroambiente-clima-sac;False;Contratos de la medida de agroambiente y clima en vigor por sección agraria comarcal;"<p class=""MsoListParagraph"">La medidas agroambientales se incluyen en la medida
10 de agroambiente y clima del Programa de Desarrollo Rural de Castilla y León
2014-2020 aún vigente hasta la aprobación de la nueva PAC, el cumplimiento de
estas medidas supone un compromiso plurianual y constituyen un estrato superior
por los requisitos para la protección del medio ambiente y la mitigación del
cambio climático.<o:p></o:p></p><p class=""MsoListParagraph""><o:p> </o:p></p><p class=""MsoListParagraph"">Dentro de ellas coexisten aquellas de orientación
ganadera que procuran la sostenibilidad tanto de los pastos como de las
rastrojeras, pues favorecen las sinergias entre el aprovechamiento agrícola y
ganadero de las superficies agrarias, como aquellas de orientación agrícola con
medidas reductoras de la presión a la que son sometidas estas superficies por
la intensidad de los cultivos. Se trata de medidas basadas en amplias
rotaciones de cultivos, disminución del empleo de insumos, cultivo de productos
mejorantes del suelo, etc.<o:p></o:p></p><p class=""MsoListParagraph""><o:p> </o:p><span style=""font-family: inherit; font-size: 0.833rem;"">La política de desarrollo rural promueve y apoya
estas medidas, de forma que cubre económicamente el incremento de gastos o la
disminución de las producciones que puedan sufrir los agricultores que se
acojan a estos compromisos.</span></p><p class=""MsoListParagraph""><o:p></o:p></p><p class=""MsoListParagraph"">El conjunto de datos se encuentra catalogado en año, provincia, sección agraria, tipo de contrato y número de contratos en vigor.</p><p class=""MsoListParagraph""><br></p><p class=""MsoListParagraph"">Frecuencia de actualización: Anual.</p><p class=""MsoListParagraph""><o:p></o:p></p>";Medio rural y pesca;"PAC;agricultura";CC BY 4.0 ES;es;Europe/Madrid;2026-07-29T14:54:14.007000+02:00;2021-09-20T12:27:54.040000+02:00;2026-07-29T14:54:15.781000+02:00;Junta de Castilla y León;;;;424;43603;0;4315;552;0;0;3.4
estadistica-espectaculos-taurinos;False;Estadística de espectáculos taurinos;<p>Detalle numérico del número de espectáculos taurinos por provincia que se autorizan anualmente en Castilla y León al amparo de la normativa reguladora de los espectáculos taurinos. Distinguiendo los espectáculos taurinos populares (Decreto 14/1999, de 8 de febrero, Reglamento de espectáculos taurinos populares de la Comunidad de Castilla y León) y los espectáculos taurinos profesionales. (Decreto 57/2008, de 21 de agosto, por el que se aprueba el Reglamento General Taurino de la Comunidad de Castilla y León). </p><p>El conjunto de datos está desglosado en fecha celebración del evento , tipo (mayores o populares), provincia, localidad y descripción  del espectáculo.</p><div>Frecuencia de actualización: Anual.<br></div>;Cultura y ocio;"tauromaquia;toros;Agencia Protección Civil;espectáculos públicos";CC BY 4.0 ES;es;Europe/Madrid;2026-07-29T14:27:35.547000+02:00;2026-06-17T09:29:02.241000+02:00;2026-09-24T09:29:44.915000+02:00;Junta de Castilla y León;;;;10086;799551;0;53741;694;0;0;8.9
maquinas-recreativas;False;Máquinas recreativas;"<p class=""MsoNormal"">Aparatos manuales o automáticos que, a cambio de un precio
fijo, ofrecen al usuario el mero entretenimiento o la posibilidad de obtener un
premio.<o:p></o:p></p><p class=""MsoNormal"">La información se presenta agrupada en  columnas:<o:p></o:p></p><p class=""MsoNormal"" style=""margin-left:35.4pt"">Año, Provincia, Tipo “B”, Tipo
“C”, Tipo “E” – SB, Tipo “E” –B, Tipo “E” –C, Tipo “E1” – SB, Tipo “E1” - B   , Total (sin el cual no podríamos obtener el
total para un provincia y un año en concreto).<o:p></o:p></p><p class=""MsoNormal"" style=""margin-left:35.4pt"">Nota: en el 2017 se introduce dos
tipos más ‘<b>Tipo “E1” – SB</b>’ y ‘<b>Tipo “E1” – B</b> ‘, por lo que los años
anteriores carecen de datos en dichas columnas.<o:p></o:p></p><p class=""MsoNormal"" style=""margin-left:35.4pt"">En el 2019  y posteriores, desaparece la columna <b>Tipo “E” –C</b>, por lo que carecen de
datos en dicha columna.<o:p></o:p></p><p class=""MsoNormal""> Las máquinas de tipo “C” o de azar son máquinas
especiales para casinos de juego.<o:p></o:p></p><p class=""MsoNormal"">Las máquinas de tipo “E” o especiales basadas en el juego
del bingo para su exclusiva explotación en salones de juego, salas de bingo y
casinos de juego.<o:p></o:p></p><p class=""MsoNormal"">Las máquinas de tipo “E1” es una máquina de tipo
diferenciado con respecto a la máquina de tipo “E” ya que esta nueva máquina no
podrá incorporar juegos exclusivos de establecimientos específicos de juego ni,
específicamente, los autorizados para máquinas de tipo “E”. También es de
exclusiva instalación en salones de juego, salas de bingo y casinos de juego.  <o:p></o:p></p><p>
</p><p class=""MsoNormal"">Actualización: anual.<o:p></o:p></p>";Economía;juego;CC BY 4.0 ES;es;Europe/Madrid;2026-07-29T13:23:37.908000+02:00;2026-04-09T08:30:03.007000+02:00;2026-09-24T08:30:27.981000+02:00;Junta de Castilla y León;;;;99;3976;0;10866;754;0;0;4.8
empresas-inscritas-y-autorizadas-en-el-sector-del-juego;False;Empresas inscritas y autorizadas en el sector del juego;"<p class=""MsoNormal"">La información se presenta agrupada en  columnas:<o:p></o:p></p><p>
</p><p class=""MsoNormal"">Año, Tipo, Altas, Bajas, Activas a 31/12 .</p><p class=""MsoNormal"">Actualización: anual.<o:p></o:p></p><p class=""MsoNormal""><o:p></o:p></p>";Economía;juego;CC BY 4.0 ES;es;Europe/Madrid;2026-07-29T13:22:45.374000+02:00;2026-04-09T08:30:03.416000+02:00;2026-09-24T08:30:26.656000+02:00;Junta de Castilla y León;;;;65;4359;0;10891;786;0;0;4.9
participaciones-programa-deporte-edad-escolar-provincias-sexo;False;Participaciones en Programa Deporte en edad Escolar;"<p style=""background-image: initial; background-position: initial; background-size: initial; background-repeat: initial; background-attachment: initial; background-origin: initial; background-clip: initial;""><span style='font-size:10.5pt;font-family:""Segoe UI"",sans-serif;
color:#172B4D'>El deporte en edad escolar es practicado en horario no lectivo
por deportistas en edad escolar y se organiza a través de este Programa, que
consta de: <o:p></o:p></span></p><p style=""background-image: initial; background-position: initial; background-size: initial; background-repeat: initial; background-attachment: initial; background-origin: initial; background-clip: initial;""><span style='font-size:10.5pt;font-family:""Segoe UI"",sans-serif;
color:#172B4D'>1. Los Juegos Escolares de Castilla y León. Son desarrollados a
través de entidades locales, centros educativos, clubes deportivos federados,
secciones deportivas y asociaciones de madres y padres de alumnos. Se componen
de actividades formativo-recreativas dirigidas a todos los escolares, con el
objeto de favorecer la difusión del deporte y la creación de hábitos de vida
saludable.<o:p></o:p></span></p><p style=""margin: 0cm 0cm 6pt; background-image: initial; background-position: initial; background-size: initial; background-repeat: initial; background-attachment: initial; background-origin: initial; background-clip: initial;""><span style='font-size:10.5pt;font-family:""Segoe UI"",sans-serif;
color:#172B4D'>2. Los Campeonatos Autonómicos de Edad de Castilla y León. Son
desarrollados a través de clubes deportivos federados, secciones deportivas y
federaciones deportivas autonómicas. Constan de actividades de rendimiento
deportivo dirigidas a aquellos deportistas que, por su especial aptitud o
interés competitivo, se inician en el perfeccionamiento y especialización de
una o varias modalidades deportivas.<o:p></o:p></span></p><p style=""margin: 0cm 0cm 6pt; background-image: initial; background-position: initial; background-size: initial; background-repeat: initial; background-attachment: initial; background-origin: initial; background-clip: initial;""><span style='font-size:10.5pt;font-family:""Segoe UI"",sans-serif;
color:#172B4D'>La información se
encuentra desglosada en Año inicio curso, Curso, Provincia, Actividad, Sexo,
Participantes.<o:p></o:p></span></p><p><span style='font-size:10.5pt;line-height:107%;font-family:""Segoe UI"",sans-serif;
mso-fareast-font-family:Calibri;mso-fareast-theme-font:minor-latin;color:#172B4D;
mso-ansi-language:ES;mso-fareast-language:EN-US;mso-bidi-language:AR-SA'>Frecuencia de actualización: Anual.</span><br></p>";Deporte;"deporte;deporte escolar";CC BY 4.0 ES;es;Europe/Madrid;2026-07-29T13:02:46.717000+02:00;2025-03-25T10:30:05.324000+01:00;2026-09-24T10:30:45.916000+02:00;Junta de Castilla y León;;;;432;23206;0;11428;847;0;0;5.0
oficinas-competentes-en-la-presentacion-de-tributos;False;Oficinas competentes en la presentación de tributos;"<p style='margin-bottom: 8px; text-overflow: ellipsis; overflow-wrap: break-word; color: rgb(23, 43, 77); font-family: -apple-system, BlinkMacSystemFont, ""Segoe UI"", Roboto, ""Noto Sans"", Ubuntu, ""Droid Sans"", ""Helvetica Neue"", sans-serif; font-size: 14px;'>Oficinas Competentes para la presentación de los diferentes tributos a fin de que el ciudadano pueda desplazarse a la Oficina adecuada.</p><p style='margin-bottom: 8px; text-overflow: ellipsis; overflow-wrap: break-word; color: rgb(23, 43, 77); font-family: -apple-system, BlinkMacSystemFont, ""Segoe UI"", Roboto, ""Noto Sans"", Ubuntu, ""Droid Sans"", ""Helvetica Neue"", sans-serif; font-size: 14px;'>Se indica, para cada municipio, la oficina competente indicando además su dirección, código postal, teléfono y fax.</p><p style='margin-bottom: 8px; text-overflow: ellipsis; overflow-wrap: break-word; color: rgb(23, 43, 77); font-family: -apple-system, BlinkMacSystemFont, ""Segoe UI"", Roboto, ""Noto Sans"", Ubuntu, ""Droid Sans"", ""Helvetica Neue"", sans-serif; font-size: 14px;'>Actualización :Puntual</p>";Economía;;CC BY 4.0 ES;es;Europe/Madrid;2026-07-29T12:43:08.906000+02:00;2021-06-09T12:21:47.420000+02:00;2026-09-24T23:17:15.895000+02:00;Junta de Castilla y León;;;;2248;413733;0;15661;907;0;0;5.6
empresas-distintivo-optima;False;Empresas de Castilla y León con  distintivo  Óptima;"<p style=""background-image: initial; background-position: initial; background-size: initial; background-repeat: initial; background-attachment: initial; background-origin: initial; background-clip: initial;""><span style='font-size:10.5pt;font-family:""Segoe UI"",sans-serif;
color:#172B4D'>El distintivo “Óptima Castilla y León”,  va dirigido al reconocimiento de la igualdad
de género en el ámbito laboral. Este distintivo tiene como finalidad dar
público reconocimiento a aquellas entidades que, además de cumplir las
obligaciones vigentes, adoptan, voluntariamente, políticas destinadas a
implementar medidas, procesos de mejora y buenas prácticas en su modelo de
gestión y organización de recursos humanos en materia de igualdad de
oportunidades entre mujeres y hombres, conciliación de la vida personal,
familiar y laboral y eliminación de la brecha salarial de género en Castilla y
León. <o:p></o:p></span></p><p>
</p><p style=""margin: 0cm 0cm 6pt; background-image: initial; background-position: initial; background-size: initial; background-repeat: initial; background-attachment: initial; background-origin: initial; background-clip: initial;""><span style='font-size:10.5pt;font-family:""Segoe UI"",sans-serif;
color:#172B4D'> Los datos se encuentran estructurados
en  año, entidad, localidad, provincia y
dirección postal, así como su geolocalización <o:p></o:p></span></p><p style=""margin: 0cm 0cm 6pt; background-image: initial; background-position: initial; background-size: initial; background-repeat: initial; background-attachment: initial; background-origin: initial; background-clip: initial;"">
<span style='font-size:10.5pt;line-height:107%;font-family:""Segoe UI"",sans-serif;
mso-fareast-font-family:Calibri;mso-fareast-theme-font:minor-latin;color:#172B4D;
mso-ansi-language:ES;mso-fareast-language:EN-US;mso-bidi-language:AR-SA'>•
Frecuencia de actualización: Anual</span><br></p>";Sociedad y bienestar;;CC BY 4.0 ES;es;Europe/Madrid;2026-07-29T12:22:10.417000+02:00;2021-10-05T12:42:57.285000+02:00;2026-09-24T23:08:12.427000+02:00;Junta de Castilla y León;;;;158;25769;0;10240;1109;0;0;5.1
recursos-emergencias;False;Recursos de atención urgente de emergencias;"<p><span style=""font-size: 12.495px; font-family: inherit;"">Estos datos muestran la evolución del dispositivo asistencial de Emergencias Sanitarias de Castilla y León. Este dispositivo está formado por la central de coordinación (única para toda la Comunidad) y las unidades asistenciales de soporte vital avanzado destinadas al transporte sanitario primario (UME- UEnE-HEMS), unidades de soporte vital avanzado destinadas al transporte sanitario secundario o interhospitalario (UVI_INTH) y las unidades de soporte vital básico (USVB). Estas unidades asistenciales están distribuidas por toda la Comunidad.</span></p>";Salud;"DGPAS;sanidad";CC BY 4.0 ES;es;Europe/Madrid;2026-07-29T12:12:50.626000+02:00;2025-09-05T09:12:00.540000+02:00;2026-09-24T16:30:51.899000+02:00;Junta de Castilla y León;;;;36;1500;0;7648;1077;0;0;4.6
contratos-agricultura-ecologica-sac;False;Contratos de agricultura ecológica en vigor por sección agraria comarcal;"<p class=""MsoListParagraph"">La agricultura ecológica supone el estrato de mayor
protección de las superficies agrarias pues evita el empleo de productos de
síntesis química. Este método de producción, que se basa en el empleo de
especies o variedades rústicas y tolerantes, prolijo en labores mecánicas,
rotación de cultivos, empleo de estiércoles y barbechos mejorantes como forma
de fertilización, utilización de plantas atrayentes como forma de lucha contra
plagas, supone un verdadero hito en la protección del medio ambiente en todos
sus ámbitos, protege la biodiversidad, mitiga el cambio climático, evita
contaminaciones, proporciona alimentos saludables, a la vez que cubre un nicho
de mercado de cada vez mayor demanda.<o:p></o:p></p><p class=""MsoListParagraph""><span style=""font-family: inherit; font-size: 0.833rem;"">Aunque el mercado debe ser quien retribuya estas
prácticas, la realidad aún es compleja, por ello es necesario el apoyo
económico que presta la política de desarrollo rural.</span></p><p class=""MsoListParagraph""><span style=""font-family: inherit; font-size: 0.833rem;"">El conjunto de datos de datos se encuentra estructurado en: año, provincia, sección agraria y número de contratos.</span></p><p class=""MsoListParagraph""><span style=""font-family: inherit; font-size: 0.833rem;"">Frecuencia de actualización: Anual.</span><br></p><p class=""MsoListParagraph""><span style=""font-family: inherit; font-size: 0.833rem;""><br></span><br></p><p class=""MsoListParagraph""><o:p></o:p></p>";Medio rural y pesca;"PAC;agricultura";CC BY 4.0 ES;es;Europe/Madrid;2026-07-29T12:11:23.673000+02:00;2021-09-20T10:31:08.193000+02:00;2026-07-29T12:11:31.940000+02:00;Junta de Castilla y León;;;;53;1961;0;6403;1115;0;0;4.4
actividad-enfermeria-consultorio;False;Actividad de enfermería a nivel de consultorio;"<p><font color=""#212529"" face=""system-ui, -apple-system, Segoe UI, Roboto, Helvetica Neue, Arial, Noto Sans, Liberation Sans, sans-serif, Apple Color Emoji, Segoe UI Emoji, Segoe UI Symbol, Noto Color Emoji""><span style=""font-size: 16px;"">Nº de consultas totales, presenciales, no presenciales y en domicilio realizadas por profesional de enfermería desglosando por día, consultorio, zona básica de salud, área y provincia en los años 2020 a 2026.</span></font></p><p><font color=""#212529"" face=""system-ui, -apple-system, Segoe UI, Roboto, Helvetica Neue, Arial, Noto Sans, Liberation Sans, sans-serif, Apple Color Emoji, Segoe UI Emoji, Segoe UI Symbol, Noto Color Emoji""><span style=""font-size: 16px;"">La información se presenta agrupada en columnas: </span></font><font face=""system-ui, -apple-system, Segoe UI, Roboto, Helvetica Neue, Arial, Noto Sans, Liberation Sans, sans-serif, Apple Color Emoji, Segoe UI Emoji, Segoe UI Symbol, Noto Color Emoji""><span style=""font-size: 16px;"">Código Consultorio, Consultorio, Código Zona Básica de Salud, Zona Básica de Salud, Área, Provincia, Consultas totales, Consultas presenciales, Consultas no presenciales, Consultas en domicilio.</span></font></p><p><span style='font-size: 16px; font-family: system-ui, -apple-system, ""Segoe UI"", Roboto, ""Helvetica Neue"", Arial, ""Noto Sans"", ""Liberation Sans"", sans-serif, ""Apple Color Emoji"", ""Segoe UI Emoji"", ""Segoe UI Symbol"", ""Noto Color Emoji"";'>Frecuencia de actualización: Mensual. </span>Se actualiza el día 8 de cada mes.</p>";Salud;"sanidad;centros de salud;BISION";CC BY 4.0 ES;es;Europe/Madrid;2026-07-29T11:57:51.087000+02:00;2026-09-10T00:10:42.672000+02:00;2026-09-10T00:10:42.713000+02:00;Junta de Castilla y León;;;;1845560;112855471;0;7637;1112;0;0;4.6
asociaciones-juveniles;False;Asociaciones juveniles;"<p>Son una de las formas organizadas de participación de los jóvenes en la sociedad, junto a los consejos de la juventud, y suponen una modalidad del derecho constitucional de asociación, correspondiendo a la Junta de Castilla y León el registro autonómico de las asociaciones juveniles existentes en el territorio de la Comunidad de Castilla y León</p><p><span style=""font-family: inherit; font-size: 0.875rem;"">La información se encuentra clasificada en denominación de entidad, código, número de inscripción, domicilio, localidad, provincia, tipo de asociación y ámbito</span><br></p><p><span style=""font-family: inherit; font-size: 0.875rem;"">Actualización: Anual.</span><br></p><div><br></div>";Cultura y ocio;"juventud;asociaciones";CC BY 4.0 ES;es;Europe/Madrid;2026-07-29T11:41:30.168000+02:00;2026-04-29T13:46:13.892000+02:00;2026-09-22T10:42:09.090000+02:00;Junta de Castilla y León;;;;1449;236306;0;12094;1969;0;0;5.9
relacion-monumentos;False;RELACIÓN DE MONUMENTOS;<p>Listado de los diferentes monumentos de Castilla y León publicados en el portal de Turismo de la comunidad.</p><p><br></p><p><b>Frecuencia de actualización: </b>Diaria de lunes a viernes</p><div><br></div>;Cultura y ocio;"Monumentos;turismo";CC BY 4.0 ES;es;Europe/Madrid;2026-07-29T11:34:53.647000+02:00;2024-04-30T09:41:10.147000+02:00;2026-09-24T23:41:13.536000+02:00;Junta de Castilla y León;;;;1378;1431778;0;68189;2038;0;0;10.8
actividad-concertada;False;Actividad concertada;"<p>La actividad sanitaria prestada con medios privados debe complementar las prestaciones ofrecidas por el Sistema Público de Salud. Se lleva a cabo cuando resulta ineludible, fundamentalmente por dos motivos: sobrepasar los medios propios o no disponer de una prestación necesaria, respetándose en todo caso, los principios de publicidad, transparencia, objetividad, eficiencia y buena administración, tal y como recoge la Ley 8/2010, de 30 de agosto, de Ordenación del Sistema de salud de Castilla y León, en su título VIII.<br></p><div><div><b>Definiciones</b>:</div><div> </div><div>•<span style=""white-space:pre""> </span>ÓRGANO/ENTIDAD RESPONSABLE (GERENCIA PROMOTORA): Gerencia responsable de promover el expediente y de formalizarlo, respetando en todo caso la delegación de competencias.    </div><div>•<span style=""white-space:pre""> </span>MARCO CONTRACTUAL: calificación del contrato</div><div>•<span style=""white-space:pre""> </span>PRESTACIÓN: actividad sanitaria      </div><div>•<span style=""white-space:pre""> </span>PROCEDIMIENTO: procedimiento de adjudicación</div><div>•<span style=""white-space:pre""> </span>TIPO DE CONTRATO: calificación de los contratos de acuerdo a la norma legal de aplicación</div><div>•<span style=""white-space:pre""> </span>PROVEEDOR: empresa adjudicataria             </div><div>•<span style=""white-space:pre""> </span>ÁMBITO ATENCIÓN: área geográfica de actuación  </div><div>•<span style=""white-space:pre""> </span>Fecha INICIO: fecha de vigencia inicial          </div><div>•<span style=""white-space:pre""> </span>Fecha  FIN: fecha de finalización de la vigencia inicial</div><div>•<span style=""white-space:pre""> </span>Fecha PRÓRROGA: fecha de finalización de la prórroga (si la hubiera)</div><div>•<span style=""white-space:pre""> </span>Fecha MÁXIMO: fecha de duración máxima posible</div><div>•<span style=""white-space: pre;""> </span>ENLACE A PUBLICACIÓN: enlace al contenido</div></div><div><br></div><p class=""MsoNormal""><o:p></o:p></p>";Salud;"DGPAS;salud pública";CC BY 4.0 ES;es;Europe/Madrid;2026-07-29T11:25:02.238000+02:00;2026-03-24T17:06:11.747000+01:00;2026-09-24T13:07:15.664000+02:00;Junta de Castilla y León;;;;257;84085;0;12195;2307;0;0;6.1
oferta-de-formacion-profesional;False;Oferta de estudios de Formación Profesional;"<p><span style='font-size:12.0pt;font-family:""Times New Roman"",serif;
mso-fareast-font-family:Calibri;mso-fareast-theme-font:minor-latin;mso-ansi-language:
ES;mso-fareast-language:ES;mso-bidi-language:AR-SA'>Oferta de estudios de
Formación Profesional<br>
</span></p><div>
<table align=""left"" cellpadding=""0"" cellspacing=""0"" hspace=""0"" vspace=""0"">
<tbody><tr>
<td align=""left"" style=""padding-top:0cm;padding-right:2.25pt;
  padding-bottom:0cm;padding-left:2.25pt"" valign=""top"">
<p style=""background-image: initial; background-position: initial; background-size: initial; background-repeat: initial; background-attachment: initial; background-origin: initial; background-clip: initial;"">• Descripción:<o:p></o:p></p>
<p style=""background-image: initial; background-position: initial; background-size: initial; background-repeat: initial; background-attachment: initial; background-origin: initial; background-clip: initial;"">(Pendiente)<o:p></o:p></p>
</td>
</tr>
</tbody></table>
</div><p>
<span style='font-size:12.0pt;font-family:""Times New Roman"",serif;mso-fareast-font-family:
Calibri;mso-fareast-theme-font:minor-latin;mso-ansi-language:ES;mso-fareast-language:
ES;mso-bidi-language:AR-SA'>• Frecuencia de actualización: Anual</span><span style='font-size:12.0pt;font-family:""Times New Roman"",serif;
mso-fareast-font-family:Calibri;mso-fareast-theme-font:minor-latin;mso-ansi-language:
ES;mso-fareast-language:ES;mso-bidi-language:AR-SA'><br>
</span></p>";Educación;"Ciclos Formativos;formación;formacion profesional";CC BY 4.0 ES;es;Europe/Madrid;2026-07-29T11:14:16.425000+02:00;2025-12-01T11:00:55.121000+01:00;2026-09-25T00:00:40.815000+02:00;Junta de Castilla y León;;;;1294;491842;0;19732;2729;0;0;7.3
proyectos-eia-ordinaria;False;Expedientes sometidos a evaluación de impacto ambiental ordinaria;"<p>La evaluación de impacto ambiental (EIA)  es el proceso a través del cual se analizan los efectos significativos que tienen o pueden tener los proyectos, antes de su autorización sobre el medio ambiente, incluyendo en dicho análisis los efectos de aquellos sobre los siguientes factores: la población, la salud humana, la flora, la fauna, la biodiversidad, la geodiversidad, la tierra, el suelo, el subsuelo, el aire, el agua, el clima, el cambio climático, el paisaje, los bienes materiales, incluido el patrimonio cultural, y la interacción entre todos los factores mencionados. </p><p>Existen dos tipos de evaluación de impacto ambiental, ordinaria y simplificada.</p><p>La Evaluación de Impacto Ambiental Ordinaria (EAEO), que se realizará según el procedimiento establecido en los artículos del 33 al 44 de la Ley 21/2013, de 9 de diciembre, de evaluación ambiental.</p><div><span style=""font-family: inherit; font-size: 0.833rem;"">La declaración de impacto ambiental es un informe preceptivo y determinante del órgano ambiental con el que finaliza la evaluación de impacto ambiental ordinaria, que evalúa la integración de los aspectos ambientales en el proyecto y determina las condiciones que deben establecerse para la adecuada protección del medio ambiente y de los recursos naturales durante la ejecución y la explotación y, en su caso, el cese, el desmantelamiento o demolición del proyecto.</span><br></div><p>Se publicará en el «Boletín Oficial del Estado» o diario oficial correspondiente sin perjuicio de su publicación en la sede electrónica del órgano ambiental.</p><div><br></div><p>• Frecuencia de actualización: Anual</p><div><br></div>";Medio ambiente;"evaluación ambiental;impacto;ordinaria";CC BY 4.0 ES;es;Europe/Madrid;2026-07-29T11:09:07.022000+02:00;2026-05-11T16:19:08.596000+02:00;2026-09-24T23:19:10.589000+02:00;Junta de Castilla y León;;;;5388;614876;0;22030;1682;13;0;7.0
altas-personal-temporal;False;Altas de personal temporal;"<p><span style='color: rgb(23, 43, 77); font-family: -apple-system, BlinkMacSystemFont, ""Segoe UI"", Roboto, ""Noto Sans"", Ubuntu, ""Droid Sans"", ""Helvetica Neue"", sans-serif; font-size: 14px;'>Relación de contratos temporales firmados, indicando para cada uno de ellos: Código del puesto, puesto, fecha de alta, relación juridíca, tipo de contrato, contrato, consejeria, ámbito y provincia.</span><br style='color: rgb(23, 43, 77); font-family: -apple-system, BlinkMacSystemFont, ""Segoe UI"", Roboto, ""Noto Sans"", Ubuntu, ""Droid Sans"", ""Helvetica Neue"", sans-serif; font-size: 14px;'/><span style='color: rgb(23, 43, 77); font-family: -apple-system, BlinkMacSystemFont, ""Segoe UI"", Roboto, ""Noto Sans"", Ubuntu, ""Droid Sans"", ""Helvetica Neue"", sans-serif; font-size: 14px;'>• Frecuencia de actualización: Trimestral</span><br></p>";Empleo;"administración pública;personal temporal";CC BY 4.0 ES;es;Europe/Madrid;2026-07-29T11:06:50.519000+02:00;2026-07-10T16:26:28.393000+02:00;2026-09-24T23:26:19.107000+02:00;Junta de Castilla y León;;;;54872;7893659;0;30635;1330;0;0;7.6
atencion-primaria-recurso-urg;False;Recursos de atención urgente en atención primaria;"<p class=""MsoNormal"">Recursos de atención urgente en atención primaria</p><p class=""MsoNormal""><span style=""font-size: 12.495px;"">En Atención Primaria, la atención continuada (ATC) podría ser definida como la ampliación más allá del horario ordinario de las actividades de los Equipos, que ofrece atención ininterrumpida. Este servicio está dirigido a toda la población asignada al Equipo/s de Atención Primaria (EAP) de la Zona/Zonas Básicas.</span></p><p class=""MsoNormal""><span style=""font-size: 12.495px;"">La Atención Continuada se organiza de forma similar en toda la Comunidad, se oferta fuera del horario ordinario en Puntos de Atención Continuada (PAC) de las Zonas Básicas de Salud (ZBS) o en Puntos de Atención Continuada que agrupan varias ZBS (PAC Integrados).</span></p><p class=""MsoNormal""><o:p></o:p></p>";Salud;"DGPAS;sanidad;atención primaria";CC BY 4.0 ES;es;Europe/Madrid;2026-07-29T10:49:23.547000+02:00;2025-11-07T07:04:35.653000+01:00;2026-09-24T15:30:51.026000+02:00;Junta de Castilla y León;;;;262;67234;0;13774;743;0;0;5.2
limites-provinciales-de-castilla-y-leon-recintos;False;Límites provinciales de Castilla y León: recintos;"<p><span style=""font-size: 12.495px;"">Representación cartográfica de las unidades administrativas provinciales oficiales de Castilla y León.</span></p><p><span style=""font-size: 12.495px;"">Delimitación administrativa de las provincias de Castilla y León generada a partir de las líneas-límite municipales oficiales del Instituto Geográfico Nacional (IGN).</span></p><p><span style=""font-size: 12.495px;"">Constituye una de las cartografías básicas de referencia de la Comunidad Autónoma de Castilla y León.</span></p>";Medio ambiente;"Unidades administrativas;límites;recintos;provincias";CC BY 4.0 ES;es;Europe/Madrid;2026-07-29T09:58:47.397000+02:00;2020-11-03T13:10:38.380000+01:00;2026-07-29T09:58:49.738000+02:00;Junta de Castilla y León;;;;9;1160429;0;265405113;2062;0;0;527.0
estaciones-de-control-de-la-calidad-del-aire;False;Estaciones de control de la calidad del aire;Relación de estaciones de control de la calidad del aire en Castilla y León;Medio ambiente;"calidad del aire;medio ambiente;estaciones;atmosfera;contaminación";CC BY 4.0 ES;es;Europe/Madrid;2026-07-29T09:43:18.656000+02:00;2026-07-29T09:43:18.656000+02:00;2026-08-28T11:31:29.151000+02:00;Junta de Castilla y León;;;;92;15356;0;56341;2986;0;0;10.6
puntos-fijos-donacion;False;Puntos fijos de donación de sangre y aféresis;"<p>Puntos fijos de donación de sangre y aféresis en Castilla y León. </p><p><span style=""font-family: inherit; font-size: 1em;"">Frecuencia de actualización:</span><span style=""font-family: inherit; font-size: 1em;""> Continua.</span></p>";Salud;"puntos fijos;donación";CC BY 4.0 ES;es;Europe/Madrid;2026-07-29T00:01:19.081000+02:00;2026-07-29T00:01:19.081000+02:00;2026-09-25T00:00:57.491000+02:00;Junta de Castilla y León;;;;10;2601;0;25906;628;0;0;6.5
colegios-profesionales;False;Colegios profesionales;"<p><span style=""font-size: 12.495px;"">Datos relativos a los colegios profesionales inscritos en el registro de colegios profesionales y consejos de colegios de Castilla y León</span></p><p><span style=""font-size: 12.495px;""><br></span><span style=""font-family: inherit; font-size: 1em;"">Frecuencia de actualización:</span><span style=""font-family: inherit; font-size: 1em;""> Mensual.</span></p><p><br></p>";Sector público;"registro;Colegios profesionales";CC BY 4.0 ES;es;Europe/Madrid;2026-07-27T15:16:11.739000+02:00;2026-07-27T15:16:11.739000+02:00;2026-07-29T10:16:43.206000+02:00;Junta de Castilla y León;;;;172;67808;0;19093;2631;0;0;7.2
explotaciones-ganaderas-de-ovino-caprino;False;Explotaciones ganaderas de ovino-caprino;"<p>Relación de las explotaciones de ganado ovino y caprino de Castilla y León desde 2019.
</p><p>El directorio de explotaciones de ganado ovino y caprino de Castilla y León sirve de base para el diseño de otras operaciones estadísticas, por tanto no se recoge el censo total. Sólo se incluye el censo de  ovejas y cabras reproductoras (hembras mayores de 12 meses)  de todas las explotaciones de producción y reproducción, lechales o cabritos y los animales que se encuentran en las explotaciones de cebo.</p><p><span style=""font-family: inherit; font-size: 1em;"">Nota: </span>Datos desde el año 2017 disponibles en el portal de datos abiertos de la Junta de Castilla y León<br></p>";Medio rural y pesca;"ganadería;ovino;caprino;explotaciones;2017;2018";CC BY 4.0 ES;es;Europe/Madrid;2026-07-27T10:00:57.393000+02:00;2026-07-27T10:00:57.393000+02:00;2026-09-24T10:01:29.214000+02:00;Junta de Castilla y León;;;;9121;464180;0;48292;8764;0;0;12.1
actividad-analitica-de-los-laboratorios-de-control-oficial;False;Actividad analítica de los laboratorios de control oficial;"<p>La actividad analítica de los laboratorios de control oficial estudia el número de muestras analizadas y las determinaciones llevadas a cabo, desglosado por tipo.</p> <div>Aclaraciones a tener en cuenta:</div><ul><li>Las columnas ""Número de muestras analizadas por tipo - PNIR"" y ""Número de determinaciones realizadas por tipo - PNIR"" hacen referencia al Plan nacional de investigación de residuos en productos de origen animal.</li><li>En las columnas ""Número de muestras analizadas por tipo - Otras"" y ""Número de determinaciones realizadas por tipo - Otras"" se incluyen colaborativos, controles internos, superficies de trabajo, coprocultivos, etc.</li></ul>";Salud;"salud pública;actividad analítica;análisis;laboratorios de control;oficial";CC BY 4.0 ES;es;;2026-07-21T18:08:02.508000+02:00;2026-07-21T18:08:02.508000+02:00;2026-09-24T23:08:12.462000+02:00;Junta de Castilla y León;;;;153;13513;0;14422;1264;0;0;5.8
colectas-de-donacion-de-sangre;False;Colectas de donación de sangre;"<p><font face=""lora"" size=""3"">Colectas de donación de sangre realizadas en Castilla y León con indicación de fecha, horario y ubicación.</font></p><p><span style=""font-family: lora; font-size: medium;""><br></span><span style=""font-family: inherit; font-size: 1em;"">Frecuencia de actualización:</span><span style=""font-family: inherit; font-size: 1em;""> Trimestral.</span></p><p><br></p>";Salud;"puntos móviles;colectas;donación;sangre;plaquetas;plasma";CC BY 4.0 ES;es;Europe/Madrid;2026-07-21T00:00:17.220000+02:00;2026-07-21T00:00:17.220000+02:00;2026-09-25T00:00:47.476000+02:00;Junta de Castilla y León;;;;19738;3169032;0;58550;722;0;0;9.2
programas-de-prevencion-de-salud-publica;False;Programas de prevención de salud pública;<p>Informe orientado a la evaluación de las principales actuaciones preventivas en Salud Pública en Castilla y León, con datos sobre los programas de detección precoz de cáncer de cuello de útero, mama y colorrectal, hipoacusia infantil, enfermedades congénitas, consejo genético en cáncer e hipercolesterolemia familiar.</p>;Salud;"salud pública;programas;prevención";CC BY 4.0 ES;es;;2026-07-17T16:24:02.413000+02:00;2026-07-17T16:24:02.413000+02:00;2026-09-24T16:24:15.754000+02:00;Junta de Castilla y León;;;;139;15985;0;18470;1971;0;0;6.8
calidad-de-las-aguas-de-recreo;False;Calidad de las aguas de recreo;<p>Información sobre las aguas de recreo de Castilla y León: censos, número de expedientes sancionadores, visitas, actas, controles y toma de muestras desagregados por provincia.</p>;Salud;"salud pública;calidad;agua;recreo";CC BY 4.0 ES;es;Europe/Madrid;2026-07-17T15:03:02.217000+02:00;2026-07-17T15:03:02.217000+02:00;2026-09-24T15:03:15.819000+02:00;Junta de Castilla y León;;;;153;18328;0;16169;1214;0;0;6.0
ceses-personal-temporal;False;Ceses de personal temporal;"<p><span style='color: rgb(23, 43, 77); font-family: -apple-system, BlinkMacSystemFont, ""Segoe UI"", Roboto, ""Noto Sans"", Ubuntu, ""Droid Sans"", ""Helvetica Neue"", sans-serif; font-size: 14px;'>Relación de ceses en contratos temporales, indicando para cada uno de ellos: Código del puesto, puesto, fecha de alta, fecha de baja, relación juridíca, tipo de contrato, contrato, consejeria, ámbito y provincia.</span><br style='color: rgb(23, 43, 77); font-family: -apple-system, BlinkMacSystemFont, ""Segoe UI"", Roboto, ""Noto Sans"", Ubuntu, ""Droid Sans"", ""Helvetica Neue"", sans-serif; font-size: 14px;'/><span style='color: rgb(23, 43, 77); font-family: -apple-system, BlinkMacSystemFont, ""Segoe UI"", Roboto, ""Noto Sans"", Ubuntu, ""Droid Sans"", ""Helvetica Neue"", sans-serif; font-size: 14px;'>• Frecuencia de actualización: Trimestral</span><br></p>";Empleo;"administración pública;personal temporal";CC BY 4.0 ES;es;Europe/Madrid;2026-07-10T16:37:25.750000+02:00;2026-07-10T16:37:25.750000+02:00;2026-09-24T23:37:13.546000+02:00;Junta de Castilla y León;;;;43814;6819619;0;19011;1047;0;0;6.2
zonas-de-bano;False;Zonas de baño;;;;;es;;2026-07-07T13:07:54+02:00;2026-07-14T11:04:56.575000+02:00;2026-08-14T14:17:28.465000+02:00;;;;;32;5407;0;2286;95;0;0;2.1
ocupacion-de-camas-en-hospitales;False;Ocupación de camas en hospitales;"<p>Datos de ocupación hospitalaria tanto en planta como en UCI en todos los hospitales de Castilla y León. </p><p><font face=""-apple-system, BlinkMacSystemFont, Segoe UI, Roboto, Noto Sans, Ubuntu, Droid Sans, Helvetica Neue, sans-serif"">Actualización 2 días a la semana: martes y viernes</font><span style='font-family: -apple-system, BlinkMacSystemFont, ""Segoe UI"", Roboto, ""Noto Sans"", Ubuntu, ""Droid Sans"", ""Helvetica Neue"", sans-serif; font-size: 0.833rem;'>.</span><br></p><ul><li>Hasta el día 8 de septiembre no se incluían cunas, incubadoras, pediatría, obstetricia, ni psiquiatría.</li><li>El número de camas en unidades de 
críticos incluye las de UCI (unidades de cuidados intensivos), REA 
(unidades de reanimación), URPA (unidades de reanimación postanetésica),
 y otras unidades con adecuada dotación para la atención de pacientes 
críticos.</li><li>El número de camas en planta incluye 
aquellas a mayores que se han habilitado para la atención de enfermos 
COVID.</li><li>El dato de camas iniciales corresponde a febrero de 2020.
                            </li></ul>";Salud;"COVID-19;coronavirus";CC BY 4.0 ES;es;Europe/Madrid;2026-07-03T13:36:08.053000+02:00;2026-07-03T13:36:08.053000+02:00;2026-07-30T14:40:22.631000+02:00;Junta de Castilla y León;;;;33262;2961134;0;8682759;49563;0;7;106.9
situacion-de-hospitalizados-por-coronavirus-en-castilla-y-leon;False;Situación de hospitalizados por coronavirus en Castilla y León;"<p><font color=""#172b4d"" face=""-apple-system, BlinkMacSystemFont, Segoe UI, Roboto, Noto Sans, Ubuntu, Droid Sans, Helvetica Neue, sans-serif""><span style=""font-size: 14px;"">Evolución del número de hospitalizados en planta, hospitalizados en unidades de críticos, altas y fallecimientos por hospital debidos al coronavirus (COVID-19) en Castilla y León. </span></font></p><p><font face=""-apple-system, BlinkMacSystemFont, Segoe UI, Roboto, Noto Sans, Ubuntu, Droid Sans, Helvetica Neue, sans-serif"">Actualización 2 días a la semana: martes y viernes</font><span style='font-family: -apple-system, BlinkMacSystemFont, ""Segoe UI"", Roboto, ""Noto Sans"", Ubuntu, ""Droid Sans"", ""Helvetica Neue"", sans-serif; font-size: 0.833rem;'>.</span><br></p><ul><li><font color=""#172b4d"" face=""-apple-system, BlinkMacSystemFont, Segoe UI, Roboto, Noto Sans, Ubuntu, Droid Sans, Helvetica Neue, sans-serif""><span style=""font-size: 14px;"">Datos desde el 18 de marzo de 2020.</span></font></li><li><span style='font-size: 14px; font-family: -apple-system, BlinkMacSystemFont, ""Segoe UI"", Roboto, ""Noto Sans"", Ubuntu, ""Droid Sans"", ""Helvetica Neue"", sans-serif;'>La actualización de hospitalizados se realiza diariamente a las 8:00 horas.</span></li><li><font color=""#172b4d"" face=""-apple-system, BlinkMacSystemFont, Segoe UI, Roboto, Noto Sans, Ubuntu, Droid Sans, Helvetica Neue, sans-serif""><span style=""font-size: 14px;"">NOTA: En los hospitales Santiago Apóstol, Santos Reyes y de Medina del Campo el valor de ingresados en UCI es 0 porque no disponen esta unidad. <br></span></font></li><li><font color=""#172b4d"" face=""-apple-system, BlinkMacSystemFont, Segoe UI, Roboto, Noto Sans, Ubuntu, Droid Sans, Helvetica Neue, sans-serif""><span style=""font-size: 14px;"">El número de hospitalizados en unidades de críticos incluye a los pacientes hospitalizados en UCI (unidades de cuidados intensivos), REA (unidades de reanimación), URPA (unidades de reanimación postanetésica), y otras unidades con adecuada dotación para la atención de pacientes críticos.</span></font></li><li><font face=""-apple-system, BlinkMacSystemFont, Segoe UI, Roboto, Noto Sans, Ubuntu, Droid Sans, Helvetica Neue, sans-serif""><font color=""#172b4d""><span style=""font-size: 14px;"">A partir del 25 de septiembre de 2020, las columnas de hospitalizados en planta y en unidades de </span></font><span style=""font-size: 14px;"">críticos</span><font color=""#172b4d""><span style=""font-size: 14px;""> incluyen tanto los confirmados por prueba diagnóstica como los que tienen una alta sospecha clínica de enfermedad (según criterios del Ministerio de Sanidad).</span></font><br></font></li></ul>";Salud;"coronavirus;COVID-19";CC BY 4.0 ES;es;Europe/Madrid;2026-07-03T13:35:45.079000+02:00;2026-07-03T13:35:45.079000+02:00;2026-07-30T14:52:55.626000+02:00;Junta de Castilla y León;;;;33428;4962944;0;39821147;568335;0;0;243.8
porcentaje-de-test-de-coronavirus-realizados-a-profesionales-por-provincias;False;Porcentaje de test de coronavirus realizados a profesionales por provincias;"<p>Porcentajes de test realizados y los resultados de los mismos en los profesionales sanitarios organizados por provincias. <span style=""font-size: 12.495px;""></span><span style='font-family: -apple-system, BlinkMacSystemFont, ""Segoe UI"", Roboto, ""Noto Sans"", Ubuntu, ""Droid Sans"", ""Helvetica Neue"", sans-serif; font-size: 0.833rem;'>Desde el 9 de junio de 2021 la actualización es semanal: los miércoles.</span></p><p>
</p><p><span style=""mso-bidi-font-weight:bold"">Estos datos recogen
el registro de profesionales a los que se les ha realizado una PDIA (hasta el 8
de mayo se incluyen todo tipo de pruebas y test). El 9 de mayo se realizó una
primera depuración de datos para eliminar resultados relativos a test rápidos,
y el 14 de mayo una segunda. A partir del 15 de mayo se ofrecen únicamente
datos de PDIA realizadas).</span> <br></p>";Salud;"COVID-19;coronavirus";CC BY 4.0 ES;es;Europe/Madrid;2026-07-03T10:08:13.066000+02:00;2026-07-03T10:08:13.066000+02:00;2026-07-31T08:25:43.519000+02:00;Junta de Castilla y León;;;;4787;230002;0;1447572;33524;0;0;48.6
situacion-profesionales-sanitarios-por-coronavirus;False;Situación profesionales sanitarios afectados por coronavirus;"<p>
</p><p class=""MsoNormal""><span style=""font-family: inherit; font-size: 0.833rem;"">Datos desde el 6 de abril del 2020. Datos acumulados.</span><font style=""font-family: inherit; font-size: 0.833rem;""><font face=""-apple-system, BlinkMacSystemFont, Segoe UI, Roboto, Noto Sans, Ubuntu, Droid Sans, Helvetica Neue, sans-serif""> </font></font><span style='font-family: -apple-system, BlinkMacSystemFont, ""Segoe UI"", Roboto, ""Noto Sans"", Ubuntu, ""Droid Sans"", ""Helvetica Neue"", sans-serif; font-size: 0.833rem;'>Desde el 9 de junio de 2022 la actualización es quincenal: un viernes sí y otro no.</span><br></p><p>Descripción de campos:</p><ul><li>
<p class=""MsoNormal"">PDIA realizadas: número de profesionales a los que se les ha
realizado una prueba diagnóstica de Infección activa.</p></li><li><p class=""MsoNormal"">PDIA con resultado positivo: número de profesionales que
tienen, al menos, una prueba diagnóstica de Infección activa positiva.</p></li><li><p class=""MsoNormal"">Profesionales en seguimiento: profesionales
que han tenido una PDIA positiva y que no tienen aún una PDIA posterior
negativa. <br></p></li><li><p class=""MsoNormal"">Altas: profesionales con PDIA negativa tras PDIA positiva.</p>
</li></ul>";Salud;"coronavirus;COVID-19";CC BY 4.0 ES;es;;2026-07-03T10:07:30.113000+02:00;2026-07-03T10:07:30.113000+02:00;2026-07-31T08:23:39.241000+02:00;Junta de Castilla y León;;;;253043;19656968;0;6524724;34545;0;0;92.2
porcentaje-de-test-de-coronavirus-realizados-a-profesionales-por-categorias;False;Porcentaje de test de coronavirus realizados a profesionales por categorías;"<p>Porcentajes de test realizados y los resultados de los mismos en los profesionales sanitarios organizados por categorías profesionales. <span style=""font-size: 12.495px;""></span><span style='font-family: -apple-system, BlinkMacSystemFont, ""Segoe UI"", Roboto, ""Noto Sans"", Ubuntu, ""Droid Sans"", ""Helvetica Neue"", sans-serif; font-size: 0.833rem;'>Desde el 9 de junio de 2021 la actualización es semanal: los miércoles.</span></p><p>
</p><p class=""MsoNormal""><span style=""mso-bidi-font-weight:bold"">Estos datos recogen
el registro de profesionales a los que se les ha realizado una PDIA (hasta el 8
de mayo se incluyen todo tipo de pruebas y test. El 9 de mayo se realizó una
primera depuración de datos para eliminar resultados relativos a test rápidos,
y el 14 de mayo una segunda. A partir del 15 de mayo se ofrecen únicamente
datos de PDIA realizadas).</span></p>";Salud;"COVID-19;coronavirus";CC BY 4.0 ES;es;Europe/Madrid;2026-07-03T10:07:12.358000+02:00;2026-07-03T10:07:12.358000+02:00;2026-07-31T08:25:04.064000+02:00;Junta de Castilla y León;;;;6326;520758;0;1556457;33697;0;0;50.0
situacion-enfermos-por-coronavirus-detectados-en-atencion-primaria-por-tramos-d0;False;Situación enfermos por coronavirus detectados en atención primaria por tramos de edad y sexo;"<p><span style=""font-size: 12.495px;"">Datos de número de pacientes por provincia, sexo y tramo de edad. </span><span style='font-family: -apple-system, BlinkMacSystemFont, ""Segoe UI"", Roboto, ""Noto Sans"", Ubuntu, ""Droid Sans"", ""Helvetica Neue"", sans-serif; font-size: 0.833rem;'>Desde el 9 de junio de 2021 la actualización es semanal: los miércoles.</span></p><p><font face=""-apple-system, BlinkMacSystemFont, Segoe UI, Roboto, Noto Sans, Ubuntu, Droid Sans, Helvetica Neue, sans-serif""><span style=""font-size: 13.328px;"">Por cuestiones técnicas los datos no se actualizaron el 19 de enero. La próxima actualización será el miércoles 26 de enero.</span></font><br></p><ul><li><span style=""font-size: 12.495px;"">El dato de pacientes enfermos incluye todos los diagnósticos compatibles con coronavirus (neumonía por COVID-19 y enfermedad por COVID-19).</span></li><li><span style=""font-size: 12.495px;"">NOTA: El registro de Medora (historia clínica de atención primaria) incluyó hasta el 14 de marzo de 2020 únicamente pacientes diagnosticados por prueba de PCR. (prueba de detección molecular). Desde el 14 de marzo de 2020 y tras la modiﬁcación de la deﬁnición de enfermedad por el Ministerio de Sanidad, se incluyen pacientes con sospecha clínica de enfermedad.</span></li></ul>";Salud;"coronavirus;COVID-19";CC BY 4.0 ES;es;Europe/Madrid;2026-07-03T10:04:59.481000+02:00;2026-07-03T10:04:59.481000+02:00;2026-07-31T07:58:26.803000+02:00;Junta de Castilla y León;;;;44010;3380171;0;7578972;49560;0;0;100.6
tasa-mortalidad-por-centros-de-salud;False;Tasa mortalidad por zonas básicas de salud;"<p>Porcentaje de personas fallecidas total (no solo por COVID-19) por número
 de tarjetas sanitarias en cada zona básica de salud. Datos acumulados 
desde el 1 de marzo de 2020. </p><p><span style=""font-size: 12.495px;""><span style=""font-size: 12.495px;""><font color=""#172b4d"" face=""-apple-system, BlinkMacSystemFont, Segoe UI, Roboto, Noto Sans, Ubuntu, Droid Sans, Helvetica Neue, sans-serif""><span style=""font-size: 14px;""><span style=""font-size: 12.495px;"">Desde el 15 de agosto de 2020 el cálculo de las tasas se realiza teniendo en 
cuenta la población de tarjetas sanitarias registrada a dicha fecha.</span></span></font></span></span></p><p><span style=""font-size: 12.495px;""><span style=""font-size: 12.495px;""><font color=""#172b4d"" face=""-apple-system, BlinkMacSystemFont, Segoe UI, Roboto, Noto Sans, Ubuntu, Droid Sans, Helvetica Neue, sans-serif""><span style=""font-size: 14px;""><span style=""font-size: 12.495px;"">Desde el 9 de junio de 2021 la actualización es semanal: los miércoles.</span></span></font></span></span><span style='font-size:11.0pt;font-family:""Calibri"",sans-serif;
mso-ascii-theme-font:minor-latin;mso-fareast-font-family:Calibri;mso-fareast-theme-font:
minor-latin;mso-hansi-theme-font:minor-latin;mso-bidi-font-family:""Times New Roman"";
mso-bidi-theme-font:minor-bidi;mso-ansi-language:ES;mso-fareast-language:EN-US;
mso-bidi-language:AR-SA'></span></p>";Salud;"coronavirus;COVID-19";CC BY 4.0 ES;es;Europe/Madrid;2026-07-03T09:54:44.530000+02:00;2026-07-03T09:54:44.530000+02:00;2026-07-31T08:20:54.599000+02:00;Junta de Castilla y León;;;;569829;194438558;0;2779459;35661;0;0;63.8
mortalidad-por-tramos-de-edad-y-sexo;False;Mortalidad por COVID-19 por tramos de edad y sexo;"<p>Mortalidad por COVID-19 por tramos de edad y sexo en cada una de las provincias de Castilla y León. Datos absolutos y tasas por 1000 tarjetas sanitarias.<font color=""#172b4d""><font face=""-apple-system, BlinkMacSystemFont, Segoe UI, Roboto, Noto Sans, Ubuntu, Droid Sans, Helvetica Neue, sans-serif""> </font></font></p><p><span style='font-family: -apple-system, BlinkMacSystemFont, ""Segoe UI"", Roboto, ""Noto Sans"", Ubuntu, ""Droid Sans"", ""Helvetica Neue"", sans-serif;'>Desde el 9 de junio de 2021 la actualización es semanal: los miércoles.</span><br></p>";Salud;"COVID-19;coronavirus";CC BY 4.0 ES;es;;2026-07-03T09:51:56.200000+02:00;2026-07-03T09:51:56.200000+02:00;2026-07-31T10:05:56.054000+02:00;Junta de Castilla y León;;;;52200;2989370;0;2373710;6617;0;0;54.0
tasa-enfermos-acumulados-por-areas-de-salud;False;Tasa de enfermos por zonas básicas de salud;"<p>Datos diarios en cada zona básica de salud. <span style='font-family: -apple-system, BlinkMacSystemFont, ""Segoe UI"", Roboto, ""Noto Sans"", Ubuntu, ""Droid Sans"", ""Helvetica Neue"", sans-serif; font-size: 0.833rem;'>Desde el 9 de junio de 2021 la actualización es semanal: los miércoles.</span></p><p><span style=""font-size: 12.495px;"">Incidencia diaria de pacientes enfermos y de porcentaje de personas enfermas por número de tarjetas sanitarias en cada zona básica de salud. También se indican los enfermos y los porcentajes para los últimos 7 y 14 días.</span></p><p class=""MsoNormal""><span style='mso-bidi-font-size:10.0pt;font-family:""Arial"",sans-serif'>Las
columnas ‘PCR’ hacen referencia a las PDIA (Pruebas diagnósticas de infección
activa), que determinan la incidencia por ZBS. Dentro de las PDIA se incluyen
tanto las PCR positivas como los Test de Antígenos (Ag). En el caso de PCR se
contabiliza el primer positivo.</span></p>
<ul><li>
                                    El cálculo de la incidencia de la 
enfermedad se ha efectuado teniendo en cuenta el número de afectados en 
relación con el número de tarjetas por zona básica de salud. No se 
contabilizan aquellas personas que han dejado de tener síntomas 
compatibles con COVID19. Los datos se recogen desde el 29 de febrero de 2020.
                                </li><li>
                                    El dato de pacientes enfermos 
incluye todos los diagnósticos compatibles con coronavirus (neumonía por
 COVID-19 y enfermedad por COVID-19).
                                </li><li>
                                    El registro de Medora (historia 
clínica de atención primaria) incluyó hasta el 14 de marzo únicamente 
pacientes diagnosticados por prueba de PCR (prueba de detección 
molecular). Desde el 14 de marzo y tras la modiﬁcación de la deﬁnición 
de enfermedad por el Ministerio de Sanidad, se incluyen pacientes con 
sospecha clínica de enfermedad.</li><li>
<p class=""MsoNormal"">A partir del día 13 de enero de 2022, se integran en los
sistemas de información de Castilla y León, todas las pruebas de Autotest de Ag
(Test de farmacia) que se notifiquen a través de la App Sacyl Conecta. </p>
</li></ul><p><span style=""font-size: 12.495px;"">Asimismo se informa de las PCR realizadas y sus porcentajes así como los dato de PCR positivas y la tasa por 10000 tarjetas sanitarias, tanto de cada día como de los </span><span style=""font-size: 12.495px;"">últimos 7 y 14 días.</span></p><p><span style=""font-size: 12.495px;"">Desde el 15 de agosto el cálculo de las tasas se realiza teniendo en 
cuenta la población de tarjetas sanitarias registrada a dicha fecha.</span></p>";Salud;"coronavirus;COVID-19";CC BY 4.0 ES;es;;2026-07-03T09:26:49.892000+02:00;2026-07-03T09:26:49.892000+02:00;2026-07-31T07:56:20.996000+02:00;Junta de Castilla y León;;;;571805;244628878;0;86921207;225508;0;0;325.8
pruebas-realizados-coronavirus;False;Pruebas realizadas coronavirus;"<p><span style=""font-size: 12.495px;"">Número de test rápidos y PCR realizadas en la Comunidad de Castilla y León. </span></p><p><font face=""-apple-system, BlinkMacSystemFont, Segoe UI, Roboto, Noto Sans, Ubuntu, Droid Sans, Helvetica Neue, sans-serif""><span style=""font-size: 14px;"">Actualización 2 días a la semana: martes y viernes</span></font><span style='font-family: -apple-system, BlinkMacSystemFont, ""Segoe UI"", Roboto, ""Noto Sans"", Ubuntu, ""Droid Sans"", ""Helvetica Neue"", sans-serif; font-size: 0.833rem;'>.</span></p><p><span style=""font-size: 12.495px;"">Los datos totales se extraen del Sistema de Información de Laboratorios (SIL) de los centros sanitarios de SACyL. Los datos pueden no ser coincidentes con <a href=""https://analisis.datosabiertos.jcyl.es/explore/dataset/situacion-epidemiologica-coronavirus-en-castilla-y-leon/table/?disjunctive.provincia"" target=""_blank"">los que facilita la Red de Vigilancia Epidemiológica</a> dado que se extraen en momentos distintos.</span></p><p><span style=""font-size: 12.495px;"">Los datos toman en consideración la provincia a la que corresponde la tarjeta sanitaria de cada paciente, salvo en aquellos supuestos en los que el domicilio consta fuera de la Comunidad (desplazados) y otras situaciones. En estos últimos casos, se ha tomado como referencia la provincia donde se ha efectuado el test o prueba.</span></p><p><span style=""font-size: 12.495px;"">La información se refiere a pruebas y no a pacientes; esto es, puede darse el caso de que se haya realizado un test rápido y una PCR a la misma persona.</span></p>";Salud;"coronavirus;COVID-19";CC BY 4.0 ES;es;Europe/Madrid;2026-07-03T08:44:29.926000+02:00;2026-07-03T08:44:29.926000+02:00;2026-07-31T08:01:18.212000+02:00;Junta de Castilla y León;;;;22650;3181494;0;11406297;49003;0;0;120.7
servicios-proximidad;False;Servicios de proximidad;<p>Servicios de proximidad situados en Castilla y León.</p><p>La información se presenta agrupada en columnas: número de registro de actividad, titular, nombre comercial, dirección código postal, población, municipio, provincia, código de provincia, código de municipio, código de población, C.N.A.E., sector comercial, teléfono, móvil, correo electrónico, página web, latitud, longitud, posición geométrica y número de habitantes.</p><p>Frecuencia de actualización: continua.</p>;"Comercio;Economía";"comercio;pequeño comercio";CC BY 4.0 ES;es;Europe/Madrid;2026-07-01T15:11:06.579000+02:00;2026-07-01T15:11:06.579000+02:00;2026-09-24T23:11:13.869000+02:00;Junta de Castilla y León;;;;4208;1710880;0;80043;510;0;0;10.3
relacion-de-puestos-de-trabajo-de-personal-laboral-en-administracion-general-y-o;False;Relación de puestos de trabajo de personal laboral en administración general y organismos autónomos;"<p><span style=""font-size: 12.495px;"">Relaciones consolidadas de puestos de trabajo de personal laboral de la Administración General de la Comunidad de Castilla y León.</span></p><p><span style=""font-size: 12.495px;"">Frecuencia de actualización: Trimestral.</span></p>";Sector público;"RPT;Relaciones de puestos de trabajo;laboral";CC BY 4.0 ES;es;Europe/Madrid;2026-07-01T12:33:15.904000+02:00;2026-07-01T12:33:15.904000+02:00;2026-09-24T23:33:12.681000+02:00;Junta de Castilla y León;;;;13126;5092523;0;269537;30389;587;0;26.1
agenda-de-trabajo-de-altos-cargos-legislatura-xi;False;Agenda de trabajo de altos cargos Legislatura XI - Histórico;"<p><span style=""font-family: lora; font-size: medium;"">Reuniones, eventos y encuentros que mantienen los consejeros y restantes altos cargos en la Administración de la Comunidad de Castilla y León y sus organismos autónomos en la XI Legislatura</span></p><p><span style=""font-family: lora; font-size: medium;""><br></span><span style=""font-family: inherit; font-size: 1em;"">Frecuencia de actualización:</span><span style=""font-family: inherit; font-size: 1em;""> Cada 4 horas.</span></p><p><br></p>";Sector público;"agenda;trabajo;altos cargos";CC BY 4.0 ES;es;Europe/Madrid;2026-07-01T11:48:22.018000+02:00;2026-07-01T11:48:22.018000+02:00;2026-08-14T14:22:56.415000+02:00;Junta de Castilla y León;;;;49823;15999943;0;6175;126;0;0;3.1
relacion-de-puestos-de-trabajo-de-personal-funcionario-en-administracion-general;False;Relación de puestos de trabajo de personal funcionario en administración general y organismos autónomos;"<p style=""font-family: lora; font-size: medium;"">Relaciones consolidadas de puestos de trabajo de personal funcionario de la Administración General de la Comunidad de Castilla y León.</p><p style=""font-family: lora; font-size: medium;""><span style=""font-family: inherit; font-size: 1em;"">Frecuencia de actualización:</span><span style=""font-family: inherit; font-size: 1em;""> Trimestral.</span></p>";Sector público;"RPT;funcionarios;Relaciones de puestos de trabajo";CC BY 4.0 ES;es;Europe/Madrid;2026-07-01T11:33:13.279000+02:00;2026-07-01T11:33:13.279000+02:00;2026-09-24T23:33:12.691000+02:00;Junta de Castilla y León;;;;15797;5811155;0;304040;58336;1055;0;30.7
relacion-de-puestos-de-trabajo-de-personal-laboral-fijo-discontinuo-en-administr;False;Relación de puestos de trabajo de personal laboral fijo discontinuo en administración general;"<p><span style=""font-size: 12.495px;"">Relaciones consolidadas de puestos de trabajo de personal laboral fijo discontinuo de la Administración General de la Comunidad de Castilla y León.</span></p><p><span style=""font-size: 12.495px;"">Frecuencia de actualización: Trimestral.</span></p>";Sector público;"RPT;Relaciones de puestos de trabajo;Laborales fijos discontinuos";CC BY 4.0 ES;es;Europe/Madrid;2026-07-01T11:33:03.491000+02:00;2026-07-01T11:33:03.491000+02:00;2026-09-24T23:33:12.765000+02:00;Junta de Castilla y León;;;;234;69377;0;27579;5893;32;0;9.5
datos-basicos-de-elecciones-a-las-cortes;False;Datos básicos de elecciones a las cortes;"<p><span style=""font-size: 14px;"">Información sobre la estructura del sistema electoral desde el año 1983: población, procuradores, municipios, mesas, censo y censo CERA.</span><br></p>";Sector público;"elecciones;datos básicos;cortes";CC BY 4.0 ES;es;Europe/Madrid;2026-07-01T00:01:38.107000+02:00;2026-07-01T00:01:38.107000+02:00;2026-09-01T00:02:03.759000+02:00;Junta de Castilla y León;;;;99;4879;0;8009;574;0;0;4.2
publicidad-institucional;False;Publicidad institucional;"<p><span style=""font-family: lora; font-size: medium;"">Gasto en publicidad institucional.</span></p><p><span style=""font-family: lora; font-size: medium;""><br></span><span style=""font-family: inherit; font-size: 1em;"">Frecuencia de actualización:</span><span style=""font-family: inherit; font-size: 1em;""> Anual.</span></p><p><br></p>";Sector público;publicidad institucional;CC BY 4.0 ES;es;Europe/Madrid;2026-06-30T15:16:30.258000+02:00;2026-06-30T15:16:30.258000+02:00;2026-07-31T12:03:48.252000+02:00;Junta de Castilla y León;;;;5244;386008;0;82973;3272;0;0;12.4
prevalencia-coronavirus;False;Prevalencia coronavirus;"<p>El dato de prevalencia indica las personas que cada día siguen siendo compatibles con COVID-19. </p><p>
</p><p class=""MsoNormal"">A partir del día 17 de junio de 2020, se procede al cierre
de los casos abiertos sin proceso clínico pero con prueba positiva (PCR, IgM o
IgG) si han transcurrido 15 días de su “alta” y si sigue sin aparecer el
proceso clínico en el registro de Medora (historia clínica de atención
primaria).</p><p class=""MsoNormal"">Desde el 15 de agosto de 2020 el cálculo de las tasas se realiza teniendo en cuenta la población de tarjetas sanitarias registrada a dicha fecha.<br></p><p class=""MsoNormal""><span style=""font-family: inherit; font-size: 0.833rem;"">Datos diarios en cada zona básica de salud. </span></p><p class=""MsoNormal""><span style='font-family: -apple-system, BlinkMacSystemFont, ""Segoe UI"", Roboto, ""Noto Sans"", Ubuntu, ""Droid Sans"", ""Helvetica Neue"", sans-serif;'>Desde el 9 de junio de 2021 la actualización es semanal: los miércoles.</span></p><p class=""MsoNormal""><font face=""-apple-system, BlinkMacSystemFont, Segoe UI, Roboto, Noto Sans, Ubuntu, Droid Sans, Helvetica Neue, sans-serif"">Por cuestiones técnicas los datos no se actualizaron el 19 de enero. La próxima actualización será el miércoles 26 de enero.</font><br><br></p>";Salud;"COVID-19;coronavirus";CC BY 4.0 ES;es;Europe/Madrid;2026-06-19T09:37:55.148000+02:00;2026-06-19T09:37:55.148000+02:00;2026-07-31T08:02:22.009000+02:00;Junta de Castilla y León;;;;599469;80494816;0;24198719;46386;0;0;170.0
espacios-circuitos-escenicos;False;Red de Circuitos escénicos;"<p style=""margin: 0cm 0cm 6pt; background-image: initial; background-position: initial; background-size: initial; background-repeat: initial; background-attachment: initial; background-origin: initial; background-clip: initial;""><span style='font-size:10.5pt;font-family:""Segoe UI"",sans-serif;
color:#172B4D'>La Red de Teatros y los Circuitos Escénicos de Castilla y León
son sendos programas culturales de colaboración entre la Consejería de Cultura
y Turismo de la Junta de Castilla y León y las Entidades Locales de más de
10.000 habitantes (en el caso del programa de Red de Teatros) y de menos de
10.000 habitantes (en el caso del programa de Circuitos Escénicos) para la
realización conjunta de actividades de artes escénicas y música con el fin de
asegurar una programación estable, coordinada y de calidad en los teatros de la
Comunidad Autónoma.<o:p></o:p></span></p><p style=""margin: 0cm 0cm 6pt; background-image: initial; background-position: initial; background-size: initial; background-repeat: initial; background-attachment: initial; background-origin: initial; background-clip: initial;""><span style='font-size:10.5pt;font-family:""Segoe UI"",sans-serif;
color:#172B4D'>La información está disgregada en:</span> <span style='font-size:10.5pt;font-family:""Segoe UI"",sans-serif;color:#172B4D'>provincia,
entidad local, localidad entidad local, dirección entidad local, Código Postal
entidad local, teléfono entidad local, programa 2021, espacio escénico, dirección
espacio escénico y coordenadas espacio escénico<o:p></o:p></span></p><p>



<span style='font-size:10.5pt;line-height:107%;font-family:""Segoe UI"",sans-serif;
mso-fareast-font-family:Calibri;mso-fareast-theme-font:minor-latin;color:#172B4D;
mso-ansi-language:ES;mso-fareast-language:EN-US;mso-bidi-language:AR-SA'>•
Frecuencia de actualización: Semestral<br>
<br>
</span></p>";Cultura y ocio;"cultura;teatro";CC BY 4.0 ES;es;Europe/Madrid;2026-06-17T15:48:26.950000+02:00;2024-07-24T13:13:03.685000+02:00;2026-09-24T23:13:11.365000+02:00;Junta de Castilla y León;;;;127;29833;0;12487;1661;0;0;5.8
licencias-caza-pesca;False;Licencias de caza y pesca;"<p style=""margin: 0cm 0cm 6pt; background-image: initial; background-position: initial; background-size: initial; background-repeat: initial; background-attachment: initial; background-origin: initial; background-clip: initial;""><font color=""#172b4d"" face=""Segoe UI, sans-serif"">Información correspondiente a las licencias de caza y pesca que han sido expedidas en el conjunto de la comunidad de Castilla y León, tanto vía “on line” como a través de las unidades de emisión de licencias existentes en los diversos Servicios Territoriales de Medio Ambiente a nivel provincial.</font></p><p style=""margin: 0cm 0cm 6pt; background-image: initial; background-position: initial; background-size: initial; background-repeat: initial; background-attachment: initial; background-origin: initial; background-clip: initial;""><span style='color: rgb(23, 43, 77); font-family: ""Segoe UI"", sans-serif; font-size: 0.875rem;'>Cada registro del conjunto de datos incluye datos de licencias por cada uno de los tipos, así como de personas con licencia en vigor.</span></p><p style=""margin: 0cm 0cm 6pt; background-image: initial; background-position: initial; background-size: initial; background-repeat: initial; background-attachment: initial; background-origin: initial; background-clip: initial;""><font color=""#172b4d"" face=""Segoe UI, sans-serif"">Acrónimos:</font></p><p style=""margin: 0cm 0cm 6pt; background-image: initial; background-position: initial; background-size: initial; background-repeat: initial; background-attachment: initial; background-origin: initial; background-clip: initial;""><font color=""#172b4d"" face=""Segoe UI, sans-serif"">A: Armas de fuego o procedimiento que requiera autorización específica. Validez: 1 año</font></p><p style=""margin: 0cm 0cm 6pt; background-image: initial; background-position: initial; background-size: initial; background-repeat: initial; background-attachment: initial; background-origin: initial; background-clip: initial;""><font color=""#172b4d"" face=""Segoe UI, sans-serif"">A (Exentas): Licencias Exentas de pago de cuota conforme a Art. 2 de la ley 10/2014. Validez: 5 años</font></p><p style=""margin: 0cm 0cm 6pt; background-image: initial; background-position: initial; background-size: initial; background-repeat: initial; background-attachment: initial; background-origin: initial; background-clip: initial;""><font color=""#172b4d"" face=""Segoe UI, sans-serif"">B: Caza con galgo. Validez: 1 año</font></p><p style=""margin: 0cm 0cm 6pt; background-image: initial; background-position: initial; background-size: initial; background-repeat: initial; background-attachment: initial; background-origin: initial; background-clip: initial;""><font color=""#172b4d"" face=""Segoe UI, sans-serif"">B (Exentas): Licencias Exentas de pago de cuota conforme a Art. 2 de la ley 10/2014. Validez: 5 años</font></p><p style=""margin: 0cm 0cm 6pt; background-image: initial; background-position: initial; background-size: initial; background-repeat: initial; background-attachment: initial; background-origin: initial; background-clip: initial;""><font color=""#172b4d"" face=""Segoe UI, sans-serif"">C: Rehala con fines de caza. Validez: 1 año</font></p><p style=""margin: 0cm 0cm 6pt; background-image: initial; background-position: initial; background-size: initial; background-repeat: initial; background-attachment: initial; background-origin: initial; background-clip: initial;""><font color=""#172b4d"" face=""Segoe UI, sans-serif"">IC: Interautonómica de caza. Validez: 1 año</font></p><p style=""margin: 0cm 0cm 6pt; background-image: initial; background-position: initial; background-size: initial; background-repeat: initial; background-attachment: initial; background-origin: initial; background-clip: initial;""><font color=""#172b4d"" face=""Segoe UI, sans-serif"">P1: Pescadores españoles o de países de la Unión Europea y extranjeros residentes en España. Validez: 1 año</font></p><p style=""margin: 0cm 0cm 6pt; background-image: initial; background-position: initial; background-size: initial; background-repeat: initial; background-attachment: initial; background-origin: initial; background-clip: initial;""><font color=""#172b4d"" face=""Segoe UI, sans-serif"">P1 (Exentas): Licencias Exentas de pago de cuota conforme a Art. 2 de la ley 10/2014. Validez: 5 años</font></p><p style=""margin: 0cm 0cm 6pt; background-image: initial; background-position: initial; background-size: initial; background-repeat: initial; background-attachment: initial; background-origin: initial; background-clip: initial;""><font color=""#172b4d"" face=""Segoe UI, sans-serif"">P1 (Infantil): Licencias Exentas de pago de cuota conforme a Art. 2 de la ley 10/2014. Validez: Hasta cumplir los 14 años.</font></p><p style=""margin: 0cm 0cm 6pt; background-image: initial; background-position: initial; background-size: initial; background-repeat: initial; background-attachment: initial; background-origin: initial; background-clip: initial;""><font color=""#172b4d"" face=""Segoe UI, sans-serif"">IP: Interautonómica de Pesca. Validez: 1 año</font></p><p style=""margin: 0cm 0cm 6pt; background-image: initial; background-position: initial; background-size: initial; background-repeat: initial; background-attachment: initial; background-origin: initial; background-clip: initial;""><span style='color: rgb(23, 43, 77); font-family: ""Segoe UI"", sans-serif; font-size: 0.875rem;'>NOTA: Recordar que las licencias expedidas por CyL dada la vigencia de alguna de ellas, no debe confundirse con personas con licencia en vigor expedida por CyL (número de cazadores o pescadores que poseen licencia en vigor, exentos o también las licencias expedidas al amparo de convenio de IC – IP entre CCAA).</span><br/></p><p style=""margin: 0cm 0cm 6pt; background-image: initial; background-position: initial; background-size: initial; background-repeat: initial; background-attachment: initial; background-origin: initial; background-clip: initial;"">Frecuencia de actualización: Anual<br/><span style='color: rgb(23, 43, 77); font-family: ""Segoe UI"", sans-serif; font-size: 0.875rem;'></span></p>";Medio ambiente;"caza;pesca;licencias";CC BY 4.0 ES;es;Europe/Madrid;2026-06-17T15:47:55.301000+02:00;2026-03-01T07:00:05.361000+01:00;2026-09-24T10:00:15.886000+02:00;Junta de Castilla y León;;;;23;1633;0;54477;2468;0;0;10.2
registro-prohibidos-juego;False;Registro de personas con acceso prohibido a establecimientos del sector del juego;"<p class=""MsoNormal"">Relación de personas que tienen prohibido el acceso a los
establecimientos específicos de juego y apuestas, y a los juegos desarrollados
de forma remota, en la Comunidad de Castilla y León.<o:p></o:p></p><p class=""MsoNormal"">La información se presenta agrupada en  columnas:<o:p></o:p></p><p class=""MsoNormal"">Año, Altas - Otras Causas, Altas -Petición Propia ,Bajas - Otras Causas, Bajas
-Petición Propia, Total en activo a 31/12 .<o:p></o:p></p><p>





</p><p class=""MsoNormal"">Actualización: anual.<o:p></o:p></p>";Economía;"juego;ludopatía";CC BY 4.0 ES;es;Europe/Madrid;2026-06-17T15:47:48.064000+02:00;2026-04-09T08:30:03.676000+02:00;2026-09-24T08:30:28.527000+02:00;Junta de Castilla y León;;;;11;245;0;9031;2691;0;0;5.9
estadisticas-de-personal;False;Estadísticas de personal;"<p><span style=""font-family: lora; font-size: medium;"">Personal al servicio de consejerías, organismos autónomos, personal docente en centros docentes así como el de instituciones sanitarias.</span><br></p>";Sector público;"estadística;personal";CC BY 4.0 ES;es;Europe/Madrid;2026-06-17T15:09:01.967000+02:00;2026-06-17T15:09:01.967000+02:00;2026-09-24T23:09:15.362000+02:00;Junta de Castilla y León;;;;46271;7275226;0;30922;2906;0;0;8.6
inventario-de-bienes-y-derechos;False;Inventario de bienes y derechos;"<p><span style=""font-size: 12.495px;"">Relación de los bienes inmuebles propiedad de la </span><span style=""font-size: 12.495px;""><span style=""font-size: 12.495px;""><span style=""font-size: 12.495px;"">Administración General de la Comunidad de Castilla y León y sus Organismos Autónomos</span></span> o sobre los que ostenten algún derecho real, así como la finalidad a la que están destinados. </span></p><p><span style=""font-size: 12.495px;""><span style=""font-size: 12.495px;"">Actualización anual. Los datos se recopilan una vez finalizado el año.</span></span></p>";Sector público;"inventario;bienes inmuebles;derechos;información patrimonial";CC BY 4.0 ES;es;Europe/Madrid;2026-06-17T14:38:02.237000+02:00;2026-06-17T14:38:02.237000+02:00;2026-09-24T14:39:33.454000+02:00;Junta de Castilla y León;;;;36004;6500836;0;31786;4488;0;0;9.3
centros-de-caracter-social;False;Centros de carácter social;<p>Relación de centros del Sistema de Servicios Sociales de Castilla y León.</p><p>Frecuencia de actualización: Diaria.</p>;Sociedad y bienestar;"servicios sociales;centros;asistencial";CC BY 4.0 ES;es;Europe/Madrid;2026-06-17T13:36:02.197000+02:00;2026-06-17T13:36:02.197000+02:00;2026-09-24T22:01:39.694000+02:00;Junta de Castilla y León;;;;2188;1006912;0;163018;1807;0;0;15.3
resultados-temporadas-cinegeticas;False;Resultados de temporadas cinegéticas;"<p style=""margin: 0cm 0cm 6pt; background-image: initial; background-position: initial; background-size: initial; background-repeat: initial; background-attachment: initial; background-origin: initial; background-clip: initial;""><font color=""#172b4d"" face=""Segoe UI, sans-serif"">Los titulares de los cotos de caza deben presentar ante la Consejería una memoria anual de los aprovechamientos y actividades realizadas en la temporada en el plazo de un mes desde la finalización de estas actividades y aprovechamientos. La recopilación de todos esos datos por provincia y especie, así como los recogidos en las Reservas Regionales de Caza conformarán la memoria de resultados por temporada cinegética.</font></p><p style=""margin: 0cm 0cm 6pt; background-image: initial; background-position: initial; background-size: initial; background-repeat: initial; background-attachment: initial; background-origin: initial; background-clip: initial;""><span style='color: rgb(23, 43, 77); font-family: ""Segoe UI"", sans-serif; font-size: 0.875rem;'>Cada registro del conjunto de datos incluye datos de la temporada, especie, total capturas y capturas por provincias.</span></p><p style=""margin: 0cm 0cm 6pt; background-image: initial; background-position: initial; background-size: initial; background-repeat: initial; background-attachment: initial; background-origin: initial; background-clip: initial;"">Frecuencia de actualización: Anual<br></p><p style=""margin: 0cm 0cm 6pt; background-image: initial; background-position: initial; background-size: initial; background-repeat: initial; background-attachment: initial; background-origin: initial; background-clip: initial;""><br></p>";Medio ambiente;caza;CC BY 4.0 ES;es;Europe/Madrid;2026-06-17T12:24:36.228000+02:00;2025-11-07T13:00:08.385000+01:00;2026-09-24T16:00:44.569000+02:00;Junta de Castilla y León;;;;4150;167198;0;59031;2052;0;0;10.3
registro-nuevas-infecciones-por-vih;False;Registro nuevas infecciones por VIH;"<p>Casos notificados a la Red de Vigilancia Epidemiológica de Castilla y León.</p><p><span style=""font-family: inherit; font-size: 1em;"">Frecuencia de actualización:</span><span style=""font-family: inherit; font-size: 1em;""> Anual.</span></p>";Salud;"registro;infecciones;VIH;SIDA";CC BY 4.0 ES;es;;2026-06-17T11:00:22.807000+02:00;2026-06-17T11:00:22.807000+02:00;2026-09-24T15:20:56.895000+02:00;Junta de Castilla y León;;;;1659;169061;0;50805;1861;0;0;9.6
registro-regional-de-sida;False;Registro regional de SIDA;"<p>El Registro Regional de SIDA ofrece información sobre la evolución de esta enfermedad en Castilla y León. La incidencia de SIDA es un indicador de la frecuencia y evolución de los estadios avanzados de la infección por VIH en la población.</p><p><span style=""font-family: inherit; font-size: 1em;"">Frecuencia de actualización:</span><span style=""font-family: inherit; font-size: 1em;""> Anual.</span></p>";Salud;"registro;infecciones;VIH;SIDA";CC BY 4.0 ES;es;;2026-06-17T11:00:22.030000+02:00;2026-06-17T11:00:22.030000+02:00;2026-09-24T15:23:15.628000+02:00;Junta de Castilla y León;;;;2697;166455;0;28955;1862;0;0;7.8
explotaciones-ganaderas-de-bovino;False;Explotaciones ganaderas de bovino;"<p>Relación de las explotaciones de ganado bovino de Castilla y León.

El directorio de explotaciones de ganado bovino de Castilla y León sirve de base para el diseño de otras operaciones estadísticas, por tanto no se recoge el censo total. Solo se incluye el censo de reproductoras (hembras mayores de 24 meses) de todas las explotaciones de producción y reproducción que no sean cebaderos y el censo total en las explotaciones clasificadas como cebaderos.</p><p><span style=""font-family: inherit; font-size: 1em;"">Frecuencia de actualización:</span><span style=""font-family: inherit; font-size: 1em;""> Anual.</span></p><p><span style=""font-family: inherit; font-size: 1em;"">Nota: </span><span style=""font-size: 12.495px;"">Datos desde el año 2017 disponibles en el portal de datos abiertos de la Junta de Castilla y León</span></p>";Medio rural y pesca;"ganadería;bovino;explotaciones;2017;2018";CC BY 4.0 ES;es;Europe/Madrid;2026-06-17T10:00:23.950000+02:00;2026-06-17T10:00:23.950000+02:00;2026-09-24T10:01:11.717000+02:00;Junta de Castilla y León;;;;7580;367393;0;56852;9013;0;0;12.8
enfermedades-de-declaracion-obligatoria-casos-por-grupo-de-edad;False;Enfermedades de declaración obligatoria. Casos por grupo de edad;"<p>El Sistema de Enfermedades de Declaración Obligatoria es un sistema básico de la Red de Vigilancia Epidemiológica de Castilla y León que está orientado a la detección y control en tiempo oportuno de los casos de aquellas enfermedades transmisibles que, por su potencial epidémico, represente un riesgo para la salud de la población.</p><p><strong>Nota aclaratoria:</strong> Puede haber diferencias entre el número de casos de enfermedades por grupo de edad y el número de casos y tasas por provincia ya que, o bien en algunos casos concretos no se conoce la edad, o bien se trata de enfermedades de declaración numérica para las que no se recogen datos nominales.</p><p><span style=""font-family: inherit; font-size: 1em;"">Frecuencia de actualización:</span><span style=""font-family: inherit; font-size: 1em;""> Anual.</span></p>";Salud;"salud pública;enfermedades;declaración obligatoria;grupos;edad";CC BY 4.0 ES;es;;2026-06-17T08:00:02.298000+02:00;2026-06-17T08:00:02.298000+02:00;2026-09-24T20:00:48.418000+02:00;Junta de Castilla y León;;;;16992;722785;0;23783;1342;0;0;6.9
estadisticas-de-transporte-a-la-demanda;False;Estadísticas de transporte a la demanda;"<p><span style='font-size:11.0pt;font-family:""Calibri"",sans-serif;
mso-fareast-font-family:""Times New Roman"";mso-ansi-language:ES;mso-fareast-language:
EN-US;mso-bidi-language:AR-SA;mso-bidi-font-weight:bold'>Las estadísticas sobre
el sistema de transporte a la demanda aportan los datos necesarios para conocer
la evolución del número de viajeros anuales y por provincia, viajeros
acumulados desde la puesta en marcha, número de zonas, rutas, núcleos de
población y población conectada.</span></p>";Transporte;transporte;CC BY 4.0 ES;es;Europe/Madrid;2026-06-17T00:00:02.237000+02:00;2026-06-17T00:00:02.237000+02:00;2026-09-25T00:02:00.892000+02:00;Junta de Castilla y León;;;;144;6164;0;35826;1635;0;0;8.3
centros-de-inspeccion-tecnica-de-vehiculos-en-castilla-y-leon;False;Centros de inspección técnica de vehículos en Castilla y León;"<p><span style=""font-family: lora; font-size: medium;"">Relación de todos los centros donde se realizan Inspecciones Técnicas de Vehículos en Castilla y León, indicando diversos datos de los mismos, como Localidad donde se ubica, dirección, horario, teléfono y correo electrónico de contacto, así como los tipos de inspecciones técnicas autorizadas en cada Centro.</span></p><p><span style=""font-family: lora; font-size: medium;""><br></span><span style=""font-family: inherit; font-size: 1em;"">Frecuencia de actualización:</span><span style=""font-family: inherit; font-size: 1em;""> Semestral.</span></p><p><br></p>";Industria;"infecciones;vehículos;itv";CC BY 4.0 ES;es;Europe/Madrid;2026-06-16T22:00:03.507000+02:00;2026-06-16T22:00:03.507000+02:00;2026-09-24T22:00:51.612000+02:00;Junta de Castilla y León;;;;41;18656;0;28451;400;0;0;6.5
entidades-de-voluntariado;False;Entidades de voluntariado;"<p>Relación de entidades de Castilla y León que desarrollan programas de voluntariado.</p><p><span style=""font-family: inherit; font-size: 1em;"">Frecuencia de actualización:</span><span style=""font-family: inherit; font-size: 1em;""> Diaria.</span></p>";Sociedad y bienestar;"servicios sociales;entidades;voluntariado";CC BY 4.0 ES;es;Europe/Madrid;2026-06-16T22:00:02.681000+02:00;2026-06-16T22:00:02.681000+02:00;2026-09-24T22:00:15.726000+02:00;Junta de Castilla y León;;;;477;148443;0;36166;562;0;0;7.4
servicios-de-caracter-social;False;Servicios de carácter social;"<p>Relación de servicios asistenciales desarrollados en Castilla y León.</p><p><span style=""font-family: inherit; font-size: 1em;"">Frecuencia de actualización:</span><span style=""font-family: inherit; font-size: 1em;""> Diaria.</span></p>";Sociedad y bienestar;"servicios sociales;servicios asistenciales";CC BY 4.0 ES;es;Europe/Madrid;2026-06-16T22:00:02.679000+02:00;2026-06-16T22:00:02.679000+02:00;2026-09-24T22:00:25.703000+02:00;Junta de Castilla y León;;;;8441;2988121;0;78352;688;0;0;10.4
estadisticas-juntas-arbitrales-transporte;False;Estadísticas de las Juntas Arbitrales de Transporte;"<p><span style=""font-family: lora; font-size: medium;""></span><span style='mso-fareast-font-family:
""Times New Roman""'>Estadísticas de las Juntas Arbitrales de Transporte de la Comunidad de Castilla y León.<br></span></p><p><span style=""font-family: lora; font-size: medium;"">

</span></p><p class=""MsoNormal"" style=""text-align:justify""><span style='mso-fareast-font-family:
""Times New Roman""'>Las Juntas Arbitrales de Transporte son un instrumento de
protección y defensa de las partes intervinientes en el transporte, a las
corresponde, entre otras funciones, la resolución de controversias de carácter
mercantil sobre el cumplimiento de los contratos de transporte terrestre y de
aquellos otros que tengan por objeto la prestación de actividades auxiliares y
complementarias, tanto en el ámbito de mercancías como de viajeros. Las
estadísticas aportan, anualmente, datos sobre la causa de las demandas
planteadas y su forma de resolución, así como información de los depósitos de
mercancías.<span style=""mso-spacerun:yes"">  </span></span></p>

<p><span style=""font-family: lora; font-size: medium;""></span></p>";Transporte;transporte;CC BY 4.0 ES;es;;2026-06-16T15:54:01.956000+02:00;2026-06-16T15:54:01.956000+02:00;2026-09-24T15:54:17.273000+02:00;Junta de Castilla y León;;;;9;542;0;10677;1355;0;0;5.3
agenda-de-trabajo-de-altos-cargos-legislatura-x;False;Agenda de trabajo de altos cargos Legislatura X - Histórico;"<p><span style=""font-family: lora; font-size: medium;"">Reuniones, eventos y encuentros que mantienen los consejeros y restantes altos cargos en la Administración de la Comunidad de Castilla y León y sus organismos autónomos de la X Legislatura.</span></p><p><span style=""font-family: lora; font-size: medium;""><br></span><span style=""font-family: inherit; font-size: 1em;"">Frecuencia de actualización:</span><span style=""font-family: inherit; font-size: 1em;""> Cada 4 horas.</span></p><p><br></p>";Sector público;"agenda;trabajo;altos cargos";CC BY 4.0 ES;es;Europe/Madrid;2026-06-11T15:28:08.334000+02:00;2026-06-11T15:28:08.334000+02:00;2026-08-05T13:57:08.842000+02:00;Junta de Castilla y León;;;;27342;10294906;0;1340;78;0;0;1.7
estadisticas-de-servicios-sociales-de-castilla-y-leon;False;Estadísticas de Servicios Sociales de Castilla y León;"<p>Se ofrecen datos estadísticos de las principales variables de los servicios sociales de la comunidad.</p><p>
</p><p class=""MsoNormal""><font face=""Arial, sans-serif"">NOTA: </font><br><font face=""Arial, sans-serif"">- En el indicador ""Nº de alumnos del Programa Interuniversitario de la Experiencia"" se indica el año de inicio del curso académico.</font><br><font face=""Arial, sans-serif"">- En el indicador “Nº de usuarios del servicio de teleasistencia”. Desde 2016 hasta 2023 se incluyen los usuarios atendidos en el programa de teleasistencia domiciliaria ofrecido por Cruz Roja</font></p>
<p><span style=""font-family: inherit; font-size: 1em;"">Frecuencia de actualización:</span><span style=""font-family: inherit; font-size: 1em;""> Anual.</span></p>";Sociedad y bienestar;"estadística;servicios sociales;dependencia;ceas;sauss;discapacidad;personas mayores;protección a la infancia;inclusión social;menores infractores";CC BY 4.0 ES;es;Europe/Madrid;2026-06-10T09:33:30.216000+02:00;2026-06-10T09:33:30.216000+02:00;2026-09-24T13:57:15.254000+02:00;Junta de Castilla y León;;;;7818;967654;0;55396;2269;0;0;10.1
consumo-de-electricidad-mensual-en-castilla-y-leon;False;Consumo de electricidad mensual en Castilla y León;"<p><span style=""font-size: 12.495px;"">Consumo mensual de energía eléctrica en Castilla y León desde 2019.</span></p><p><span style=""font-size: 12.495px;"">Los datos incluyen: mes, provincia, código INE de la provincia, suministrador, tipo (residencial, servicios, industrial) y consumo en kWh.</span></p><p><span style=""font-size: 12.495px;""><br></span><span style=""font-family: inherit; font-size: 1em;"">Frecuencia de actualización:</span><span style=""font-family: inherit; font-size: 1em;""> Mensual.</span></p>";Energía;energía;CC BY 4.0 ES;es;Europe/Madrid;2026-06-10T09:18:04.417000+02:00;2026-06-10T09:18:04.417000+02:00;2026-09-24T09:18:05.734000+02:00;Junta de Castilla y León;;;;4500;261770;0;34594;4050;0;0;9.4
agentes-activos-de-la-educacion-ambiental-en-castilla-y-leon;False;Agentes activos de la educación ambiental en Castilla y León;"<p><span style=""font-family: Calibri, sans-serif, serif, EmojiFont; font-size: 16px;"">Relación de agentes activos de la educación ambiental en Castilla y León, que incluye información de contacto tanto de entidades públicas (ayuntamientos, centros educativos, equipamientos de educación ambiental) como empresas privadas, asociaciones y fundaciones dedicadas a esta materia.</span></p>";"Educación;Medio ambiente";"educación;medio ambiente;agentes;evaluación ambiental";CC BY 4.0 ES;es;Europe/Madrid;2026-06-09T13:28:03.596000+02:00;2026-06-09T13:28:03.596000+02:00;2026-09-24T13:28:19.076000+02:00;Junta de Castilla y León;;;;367;95558;0;40888;341;0;0;7.5
personas-con-discapacidad;False;Personas con discapacidad;"<p><span style=""font-size: 12.495px;"">Personas con discapacidad por grado de discapacidad, tipo de discapacidad y hábitat (urbano/rural).</span></p><p><span style=""font-size: 12.495px;"">A cada persona se le asigna el tipo de discapacidad que más dificultades le genera.</span></p>";Sociedad y bienestar;"servicios sociales;discapacidad";CC BY 4.0 ES;es;Europe/Madrid;2026-06-02T11:57:03.918000+02:00;2026-06-02T11:57:03.918000+02:00;2026-09-24T11:57:11.425000+02:00;Junta de Castilla y León;;;;3600;287381;0;21188;1982;0;0;7.1
calidad-de-las-aguas-de-consumo-humano;False;Calidad de las aguas de consumo humano;<p>Información sobre las zonas de abastecimiento de agua de consumo humano de Castilla y León, sus infraestructuras y la calidad sanitaria de las aguas abastecidas.</p>;Salud;"salud pública;calidad;agua;consumo humano";CC BY 4.0 ES;es;Europe/Madrid;2026-05-29T20:00:03.230000+02:00;2026-05-29T20:00:03.230000+02:00;2026-09-24T20:00:48.512000+02:00;Junta de Castilla y León;;;;162;33152;0;38970;2195;0;0;8.9
registro-de-eliminacion-de-documentos;False;Registro de eliminación de documentos;"<p><span style=""font-size: 12.495px;"">Registro donde se asientan las eliminaciones de documentos gestionadas por los responsables de los Archivos Centrales de las Consejerías y de los Archivos de las Delegaciones Territoriales de la Administración de la Junta de Castilla y León según los plazos establecidos en las Reglas de Conservación aprobadas y publicadas en el BOCyL.</span><br></p>";Sector público;"administración pública;archivos";CC BY 4.0 ES;es;Europe/Madrid;2026-05-27T12:11:42.184000+02:00;2026-05-27T12:11:42.184000+02:00;2026-09-24T14:00:32.567000+02:00;Junta de Castilla y León;;;;2385;584449;0;11442;1258;0;0;5.4
catalogo-de-carreteras-sin-clasificar;False;Catálogo de carreteras sin clasificar;"<p><span style=""font-family: lora; font-size: medium;"">Catálogo de carreteras sin clasificar.</span><br></p>";Urbanismo e infraestructuras;"red de carreteras;bienes inmuebles;información patrimonial";CC BY 4.0 ES;es;Europe/Madrid;2026-05-27T10:42:36.602000+02:00;2026-05-27T10:42:36.602000+02:00;2026-09-24T05:00:10.049000+02:00;Junta de Castilla y León;;;;160;11154;0;15660;1956;0;0;6.4
catalogo-de-la-red-regional-de-carreteras-tramificada;False;Catálogo de la red regional de carreteras (tramificada);"<p><span style=""font-family: lora; font-size: medium;"">El catálogo incluye los tramos de la red complementaria preferente, de la red complementaria local y de la red básica.</span><br></p>";Urbanismo e infraestructuras;"carreteras;bienes inmuebles;información patrimonial";CC BY 4.0 ES;es;Europe/Madrid;2026-05-27T10:39:47.225000+02:00;2026-05-27T10:39:47.225000+02:00;2026-09-24T14:12:25.793000+02:00;Junta de Castilla y León;;;;160;11154;0;20674;2963;0;0;7.6
anchura-de-carreteras;False;Anchura de Carreteras;"<p><span style=""font-family: lora; font-size: medium;"">Anchos pavimentados de carreteras pertenecientes a la red de titularidad de la Comunidad Autónoma.</span></p><p><span style=""font-family: lora; font-size: medium;"">Frecuencia de actualización: Anual.</span><span style=""font-family: lora; font-size: medium;""><br></span><br></p>";Urbanismo e infraestructura;"transporte;redes de transporte;red viaria;red de carreteras";CC BY 4.0 ES;es;Europe/Madrid;2026-05-25T17:00:04.117000+02:00;2026-05-25T17:00:04.117000+02:00;2026-09-24T17:01:12.767000+02:00;Junta de Castilla y León;;;;1560;142954;0;21821;1926;0;0;7.1
estadisticas-web-ubicaciones;False;Estadisticas web - Ubicaciones ciudades;"<p><span style=""font-size: 12.495px;"">Información del número de visitas por ciudades y sitio web. Actualización diaria.</span><br></p>";Sector público;estadísticas;CC BY 4.0 ES;es;Europe/Madrid;2026-05-23T08:14:53.282000+02:00;2026-05-23T08:14:53.282000+02:00;2026-09-24T08:16:19.737000+02:00;Junta de Castilla y León;;;;3310834;189842345;0;39515;826;0;0;7.9
directorio-de-archivos-de-castilla-y-leon;False;Directorio de Archivos de Castilla y León;"<p>Relación de Archivos de Castilla y León.</p><p><span style=""font-family: inherit; font-size: 1em;"">Frecuencia de actualización:</span><span style=""font-family: inherit; font-size: 1em;""> Diaria.</span></p>";Cultura y ocio;"directorio;información;archivos";CC BY 4.0 ES;es;Europe/Madrid;2026-05-22T14:00:04.134000+02:00;2026-05-22T14:00:04.134000+02:00;2026-09-24T22:00:51.910000+02:00;Junta de Castilla y León;;;;121;106779;0;44692;1517;0;0;8.9
centros-de-salud-municipios;False;Centros de salud por municipios;<p>Relación de los Centros de Salud de Castilla y León y los municipios a los que se encuentran asociados</p>;Salud;"centros de salud;municipios";CC BY 4.0 ES;es;Europe/Madrid;2026-05-21T10:40:38.726000+02:00;2026-05-21T10:40:38.726000+02:00;2026-09-23T05:10:06.681000+02:00;Junta de Castilla y León;;;;2317;239812;0;29786;14585;0;0;12.1
registro-de-instrucciones-previas;False;Registro de Instrucciones Previas;<p>El Registro de Instrucciones Previas de Castilla y León permite la inscripción de los documentos de instrucciones previas de las personas que así lo soliciten, pues la inscripción de este documento no es obligatoria.</p>;Salud;"registro;instrucciones previas";CC BY 4.0 ES;es;;2026-05-18T10:12:34.004000+02:00;2026-05-18T10:12:34.004000+02:00;2026-09-24T20:00:54.145000+02:00;Junta de Castilla y León;;;;21796;3295987;0;15895;1742;0;0;6.3
produccion-leche-sectores;False;Producción primaria del sector lácteo;"<p>Producción total de litros de leche de vaca, oveja y cabra en Castilla y León.</p>
<p>La información se presenta agrupada en columnas: año sector provincia y número de litros producidos.</p>
<p>Frecuencia de actualización: anual</p>";Medio rural y pesca;"leche;vaca;oveja;cabra;producción";CC BY 4.0 ES;es;Europe/Madrid;2026-05-08T12:10:03.545000+02:00;2026-05-08T12:10:03.545000+02:00;2026-09-24T12:10:35.903000+02:00;Junta de Castilla y León;;;;243;10541;0;95097;1518;0;0;12.0
fondos-documentales-fichas-isad;False;Fondos documentales fichas isad;;;;;es;;2026-05-05T15:10:15+02:00;2026-08-05T12:34:24.450000+02:00;2026-08-05T12:34:24.494000+02:00;;;;;1254;5646380;0;701;570;0;0;2.1
emergencias-solo-ultimo-ano-historico;False;Emergencias solo ultimo año historico;;;;;es;;2026-05-05T13:33:16+02:00;2026-07-22T09:54:53.495000+02:00;2026-07-22T09:55:21.454000+02:00;;;;;2423;4492585;0;345;240;0;0;1.4
inmuebles-arrendados;False;Inmuebles arrendados;"<p><span style=""font-size: 12.495px;"">Inmuebles arrendados por la Administración General de la Comunidad de Castilla y León y sus Organismos Autónomos.<br></span></p><p><span style=""font-size: 12.495px;"">Para cada inmueble se indica: dirección, destino, localidad, consejería y renta anual con IVA.</span></p><p>Actualización anual. <span style=""font-size: 12.495px;""><span style=""font-size: 12.495px;"">Los datos se recopilan una vez finalizado el año.</span></span></p>";Sector público;"arrendamiento;bienes inmuebles;información patrimonial;administración pública";CC BY 4.0 ES;es;Europe/Madrid;2026-04-16T12:33:04.918000+02:00;2026-04-16T12:33:04.918000+02:00;2026-09-24T12:34:02.139000+02:00;Junta de Castilla y León;;;;1247;213793;0;15515;1008;0;0;5.7
vacunas-recibidas-covid-19-campana-2526;False;Vacunas recibidas COVID-19 Campaña 25-26;"<p><b>La campaña de vacunación 2025/2026 finalizó el 23 de marzo de 2026.</b></p><p>Total de vacunas recibidas por las delegaciones territoriales de salud en la campaña 2025/2026.</p><p> Los datos son acumulados por lo que los datos de la última fecha son el total de vacunas recibidas por marca.</p><p>Las vacunas de las que se dispone en esta campaña son:<br></p><ul><li>Las vacunas frente a COVID adaptadas (XBB 1.5): adultos,
pediátrica y mini pediátrica (tres formulaciones, de 30, 10 y 3 mg/dosis
indicadas para <span style=""font-family: inherit; font-size: 0.875rem;"">personas de 12 y más años, de 5-11 años y de 6-59 meses,
respectivamente).</span></li><li><span style=""font-family: inherit; font-size: 0.875rem;"">Y la vacuna de HIPRA (basada en una proteína recombinante de
las variantes alfa y beta del SARS-CoV-2) y autorizada en personas a partir de
16 años.</span></li></ul><p><br></p>";Salud;"vacunación;coronavirus;COVID-19";CC BY 4.0 ES;es;Europe/Madrid;2026-03-27T08:56:34.214000+01:00;2026-03-27T08:56:34.214000+01:00;2026-08-06T11:55:00.617000+02:00;Junta de Castilla y León;;;;765;48552;0;97564;357;0;0;11.1
catalogo-de-hospitales-hospitales-y-camas-por-finalidad-y-dependencia;False;Catálogo de hospitales – Hospitales y camas por finalidad y dependencia;<p>Datos anuales desde 2010 del número de hospitales y de camas según finalidad asistencial y dependencia (funcional y patrimonial) del catálogo de hospitales de Castilla y León. Los datos de todas las anualidades están recogidos a 31 de diciembre de la anualidad anterior (por ejemplo, los datos que figuran para la anualidad de 2018 son datos a 31 de diciembre de 2017 y así sucesivamente).</p><p>Otras notas:</p><ul><li>Todos los hospitales integrados dentro de un mismo Complejo Asistencial se contabilizan como un único hospital.</li><li>La finalidad asistencial de los Complejos se considera ‘General’, ya que es la actividad a la que el conjunto de hospitales que los integran dedican la mayor parte de sus recursos, tanto humanos como de equipamiento.</li><li>La dependencia patrimonial de los Complejos se considera de ‘Entidades públicas’, ya que los edificios que los integran pueden tener dependencias patrimoniales distintas.</li></ul>;Salud;"catálogo;hospitales;camas;finalidad;dependencia";CC BY 4.0 ES;es;;2026-03-24T10:56:58.781000+01:00;2026-03-24T10:56:58.781000+01:00;2026-09-24T20:01:29.039000+02:00;Junta de Castilla y León;;;;153;17774;0;15509;1621;0;0;6.2
catalogo-de-hospitales-dotacion-tecnologica;False;Catálogo de hospitales – Dotación tecnológica;"<p>
	Datos anuales desde 2007 de la dotación tecnológica del catálogo de hospitales de Castilla y León. Los datos de todas las anualidades están recogidos a 31 de diciembre de la anualidad anterior (por ejemplo, los datos que figuran para la anualidad de 2018 son datos a 31 de diciembre de 2017 y así sucesivamente).</p><p>
	ABREVIATURAS EMPLEADAS:</p><ul><li>TAC: Tomografía axial computarizada</li><li>RM: Resonancia magnética</li><li>GAM: Gammacámara</li><li>HEM: Sala de hemodinámica</li><li>ASD: Angiografía por sustracción digital</li><li>LIT: Litotricia extracorpórea por ondas de choque</li><li>BCO: Bomba de cobalto</li><li>ALI: Acelerador de partículas</li><li>SPECT: Tomografía por emisión de fotones</li><li>PET: Tomografía por emisión de positrones</li><li>MAMOS: Mamógrafo</li><li>DO: Densitómetro óseo</li><li>DIAL: Equipo de hemodiálisis</li></ul>";Salud;"catálogo;hospitales;dotación tecnológica";CC BY 4.0 ES;es;Europe/Madrid;2026-03-24T10:43:56.687000+01:00;2026-03-24T10:43:56.687000+01:00;2026-09-24T20:01:39.238000+02:00;Junta de Castilla y León;;;;743;69750;0;14292;1695;0;0;6.1
entidades-de-caracter-social;False;Entidades de carácter social;"<p>Relación de entidades de Castilla y León que trabajan en el ámbito de los servicios sociales.</p><p><span style=""font-family: inherit; font-size: 1em; font-weight: bolder;"">Frecuencia de actualización:</span><span style=""font-family: inherit; font-size: 1em;""> Diaria.</span></p>";Sociedad y bienestar;"servicios sociales;entidades";CC BY 4.0 ES;es;Europe/Madrid;2026-03-23T22:00:11.073000+01:00;2026-03-23T22:00:11.073000+01:00;2026-09-24T22:00:15.728000+02:00;Junta de Castilla y León;;;;4309;1564533;0;665964;2228;0;0;28.8
catalogo-de-hospitales-informacion-general;False;Catálogo de hospitales – Información general;"<p><span style=""font-size: 12.495px;"">Información de contacto, acreditación, concierto, finalidad y dependencia del catálogo de hospitales de Castilla y León.</span><br></p>";Salud;"catálogo;hospitales;información general";CC BY 4.0 ES;es;Europe/Madrid;2026-03-20T20:00:04.699000+01:00;2026-03-20T20:00:04.699000+01:00;2026-09-24T20:01:29.042000+02:00;Junta de Castilla y León;;;;53;16606;0;33422;1952;0;0;8.3
enajenaciones-efectuadas;False;Enajenaciones efectuadas;"<p><span style=""font-size: 12.495px;"">Enajenaciones autorizadas cada año </span><span style=""font-size: 12.495px;""><span style=""font-size: 12.495px;"">por la Administración General de la Comunidad de Castilla y León y sus Organismos Autónomos.</span></span></p><p><span style=""font-size: 12.495px;"">Para cada enajenación se indica: categoría, provincia, municipio, ubicación, precio de venta, fecha de escritura y superficie.</span></p><p><span style=""font-size: 12.495px;"">Actualización anual. Los datos se recopilan una vez finalizado el año.<br></span><br></p>";Sector público;"enajenaciones;administración pública";CC BY 4.0 ES;es;Europe/Madrid;2026-03-19T13:36:19.763000+01:00;2026-03-19T13:36:19.763000+01:00;2026-09-24T12:06:37.059000+02:00;Junta de Castilla y León;;;;36;5599;0;7834;1046;0;0;4.6
inventario-de-puentes-y-estructuras-de-carreteras;False;Inventario de Puentes y Estructuras de Carreteras;"<p><span style=""font-family: lora; font-size: medium;"">Inventario de puentes y estructuras con luz superior a 4 metros en la red de carreteras de titularidad de la Comunidad Autónoma.</span></p><p></p><p><font face=""lora""><span style=""font-size: medium;"">Frecuencia de actualización: Anual.</span></font></p><br><p></p>";Urbanismo e infraestructura;"transporte;redes de transporte;red de carreteras";CC BY 4.0 ES;es;Europe/Madrid;2026-03-05T15:30:02.724000+01:00;2026-03-05T15:30:02.724000+01:00;2026-09-24T15:30:56.537000+02:00;Junta de Castilla y León;;;;2902;445347;0;25907;2520;0;0;7.9
casos-de-arbitraje-de-consumo;False;Casos de arbitraje de consumo;"El Arbitraje de Consumo es un procedimiento voluntario que permite resolver fácil y equitativamente las controversias que pueden surgir entre los dos protagonistas del Consumo -empresarios y consumidores- sin necesidad de acudir a los Tribunales Ordinarios de Justicia.

En este dataset se detallan 102 casos reales de Consumo resueltos en Castilla y León.";Comercio;"arbitraje;consumo;casos;empresarios;consumidores";CC BY 4.0 ES;es;Europe/Madrid;2026-03-04T22:00:03.611000+01:00;2026-03-04T22:00:03.611000+01:00;2026-09-24T22:00:15.923000+02:00;Junta de Castilla y León;;;;102;185055;0;34970;347;0;0;7.0
catalogo-cursos-eclap;False;Catálogo de cursos ECLAP 2026;;;;;es;;2026-02-19T14:15:44+01:00;2026-09-23T12:30:39.691000+02:00;2026-09-24T14:32:38.623000+02:00;;;;;442;607309;0;2709;20;0;0;1.9
fiestas-locales-calendario-de-fiestas-de-caracter-local;False;Fiestas locales: Calendario de fiestas de caracter local;"<p><span style=""font-family: lora; font-size: medium;"">Calendario de fiestas laborables (inhábiles para el trabajo retribuidos y no recuperables) en Castilla y León. De conformidad con lo establecido en el art. 46 del Real Decreto 2001/1983, de 28 de julio, sobre regulación de la jornada de trabajo, jornadas especiales y descansos.</span></p><p><span style=""font-family: lora; font-size: medium;""><br></span><span style=""font-family: inherit; font-size: 1em;"">Frecuencia de actualización:</span><span style=""font-family: inherit; font-size: 1em;""> Anual.</span></p><p><br></p>";Empleo;"fiestas;regional";CC BY 4.0 ES;es;Europe/Madrid;2026-02-17T22:00:12.859000+01:00;2026-02-17T22:00:12.859000+01:00;2026-09-24T22:01:54.817000+02:00;Junta de Castilla y León;;;;15871;1068896;0;319755;3359;0;0;21.3
ayudas-y-subvenciones;False;Convocatorias de Ayudas y Subvenciones;Convocatorias de Ayudas y Subvenciones de la Junta de Castilla y León.;Sector público;"ayudas;subvenciones;sede;electronica";CC BY 4.0 ES;es;Europe/Madrid;2026-02-06T22:00:10.061000+01:00;2026-02-06T22:00:10.061000+01:00;2026-09-24T22:01:01.868000+02:00;Junta de Castilla y León;;;;695;8833384;0;238057;1103;0;0;17.5
servicios-electronicos;False;Servicios Electrónicos;"<p>Aplicaciones de la Junta de Castilla y León en la Sede Electrónica que no implican la realización de un procedimiento electrónico.</p><p><span style=""font-family: lora; font-size: 16px;"">Frecuencia de actualización:</span><span style=""font-family: lora; font-size: 16px;""> Cada 4 horas.</span><br/></p>";Sector público;"servicios;sede;electronica";CC BY 4.0 ES;es;Europe/Madrid;2026-02-06T22:00:03.502000+01:00;2026-02-06T22:00:03.502000+01:00;2026-09-24T22:00:15.372000+02:00;Junta de Castilla y León;;;;65;87637;0;19857;177;0;0;5.3
dependencia-cuidadores;False;Dependencia: cuidadores;"<p><span style=""font-size: 12.495px;"">Personas designadas como cuidadoras del entorno familiar. Datos desglosados por sexo de la persona cuidadora y de la persona en situación de dependencia, provincia y grado de dependencia.</span><br></p>";Sociedad y bienestar;"servicios sociales;discapacidad;dependencia";CC BY 4.0 ES;es;Europe/Madrid;2026-01-29T11:57:03.098000+01:00;2026-01-29T11:57:03.098000+01:00;2026-09-24T13:57:15.244000+02:00;Junta de Castilla y León;;;;360;21475;0;48923;1615;0;0;9.3
coberturas-de-vacunacion-en-castilla-y-leon;False;Coberturas de vacunación en Castilla y León;"<p>Se ofrecen datos de las vacunas hexavalente (vacuna frente a poliomielitis (VPI), difteria, tétanos y tosferina (DTPa), Haemophilus influenzae tipo b (Hib) y hepatitis B (HB)), vacuna frente a difteria, tétanos y tosferina de baja carga (dTpa), vacuna frente a tétanos y difteria (Td), vacuna frente a sarampión, rubéola y parotiditis (triple vírica, TV o SRP), vacuna frente a varicela (VVZ), vacuna frente a meningococo C (MenC), vacuna frente a neumococo (VNC), y vacuna frente al virus del papiloma humano (VPH).</p><p><span style=""font-family: inherit; font-size: 1em;"">Frecuencia de actualización:</span><span style=""font-family: inherit; font-size: 1em;""> Anual</span></p> <div>Fuente: Registro de vacunaciones de Castilla y León (REVA).</div>";Salud;"vacunación;hexavalente;triple vírica;varicela;meningococo c;neumococo;virus papiloma humano";CC BY 4.0 ES;es;;2026-01-27T15:14:31.873000+01:00;2026-01-27T15:14:31.873000+01:00;2026-09-24T20:00:28.299000+02:00;Junta de Castilla y León;;;;1413;164355;0;25606;1782;0;0;7.4
dependencia-entre-consultorios-y-centros-de-salud;False;Dependencia entre consultorios y centros de salud;"<p><font face=""-apple-system, BlinkMacSystemFont, Segoe UI, Roboto, Noto Sans, Ubuntu, Droid Sans, Helvetica Neue, sans-serif"">Relación entre los consultorios de Castilla y León y el centro de salud del que dependen.</font></p><p><font face=""-apple-system, BlinkMacSystemFont, Segoe UI, Roboto, Noto Sans, Ubuntu, Droid Sans, Helvetica Neue, sans-serif"">Puede ampliar la información en el <a href=""https://analisis.datosabiertos.jcyl.es/explore/dataset/registro-de-centros-sanitarios-de-castilla-y-leon"" target=""_blank"">registro de centros sanitarios de Castilla y León</a>.</font></p><p><font face=""-apple-system, BlinkMacSystemFont, Segoe UI, Roboto, Noto Sans, Ubuntu, Droid Sans, Helvetica Neue, sans-serif"" style=""""><br></font><span style=""font-family: inherit; font-size: 1em;"">Frecuencia de actualización:</span><span style=""font-family: inherit; font-size: 1em;""> Puntual.</span></p>";Salud;;CC BY 4.0 ES;es;;2026-01-23T09:59:10.440000+01:00;2026-01-23T09:59:10.440000+01:00;2026-08-05T11:41:20.425000+02:00;Junta de Castilla y León;;;;3960;314266;0;51147;1486;0;0;9.4
enfermedades-de-declaracion-obligatoria-casos-y-tasas-por-provincia;False;Enfermedades de declaración obligatoria. Casos y tasas por provincia;"<p>El Sistema de Enfermedades de Declaración Obligatoria es un sistema básico de la Red de Vigilancia Epidemiológica de Castilla y León que está orientado a la detección y control en tiempo oportuno de los casos de aquellas enfermedades transmisibles que, por su potencial epidémico, represente un riesgo para la salud de la población.</p><p><span style=""font-family: inherit; font-size: 1em;"">Frecuencia de actualización:</span><span style=""font-family: inherit; font-size: 1em;""> Anual.</span></p>";Salud;"salud pública;enfermedades;declaración obligatoria;casos;tasas;provincias";CC BY 4.0 ES;es;;2026-01-19T14:00:10.099000+01:00;2026-01-19T14:00:10.099000+01:00;2026-09-24T20:00:38.500000+02:00;Junta de Castilla y León;;;;10645;518287;0;18798;1842;0;0;6.7
interrupcion-voluntaria-del-embarazo;False;Interrupción voluntaria del embarazo;<p>Descripción de las variables notificadas al sistema de vigilancia epidemiológica de las interrupciones voluntarias de embarazo de las mujeres residentes en Castilla y León.</p>;Salud;"salud pública;interrupción;embarazo;aborto";CC BY 4.0 ES;es;;2026-01-19T12:07:37.768000+01:00;2026-01-19T12:07:37.768000+01:00;2026-07-31T12:50:23.986000+02:00;Junta de Castilla y León;;;;21684;2885452;0;17143;2266;0;0;6.8
control-oficial-de-productos-alimenticios-sectorfase;False;Control oficial de productos alimenticios - sector/fase;<p>Información sobre el número de establecimientos de productos alimenticios por sectores y fases, las visitas realizadas, la toma de muestras, los distintos tipos de incumplimientos con sus correspondientes expedientes y sanciones. Datos por Sector/Fase.</p>;Salud;"salud pública;control oficial;productor alimenticios;alimentos;sector;fase";CC BY 4.0 ES;es;Europe/Madrid;2026-01-12T17:02:30.890000+01:00;2026-01-12T17:02:30.890000+01:00;2026-09-24T06:03:19.501000+02:00;Junta de Castilla y León;;;;280;33748;0;10742;1593;0;0;5.5
fallecimientos-2017-2020-trimestres;False;Mortalidad en periodos mensuales;"<p><span style=""font-size: 0.833rem;"">Datos de mortalidad en periodos mensuales desde el año 2017.</span></p><p><span style=""font-size: 12.495px;"">Cálculo efectuado tomando en cuenta las bajas de tarjetas sanitarias. </span></p><p><span style=""font-size: 12.495px;"">Se incluye información de:<br></span></p><ul><li><span style=""font-size: 12.495px;"">Número total de pacientes dados de baja por fallecimiento.</span></li><li><span style=""font-size: 12.495px;"">Tasa provincial de fallecimientos calculada con respecto a la población de cada provincia expresada por mil. <br></span></li><li><span style=""font-size: 12.495px;"">Número total de pacientes de residencias dados de baja por fallecimiento.</span></li><li><span style=""font-size: 12.495px;""><span style=""font-size: 12.495px;"">Tasa provincial de fallecimientos de pacientes en residencias calculada con </span>respecto al total de plazas en residencias expresada por cien.</span></li></ul><p><span style=""font-size: 12.495px;"">Actualización puntual. Tienen a sus disposición de forma mensual los datos de <a href=""https://analisis.datosabiertos.jcyl.es/explore/dataset/fallecimientos-2017-2020-meses/table/?sort=ano&amp;refine.ano=2021"" target=""_blank"">mortalidad por meses</a>.<br></span></p>";Salud;"fallecidos;mortalidad";CC BY 4.0 ES;es;Europe/Madrid;2026-01-05T10:15:47.213000+01:00;2026-01-05T10:15:47.213000+01:00;2026-07-31T12:26:58.855000+02:00;Junta de Castilla y León;;;;405;28142;0;2497035;2834;0;0;53.7
tasa-mortalidad-covid-por-zonas-basicas-de-salud;False;Tasa mortalidad covid por zonas básicas de salud;"<p><span style=""font-family: inherit; font-size: 0.875rem;"">Número de personas fallecidas tras diagnóstico de COVID-19 (confirmados y compatibles con la enfermedad) por número de tarjetas sanitarias en cada zona básica de salud. Desde el 1 de marzo de 2021 se contabilizan en esta tabla todas aquellas personas que tengan en los tres meses anteriores al fallecimiento una prueba PDIA positiva en su Historia Clínica Electrónica de atención primaria. Datos acumulados desde el 1 de marzo de 2020.</span></p><p>El diagnóstico de COVID-19 previo al fallecimiento no implica que esta enfermedad sea necesariamente la causa básica de defunción en todos los casos. Los datos contenidos en esta tabla no constituyen la estadística oficial de mortalidad por causa de defunción, que publica el Instituto Nacional de Estadística. Los datos de mortalidad diaria en los hospitales se encuentran en el dataset <a href=""https://analisis.datosabiertos.jcyl.es/explore/dataset/situacion-de-hospitalizados-por-coronavirus-en-castilla-y-leon/table/?sort=fecha"" target=""_blank"">Situación de hospitalizados por coronavirus en Castilla y León</a>.<br></p><p><span style=""font-family: inherit; font-size: 0.875rem;"">Desde el 15 de agosto de 2020 el cálculo de las tasas se realiza teniendo en cuenta la población de tarjetas sanitarias registrada a dicha fecha.</span><br></p><p>Desde el 9 de junio de 2021 la actualización es semanal: los miércoles.<br></p>";Salud;"coronavirus;COVID-19";CC BY 4.0 ES;es;;2025-12-29T10:33:52.208000+01:00;2025-12-29T10:33:52.208000+01:00;2026-07-31T08:00:22.945000+02:00;Junta de Castilla y León;;;;527839;179192190;0;2724515;49334;0;0;65.1
calificaciones-de-zonas-de-aguas-de-bano;False;Calificaciones de zonas de aguas de baño;"<p>Resumen de las calificaciones obtenidas en cada Zona de Agua de Baño en Castilla y León durante la temporada de baño del año correspondiente (del 15 de junio al 15 de septiembre de cada anualidad).</p><p>La valoración de la aptitud de las aguas de baño se realiza a tenor de lo establecido en el Decreto 80/2008, de 27 noviembre, sobre la gestión sanitaria de la calidad de las aguas de año de la Comunidad de Castilla y León y la Orden SAN/2207/2008, de 22 diciembre por la que se desarrolla parcialmente el Decreto 80/2008.</p><p>Nota aclaratoria sobre los datos:</p><ul><li><strong>A</strong>: AGUA APTA PARA EL BAÑO</li><li><strong>N</strong>: AGUA NO APTA PARA EL BAÑO</li><li>C: AGUA SIN ANALIZAR(VASO CERRADO)<ul type=""disc"">
</ul></li></ul>";Salud;"salud pública;calificaciones;agua;baño";CC BY 4.0 ES;es;;2025-12-22T16:59:14.335000+01:00;2025-12-22T16:59:14.335000+01:00;2026-09-24T23:09:15.429000+02:00;Junta de Castilla y León;;;;610;98701;0;22325;1821;0;0;7.1
numero-de-matrimonios-en-castilla-y-leon;False;Número de matrimonios en Castilla y León;"<p>Número de matrimonios por provincias en los últimos años - Movimiento Natural de la Población -</p><p><span style=""font-family: inherit; font-size: 1em;"">Frecuencia de actualización:</span><span style=""font-family: inherit; font-size: 1em;""> Anual</span></p>";Demografía;"estadísticas;mnp;población;matrimonios";CC BY 4.0 ES;es;Europe/Madrid;2025-11-11T16:41:29.535000+01:00;2025-11-11T16:41:29.535000+01:00;2026-08-05T12:51:52.813000+02:00;Junta de Castilla y León;;;;351;7759;0;14038;555;0;0;5.1
actividad-de-pediatria-a-nivel-de-zona-basica-de-salud-2020-2021;False;Actividad de pediatría a nivel de Zona Básica de Salud - 2020/2021;<p>Nº de consultas realizadas por pediatras según la fecha, zona básica de salud, el ámbito, el área, la provincia, la edad y sexo del paciente y el tipo de atención durantes los años 2020 y 2021.</p><p>La información se presenta agrupada en columnas: Fecha, Código Zona Básica de Salud, Zona Básica de Salud, Ámbito de procedencia, Área, Provincia, Edad, Sexo, Tipo de atención, Nº de Consultas.</p><p>Frecuencia de actualización: Mensual. Se actualiza el día 8 de cada mes.</p>;Salud;"sanidad;BISION";CC BY 4.0 ES;es;Europe/Madrid;2025-10-09T16:40:00.158000+02:00;2025-10-09T16:40:00.158000+02:00;2026-06-17T15:50:25.390000+02:00;Junta de Castilla y León;;;;1035282;133173035;0;2105;514;0;0;2.7
registro-de-reglas-de-conservacion;False;Registro de reglas de conservación;"<p class=""MsoNormal"" style=""mso-margin-top-alt:auto;mso-margin-bottom-alt:auto""><span style='font-size:10.5pt;font-family:""Segoe UI"",sans-serif;color:#172B4D'>El
Registro de Reglas de Conservación vigentes recoge la información básica de las
Reglas de Conservación actualmente en vigor que han sido aprobadas conforme a
lo establecido en el Reglamento de Archivos de Castilla y León y publicadas en
el BOCYL mediante Orden de la Consejería competente en materia de archivos y
patrimonio documental.<br>
Las Reglas de Conservación determinan el tránsito y destino de los documentos
desde el momento en que se generan en las oficinas hasta su depósito definitivo
en un archivo histórico, estableciendo los plazos de transferencia así como los
plazos de eliminación una vez alcanzada la fase inactiva, independientemente de
cual sea el soporte.</span><b><span style='font-size:12.0pt;font-family:""Times New Roman"",serif;
mso-fareast-font-family:""Times New Roman"";mso-fareast-language:ES'></span></b></p>
<p class=""MsoNormal"" style=""mso-margin-top-alt:auto;mso-margin-bottom-alt:auto""><b style=""mso-bidi-font-weight:normal""><span style='font-size:10.5pt;font-family:
""Segoe UI"",sans-serif;color:#172B4D'>Explicación de los elementos (por
columnas) recogidos en el fichero: </span></b></p>
<ul type=""disc""><li class=""MsoNormal"" style=""color:#172B4D;mso-margin-top-alt:auto;mso-margin-bottom-alt:
     auto;mso-list:l0 level1 lfo1;tab-stops:list 36.0pt""><span style='font-size:10.5pt;font-family:""Segoe UI"",sans-serif'>El <b style=""mso-bidi-font-weight:normal"">Ámbito</b>, entendido desde el punto
     de vista de la producción de la documentación a la que afecta la Regla de
     Conservación, puede tratarse de la Administración de la Comunidad de
     Castilla y León cuando es documentación generada por ésta o bien otros
     productores, como es el caso de la documentación de la administración
     local, de universidades, etc. En esta tabla se distingue entre ámbito de
     producción de la documentación de la Administración de la Comunidad de
     Castilla y León (“AACYL”) y otros productores (“OTROS”).   </span></li><li class=""MsoNormal"" style=""color:#172B4D;mso-margin-top-alt:auto;mso-margin-bottom-alt:
     auto;mso-list:l0 level1 lfo1;tab-stops:list 36.0pt""><b style=""mso-bidi-font-weight:
     normal""><span style='font-size:10.5pt;font-family:""Segoe UI"",sans-serif'>Materia</span></b><span style='font-size:10.5pt;font-family:""Segoe UI"",sans-serif'>: se trata de
     la materia a la que se refiere la serie documental que es objeto de la
     Regla de Conservación. La lista de materias toma como referencia la
     Taxonomía de sectores primarios recogidos en el Anexo IV de la Resolución
     de 19 de febrero de 2013, de la Secretaría de Estado de Administraciones
     Públicas, por la que se aprueba la Norma Técnica de Interoperabilidad de
     Reutilización de recursos de la información (BOE de  4 de marzo de
     2013).</span></li><li class=""MsoNormal"" style=""color:#172B4D;mso-margin-top-alt:auto;mso-margin-bottom-alt:
     auto;mso-list:l0 level1 lfo1;tab-stops:list 36.0pt""><span style='font-size:10.5pt;font-family:""Segoe UI"",sans-serif'>Las columnas <b style=""mso-bidi-font-weight:normal"">Código</b> y <b style=""mso-bidi-font-weight:
     normal"">Número RC</b> constituyen, conjuntamente, el con el que se publica
     en el BOCyL cada regla de conservación. El Código de la regla de
     conservación es, por tanto, la suma de ese código alfabético más el número
     de RC (que se trata de un número correlativo que no se ha repetido pese a
     las diferencias en la parte alfabética). No obstante, se ha optado por
     separar ambos elementos en dos columnas para facilitar la realización de
     búsquedas y la ordenación por números. Los saltos en los números son
     abundantes, fundamentalmente porque cuando resulta necesario modificar o
     anular una RC, lo que se hace es sustituirla por otra nueva que tiene su
     propio código y el de la regla sustituida no se vuelve a utilizar.</span></li><li class=""MsoNormal"" style=""color:#172B4D;mso-margin-top-alt:auto;mso-margin-bottom-alt:
     auto;mso-list:l0 level1 lfo1;tab-stops:list 36.0pt""><b style=""mso-bidi-font-weight:
     normal""><span style='font-size:10.5pt;font-family:""Segoe UI"",sans-serif'>Órgano
     productor</span></b><span style='font-size:10.5pt;font-family:""Segoe UI"",sans-serif'>
     se refiere a la Consejería o entidad responsable de la documentación que
     es objeto de dicha Regla de Conservación. Cuando se trata de documentación
     producida por varias consejerías, se utiliza la fórmula “Administración
     General e Institucional de la Comunidad de CyL”.</span></li><li class=""MsoNormal"" style=""color:#172B4D;mso-margin-top-alt:auto;mso-margin-bottom-alt:
     auto;mso-list:l0 level1 lfo1;tab-stops:list 36.0pt""><b style=""mso-bidi-font-weight:
     normal""><span style='font-size:10.5pt;font-family:""Segoe UI"",sans-serif'>Título
     de la serie</span></b><span style='font-size:10.5pt;font-family:""Segoe UI"",sans-serif'>
     es el nombre que se le da a la agrupación de documentos que es objeto de
     la Regla de Conservación.</span></li><li class=""MsoNormal"" style=""color:#172B4D;mso-margin-top-alt:auto;mso-margin-bottom-alt:
     auto;mso-list:l0 level1 lfo1;tab-stops:list 36.0pt""><span style='font-size:10.5pt;font-family:""Segoe UI"",sans-serif'>Las <b style=""mso-bidi-font-weight:normal"">Fechas extremas</b> recogen las fechas
     (años) más antigua y más reciente de producción de la serie objeto de la
     Regla de Conservación.  La aparición sólo del año inicial indica que
     la serie seguía en producción en el momento de la publicación de la regla;
     la abreviatura “n.a.” se utiliza cuando la regla de conservación se ha
     publicado sin fechas extremas.</span></li><li class=""MsoNormal"" style=""color:#172B4D;mso-margin-top-alt:auto;mso-margin-bottom-alt:
     auto;mso-list:l0 level1 lfo1;tab-stops:list 36.0pt""><span style='font-size:10.5pt;font-family:""Segoe UI"",sans-serif'>La <b style=""mso-bidi-font-weight:normal"">Calificación</b> recoge la información
     esencial sobre el destino de los documentos que componen la serie: si debe
     ser conservada totalmente, parcialmente eliminada o totalmente
     eliminada.  El resto de la información contenida en la Regla de
     Conservación puede consultarse en BOCYL.</span></li><li class=""MsoNormal"" style=""color:#172B4D;mso-margin-top-alt:auto;mso-margin-bottom-alt:
     auto;mso-list:l0 level1 lfo1;tab-stops:list 36.0pt""><span style='font-size:10.5pt;font-family:""Segoe UI"",sans-serif'>Por último, la
     columna <b style=""mso-bidi-font-weight:normal"">Fecha BOCYL</b> indica la
     fecha de publicación de la Orden de Aprobación de los Calendarios de
     Conservación en el BOCyL, donde se puede consultar toda la información
     recogida en el dataset de forma detallada y ampliada, a saber: el ámbito
     de aplicación de la Regla de Conservación, los plazos de cada una de las
     fases (es decir, tiempo que la documentación permanece en el archivo de
     gestión, cuándo se transfiere, si es el caso, al archivo central y,
     después al histórico que corresponda, etc.) y la forma de seleccionar la
     documentación a conservar, en caso de eliminación parcial.</span></li></ul>
<p class=""MsoNormal""><span style='font-size:10.5pt;font-family:""Segoe UI"",sans-serif;
color:#172B4D'>Frecuencia de actualización: Anual</span><span style='mso-bidi-font-size:
10.0pt;font-family:""Arial"",sans-serif'></span><span style='color: rgb(23, 43, 77); font-family: -apple-system, BlinkMacSystemFont, ""Segoe UI"", Roboto, ""Noto Sans"", Ubuntu, ""Droid Sans"", ""Helvetica Neue"", sans-serif; font-size: 14px;'></span><br></p>";Sector público;"administración pública;registro";CC BY 4.0 ES;es;Europe/Madrid;2025-09-23T15:32:14.127000+02:00;2025-09-23T15:32:14.127000+02:00;2026-09-24T14:05:17.288000+02:00;Junta de Castilla y León;;;;939;245039;0;6182;1704;0;0;4.8
sugerencias-ambito-sanitario;False;Sugerencias en el ámbito sanitario;"<p><font face=""-apple-system, BlinkMacSystemFont, Segoe UI, Roboto, Noto Sans, Ubuntu, Droid Sans, Helvetica Neue, sans-serif"">Sugerencia es toda aquella propuesta que tenga por finalidad promover la mejora del grado de cumplimiento y observación de los derechos y deberes de los usuarios, del funcionamiento, organización y estructura de los centros, servicios o establecimientos, del cuidado y atención a los usuarios y en general, de cualquier otra medida que suponga una mejora en la calidad o un mayor de satisfacción de las personas en sus relaciones con los centros, servicios o establecimientos sanitarios.</font></p><p><font face=""-apple-system, BlinkMacSystemFont, Segoe UI, Roboto, Noto Sans, Ubuntu, Droid Sans, Helvetica Neue, sans-serif"">Se indica el número de sugerencias por año, mes, provincia, nivel asistencial, centro, motivo general y motivo específico.</font></p><p><font face=""-apple-system, BlinkMacSystemFont, Segoe UI, Roboto, Noto Sans, Ubuntu, Droid Sans, Helvetica Neue, sans-serif"">Frecuencia de actualización: Anual<br></font></p><p><font face=""-apple-system, BlinkMacSystemFont, Segoe UI, Roboto, Noto Sans, Ubuntu, Droid Sans, Helvetica Neue, sans-serif""><br></font></p><p><font face=""-apple-system, BlinkMacSystemFont, Segoe UI, Roboto, Noto Sans, Ubuntu, Droid Sans, Helvetica Neue, sans-serif""><br></font><br></p><p><br></p>";Salud;sugerencias;CC BY 4.0 ES;es;Europe/Madrid;2025-08-12T13:22:59.042000+02:00;2025-08-12T13:22:59.042000+02:00;2026-08-05T10:24:33.061000+02:00;Junta de Castilla y León;;;;533;100474;0;5250;1098;0;0;4.1
reclamaciones-ambito-sanitario;False;Reclamaciones en el ámbito sanitario;"<p><font face=""-apple-system, BlinkMacSystemFont, Segoe UI, Roboto, Noto Sans, Ubuntu, Droid Sans, Helvetica Neue, sans-serif"">Reclamación o queja, es la manifestación que el usuario realiza sobre los defectos de funcionamiento, estructura, recursos, organización, trato, asistencia u otras cuestiones análogas relativas a los centros, servicios y establecimientos sanitarios.</font></p><p><font face=""-apple-system, BlinkMacSystemFont, Segoe UI, Roboto, Noto Sans, Ubuntu, Droid Sans, Helvetica Neue, sans-serif"">Se indica el número de sugerencias por año, mes, provincia, nivel asistencial, centro, motivo general y motivo específico.</font></p><p><span style='color: rgb(23, 43, 77); font-family: -apple-system, BlinkMacSystemFont, ""Segoe UI"", Roboto, ""Noto Sans"", Ubuntu, ""Droid Sans"", ""Helvetica Neue"", sans-serif;'>Frecuencia de actualización: Anual</span><font face=""-apple-system, BlinkMacSystemFont, Segoe UI, Roboto, Noto Sans, Ubuntu, Droid Sans, Helvetica Neue, sans-serif""><br></font></p>";Salud;reclamaciones;CC BY 4.0 ES;es;Europe/Madrid;2025-08-12T13:14:26.781000+02:00;2025-08-12T13:14:26.781000+02:00;2026-09-24T23:11:13.812000+02:00;Junta de Castilla y León;;;;10406;1847257;0;14958;1647;0;0;6.1
situacion-afectados-por-coronavirus-en-atencion-primaria;False;Situación enfermos por coronavirus detectados en atención primaria;"<p><span style='font-family: -apple-system, BlinkMacSystemFont, ""Segoe UI"", Roboto, ""Noto Sans"", Ubuntu, ""Droid Sans"", ""Helvetica Neue"", sans-serif; font-size: 0.833rem;'><b>Desde el 31 de julio de 2025 se dejan de actualizar estos datos</b></span><span style=""font-size: 12.495px;""></span></p><p><span style=""font-family: inherit; font-size: 12.495px;"">Situación de los enfermos por coronavirus detectados en atención primaria en Castilla y León. <font face=""-apple-system, BlinkMacSystemFont, Segoe UI, Roboto, Noto Sans, Ubuntu, Droid Sans, Helvetica Neue, sans-serif""> </font></span><span style='font-family: -apple-system, BlinkMacSystemFont, ""Segoe UI"", Roboto, ""Noto Sans"", Ubuntu, ""Droid Sans"", ""Helvetica Neue"", sans-serif; font-size: 0.833rem;'>Desde el 9 de junio de 2021 la actualización es semanal: los miércoles.</span></p><p><font face=""-apple-system, BlinkMacSystemFont, Segoe UI, Roboto, Noto Sans, Ubuntu, Droid Sans, Helvetica Neue, sans-serif""><span style=""font-size: 13.328px;"">Por cuestiones técnicas los datos no se actualizaron el 19 de enero. La próxima actualización será el miércoles 26 de enero.</span></font><br></p><p><span style=""font-size: 12.495px;""><font color=""#172b4d"" face=""-apple-system, BlinkMacSystemFont, Segoe UI, Roboto, Noto Sans, Ubuntu, Droid Sans, Helvetica Neue, sans-serif""><span style=""font-size: 14px;""><span style=""font-size: 12.495px;""><font color=""#172b4d"" face=""-apple-system, BlinkMacSystemFont, Segoe UI, Roboto, Noto Sans, Ubuntu, Droid Sans, Helvetica Neue, sans-serif""><span style=""font-size: 14px;""><span style=""font-size: 12.495px;""></span></span></font></span></span></font></span></p><ul><li><span style=""font-family: inherit;"">Evolución provincial del número de pacientes total y la tasa por cada 100000 personas. Datos desde el 29 de febrero de 2020.</span></li><li><span style=""font-family: inherit;"">El dato de pacientes enfermos incluye todos los diagnósticos compatibles con coronavirus (neumonía por COVID-19 y enfermedad por COVID-19).</span></li><li><span style=""font-family: inherit;"">NOTA: El registro de Medora (historia clínica de atención primaria) incluyó hasta el 14 de marzo únicamente pacientes diagnosticados por prueba de PCR (prueba de detección molecular). Desde el 14 de marzo y tras la modiﬁcación de la deﬁnición de enfermedad por el Ministerio de Sanidad, se incluyen pacientes con sospecha clínica de enfermedad.</span></li></ul>";Salud;"coronavirus;COVID-19";CC BY 4.0 ES;es;Europe/Madrid;2025-08-01T13:41:38.085000+02:00;2025-08-01T13:41:38.085000+02:00;2026-07-31T07:56:51.157000+02:00;Junta de Castilla y León;;;;17649;1986329;0;7319562;61029;0;4;100.4
altas-hospitalarias-con-diagnostico-de-insuficiencia-cardiaca;False;Altas hospitalarias con diagnostico de Insuficiencia cardiaca;"<p class=""descData card-text"" style='margin-bottom: 1rem; color: rgb(33, 37, 41); font-family: -apple-system, BlinkMacSystemFont, ""Segoe UI"", Roboto, ""Helvetica Neue"", Arial, ""Noto Sans"", ""Liberation Sans"", sans-serif, ""Apple Color Emoji"", ""Segoe UI Emoji"", ""Segoe UI Symbol"", ""Noto Color Emoji""; font-size: 16px;'>Número de ingresos, con diagnóstico principal al alta de Insuficiencia Cardíaca. Códigos CIE10 de diagnóstico principal al alta empiezan por: I50, I11.0, I13.0, I13.2, I09.81. Cada registro representa un ingreso de un paciente. Datos correspondientes a los años 2020 a 2024.</p><p class=""card-text"" style='margin-bottom: 1rem; color: rgb(33, 37, 41); font-family: -apple-system, BlinkMacSystemFont, ""Segoe UI"", Roboto, ""Helvetica Neue"", Arial, ""Noto Sans"", ""Liberation Sans"", sans-serif, ""Apple Color Emoji"", ""Segoe UI Emoji"", ""Segoe UI Symbol"", ""Noto Color Emoji""; font-size: 16px;'><em><span style=""font-weight: bolder;"">Fuente: </span><span class=""sourceData"">Conjunto Mínimo Básico de Datos (CMBD)</span></em></p>";;;;es;;2025-06-02T09:41:54+02:00;2026-08-05T13:16:14.385000+02:00;2026-08-05T13:16:14.429000+02:00;;;;;53555;8637719;0;1210;31;0;0;1.4
altas-hospitalarias-con-diagnostico-de-epoc;False;Altas hospitalarias con diagnostico de EPOC;"<p class=""descData card-text"" style='margin-bottom: 1rem; color: rgb(33, 37, 41); font-family: -apple-system, BlinkMacSystemFont, ""Segoe UI"", Roboto, ""Helvetica Neue"", Arial, ""Noto Sans"", ""Liberation Sans"", sans-serif, ""Apple Color Emoji"", ""Segoe UI Emoji"", ""Segoe UI Symbol"", ""Noto Color Emoji""; font-size: 16px;'>Número de ingresos, con diagnóstico principal al alta de EPOC. Códigos CIE10 incluidos: diagnóstico principal contiene cualquier código J20, J22, J96, J98.8 y además contiene de diagnósticos secundarios J41, J42, J43, J44, J47 o bien el diagnóstico principal contiene: J41, J42, J43, J44, J47. Cada registro representa un ingreso de un paciente. Datos correspondientes a los años 2020 a 2024.</p><p class=""card-text"" style='margin-bottom: 1rem; color: rgb(33, 37, 41); font-family: -apple-system, BlinkMacSystemFont, ""Segoe UI"", Roboto, ""Helvetica Neue"", Arial, ""Noto Sans"", ""Liberation Sans"", sans-serif, ""Apple Color Emoji"", ""Segoe UI Emoji"", ""Segoe UI Symbol"", ""Noto Color Emoji""; font-size: 16px;'><em><span style=""font-weight: bolder;"">Fuente: </span><span class=""sourceData"">Conjunto Mínimo Básico de Datos (CMBD)</span></em></p>";;;;es;;2025-06-02T09:36:52+02:00;2026-09-11T02:01:26.274000+02:00;2026-09-11T02:01:26.321000+02:00;;;;;6311;1016536;0;1642;29;0;0;1.6
consumo-de-productos-farmaceuticos-por-receta;False;Consumo de productos farmacéuticos por receta;"<p class=""descData card-text"" style='margin-bottom: 1rem; color: rgb(33, 37, 41); font-family: -apple-system, BlinkMacSystemFont, ""Segoe UI"", Roboto, ""Helvetica Neue"", Arial, ""Noto Sans"", ""Liberation Sans"", sans-serif, ""Apple Color Emoji"", ""Segoe UI Emoji"", ""Segoe UI Symbol"", ""Noto Color Emoji""; font-size: 16px;'>Consumo de medicamentos, efectos y accesorios, dietoterápicos/dietéticos y fórmulas magistrales por receta. Número de envases consumidos e importe (PVP IVA). Información por mes, provincia y área de salud, edad y sexo. Pacientes con tarjeta sanitaria de Sacyl. Datos correspondientes a los años 2022 a 2026.</p><p class=""card-text"" style='margin-bottom: 1rem; color: rgb(33, 37, 41); font-family: -apple-system, BlinkMacSystemFont, ""Segoe UI"", Roboto, ""Helvetica Neue"", Arial, ""Noto Sans"", ""Liberation Sans"", sans-serif, ""Apple Color Emoji"", ""Segoe UI Emoji"", ""Segoe UI Symbol"", ""Noto Color Emoji""; font-size: 16px;'><em><span style=""font-weight: bolder;"">Fuente: </span><span class=""sourceData"">Sistema de Información de Farmacia. Concylia</span></em></p>";;;;es;;2025-06-02T09:20:46+02:00;2026-08-05T13:11:24.136000+02:00;2026-08-05T13:11:24.176000+02:00;;;;;124634;7678268;0;1881;39;0;0;1.7
prevalencia-de-pacientes-cronicos-complejos;False;Prevalencia de pacientes crónicos complejos;"<p class=""descData card-text"" style='margin-bottom: 1rem; color: rgb(33, 37, 41); font-family: -apple-system, BlinkMacSystemFont, ""Segoe UI"", Roboto, ""Helvetica Neue"", Arial, ""Noto Sans"", ""Liberation Sans"", sans-serif, ""Apple Color Emoji"", ""Segoe UI Emoji"", ""Segoe UI Symbol"", ""Noto Color Emoji""; font-size: 16px;'>Pacientes con el proceso ""Paciente Crónico Complejo"", definido en la ""Estrategia de Atención al Paciente Crónico en Castilla y León"", activo en el momento de la descarga. Cada registro representa un paciente. Datos correspondientes a los años 2021 a 2026.</p><p class=""card-text"" style='margin-bottom: 1rem; color: rgb(33, 37, 41); font-family: -apple-system, BlinkMacSystemFont, ""Segoe UI"", Roboto, ""Helvetica Neue"", Arial, ""Noto Sans"", ""Liberation Sans"", sans-serif, ""Apple Color Emoji"", ""Segoe UI Emoji"", ""Segoe UI Symbol"", ""Noto Color Emoji""; font-size: 16px;'><em><span style=""font-weight: bolder;"">Fuente: </span><span class=""sourceData"">MedoraCyL</span></em></p>";;;;es;;2025-06-02T09:15:17+02:00;2026-08-05T13:14:37.359000+02:00;2026-08-05T13:14:37.398000+02:00;;;;;13075;633696;0;1576;26;0;0;1.6
prevalencia-de-insuficiencia-cardiaca-2025;False;Prevalencia de Insuficiencia Cardiaca;"<p class=""descData card-text"" style='margin-bottom: 1rem; color: rgb(33, 37, 41); font-family: -apple-system, BlinkMacSystemFont, ""Segoe UI"", Roboto, ""Helvetica Neue"", Arial, ""Noto Sans"", ""Liberation Sans"", sans-serif, ""Apple Color Emoji"", ""Segoe UI Emoji"", ""Segoe UI Symbol"", ""Noto Color Emoji""; font-size: 16px;'>Pacientes con el proceso ""Insuficienca Cardíaca"" activo en el momento de la descarga. Cada registro representa un paciente. Datos correspondientes al año 2025.</p><p class=""card-text"" style='margin-bottom: 1rem; color: rgb(33, 37, 41); font-family: -apple-system, BlinkMacSystemFont, ""Segoe UI"", Roboto, ""Helvetica Neue"", Arial, ""Noto Sans"", ""Liberation Sans"", sans-serif, ""Apple Color Emoji"", ""Segoe UI Emoji"", ""Segoe UI Symbol"", ""Noto Color Emoji""; font-size: 16px;'><em><span style=""font-weight: bolder;"">Fuente: </span><span class=""sourceData"">MedoraCyL</span></em></p>";;;;es;;2025-06-02T09:08:59+02:00;2026-08-05T13:18:23.882000+02:00;2026-08-05T13:18:23.925000+02:00;;;;;1440;69985;0;1560;29;0;0;1.6
prevalencia-de-hta-2025;False;Prevalencia de HTA;"<p class=""descData card-text"" style='margin-bottom: 1rem; color: rgb(33, 37, 41); font-family: -apple-system, BlinkMacSystemFont, ""Segoe UI"", Roboto, ""Helvetica Neue"", Arial, ""Noto Sans"", ""Liberation Sans"", sans-serif, ""Apple Color Emoji"", ""Segoe UI Emoji"", ""Segoe UI Symbol"", ""Noto Color Emoji""; font-size: 16px;'>Pacientes con el proceso ""Hipertensión Arterial"" activo en el momento de la descarga. Cada registro representa un paciente. Datos correspondientes al año 2025.</p><p class=""card-text"" style='margin-bottom: 1rem; color: rgb(33, 37, 41); font-family: -apple-system, BlinkMacSystemFont, ""Segoe UI"", Roboto, ""Helvetica Neue"", Arial, ""Noto Sans"", ""Liberation Sans"", sans-serif, ""Apple Color Emoji"", ""Segoe UI Emoji"", ""Segoe UI Symbol"", ""Noto Color Emoji""; font-size: 16px;'><em><span style=""font-weight: bolder;"">Fuente: </span><span class=""sourceData"">MedoraCyL</span></em></p>";;;;es;;2025-06-02T09:06:46+02:00;2026-08-05T13:16:24.334000+02:00;2026-08-05T13:16:24.379000+02:00;;;;;1991;96637;0;1426;35;0;0;1.5
prevalencia-de-epoc-2025;False;Prevalencia de EPOC;"<p class=""descData card-text"" style='margin-bottom: 1rem; color: rgb(33, 37, 41); font-family: -apple-system, BlinkMacSystemFont, ""Segoe UI"", Roboto, ""Helvetica Neue"", Arial, ""Noto Sans"", ""Liberation Sans"", sans-serif, ""Apple Color Emoji"", ""Segoe UI Emoji"", ""Segoe UI Symbol"", ""Noto Color Emoji""; font-size: 16px;'>Pacientes con el proceso ""EPOC"" activo en el momento de la descarga. Cada registro representa un paciente. Datos correspondientes al año 2025.</p><p class=""card-text"" style='margin-bottom: 1rem; color: rgb(33, 37, 41); font-family: -apple-system, BlinkMacSystemFont, ""Segoe UI"", Roboto, ""Helvetica Neue"", Arial, ""Noto Sans"", ""Liberation Sans"", sans-serif, ""Apple Color Emoji"", ""Segoe UI Emoji"", ""Segoe UI Symbol"", ""Noto Color Emoji""; font-size: 16px;'><em><span style=""font-weight: bolder;"">Fuente: </span><span class=""sourceData"">MedoraCyL</span></em></p>";;;;es;;2025-06-02T09:03:53+02:00;2026-08-24T11:07:31.435000+02:00;2026-08-24T11:07:31.475000+02:00;;;;;1469;71203;0;2322;36;0;0;1.9
prevalencia-de-dislipemia-2025;False;Prevalencia de Dislipemia;"<p class=""descData card-text"" style='margin-bottom: 1rem; color: rgb(33, 37, 41); font-family: -apple-system, BlinkMacSystemFont, ""Segoe UI"", Roboto, ""Helvetica Neue"", Arial, ""Noto Sans"", ""Liberation Sans"", sans-serif, ""Apple Color Emoji"", ""Segoe UI Emoji"", ""Segoe UI Symbol"", ""Noto Color Emoji""; font-size: 16px;'>Pacientes con el proceso ""Dislipemia"" activo en el momento de la descarga. Cada registro representa un paciente. Datos correspondientes al año 2025.</p><p class=""card-text"" style='margin-bottom: 1rem; color: rgb(33, 37, 41); font-family: -apple-system, BlinkMacSystemFont, ""Segoe UI"", Roboto, ""Helvetica Neue"", Arial, ""Noto Sans"", ""Liberation Sans"", sans-serif, ""Apple Color Emoji"", ""Segoe UI Emoji"", ""Segoe UI Symbol"", ""Noto Color Emoji""; font-size: 16px;'><em><span style=""font-weight: bolder;"">Fuente: </span><span class=""sourceData"">MedoraCyL</span></em></p>";;;;es;;2025-06-02T09:00:53+02:00;2026-08-05T13:20:32.460000+02:00;2026-08-05T13:20:32.504000+02:00;;;;;1982;96070;0;1197;31;0;0;1.4
prevalencia-de-diabetes-tipo-2-2025;False;Prevalencia de Diabetes tipo 2;"<p class=""descData card-text"" style='margin-bottom: 1rem; color: rgb(33, 37, 41); font-family: -apple-system, BlinkMacSystemFont, ""Segoe UI"", Roboto, ""Helvetica Neue"", Arial, ""Noto Sans"", ""Liberation Sans"", sans-serif, ""Apple Color Emoji"", ""Segoe UI Emoji"", ""Segoe UI Symbol"", ""Noto Color Emoji""; font-size: 16px;'>Pacientes con el proceso ""Diabetes tipo 2"" activo en el momento de la descarga. Cada registro representa un paciente. Datos correspondientes al año 2025.</p><p class=""card-text"" style='margin-bottom: 1rem; color: rgb(33, 37, 41); font-family: -apple-system, BlinkMacSystemFont, ""Segoe UI"", Roboto, ""Helvetica Neue"", Arial, ""Noto Sans"", ""Liberation Sans"", sans-serif, ""Apple Color Emoji"", ""Segoe UI Emoji"", ""Segoe UI Symbol"", ""Noto Color Emoji""; font-size: 16px;'><em><span style=""font-weight: bolder;"">Fuente: </span><span class=""sourceData"">MedoraCyL</span></em></p>";;;;es;;2025-06-02T08:58:11+02:00;2025-06-02T09:02:32.918000+02:00;2025-06-02T09:14:29.827000+02:00;;;;;1863;90438;0;1638;39;0;0;1.6
actividad-de-pediatria-a-nivel-de-zona-basica-de-salud-2022-2023;False;Actividad de pediatría a nivel de Zona Básica de Salud - 2022/2023;<p>Nº de consultas realizadas por pediatras según la fecha, zona básica de salud, el ámbito, el área, la provincia, la edad y sexo del paciente y el tipo de atención durante los años 2022 y 2023.</p><p>La información se presenta agrupada en columnas: Fecha, Código Zona Básica de Salud, Zona Básica de Salud, Ámbito de procedencia, Área, Provincia, Edad, Sexo, Tipo de atención, Nº de Consultas.</p><p>Frecuencia de actualización: Mensual. Se actualiza el día 8 de cada mes.</p>;Salud;"sanidad;BISION";CC BY 4.0 ES;es;Europe/Madrid;2025-05-27T08:33:15.137000+02:00;2025-05-27T08:33:15.137000+02:00;2025-05-27T08:33:15.240000+02:00;Junta de Castilla y León;;;;1834237;242012259;0;1351;145;0;0;1.8
tratamientos_antibioticos_por_receta_2022_2023;False;Tratamientos antibióticos por receta. Datos de 2022 y 2023;"<p><span style='color: rgb(33, 37, 41); font-family: -apple-system, BlinkMacSystemFont, ""Segoe UI"", Roboto, ""Helvetica Neue"", Arial, ""Noto Sans"", ""Liberation Sans"", sans-serif, ""Apple Color Emoji"", ""Segoe UI Emoji"", ""Segoe UI Symbol"", ""Noto Color Emoji""; font-size: 16px;'>Nº de tratamientos antibióticos por receta por mes, provincia y área de salud, edad y sexo durante los años 2022 y 2023. </span></p><p><span style='color: rgb(33, 37, 41); font-family: -apple-system, BlinkMacSystemFont, ""Segoe UI"", Roboto, ""Helvetica Neue"", Arial, ""Noto Sans"", ""Liberation Sans"", sans-serif, ""Apple Color Emoji"", ""Segoe UI Emoji"", ""Segoe UI Symbol"", ""Noto Color Emoji""; font-size: 16px;'>Se considera un tratamiento a todos los envases de antibióticos (J01) consumidos por un paciente en un mes. Cada registro representa un paciente. Pacientes con tarjeta sanitaria de Sacyl.</span></p><p><span style='color: rgb(33, 37, 41); font-family: -apple-system, BlinkMacSystemFont, ""Segoe UI"", Roboto, ""Helvetica Neue"", Arial, ""Noto Sans"", ""Liberation Sans"", sans-serif, ""Apple Color Emoji"", ""Segoe UI Emoji"", ""Segoe UI Symbol"", ""Noto Color Emoji""; font-size: 16px;'><br></span></p>";;;;es;;2025-05-26T12:40:06+02:00;2026-03-24T10:43:27.555000+01:00;2026-03-26T15:23:43.794000+01:00;;;;;54527;2759119;0;882;36;0;0;1.3
tratamientos_antibioticos_por_receta_2024_2025;False;Tratamientos antibióticos por receta. Datos de 2024 y 2025;"<p><span style='color: rgb(33, 37, 41); font-family: -apple-system, BlinkMacSystemFont, ""Segoe UI"", Roboto, ""Helvetica Neue"", Arial, ""Noto Sans"", ""Liberation Sans"", sans-serif, ""Apple Color Emoji"", ""Segoe UI Emoji"", ""Segoe UI Symbol"", ""Noto Color Emoji""; font-size: 16px;'>Nº de tratamientos antibióticos por receta por mes, provincia y área de salud, edad y sexo durante los años 2024 y 2025. </span></p><p><span style='color: rgb(33, 37, 41); font-family: -apple-system, BlinkMacSystemFont, ""Segoe UI"", Roboto, ""Helvetica Neue"", Arial, ""Noto Sans"", ""Liberation Sans"", sans-serif, ""Apple Color Emoji"", ""Segoe UI Emoji"", ""Segoe UI Symbol"", ""Noto Color Emoji""; font-size: 16px;'>Se considera un tratamiento a todos los envases de antibióticos (J01) consumidos por un paciente en un mes. Cada registro representa un paciente. Pacientes con tarjeta sanitaria de Sacyl.</span></p>";;;;es;;2025-05-26T12:40:06+02:00;2026-03-26T15:38:42.163000+01:00;2026-03-26T15:38:42.211000+01:00;;;;;54947;2781084;0;4633;39;0;0;2.5
tratamientos_antibioticos_por_receta_2026;False;Tratamientos antibióticos por receta. Datos de 2026;"<p><span style='color: rgb(33, 37, 41); font-family: -apple-system, BlinkMacSystemFont, ""Segoe UI"", Roboto, ""Helvetica Neue"", Arial, ""Noto Sans"", ""Liberation Sans"", sans-serif, ""Apple Color Emoji"", ""Segoe UI Emoji"", ""Segoe UI Symbol"", ""Noto Color Emoji""; font-size: 16px;'>Nº de tratamientos antibióticos por receta por mes, provincia y área de salud, edad y sexo durante 2026. </span></p><p><span style='color: rgb(33, 37, 41); font-family: -apple-system, BlinkMacSystemFont, ""Segoe UI"", Roboto, ""Helvetica Neue"", Arial, ""Noto Sans"", ""Liberation Sans"", sans-serif, ""Apple Color Emoji"", ""Segoe UI Emoji"", ""Segoe UI Symbol"", ""Noto Color Emoji""; font-size: 16px;'>Se considera un tratamiento a todos los envases de antibióticos (J01) consumidos por un paciente en un mes. Cada registro representa un paciente. Pacientes con tarjeta sanitaria de Sacyl.</span></p>";;;;es;;2025-05-26T12:40:06+02:00;2026-08-05T13:55:32.040000+02:00;2026-08-05T13:55:32.082000+02:00;;;;;11469;580636;0;830;42;0;0;1.3
registro-red-centros-tecnologicos-castilla-y-leon;False;Registro red centros tecnológicos Castilla y León;"<p><span class=""spanleft"">La Junta de Castilla y León, a través del Decreto 19/2024, ha establecido un marco para la creación y regulación del Registro de Centros Tecnológicos de la Comunidad. Este decreto define los requisitos y procedimientos necesarios para que los centros tecnológicos puedan ser reconocidos oficialmente e inscritos en este Registro, reforzando así su papel en el desarrollo tecnológico y la competitividad de Castilla y León.<br>
Los Centros Tecnológicos inscritos en este Registro forman la Red de Centros Tecnológicos reconocida por la Junta de Castilla y León, independientemente de otras redes o registros nacionales e internacionales a los que puedan estar adheridos. La Red tiene como objetivos impulsar la visibilidad y actividad de los centros tecnológicos, promover la transferencia de conocimiento y tecnología, y fomentar la creación de empresas tecnológicas y el talento dentro de la Comunidad.</span></p>
<p></p>
<p>Para cada centro inscrito en el registro se proporciona la siguiente información: </p>
<ul>
<li>Razón social. </li>
<li>Dirección postal, web, correo electrónico, teléfono y otros datos de contacto. </li>
<li>Áreas de Investigación y ámbitos de aplicación. </li>
<li>Fecha de inscripción en el registro.<br>
	 </li>
</ul>";Economía;;CC BY 4.0 ES;es;;2025-05-07T11:44:19+02:00;2025-05-07T11:45:33.708000+02:00;2026-08-05T13:22:13.947000+02:00;Junta de Castilla y León;;;;8;4376;0;2308;460;0;0;2.7
vacunas-recibidas-covid-19-campana-2425;False;Doisis de vacunas recibidas COVID-19 por marca y provincia Campaña 24-25;<p>Total de vacunas recibidas por las delegaciones territoriales de salud en la campaña 2024/2025.</p><p><br></p><p><br></p>;Salud;"vacunación;coronavirus;COVID-19";CC BY 4.0 ES;es;Europe/Madrid;2025-03-24T10:52:43.835000+01:00;2025-03-24T10:52:43.835000+01:00;2026-08-06T12:59:59.236000+02:00;Junta de Castilla y León;;;;747;46532;0;23968;252;0;0;5.8
explotaciones-ganaderas-de-equidos;False;Explotaciones ganaderas de équidos;"<p><span style=""font-size: 12.495px;"">Relación por municipios de la CA de Castilla y León de censos de équidos por orientación zootécnica (producción u ocio).</span></p><p><span style=""font-size: 12.495px;"">Fecha de extracción: 19/11/2020</span></p>";Medio rural y pesca;"équido;ganadería;equino";CC BY 4.0 ES;es;Europe/Madrid;2025-02-17T11:41:32.972000+01:00;2025-02-17T11:41:32.972000+01:00;2026-09-24T10:01:39.285000+02:00;Junta de Castilla y León;;;;8848;445966;0;12043;1812;0;0;5.8
explotaciones-ganaderas-de-apicola;False;Explotaciones ganaderas de apícola;"<p><span style=""font-size: 12.495px;"">Para cada municipio se muestra el número de colmenas. Se incluye aclaración sobre trashumantes.</span></p><p><span style=""font-size: 12.495px;"">Nota: Datos a fecha 01/04/2019</span></p>";Medio rural y pesca;"ganadería;apicultura;colmenas;abejas;trashumantes";CC BY 4.0 ES;es;Europe/Madrid;2025-02-17T11:41:01.569000+01:00;2025-02-17T11:41:01.569000+01:00;2026-09-24T10:01:39.356000+02:00;Junta de Castilla y León;;;;5726;258844;0;23748;3151;0;0;8.0
explotaciones-ganaderas-de-avicola;False;Explotaciones ganaderas de avícola;"<p><span style=""font-size: 12.495px;"">Relación de gallinas de producción-reproducción incluyendo:</span></p><ul><li><span style=""font-size: 12.495px;"">Reproductoras/es en Selección/Multiplicación.</span></li><li><span style=""font-size: 12.495px;"">Ponedoras en Producción para huevos.</span></li><li><span style=""font-size: 12.495px;"">Cebo (capacidad) en Producción para carne, con censo mayor que cero.</span></li></ul><p><span style=""font-size: 12.495px;"">Nota: Datos a fecha 04/04/2019</span></p>";Medio rural y pesca;"ganadería;avícola;gallinas";CC BY 4.0 ES;es;Europe/Madrid;2025-02-17T11:39:47.139000+01:00;2025-02-17T11:39:47.139000+01:00;2026-09-24T10:01:39.382000+02:00;Junta de Castilla y León;;;;1931;99472;0;17593;2977;0;0;7.2
explotaciones-ganaderas-de-cunicola;False;Explotaciones ganaderas de cunícola;"<p><span style=""font-size: 12.495px;"">Relación de hembras reproductoras y animales de engorde por municipio. En animales de engorde sólo de explotaciones de clasificación zootécnica “Producción para carne”.</span></p><p><span style=""font-size: 12.495px;"">Nota: Datos a fecha 01/04/2019.</span></p>";Medio rural y pesca;"cunicultura;ganadería;conejos";CC BY 4.0 ES;es;Europe/Madrid;2025-02-14T10:00:06.850000+01:00;2025-02-14T10:00:06.850000+01:00;2026-09-24T10:00:51.547000+02:00;Junta de Castilla y León;;;;733;38236;0;13003;1772;0;0;5.9
explotaciones-acuicolas;False;Explotaciones acuícolas;<p>Relación por provincia de la producción anual de adultos de engorde por especie en establecimientos de acuicultura (piscifactorías: trucha, tenca, salmón, langostino) de la Sección Ganadera del Registro de explotaciones agrarias de Castilla y León.</p><p>Datos en toneladas adultos engorde/año</p>;Medio rural y pesca;"acuicultura;ganadería;trucha;tenca;salmón;langostino";CC BY 4.0 ES;es;Europe/Madrid;2025-02-13T18:00:04.598000+01:00;2025-02-13T18:00:04.598000+01:00;2026-09-24T10:01:39.328000+02:00;Junta de Castilla y León;;;;31;837;0;8153;1670;0;0;5.1
explotaciones-ganaderas-de-porcino;False;Explotaciones ganaderas de porcino;"<p>Relación de las explotaciones de ganado porcino de Castilla y León.

El directorio de explotaciones de ganado porcino de Castilla y León sirve de base para el diseño de otras operaciones estadísticas, por tanto no se recoge el censo total. Sólo se incluye el censo de cerdas (hembras reproductoras) y el censo de animales en cebo. Aquellas explotaciones cuyos animales estén clasificados en otras categorías tendrán censo “0” en las categorías recogidas en el directorio.</p><p><span style=""font-family: inherit; font-size: 1em;"">Frecuencia de actualización:</span><span style=""font-family: inherit; font-size: 1em;""> Anual.</span></p><p><span style=""font-family: inherit; font-size: 1em;"">Nota: Datos desde el año 2017 disponibles en el portal de datos abiertos de la Junta de Castilla y León</span></p>";Medio rural y pesca;"ganadería;porcino;explotaciones;2017;2018";CC BY 4.0 ES;es;Europe/Madrid;2025-02-13T14:24:04.313000+01:00;2025-02-13T14:24:04.313000+01:00;2026-09-24T10:00:45.887000+02:00;Junta de Castilla y León;;;;4923;238340;0;42530;9470;0;0;11.9
registro-de-centrales-de-reserva;False;Registro de centrales de reserva;<p>Relación de Centrales de Reserva de Castilla y León</p>;Turismo;"Reservas;Viajes";CC BY 4.0 ES;es;;2025-01-30T12:52:06.043000+01:00;2025-01-30T12:52:06.043000+01:00;2025-01-30T12:52:06.096000+01:00;Junta de Castilla y León;;;;3;371;0;2986;189;0;0;2.5
centros-participantes-proa;False;Centros participantes en el Programa de orientación, avance y enriquecimiento educativo PROA+;"<p class=""MsoNormal"">En el marco del componente C21.I3 del Plan de Recuperación,
Transformación y Resiliencia del Gobierno de España, financiado por la Unión
Europea, la Consejería de Educación desarrolla el Programa de Cooperación
Territorial para la Orientación, el Avance y el Enriquecimiento Educativo
(PROA+), durante el periodo 2021-2024, que se traduce en un refuerzo
institucional para aquellos centros que presentan mayor complejidad educativa,
con el fin de impulsar los cambios necesarios en su cultura organizativa que garanticen
el éxito escolar de todo el alumnado, prestando especial atención al que se
encuentra en situación de mayor vulnerabilidad por presentar necesidades
asistenciales, escolares, socioeducativas, etc.<o:p></o:p></p>";;;;es;;2024-12-10T10:29:48+01:00;2024-12-10T10:37:58.911000+01:00;2026-08-06T12:08:15.121000+02:00;;;;;167;18424;0;7895;327;0;0;3.8
accidentalidad-por-carreteras;False;Accidentalidad por Carreteras;"<p><span style=""font-family: lora; font-size: medium;"">Índices de accidentalidad de la red de carreteras de titularidad de la Comunidad Autónoma.</span></p><p><span style=""font-family: lora; font-size: medium;"">Frecuencia de actualización: Anual.</span><span style=""font-family: lora; font-size: medium;""><br></span><br></p>";Transporte;"transporte;redes de transporte;red viaria;red de carreteras";;es;Europe/Madrid;2024-12-03T10:00:23.382000+01:00;2024-12-03T10:00:23.382000+01:00;2026-09-24T14:25:35.765000+02:00;Junta de Castilla y León;;;;3962;580248;0;49713;5893;0;0;11.3
uao-alumnado-educativamente-vulnerable-cyl;False;Unidades de Acompañamiento y Orientación Personal y Familiar del alumnado educativamente vulnerable en Castilla y León;"<p><span style='font-size:11.0pt;font-family:""Aptos"",sans-serif;
mso-fareast-font-family:Aptos;mso-fareast-theme-font:minor-latin;mso-bidi-font-family:
Aptos;mso-ligatures:standardcontextual;mso-ansi-language:ES;mso-fareast-language:
EN-US;mso-bidi-language:AR-SA'>En el marco del componente C21.I3 del Plan de Recuperación, Transformación y Resiliencia del Gobierno de España,
financiado por la Unión Europea, la Consejería de Educación desarrolla el
programa de cooperación territorial de Unidades de Acompañamiento y Orientación
personal y familiar del alumnado educativamente vulnerable, durante el periodo
2021-2024, como complemento a los Servicios de Orientación existentes</span><br></p>";Educación;"Europa;centros docentes";CC BY 4.0 ES;es;;2024-11-15T09:29:15+01:00;2024-11-15T09:40:44.142000+01:00;2026-08-06T12:07:10.261000+02:00;Junta de Castilla y León;;;;344;41767;0;8576;355;0;0;4.0
numero-de-nacimientos-en-castilla-y-leon;False;Número de nacimientos en Castilla y León;"<p>Número de nacimientos por provincias en los últimos años - Movimiento Natural de la Población .</p><p><span style=""font-family: inherit; font-size: 1em;"">Frecuencia de actualización:</span><span style=""font-family: inherit; font-size: 1em;""> Anual</span></p>";Demografía;"estadísticas;mnp;población;nacimientos";CC BY 4.0 ES;es;Europe/Madrid;2024-08-01T08:01:29.056000+02:00;2024-08-01T08:01:29.056000+02:00;2026-09-01T08:01:27.607000+02:00;Junta de Castilla y León;;;;378;9266;0;42771;684;0;0;8.1
numero-reproductivo-basico-covid-19;False;Número reproductivo básico COVID-19;"<p>Número reproductivo básico medio de COVID-19 por provincias. </p><p><span style=""font-size: 12.495px;"">Desde el 26 de agosto de 2021 se empiezan a contabilizar las reinfecciones en los datos que se suministran diariamente, lo que supone un leve incremento en las cifras de incidencia, tanto actuales como previas. </span><span style=""font-family: inherit;"">Este procedimiento es el que se emplea también en los datos que publica el Ministerio de Sanidad.</span></p><p>Desde el 20 de enero de 2022 los datos se calculan con la población a 01/01/2021 de la Estadística de Padrón Continuo publicada por el INE.<br></p><p><font face=""-apple-system, BlinkMacSystemFont, Segoe UI, Roboto, Noto Sans, Ubuntu, Droid Sans, Helvetica Neue, sans-serif"">Actualización 2 días a la semana: martes y viernes</font><span style='font-family: -apple-system, BlinkMacSystemFont, ""Segoe UI"", Roboto, ""Noto Sans"", Ubuntu, ""Droid Sans"", ""Helvetica Neue"", sans-serif; font-size: 0.833rem;'>.</span><br></p>";Salud;"coronavirus;COVID-19";CC BY 4.0 ES;es;Europe/Madrid;2024-04-05T14:52:37.163000+02:00;2024-04-05T14:52:37.163000+02:00;2026-07-31T09:32:00.059000+02:00;Junta de Castilla y León;;;;14170;983898;0;13080281;17993;0;0;123.7
vacunas-recibidas-covid-19-campana-23-24;False;Vacunas recibidas COVID-19 Campaña 23-24;"<p>Total de vacunas recibidas por las delegaciones territoriales de salud en la campaña 2023/2024.</p><p>Con motivo del final de la campaña de vacunación, el 03/03/2024, el último dato publicado corresponde al día 08/03/2024.</p><p> Los datos son acumulados por lo que los datos de la última fecha son el total de vacunas recibidas por marca.</p><p>Las vacunas de las que se dispone en esta campaña son:<br></p><ul><li>Las vacunas frente a COVID adaptadas (XBB 1.5): adultos,
pediátrica y mini pediátrica (tres formulaciones, de 30, 10 y 3 mg/dosis
indicadas para <span style=""font-family: inherit; font-size: 0.875rem;"">personas de 12 y más años, de 5-11 años y de 6-59 meses,
respectivamente).</span></li><li><span style=""font-family: inherit; font-size: 0.875rem;"">Y la vacuna de HIPRA (basada en una proteína recombinante de
las variantes alfa y beta del SARS-CoV-2) y autorizada en personas a partir de
16 años.</span></li></ul><p><br></p>";Salud;"vacunación;coronavirus;COVID-19";CC BY 4.0 ES;es;Europe/Madrid;2024-03-08T11:17:43.689000+01:00;2024-03-08T11:17:43.689000+01:00;2026-08-14T14:24:17.756000+02:00;Junta de Castilla y León;;;;738;47135;0;26801;63;0;0;5.7
registro-de-fosas-comunes;False;Fosas de la Guerra Civil y la dictadura en Castilla y León;"<p>Este trabajo de investigación está concebido como un documento público, en formato abierto y reutilizable, para su consulta general por todos los ciudadanos.<br></p><p>Esta información se encuentra en constante actualización, siendo inevitablemente un documento abierto que incorpora nuevos datos fruto de las sucesivas investigaciones y exhumaciones practicadas sobre el terreno, la recuperación de nuevas referencias orales, documentales y arqueológicas.</p>
<p>Su elaboración y permanente actualización resulta posible gracias a la colaboración con la Universidad de Burgos.</p>";Sector público;"fosas comunes;memoria histórica";CC BY 4.0 ES;es;Europe/Madrid;2024-02-21T13:02:41.011000+01:00;2024-02-21T13:02:41.011000+01:00;2026-08-05T12:55:07.178000+02:00;Junta de Castilla y León;;;;701;307479;0;13546;544;0;0;5.0
situacion-epidemiologica-coronavirus-en-castilla-y-leon;False;Situación epidemiológica coronavirus (COVID-19) en Castilla y León;"<p><font color=""#172b4d"" face=""-apple-system, BlinkMacSystemFont, Segoe UI, Roboto, Noto Sans, Ubuntu, Droid Sans, Helvetica Neue, sans-serif""><span style=""font-size: 14px;"">Datos diarios de confirmados, nuevos casos, altas y fallecimientos en hospitales debidos al coronavirus (COVID-19) por provincias en Castilla y León. </span></font></p><p><font face=""-apple-system, BlinkMacSystemFont, Segoe UI, Roboto, Noto Sans, Ubuntu, Droid Sans, Helvetica Neue, sans-serif"">Actualización 2 días a la semana: martes y viernes</font><span style='font-family: -apple-system, BlinkMacSystemFont, ""Segoe UI"", Roboto, ""Noto Sans"", Ubuntu, ""Droid Sans"", ""Helvetica Neue"", sans-serif; font-size: 0.833rem;'>.</span><br></p><ul><li><font color=""#172b4d"" face=""-apple-system, BlinkMacSystemFont, Segoe UI, Roboto, Noto Sans, Ubuntu, Droid Sans, Helvetica Neue, sans-serif""><span style=""font-size: 14px;"">Datos desde el 15 de marzo de 2020.</span></font></li><li><font color=""#172b4d"" face=""-apple-system, BlinkMacSystemFont, Segoe UI, Roboto, Noto Sans, Ubuntu, Droid Sans, Helvetica Neue, sans-serif""><span style=""font-size: 14px;"">La cifra de nuevos casos confirmados se refieren al día de la actualización de datos.
                                        </span></font></li><li><font color=""#172b4d"" face=""-apple-system, BlinkMacSystemFont, Segoe UI, Roboto, Noto Sans, Ubuntu, Droid Sans, Helvetica Neue, sans-serif""><span style=""font-size: 14px;"">Los datos de confirmados se facilitan por la Red de Vigilancia Epidemiológica a las 20:00 horas del día anterior y corresponden a personas a las que se les ha efectuado la prueba diagnóstica.</span></font></li><li><font face=""-apple-system, BlinkMacSystemFont, Segoe UI, Roboto, Noto Sans, Ubuntu, Droid Sans, Helvetica Neue, sans-serif""><span style=""font-size: 14px;"">Desde el 18 de mayo de 2020, los nuevos casos confirmados solo reflejan resultados de PCR. </span></font>Desde el 7 de octubre de 2020 se incorporan resultados de test de antígenos.</li><li></li><li><span style=""font-size: 12.495px;"">Desde el 26 de agosto de 2021 se empiezan a contabilizar las reinfecciones en los datos que se suministran diariamente, lo que supone un leve incremento en las cifras de incidencia, tanto actuales como previas. </span>Este procedimiento es el que se emplea también en los datos que publica el Ministerio de Sanidad.</li><li><span style='font-size: 10.5pt; font-family: ""Segoe UI"", sans-serif;'>Se ha actualizado el número de
casos acumulados totales y por PDIA registrados en el Sistema de Información de
Vigilancia Epidemiológica (SIVE) de Castilla y León tras una revisión de los
casos confirmados Covid-19 notificados a SIVE desde el inicio de la pandemia
(marzo 2020) hasta el 4 de julio de 2021.</span><br></li><li><span style='font-size: 14px; font-family: -apple-system, BlinkMacSystemFont, ""Segoe UI"", Roboto, ""Noto Sans"", Ubuntu, ""Droid Sans"", ""Helvetica Neue"", sans-serif;'>NOTA: Valores negativos en ""Nuevos casos positivos"" corresponden a pacientes cuyo resultado ha sido positivo inicialmente y en la prueba de confirmación se ha descartado.</span><br></li></ul>";Salud;"coronavirus;COVID-19";CC BY 4.0 ES;es;Europe/Madrid;2024-01-04T10:32:35.655000+01:00;2024-01-04T10:32:35.655000+01:00;2026-07-30T14:25:24.081000+02:00;Junta de Castilla y León;;;;11493;1131522;0;40585906;824542;0;0;254.0
municipio-limites-categorias-est;False;Municipio-limites-categorias-est;Listado de municipios de Castilla y León.;Sector público;"registro;municipios;mancomunidades;entidades menores";CC BY 4.0 ES;es;Europe/Madrid;2023-12-27T22:47:33.664000+01:00;2023-12-27T22:47:33.664000+01:00;2026-09-24T22:40:18.200000+02:00;Junta de Castilla y León;;;;2248;16206831;0;63512;286;0;0;9.0
principales-motivos-de-vacunacion-frente-a-la-gripe-campana-2425;False;Principales motivos de vacunación frente a la gripe. Campaña 24/25;<p>Información sobre dosis administradas en función de los motivos de vacunación en la campaña 2024/2025</p>;Salud;;CC BY 4.0 ES;es;;2023-10-20T08:34:16+02:00;2025-03-24T14:09:42.362000+01:00;2026-08-06T12:29:42.860000+02:00;Junta de Castilla y León;;;;4125;234655;0;6307;327;0;0;3.5
principales-motivos-vacunacion-gripe-campana-23-24;False;Principales motivos de vacunación frente a la gripe. Campaña 23/24;"<p>Información sobre dosis administradas en función de los motivos de vacunación en la campaña 2023/2024</p><p style=""font-family: sans-serif; margin-bottom: 1em;"">Con motivo del final de la campaña de vacunación, el 03/03/2024, el último dato publicado corresponde al día 04/03/2024.</p>";Salud;;CC BY 4.0 ES;es;;2023-10-20T08:34:16+02:00;2024-10-14T13:50:52.084000+02:00;2026-08-05T13:08:35.186000+02:00;Junta de Castilla y León;;;;3300;187959;0;4076;528;0;0;3.3
vacunacion-frente-a-la-gripe-por-edad-sexo-y-provincia-campana-2425;False;Vacunación frente a la gripe por edad, sexo y provincia. Campaña 24/25;<p>Información sobre dosis suministradas por sexo, edad y provincia en la campaña 2024/2025</p>;Salud;;CC BY 4.0 ES;es;;2023-10-20T08:32:21+02:00;2025-03-24T14:09:25.696000+01:00;2026-08-05T12:55:51.896000+02:00;Junta de Castilla y León;;;;6000;362536;0;8324;594;0;0;4.2
vacunacion-gripe-por-edad-sexo-y-provincia-campana-23-24;False;Vacunación frente a la gripe por edad sexo y provincia. Campaña 23/24;"<p>Información sobre dosis suministradas por sexo, edad y provincia en la campaña 2023/2024</p><p style=""font-family: sans-serif; margin-bottom: 1em;"">Con motivo del final de la campaña de vacunación, el 03/03/2024, el último dato publicado corresponde al día 04/03/2024.</p>";Salud;;CC BY 4.0 ES;es;;2023-10-20T08:32:21+02:00;2024-03-11T09:47:20.379000+01:00;2026-08-05T13:14:12.562000+02:00;Junta de Castilla y León;;;;3520;202062;0;4896;516;0;0;3.5
personas-vacunadas-diariamente-frente-a-la-gripe-campana-2425;False;Personas vacunadas diariamente frente a la gripe. Campaña 24/25;"<p>Información sobre personas vacunadas por provincia de forma diaria en la campaña 2024/2025</p><p style=""font-family: sans-serif; margin-bottom: 1em;""><br></p>";Salud;;CC BY 4.0 ES;es;;2023-10-20T08:28:59+02:00;2025-03-24T14:08:51.336000+01:00;2026-08-06T12:16:07.196000+02:00;Junta de Castilla y León;;;;1790;50075;0;9953;319;0;0;4.2
personas-vacunadas-diariamente-gripe-campana-23-24;False;Personas vacunadas diariamente frente a la gripe. Campaña 23/24;"<p>Información sobre personas vacunadas por provincia de forma diaria en la campaña 2023/2024</p><p style=""font-family: sans-serif; margin-bottom: 1em;"">Con motivo del final de la campaña de vacunación, el 03/03/2024, el último dato publicado corresponde al día 04/03/2024.</p>";Salud;;CC BY 4.0 ES;es;;2023-10-20T08:28:59+02:00;2024-03-11T09:46:32.340000+01:00;2026-08-05T12:53:28.860000+02:00;Junta de Castilla y León;;;;1590;44715;0;6323;542;0;0;3.8
contratos-agregado;False;Contratos Hacienda Agregado;;;;;es;;2023-09-13T14:48:30+02:00;2026-09-15T04:04:06.795000+02:00;2026-09-15T04:04:06.845000+02:00;;;;;3116;311067;0;76876;135;0;0;9.6
vacunas-recibidas-covid;False;Vacunas recibidas COVID-19;"<p>Vacunas recibidas por las delegaciones territoriales de salud.</p><p><span style=""font-weight: bolder; font-family: lora, Helvetica, Arial, sans-serif; background-color: rgb(255, 243, 205);"">Desde el 5 de octubre de 2023, con motivo del inicio de la campaña de vacunación 2023/2024, se publican datos solo de la presente campaña en un nuevo dataset: </span><a href=""https://analisis.datosabiertos.jcyl.es/explore/dataset/vacunas-recibidas-covid-19-campana-23-24/table"" target=""_blank"">Vacunas recibidas COVID-19 Campaña 23-24</a><font face=""lora, Helvetica, Arial, sans-serif""><b></b></font><span style=""background-color: rgb(255, 243, 205); font-family: lora, Helvetica, Arial, sans-serif; font-weight: bolder; font-size: 0.875rem;"">.</span></p><p><span style='font-family: -apple-system, BlinkMacSystemFont, ""Segoe UI"", Roboto, ""Noto Sans"", Ubuntu, ""Droid Sans"", ""Helvetica Neue"", sans-serif; font-size: 13.328px;'>Desde el 15 de marzo de 2022</span><span style='font-family: -apple-system, BlinkMacSystemFont, ""Segoe UI"", Roboto, ""Noto Sans"", Ubuntu, ""Droid Sans"", ""Helvetica Neue"", sans-serif; font-size: 13.328px;'> la a</span><font face=""-apple-system, BlinkMacSystemFont, Segoe UI, Roboto, Noto Sans, Ubuntu, Droid Sans, Helvetica Neue, sans-serif"">ctualización es semanal: los viernes</font><span style='font-family: -apple-system, BlinkMacSystemFont, ""Segoe UI"", Roboto, ""Noto Sans"", Ubuntu, ""Droid Sans"", ""Helvetica Neue"", sans-serif; font-size: 0.833rem;'>.</span></p><p style=""font-family: lora, Helvetica, Arial, sans-serif;"">Desde el 25 de marzo de 2022 se consideran personas con pauta completa si cumplen alguna de las siguientes condiciones:</p><ul style=""list-style: none; margin-top: 10px; color: rgb(86, 86, 86); font-family: lora, Helvetica, Arial, sans-serif;""><li style=""margin: 0px 0px 1em; list-style-type: none;"">- Personas con 1 dosis de la vacuna Janssen o 2 dosis espaciadas con los intervalos entre dosis adecuados según vacuna.</li><li style=""margin: 0px 0px 1em; list-style-type: none;"">- Personas menores de 65 años con 1 dosis que previamente habían pasado la enfermedad.</li><li style=""margin: 0px 0px 1em; list-style-type: none;"">- Personas con patología de algo riesgo con 3 dosis espaciadas con los intervalos entre dosis adecuados según vacuna.</li></ul><p><br></p>";Salud;"vacunación;coronavirus;COVID-19";CC BY 4.0 ES;es;Europe/Madrid;2023-09-05T12:25:37.797000+02:00;2023-09-05T12:25:37.797000+02:00;2026-07-31T08:35:58.754000+02:00;Junta de Castilla y León;;;;21392;1012009;0;3326979;31388;0;0;68.3
subvenciones-concedidas-releo;False;Subvenciones concedidas. RELEO;"<p><span style=""font-family: lora; font-size: medium;"">Subvenciones registradas como concedidas en la Base de Datos Nacional de Subvenciones por la administración autonómica de la Comunidad de Castilla y León que cuentan con un número muy elevando de personas beneficiarias: RELEO  (Programa de gratuidad de libros de texto).</span></p><p><font face=""lora"" size=""3"">* La información sobre concesiones de subvenciones, se publica de acuerdo con lo establecido en el Artículo 7.8 del Real Decreto 130/2019, de 8 de marzo, por el que se regula la Base de Datos Nacional de Subvenciones y la publicidad de las subvenciones y demás ayudas públicas.</font><br></p><p><br><span style=""font-family: inherit; font-size: 1em;""><b>Frecuencia de actualización</b>:</span><span style=""font-family: inherit; font-size: 1em;""> No programada.</span></p><p><br></p>";Sector público;"subvenciones;BDNS;RELEO";CC BY 4.0 ES;es;;2023-08-10T15:58:30.310000+02:00;2023-08-10T15:58:30.310000+02:00;2026-09-24T19:58:46.717000+02:00;Junta de Castilla y León;;;;53836;24256995;0;36534;252;0;0;7.0
fallecimientos-por-lugar-de-fallecimiento;False;Personas por lugar de fallecimiento;"<p class=""MsoNormal""><b>Datos correspondientes a 1.214 centros. Incluye residencias,
centros de personas discapacitadas y viviendas tuteladas.</b></p><b>
</b><p class=""MsoNormal""><span style='font-family: -apple-system, BlinkMacSystemFont, ""Segoe UI"", Roboto, ""Noto Sans"", Ubuntu, ""Droid Sans"", ""Helvetica Neue"", sans-serif;'>Desde el 4 de mayo de 2021 la actualización es 2 veces por semana: los martes y viernes.</span><br></p><p class=""MsoNormal"">El dato de mortalidad en residencias corresponde a la
totalidad de fallecidos en residencias, por cualquier causa. En el caso de los
fallecidos son residentes que han fallecido en hospital o en residencia.</p>
<p class=""MsoNormal"">En algún caso el dato de mortalidad en residencias puede ser
superior al de personas fallecidas con COVID19 confirmado o con síntomas
compatibles. La razón radica en las distintas fuentes de las que proceden los
datos y el momento, también distinto, en el que se recaban.</p>
<p class=""MsoNormal"">En el caso de los confirmados, se trata de residentes a los
que se les ha practicado la prueba de PCR (prueba de detección molecular) con
resultado positivo según lo establecido en la Orden del Ministerio de Sanidad
SND/265/2020, de 19 de marzo.</p>
<p class=""MsoNormal"">En el caso de los aislados se ha distinguido en dos grupos
según lo establecido en la Orden del Ministerio de Sanidad SND/265/2020, de 19
de marzo.</p>";Salud;"coronavirus;COVID-19";CC BY 4.0 ES;es;;2023-07-13T11:16:57.744000+02:00;2023-07-13T11:16:57.744000+02:00;2026-07-31T08:22:43.434000+02:00;Junta de Castilla y León;;;;986;34151;0;1455841;34627;0;0;48.9
situacion-enfermos-en-residencias-por-coronavirus;False;Situación enfermos en residencias por coronavirus;"<p><span style=""font-size: 12.495px;""><b>Datos correspodientes a 1.214 centros. Incluye residencias, centros de personas discapacitadas y viviendas tuteladas.</b></span></p><p><span style='font-family: -apple-system, BlinkMacSystemFont, ""Segoe UI"", Roboto, ""Noto Sans"", Ubuntu, ""Droid Sans"", ""Helvetica Neue"", sans-serif;'>Desde el 4 de mayo de 2021 la actualización es 2 veces por semana: los martes y viernes. </span><span style='font-family: -apple-system, BlinkMacSystemFont, ""Segoe UI"", Roboto, ""Noto Sans"", Ubuntu, ""Droid Sans"", ""Helvetica Neue"", sans-serif; font-size: 0.875rem;'>Desde el 1 de julio de 2022 la actualización es 1 vez por semana: los martes.</span></p><p><font face=""Calibri, sans-serif""><span style=""font-size: 14.6667px;"">Debido a la dificultad de cuantificar residentes reinfectados y nuevos contagios a partir del 1 de julio de 2022 se informa de ""Personas con infección activa"" en lugar de ""Confirmados con COVID19"".</span></font></p><p><span style=""font-size: 12.495px;"">El dato de mortalidad en residencias corresponde a la totalidad de fallecidos en residencias, por cualquier causa. En el caso de los fallecidos son residentes que han fallecido en hospital o en residencia.</span></p><p><span style=""font-size: 12.495px;"">En algún caso el dato de mortalidad en residencias puede ser superior al de personas fallecidas con COVID19 confirmado o con síntomas compatibles. La razón radica en las distintas fuentes de las que proceden los datos y el momento, también distinto, en el que se recaban.</span></p><p><span style=""font-size: 12.495px;"">En el caso de los confirmados, se trata de residentes a los que se les ha practicado la prueba de PCR (prueba de detección molecular) con resultado positivo según lo establecido en la Orden del Ministerio de Sanidad SND/265/2020, de 19 de marzo.</span></p><p><span style=""font-size: 12.495px;"">En el caso de los aislados se ha distinguido en dos grupos según lo establecido en la Orden del Ministerio de Sanidad SND/265/2020, de 19 de marzo.</span></p>";Salud;"COVID-19;coronavirus";CC BY 4.0 ES;es;Europe/Madrid;2023-06-20T14:54:04.570000+02:00;2023-06-20T14:54:04.570000+02:00;2026-07-31T08:03:10.204000+02:00;Junta de Castilla y León;;;;4518;258606;0;1878940;40892;0;0;55.0
nucleos-zoologicos-de-castilla-y-leon;False;Núcleos zoológicos de Castilla y León;"<p><span style=""font-size: 12.495px;"">Relación de núcleos zoológicos de Castilla y León</span></p><p><span style=""font-size: 12.495px;"">Fecha de extracción: 30/08/2021</span></p>";Medio rural y pesca;"Núcleo zoológico;especies mantenidas;ganadería";CC BY 4.0 ES;es;Europe/Madrid;2023-04-12T14:00:09.423000+02:00;2023-04-12T14:00:09.423000+02:00;2026-09-24T14:01:12.992000+02:00;Junta de Castilla y León;;;;8356;824995;0;88219;2312;0;0;12.2
contratos-de-emergencia;False;Contratos de emergencia;"<p><span style=""font-size: 12.495px;"">Expedientes de contratación suscritos por las consejerías y sus organismos autónomos para hacer frente a la crisis de la COVID-19. La documentación generada en estos expedientes tendrá la preceptiva publicidad en el lugar y momento previstos en la normativa que los regula.</span></p><p><span style=""font-size: 12.495px;"">Puede darse el caso de que aparezcan en la relación de contratos algunos que, finalmente, no lleguen a cumplirse y, por ese motivo, se supriman con motivo de las actualizaciones semanales.</span></p><p><span style=""font-size: 12.495px;"">En algunos casos, la columna NIF aparece incompleta cuando se trata de determinados proveedores extranjeros, al carecer de este tipo de identificación. </span></p><p><span style=""font-size: 12.495px;"">Cuando no aparece ""fecha de adjudicación"", normalmente se debe a que se ha pagado el precio a través de anticipo de caja fija. Esto mismo sucede también en algunos casos en la columna de ""plazo de adjudicación"", al tratarse, en la mayor parte de supuestos de pequeñas compras de entrega inmediata.</span></p>";Sector público;"coronavirus;COVID-19;contratos";CC BY 4.0 ES;es;;2022-10-28T09:19:45.717000+02:00;2022-10-28T09:19:45.717000+02:00;2026-07-29T11:46:22.147000+02:00;Junta de Castilla y León;;;;2594;650370;0;110949;2004;0;0;13.1
personas-vacunadas-covid;False;Personas vacunadas COVID-19 hasta el 23-09-2022;"<p><span style=""font-size: 12.495px;"">Personas vacunadas hasta el 23/09/2022.</span></p><p><b>Desde el 1 de abril de 2022 los datos de las columnas ""personas_vacunadas_3a_dosis"" y ""porcentaje_residentes_3a_dosis"" hacen referencia a todas las dosis de refuerzo y no solo a las de la tercera dosis</b></p><p><span style=""font-family: lora, Helvetica, Arial, sans-serif; font-size: 0.875rem;"">Desde el 25 de marzo de 2022 se consideran personas con pauta completa si cumplen alguna de las siguientes condiciones:</span><br></p><ul style=""list-style: none; margin-top: 10px; color: rgb(86, 86, 86); font-family: lora, Helvetica, Arial, sans-serif;""><li style=""margin: 0px 0px 1em; list-style-type: none;"">- Personas con 1 dosis de la vacuna Janssen o 2 dosis espaciadas con los intervalos entre dosis adecuados según vacuna.</li><li style=""margin: 0px 0px 1em; list-style-type: none;"">- Personas menores de 65 años con 1 dosis que previamente habían pasado la enfermedad.</li><li style=""margin: 0px 0px 1em; list-style-type: none;"">- Personas con patología de algo riesgo con 3 dosis espaciadas con los intervalos entre dosis adecuados según vacuna.</li></ul><p><span style='font-family: -apple-system, BlinkMacSystemFont, ""Segoe UI"", Roboto, ""Noto Sans"", Ubuntu, ""Droid Sans"", ""Helvetica Neue"", sans-serif; font-size: 13.328px;'><br></span></p><p><span style='font-family: -apple-system, BlinkMacSystemFont, ""Segoe UI"", Roboto, ""Noto Sans"", Ubuntu, ""Droid Sans"", ""Helvetica Neue"", sans-serif; font-size: 13.328px;'>Desde el 15 de marzo de 2022</span><span style='font-family: -apple-system, BlinkMacSystemFont, ""Segoe UI"", Roboto, ""Noto Sans"", Ubuntu, ""Droid Sans"", ""Helvetica Neue"", sans-serif; font-size: 13.328px;'> la a</span><font face=""-apple-system, BlinkMacSystemFont, Segoe UI, Roboto, Noto Sans, Ubuntu, Droid Sans, Helvetica Neue, sans-serif"">ctualización es semanal: los viernes</font><span style='font-family: -apple-system, BlinkMacSystemFont, ""Segoe UI"", Roboto, ""Noto Sans"", Ubuntu, ""Droid Sans"", ""Helvetica Neue"", sans-serif; font-size: 0.833rem;'>.</span><br></p><p><font face=""-apple-system, BlinkMacSystemFont, Segoe UI, Roboto, Noto Sans, Ubuntu, Droid Sans, Helvetica Neue, sans-serif""><span style=""font-size: 13.328px;"">Desde el 20 de enero de 2022 las coberturas de vacunación se calculan con la población de Cifras de Población INE a 01/01/2021.</span></font><br></p>";Salud;"vacunación;coronavirus;COVID-19";CC BY 4.0 ES;es;Europe/Madrid;2022-10-13T12:54:56.585000+02:00;2022-10-13T12:54:56.585000+02:00;2026-07-31T08:24:19.164000+02:00;Junta de Castilla y León;;;;6450;329035;0;3874433;33772;0;0;73.3
contagios-y-fallecidos-covid-en-residencias-de-mayores-por-periodos;False;Contagios y fallecidos COVID en residencias de mayores por periodos;<p>Datos de contagios y fallecidos COVID en residencias de mayores por periodo, donde los periodos hacen referencia a los epidémicos de COVID-19 en España según el Centro Nacional de Epidemiología (CNE).</p><p>La información relativa al segundo y tercer periodo se presenta de forma agregada porque los fallecimientos ligados a contagios del segundo periodo se solapan con el tercero.</p><p>La información referente al 7º periodo se ofrece de forma mensual, desde el 1 de octubre, conforme avanza el periodo y hasta que se termine dicho periodo, teniendo tantos séptimos periodos como meses vayan pasando.</p><p>Con fecha 30 de junio de 2023 el 7º periodo ya ha finalizado y no se van a publicar más datos de COVID19</p>;Salud;;CC BY 4.0 ES;es;;2022-10-11T10:39:35+02:00;2023-07-12T13:54:33.799000+02:00;2026-08-05T12:17:38.909000+02:00;Junta de Castilla y León;;;;11239;2416976;0;52854;619;0;0;8.7
indicadores-de-riesgo-covid-19-por-municipios;False;Indicadores de riesgo COVID-19 por municipios hasta el 24-03-2022;"<p>Los indicadores principales para la evaluación del riesgo, acordados en el Consejo Interterritorial del Sistema Nacional de Salud, permiten realizar una evaluación en cada territorio, dirigida a detectar niveles de riesgo para la población.</p><p style=""font-family: sans-serif;""><font face=""-apple-system, BlinkMacSystemFont, Segoe UI, Roboto, Noto Sans, Ubuntu, Droid Sans, Helvetica Neue, sans-serif""><b>Actualización:</b> A fecha 31 de marzo de 2022 se deja de publicar por aprobarse una nueva estrategia el 25 de marzo de 2022 que cambia de indicadores. En su lugar se publica un nuevo dataset: </font><a href=""https://analisis.datosabiertos.jcyl.es/explore/dataset/indicadores-de-riesgo-covid-19-por-municipios-250222"" target=""_blank"">https://analisis.datosabiertos.jcyl.es/explore/dataset/indicadores-de-riesgo-covid-19-por-municipios-250222</a></p><p style=""font-family: sans-serif;""><span style=""font-family: inherit; font-size: 12.495px;"">Desde el 26 de agosto de 2021 se empiezan a contabilizar las reinfecciones en los datos que se suministran diariamente, lo que supone un leve incremento en las cifras de incidencia, tanto actuales como previas. </span><span style=""font-family: inherit; font-size: 0.875rem;"">Este procedimiento es el que se emplea también en los datos que publica el Ministerio de Sanidad.</span><br></p><p>Desde el 20 de enero de 2022 los indicadores de riesgo se calculan con la población a 01/01/2021 de la Estadística de Padrón Continuo publicada por el INE.</p>";Salud;"coronavirus;COVID-19";CC BY 4.0 ES;es;;2022-10-06T08:35:59.647000+02:00;2022-10-06T08:35:59.647000+02:00;2026-07-31T08:39:51.507000+02:00;Junta de Castilla y León;;;;991367;155771945;0;29110397;23337;0;14;182.0
vacunacion-covid-19-por-provincia-y-marca-de-vacuna-campana-22-23;False;Vacunación COVID-19 por provincia y marca de vacuna Campaña 22/23;<p>Información sobre personas vacunadas por marca y provincia con la dosis de refuerzo en la campaña 2022/2023<br></p>;Salud;;CC BY 4.0 ES;es;;2022-10-04T09:20:03+02:00;2023-09-05T12:28:38.109000+02:00;2026-08-14T14:07:28.107000+02:00;Junta de Castilla y León;;;;7980;429284;0;37300;94;0;0;6.7
vacunacion-covid-19-por-provincia-y-marca-de-vacuna-campana-23-24;False;Vacunación COVID-19 por provincia y marca de vacuna Campaña 23/24;"<p>Información sobre personas vacunadas por marca y provincia con la dosis de refuerzo en la campaña 2023/2024</p><p style=""font-family: sans-serif; margin-bottom: 1em;"">Con motivo del final de la campaña de vacunación, el 03/03/2024, el último dato publicado corresponde al día 08/03/2024.</p>";Salud;;CC BY 4.0 ES;es;;2022-10-04T09:20:03+02:00;2024-03-08T11:17:41.568000+01:00;2026-08-14T14:11:35.073000+02:00;Junta de Castilla y León;;;;960;58852;0;13788;79;0;0;4.3
vacunacion-covid-19-por-provincia-y-marca-de-vacuna-campana-2526;False;Grupo de Vacunación COVID-19 por provincia y marca de vacuna Campaña 25/26;"<p><span style=""font-weight: bolder; color: rgb(86, 86, 86); font-family: lora, Helvetica, Arial, sans-serif;"">La campaña de vacunación 2025/2026 finalizó el 23 de marzo de 2026.</span></p><p>Información sobre personas vacunadas por marca y provincia con la dosis de refuerzo en la campaña 2025/2026.</p>";Salud;;CC BY 4.0 ES;es;;2022-10-04T09:20:03+02:00;2026-03-27T09:07:45.110000+01:00;2026-08-14T14:18:53.265000+02:00;Junta de Castilla y León;;;;2376;123823;0;48352;49;0;0;7.5
personas-vacunadas-covid-19-campana-22-23;False;Personas vacunadas COVID-19 campaña 22/23;<p>Información sobre personas vacunadas por provincia con la dosis de recuerdo en la campaña 2022/2023<br></p>;Salud;;CC BY 4.0 ES;es;;2022-09-30T13:40:16+02:00;2023-10-23T15:41:57.617000+02:00;2026-08-06T12:46:41.360000+02:00;Junta de Castilla y León;;;;2750;76459;0;26659;222;0;0;6.1
personas-vacunadas-covid-19-campana-23-24;False;Personas vacunadas COVID-19 campaña 23/24;"<p>Información sobre personas vacunadas por provincia con la dosis de la campaña 2023/2024</p><p style=""font-family: sans-serif; margin-bottom: 1em;"">Con motivo del final de la campaña de vacunación, el 03/03/2024, el último dato publicado corresponde al día 08/03/2024.</p>";;;;es;;2022-09-30T13:40:16+02:00;2024-03-08T11:17:48.008000+01:00;2026-08-14T14:05:54.037000+02:00;;;;;1450;40745;0;21172;127;0;0;5.3
personas-vacunadas-covid-19-campana-2425;False;Personas vacunadas de COVID-19 por fecha y provincia Campaña 24/25;<p>Información sobre personas vacunadas por provincia con la dosis de la campaña 2024/2025</p>;;;;es;;2022-09-30T13:40:16+02:00;2025-03-24T10:53:45.092000+01:00;2026-08-06T12:46:03.825000+02:00;;;;;1590;44275;0;6340;262;0;0;3.4
personas-vacunadas-covid-19-campana-2526;False;Personas vacunadas COVID-19 campaña 25/26;"<p><span style=""font-weight: bolder; color: rgb(86, 86, 86); font-family: lora, Helvetica, Arial, sans-serif;"">La campaña de vacunación 2025/2026 finalizó el 23 de marzo de 2026.</span></p><p>Información sobre personas vacunadas por provincia con la dosis de la campaña 2025/2026.</p>";;;;es;;2022-09-30T13:40:16+02:00;2026-03-27T09:05:46.777000+01:00;2026-08-06T12:15:31.697000+02:00;;;;;1600;44339;0;25014;299;0;0;6.0
hosteleria-a-domicilio;False;Hostelería con entrega a domicilio;"<p>Datos de restaurantes, bares ó cafeterías de Castilla y León que ofrecieron su servicio de restauración para recoger en el propio establecimiento o para llevar a domicilio durante la pandemia del COVID19 en el año 2020.</p>
<p>Estos datos se crearon para publicitar dichos establecimientos en el periodo de pandemia pero la información NO se ha vuelto a actualizar desde el 2 de febrero de 2021.</p>";"Cultura y ocio;Comercio";"domicilio;entrega;directorio";CC BY 4.0 ES;es;Europe/Madrid;2022-07-11T17:15:27.295000+02:00;2022-07-11T17:15:27.295000+02:00;2026-07-31T14:39:57.160000+02:00;Junta de Castilla y León;;;;138;64551;0;68869;1761;0;0;10.7
mapas-de-areas-de-salud-de-castilla-y-leon;False;Mapa de Zonas Básicas de Salud de Castilla y León;"<p><span style=""font-family: lora; font-size: medium;"">Capa de Áreas de Salud de Castilla y León.Representación cartográfica de las Áreas de Salud en que se organiza el sistema sanitario de Atención Primaria de Castilla y León, cuya regulación se establece por el Decreto 108/1991 y posteriores modificaciones.Mapa elaborado a partir de la integración de los ambitos municipales de acuerdo con la organización y distribución existente de los recursos sanitarios sobre el territorio de la Comunidad.Resultan 11 Áreas de Salud (dos áreas en León y Valladolid y una por provincia en el resto).</span><br></p>";Medio ambiente;salud y seguridad humanas;CC BY 4.0 ES;es;Europe/Madrid;2022-04-19T13:15:07.592000+02:00;2022-04-19T13:15:07.592000+02:00;2026-07-29T13:56:57.850000+02:00;Junta de Castilla y León;;;;247;4352565;0;131843210;2773;0;0;372.6
convenios-colectivos-registrados;False;Convenios colectivos registrados;"<p><span style=""font-size: 14px;"">Relación de los Convenios Colectivos registrados y publicados en la Comunidad Autónoma de Castilla y León.</span></p><p><span style=""font-size: 14px;"">El conjunto de datos se compone de los siguientes campos: provincia, ámbito (empresa / sector), código, denominación, empresas, trabajadores (indicando cuántos son hombres y cuántas mujeres), Boletín Oficial de la provincia donde se publica el plan, relación con el Plan de Igualdad.</span></p>";Empleo;"empleo;convenios colectivos";CC BY 4.0 ES;es;Europe/Madrid;2022-03-05T05:00:46.605000+01:00;2022-03-05T05:00:46.605000+01:00;2026-09-24T05:00:06.833000+02:00;Junta de Castilla y León;;;;805;167752;0;10750;1797;0;0;5.6
gestores-de-residuos-registrados-en-castilla-y-leon-canal-industrial;False;Gestores de residuos registrados en Castilla y León: canal industrial;"<p><span style=""font-size: 14px;"">La Ley de residuos y suelos contaminados establece que las comunicaciones y autorizaciones de gestión de residuos se deben inscribir por las Comunidades Autónomas en sus respectivos registros.</span></p><p><span style=""font-size: 14px;"">Este conjunto de datos muestra los gestores de residuos registrados en Castilla y León para el canal industrial.</span></p><p><span style=""font-size: 14px;"">Cada registro del conjunto de datos incluye datos del gestor, tipo de instalación o centro, operación y proceso de tratamiento, así como del tipo de residuo incluyendo los códigos LER.</span></p><p><span style=""font-size: 14px;"">Se muestra un registro por cada tipo de residuo que el gestor tenga autorizado.</span></p>";Medio ambiente;gestión de residuos;CC BY 4.0 ES;es;Europe/Madrid;2022-03-02T13:40:45.396000+01:00;2022-03-02T13:40:45.396000+01:00;2026-07-29T09:41:03.847000+02:00;Junta de Castilla y León;;;;67850;30719240;0;38832;2475;0;0;9.0
situacion-de-solicitudes-de-ertes-coronavirus-octubre-2021;False;Situación de solicitudes de ERTEs coronavirus (Octubre 2021-actualidad);<p>Situación de los ERTES por fuerza mayor derivada de las crisis del COVID-19 en Castilla y León, incluyendo datos como la fecha de la solicitud, la provincia y el número de trabajadores afectados.</p><p>Datos desde el 1 de Octubre de 2021, correspondientes al Real Decreto-ley 18/2021, de 28 de septiembre. Actualización semanal.</p>;Empleo;"COVID-19;coronavirus";CC BY 4.0 ES;es;;2022-03-01T12:27:39.149000+01:00;2022-03-01T12:27:39.149000+01:00;2026-08-06T12:21:48.759000+02:00;Junta de Castilla y León;;;;90;7604;0;38878;251;0;0;7.2
alumnos-con-necesidades-educativas-especificas-provincias;False;Alumnos con necesidades educativas específicas - provincias;"<p><span style=""font-size: 12.495px;"">Estadísticas de alumnado con necesidades educativas específicas desglosado por provincias, tipo de centro, tipo de alumnado y sexo.</span></p><p><span style=""font-family: inherit;"">Tipos de alumnado:</span><br></p><ul><li><span style=""font-family: inherit;"">ACNEE: alumnado con necesidades educativas especiales</span><br></li><li><span style=""font-size: 12.495px;"">ANCE: alumnado de compensación educativa</span></li><li><span style=""font-size: 12.495px;"">AACC: alumnado de altas capacidades</span></li><li><span style=""font-size: 12.495px;"">TDAH: alumnado con déficit de atención y/o hiperactividad</span></li><li><span style=""font-size: 12.495px;"">DA/BRA: alumnado con dificultades de aprendizaje y/o bajo rendimientos académico</span></li></ul>";Educación;"educación;ACNEAE;ACNEE;ANCE;AACC;TDAH;DA/BRA;ACNEAES";CC BY 4.0 ES;es;Europe/Madrid;2022-01-19T16:17:04.907000+01:00;2022-01-19T16:17:04.907000+01:00;2026-09-24T23:50:52.699000+02:00;Junta de Castilla y León;;;;720;58264;0;16056;1087;0;0;5.9
alumnos-con-necesidades-educativas-especificas-etapas-educativas;False;Alumnos con necesidades educativas específicas - etapas educativas;"<p><span style=""font-size: 12.495px;"">Estadísticas de alumnado con necesidades educativas específicas desglosado por etapas educativas, tipo de centro, tipo de alumnado y sexo.</span></p><p><span style=""font-size: 12.495px;"">Tipos de etapas educativas:</span></p><ul><li><span style=""font-size: 12.495px;"">EI: Educación Infantil</span></li><li><span style=""font-size: 12.495px;"">EP: Educación Primaria</span></li><li><span style=""font-size: 12.495px;"">ESO: Educación Secundaria Obligatoria</span></li><li><span style=""font-size: 12.495px;"">BACH.: Bachillerato</span></li><li><span style=""font-size: 12.495px;"">CFGM: Ciclo formativo Grado Medio</span></li><li><span style=""font-size: 12.495px;"">CFGS: Ciclo Formativo de Grado Superior</span></li><li><span style=""font-size: 12.495px;"">CF FP BAS.: Ciclo Formativo de Formación Profesional Básica</span></li><li><span style=""font-size: 12.495px;"">EE: Educación Especial</span></li></ul><p><span style=""font-family: inherit; font-size: 0.833rem;"">Tipos de alumnado:</span></p><ul><li><span style=""font-size: 12.495px;"">ACNEE: alumnado con necesidades educativas especiales</span></li><li><span style=""font-size: 12.495px;"">ANCE: alumnado de compensación educativa</span></li><li><span style=""font-size: 12.495px;"">AACC: alumnado de altas capacidades</span></li><li><span style=""font-size: 12.495px;"">TDAH: alumnado con déficit de atención y/o hiperactividad</span></li><li>DA/BRA: alumnado con dificultades de aprendizaje y/o bajo rendimientos académico</li></ul>";Educación;"educación;ACNEAE;ACNEE;ANCE;AACC;TDAH;DA/BRA;ACNEAES";CC BY 4.0 ES;es;Europe/Madrid;2022-01-19T16:17:04.813000+01:00;2022-01-19T16:17:04.813000+01:00;2026-09-24T23:50:52.690000+02:00;Junta de Castilla y León;;;;700;53928;0;15194;1672;0;0;6.2
puntos-de-recarga-del-vehiculo-electrico;False;Puntos de recarga del vehículo eléctrico;"<p>Un vehículo eléctrico es un medio de transporte autónomo cuya fuente primaria de energía es la electricidad almacenada en unas baterías que se pueden cargar en un enchufe de corriente normal. Pueden ser bicicletas, motocicletas, automóviles, autobuses, etc.

En este conjunto de datos se ofrecen todos los puntos de recarga para vehículo eléctrico de la comunidad de Castilla y León.</p><p><span style=""font-family: inherit; font-size: 1em;"">Frecuencia de actualización:</span><span style=""font-family: inherit; font-size: 1em;""> Anual.</span></p>";Energía;"directorio;vehículo eléctrico;recarga;puntos";CC BY 4.0 ES;es;Europe/Madrid;2022-01-12T12:47:05.200000+01:00;2022-01-12T12:47:05.200000+01:00;2026-09-24T23:47:18.185000+02:00;Junta de Castilla y León;;;;197;49362;0;461373;5290;0;0;25.8
rastreadores-covid;False;Rastreadores COVID-19;"<p style='font-family: -apple-system, BlinkMacSystemFont, ""Segoe UI"", Roboto, Helvetica, Arial, sans-serif;'><font face=""-apple-system, BlinkMacSystemFont, Segoe UI, Roboto, Noto Sans, Ubuntu, Droid Sans, Helvetica Neue, sans-serif""><span style=""font-size: 14px;"">Número de rastreadores de COVID-19 en Castilla y León.</span></font></p><ol><li><font face=""-apple-system, BlinkMacSystemFont, Segoe UI, Roboto, Noto Sans, Ubuntu, Droid Sans, Helvetica Neue, sans-serif""><span style=""font-size: 14px;""><font face=""-apple-system, BlinkMacSystemFont, Segoe UI, Roboto, Noto Sans, Ubuntu, Droid Sans, Helvetica Neue, sans-serif""><span style=""font-size: 14px;"">Datos desde el 11 de agosto de 2020.</span></font></span></font></li><li><font face=""-apple-system, BlinkMacSystemFont, Segoe UI, Roboto, Noto Sans, Ubuntu, Droid Sans, Helvetica Neue, sans-serif""><span style=""font-size: 14px;"">Actualización puntual.</span></font></li><li><span style='font-size: 14px; font-family: -apple-system, BlinkMacSystemFont, ""Segoe UI"", Roboto, ""Noto Sans"", Ubuntu, ""Droid Sans"", ""Helvetica Neue"", sans-serif;'>NOTA: E</span><font face=""-apple-system, BlinkMacSystemFont, Segoe UI, Roboto, Noto Sans, Ubuntu, Droid Sans, Helvetica Neue, sans-serif""><span style=""font-size: 14px;"">l número mínimo de rastreadores está cifrado por el Ministerio de Sanidad en la proporción 1/5.000 habitantes.</span></font></li></ol>";Salud;"coronavirus;COVID-19";CC BY 4.0 ES;es;;2022-01-11T16:04:12.420000+01:00;2022-01-11T16:04:12.420000+01:00;2026-07-31T08:34:33.522000+02:00;Junta de Castilla y León;;;;127;4737;0;4007609;32858;0;0;74.2
poblacion-de-referencia-2020;False;Población de referencia - 2020;"<p style='margin-bottom: 8px; overflow-wrap: break-word; text-overflow: ellipsis; color: rgb(23, 43, 77); font-family: -apple-system, BlinkMacSystemFont, ""Segoe UI"", Roboto, ""Noto Sans"", Ubuntu, ""Droid Sans"", ""Helvetica Neue"", sans-serif;'>Ciudadanos con derecho a la asistencia sanitaria en el Servicio de Salud de Castilla y León, con residencia habitual en esta Comunidad Autónoma. Cada registro representa una Tarjeta Sanitaria Individual. Datos correspondientes al año 2020. </p><p style='margin-bottom: 8px; overflow-wrap: break-word; text-overflow: ellipsis; color: rgb(23, 43, 77); font-family: -apple-system, BlinkMacSystemFont, ""Segoe UI"", Roboto, ""Noto Sans"", Ubuntu, ""Droid Sans"", ""Helvetica Neue"", sans-serif;'>La información se presenta agrupada en columnas: Periodo, Provincia, Área, Ámbito de procedencia, Zona Básica de Salud (Código), Zona Básica de Salud, Sexo, Edad</p><p style='margin-bottom: 8px; overflow-wrap: break-word; text-overflow: ellipsis; color: rgb(23, 43, 77); font-family: -apple-system, BlinkMacSystemFont, ""Segoe UI"", Roboto, ""Noto Sans"", Ubuntu, ""Droid Sans"", ""Helvetica Neue"", sans-serif;'>• Frecuencia de actualización: Anual.</p><p style='margin-bottom: 8px; overflow-wrap: break-word; text-overflow: ellipsis; color: rgb(23, 43, 77); font-family: -apple-system, BlinkMacSystemFont, ""Segoe UI"", Roboto, ""Noto Sans"", Ubuntu, ""Droid Sans"", ""Helvetica Neue"", sans-serif;'><a href=""https://datosabiertos.jcyl.es/web/jcyl/set/es/salud/poblacion-referencia/1285114749493"" target=""_blank"">Datos descargables</a></p>";Salud;"asistencia sanitaria;sanidad;zonas básicas de salud;BISION";CC BY 4.0 ES;es;Europe/Madrid;2021-12-03T11:20:14+01:00;2025-05-28T12:06:15.769000+02:00;2025-05-28T12:06:15.930000+02:00;Junta de Castilla y León;;;;49656;4357284;0;1487;48;0;0;1.6
poblacion-de-referencia-2021;False;Población de referencia - 2021;"<p style='margin-bottom: 8px; overflow-wrap: break-word; text-overflow: ellipsis; color: rgb(23, 43, 77); font-family: -apple-system, BlinkMacSystemFont, ""Segoe UI"", Roboto, ""Noto Sans"", Ubuntu, ""Droid Sans"", ""Helvetica Neue"", sans-serif;'>Ciudadanos con derecho a la asistencia sanitaria en el Servicio de Salud de Castilla y León, con residencia habitual en esta Comunidad Autónoma. Cada registro representa una Tarjeta Sanitaria Individual. Datos correspondientes al año 2021. </p><p style='margin-bottom: 8px; overflow-wrap: break-word; text-overflow: ellipsis; color: rgb(23, 43, 77); font-family: -apple-system, BlinkMacSystemFont, ""Segoe UI"", Roboto, ""Noto Sans"", Ubuntu, ""Droid Sans"", ""Helvetica Neue"", sans-serif;'>La información se presenta agrupada en columnas: Periodo, Provincia, Área, Ámbito de procedencia, Zona Básica de Salud (Código), Zona Básica de Salud, Sexo, Edad</p><p style='margin-bottom: 8px; overflow-wrap: break-word; text-overflow: ellipsis; color: rgb(23, 43, 77); font-family: -apple-system, BlinkMacSystemFont, ""Segoe UI"", Roboto, ""Noto Sans"", Ubuntu, ""Droid Sans"", ""Helvetica Neue"", sans-serif;'>• Frecuencia de actualización: Anual.</p><p style='margin-bottom: 8px; overflow-wrap: break-word; text-overflow: ellipsis; color: rgb(23, 43, 77); font-family: -apple-system, BlinkMacSystemFont, ""Segoe UI"", Roboto, ""Noto Sans"", Ubuntu, ""Droid Sans"", ""Helvetica Neue"", sans-serif;'><a href=""https://datosabiertos.jcyl.es/web/jcyl/set/es/salud/poblacion-referencia/1285114749493"" target=""_blank"">Datos descargables</a></p>";Salud;"asistencia sanitaria;sanidad;zonas básicas de salud;BISION";CC BY 4.0 ES;es;Europe/Madrid;2021-12-03T11:20:14+01:00;2026-08-14T14:34:38.981000+02:00;2026-08-14T14:34:39.023000+02:00;Junta de Castilla y León;;;;49694;4215874;0;1334;94;0;0;1.7
poblacion-de-referencia-2022;False;Población de referencia - 2022;"<p style='margin-bottom: 8px; overflow-wrap: break-word; text-overflow: ellipsis; color: rgb(23, 43, 77); font-family: -apple-system, BlinkMacSystemFont, ""Segoe UI"", Roboto, ""Noto Sans"", Ubuntu, ""Droid Sans"", ""Helvetica Neue"", sans-serif;'>Ciudadanos con derecho a la asistencia sanitaria en el Servicio de Salud de Castilla y León, con residencia habitual en esta Comunidad Autónoma. Cada registro representa una Tarjeta Sanitaria Individual. Datos correspondientes al año 2022. </p><p style='margin-bottom: 8px; overflow-wrap: break-word; text-overflow: ellipsis; color: rgb(23, 43, 77); font-family: -apple-system, BlinkMacSystemFont, ""Segoe UI"", Roboto, ""Noto Sans"", Ubuntu, ""Droid Sans"", ""Helvetica Neue"", sans-serif;'>La información se presenta agrupada en columnas: Periodo, Provincia, Área, Ámbito de procedencia, Zona Básica de Salud (Código), Zona Básica de Salud, Sexo, Edad</p><p style='margin-bottom: 8px; overflow-wrap: break-word; text-overflow: ellipsis; color: rgb(23, 43, 77); font-family: -apple-system, BlinkMacSystemFont, ""Segoe UI"", Roboto, ""Noto Sans"", Ubuntu, ""Droid Sans"", ""Helvetica Neue"", sans-serif;'>• Frecuencia de actualización: Anual.</p><p style='margin-bottom: 8px; overflow-wrap: break-word; text-overflow: ellipsis; color: rgb(23, 43, 77); font-family: -apple-system, BlinkMacSystemFont, ""Segoe UI"", Roboto, ""Noto Sans"", Ubuntu, ""Droid Sans"", ""Helvetica Neue"", sans-serif;'><a href=""https://datosabiertos.jcyl.es/web/jcyl/set/es/salud/poblacion-referencia/1285114749493"" target=""_blank"">Datos descargables</a></p>";Salud;"asistencia sanitaria;sanidad;zonas básicas de salud;BISION";CC BY 4.0 ES;es;Europe/Madrid;2021-12-03T11:20:14+01:00;2026-08-24T11:22:11.987000+02:00;2026-08-24T11:22:12.032000+02:00;Junta de Castilla y León;;;;49767;4221638;0;2011;47;0;0;1.8
poblacion-de-referencia-2023;False;Población de referencia - 2023;"<p style='margin-bottom: 8px; overflow-wrap: break-word; text-overflow: ellipsis; color: rgb(23, 43, 77); font-family: -apple-system, BlinkMacSystemFont, ""Segoe UI"", Roboto, ""Noto Sans"", Ubuntu, ""Droid Sans"", ""Helvetica Neue"", sans-serif;'>Ciudadanos con derecho a la asistencia sanitaria en el Servicio de Salud de Castilla y León, con residencia habitual en esta Comunidad Autónoma. Cada registro representa una Tarjeta Sanitaria Individual. Datos correspondientes al año 2023. </p><p style='margin-bottom: 8px; overflow-wrap: break-word; text-overflow: ellipsis; color: rgb(23, 43, 77); font-family: -apple-system, BlinkMacSystemFont, ""Segoe UI"", Roboto, ""Noto Sans"", Ubuntu, ""Droid Sans"", ""Helvetica Neue"", sans-serif;'>La información se presenta agrupada en columnas: Periodo, Provincia, Área, Ámbito de procedencia, Zona Básica de Salud (Código), Zona Básica de Salud, Sexo, Edad</p><p style='margin-bottom: 8px; overflow-wrap: break-word; text-overflow: ellipsis; color: rgb(23, 43, 77); font-family: -apple-system, BlinkMacSystemFont, ""Segoe UI"", Roboto, ""Noto Sans"", Ubuntu, ""Droid Sans"", ""Helvetica Neue"", sans-serif;'>• Frecuencia de actualización: Anual.</p><p style='margin-bottom: 8px; overflow-wrap: break-word; text-overflow: ellipsis; color: rgb(23, 43, 77); font-family: -apple-system, BlinkMacSystemFont, ""Segoe UI"", Roboto, ""Noto Sans"", Ubuntu, ""Droid Sans"", ""Helvetica Neue"", sans-serif;'><a href=""https://datosabiertos.jcyl.es/web/jcyl/set/es/salud/poblacion-referencia/1285114749493"" target=""_blank"">Datos descargables</a></p>";Salud;"asistencia sanitaria;sanidad;zonas básicas de salud;BISION";CC BY 4.0 ES;es;Europe/Madrid;2021-12-03T11:20:14+01:00;2025-05-28T12:12:55.433000+02:00;2025-05-28T12:12:55.546000+02:00;Junta de Castilla y León;;;;49822;4376050;0;1380;52;0;0;1.6
poblacion-de-referencia-2024;False;Población de referencia - 2024;"<p style='margin-bottom: 8px; overflow-wrap: break-word; text-overflow: ellipsis; color: rgb(23, 43, 77); font-family: -apple-system, BlinkMacSystemFont, ""Segoe UI"", Roboto, ""Noto Sans"", Ubuntu, ""Droid Sans"", ""Helvetica Neue"", sans-serif;'>Ciudadanos con derecho a la asistencia sanitaria en el Servicio de Salud de Castilla y León, con residencia habitual en esta Comunidad Autónoma. Cada registro representa una Tarjeta Sanitaria Individual. Datos correspondientes al año 2024. </p><p style='margin-bottom: 8px; overflow-wrap: break-word; text-overflow: ellipsis; color: rgb(23, 43, 77); font-family: -apple-system, BlinkMacSystemFont, ""Segoe UI"", Roboto, ""Noto Sans"", Ubuntu, ""Droid Sans"", ""Helvetica Neue"", sans-serif;'>La información se presenta agrupada en columnas: Periodo, Provincia, Área, Ámbito de procedencia, Zona Básica de Salud (Código), Zona Básica de Salud, Sexo, Edad</p><p style='margin-bottom: 8px; overflow-wrap: break-word; text-overflow: ellipsis; color: rgb(23, 43, 77); font-family: -apple-system, BlinkMacSystemFont, ""Segoe UI"", Roboto, ""Noto Sans"", Ubuntu, ""Droid Sans"", ""Helvetica Neue"", sans-serif;'>• Frecuencia de actualización: Anual.</p><p style='margin-bottom: 8px; overflow-wrap: break-word; text-overflow: ellipsis; color: rgb(23, 43, 77); font-family: -apple-system, BlinkMacSystemFont, ""Segoe UI"", Roboto, ""Noto Sans"", Ubuntu, ""Droid Sans"", ""Helvetica Neue"", sans-serif;'><a href=""https://datosabiertos.jcyl.es/web/jcyl/set/es/salud/poblacion-referencia/1285114749493"" target=""_blank"">Datos descargables</a></p>";Salud;"asistencia sanitaria;sanidad;zonas básicas de salud;BISION";CC BY 4.0 ES;es;Europe/Madrid;2021-12-03T11:20:14+01:00;2025-05-28T12:13:32.463000+02:00;2025-05-28T12:13:32.522000+02:00;Junta de Castilla y León;;;;49899;4382860;0;3862;83;0;0;2.5
poblacion-de-referencia-2025;False;Población de referencia - 2025;"<p style='margin-bottom: 8px; overflow-wrap: break-word; text-overflow: ellipsis; color: rgb(23, 43, 77); font-family: -apple-system, BlinkMacSystemFont, ""Segoe UI"", Roboto, ""Noto Sans"", Ubuntu, ""Droid Sans"", ""Helvetica Neue"", sans-serif;'>Ciudadanos con derecho a la asistencia sanitaria en el Servicio de Salud de Castilla y León, con residencia habitual en esta Comunidad Autónoma. Cada registro representa una Tarjeta Sanitaria Individual. Datos correspondientes al año 2025. </p><p style='margin-bottom: 8px; overflow-wrap: break-word; text-overflow: ellipsis; color: rgb(23, 43, 77); font-family: -apple-system, BlinkMacSystemFont, ""Segoe UI"", Roboto, ""Noto Sans"", Ubuntu, ""Droid Sans"", ""Helvetica Neue"", sans-serif;'>La información se presenta agrupada en columnas: Periodo, Provincia, Área, Ámbito de procedencia, Zona Básica de Salud (Código), Zona Básica de Salud, Sexo, Edad</p><p style='margin-bottom: 8px; overflow-wrap: break-word; text-overflow: ellipsis; color: rgb(23, 43, 77); font-family: -apple-system, BlinkMacSystemFont, ""Segoe UI"", Roboto, ""Noto Sans"", Ubuntu, ""Droid Sans"", ""Helvetica Neue"", sans-serif;'>• Frecuencia de actualización: Anual.</p><p style='margin-bottom: 8px; overflow-wrap: break-word; text-overflow: ellipsis; color: rgb(23, 43, 77); font-family: -apple-system, BlinkMacSystemFont, ""Segoe UI"", Roboto, ""Noto Sans"", Ubuntu, ""Droid Sans"", ""Helvetica Neue"", sans-serif;'><a href=""https://datosabiertos.jcyl.es/web/jcyl/set/es/salud/poblacion-referencia/1285114749493"" target=""_blank"">Datos descargables</a></p>";Salud;"asistencia sanitaria;sanidad;zonas básicas de salud;BISION";CC BY 4.0 ES;es;Europe/Madrid;2021-12-03T11:20:14+01:00;2026-08-14T14:43:46.214000+02:00;2026-08-14T14:43:46.258000+02:00;Junta de Castilla y León;;;;49966;4238953;0;2478;105;0;0;2.2
poblacion-de-referencia-2026;False;Población de referencia - 2026;"<p style='margin-bottom: 8px; overflow-wrap: break-word; text-overflow: ellipsis; color: rgb(23, 43, 77); font-family: -apple-system, BlinkMacSystemFont, ""Segoe UI"", Roboto, ""Noto Sans"", Ubuntu, ""Droid Sans"", ""Helvetica Neue"", sans-serif;'>Ciudadanos con derecho a la asistencia sanitaria en el Servicio de Salud de Castilla y León, con residencia habitual en esta Comunidad Autónoma. Cada registro representa una Tarjeta Sanitaria Individual. Datos correspondientes al año 2026. </p><p style='margin-bottom: 8px; overflow-wrap: break-word; text-overflow: ellipsis; color: rgb(23, 43, 77); font-family: -apple-system, BlinkMacSystemFont, ""Segoe UI"", Roboto, ""Noto Sans"", Ubuntu, ""Droid Sans"", ""Helvetica Neue"", sans-serif;'>La información se presenta agrupada en columnas: Periodo, Provincia, Área, Ámbito de procedencia, Zona Básica de Salud (Código), Zona Básica de Salud, Sexo, Edad</p><p style='margin-bottom: 8px; overflow-wrap: break-word; text-overflow: ellipsis; color: rgb(23, 43, 77); font-family: -apple-system, BlinkMacSystemFont, ""Segoe UI"", Roboto, ""Noto Sans"", Ubuntu, ""Droid Sans"", ""Helvetica Neue"", sans-serif;'>• Frecuencia de actualización: Anual.</p><p style='margin-bottom: 8px; overflow-wrap: break-word; text-overflow: ellipsis; color: rgb(23, 43, 77); font-family: -apple-system, BlinkMacSystemFont, ""Segoe UI"", Roboto, ""Noto Sans"", Ubuntu, ""Droid Sans"", ""Helvetica Neue"", sans-serif;'><a href=""https://datosabiertos.jcyl.es/web/jcyl/set/es/salud/poblacion-referencia/1285114749493"" target=""_blank"">Datos descargables</a></p>";Salud;"asistencia sanitaria;sanidad;zonas básicas de salud;BISION";CC BY 4.0 ES;es;Europe/Madrid;2021-12-03T11:20:14+01:00;2026-08-24T11:20:41.077000+02:00;2026-08-24T11:20:41.123000+02:00;Junta de Castilla y León;;;;50013;4243366;0;1234;70;0;0;1.6
situacion-de-solicitudes-de-ertes-coronavirus-febrero;False;Situación de solicitudes de ERTEs coronavirus (Febrero 2021-Septiembre 2021);<p>Situación de los ERTES por fuerza mayor derivada de las crisis del COVID-19 en Castilla y León, incluyendo datos como la fecha de la solicitud, la provincia y el número de trabajadores afectados.</p><p>Datos desde el 1 de febrero de 2021, correspondientes al Real Decreto-ley 2/2021, de 26 de enero. Actualización semanal.<br></p><p>Nota: Los datos del 05/11/2020 corresponden a los acumulados desde el día 01/10/2020.</p>;Empleo;"COVID-19;coronavirus";CC BY 4.0 ES;es;;2021-10-01T14:17:15.038000+02:00;2021-10-01T14:17:15.038000+02:00;2026-07-29T11:52:39.287000+02:00;Junta de Castilla y León;;;;300;23482;0;55948;1121;0;0;9.4
agregado_certificados_8;False;agregado_certificados_8;;;;;es;;2021-09-22T08:07:26+02:00;2021-09-22T08:14:18.993000+02:00;2024-10-14T13:54:31.948000+02:00;;;;;20000;791427;0;15943;238831;0;0;30.4
agregado_certificados_leon;False;agregado_certificados_leon;;;;;es;;2021-09-22T08:07:26+02:00;2023-06-26T13:44:58.175000+02:00;2024-10-14T13:54:41.634000+02:00;;;;;20000;767797;0;32356;238829;0;0;32.1
registro-de-comunidades-castellanas-y-leonesas;False;Registro de Comunidades castellanas y leonesas;;;;;es;;2021-09-10T17:44:42+02:00;2026-09-23T10:00:21.445000+02:00;2026-09-23T10:00:21.506000+02:00;;;;;174;75632;0;6887;360;0;0;3.7
registro-de-la-red-de-atencion-a-personas-inmigrantes-en-castilla-y-leon;False;Registro de la Red de Atención a Personas Inmigrantes en Castilla y León;;;;;es;;2021-09-10T17:44:42+02:00;2026-09-24T10:00:16.597000+02:00;2026-09-24T10:00:16.702000+02:00;;;;;150;92841;0;14066;180;0;0;4.5
relacion-escombreras-restauradas;False;Relación de las escombreras restauradas;"<p>La Junta de Castilla y León, dentro del Programa para la Recuperación Ambiental de Zonas Degradadas por el Depósito de Residuos que lleva a cabo en toda Castilla y León y que se cofinancia por el fondo FEDER 2014-2020, “Europa impulsa nuestro crecimiento”; ha invertido en la recuperación ambiental de puntos de vertido en todas las provincias en una estrategia compartida con todas las Diputaciones provinciales y los Consorcios provinciales. Los datos de los puntos de vertido restaurados se pueden extraer de los datos aportados. </p><p>El conjunto de datos dispone del listado de puntos de vertido de residuos de construcción y demolición inventariados. Localización, propiedad y situación de ejecución, Listado Nº DM-I Nov 2018,<span style=""white-space:pre"">	</span>municipio, lugar, poligono, Parcela, ""Pco: Público / P:Privado / Desc "",<span style=""white-space:pre"">	</span>titular, referencia catastral, Supf Parcela (m2) ,<span style=""white-space:pre"">	</span>Supf escombrera (m2), incluida en anexo convenio con diputación, ejecución y proyecto donde se incluye</p><p><br/></p><p>• Frecuencia de actualización:  Anual</p><div><br/></div>";Medio ambiente;"escombreras;gestión de residuos";CC BY 4.0 ES;es;Europe/Madrid;2021-08-30T11:17:38+02:00;2025-10-08T14:00:09.040000+02:00;2026-09-24T14:01:29.707000+02:00;Junta de Castilla y León;;;;4286;669078;0;12813;1407;0;0;5.7
centros-autorizados-cursos-cap;False;Centros autorizados de Castilla y León para la impartición de cursos CAP;"<p style='margin-bottom: 8px; overflow-wrap: break-word; text-overflow: ellipsis; color: rgb(23, 43, 77); font-family: -apple-system, BlinkMacSystemFont, ""Segoe UI"", Roboto, ""Noto Sans"", Ubuntu, ""Droid Sans"", ""Helvetica Neue"", sans-serif; font-size: 14px;'>Centros autorizados de Castilla y León para la impartición de cursos CAP (cualificación de conductores).</p><p style='margin-bottom: 8px; overflow-wrap: break-word; text-overflow: ellipsis; color: rgb(23, 43, 77); font-family: -apple-system, BlinkMacSystemFont, ""Segoe UI"", Roboto, ""Noto Sans"", Ubuntu, ""Droid Sans"", ""Helvetica Neue"", sans-serif; font-size: 14px;'>Los cursos para obtener el certificado de aptitud profesional únicamente podrán impartirse por las empresas autorizadas para ello. El citado certificado de aptitud profesional, acreditativo de la correspondiente cualificación inicial, es uno de los requisitos para la conducción por vías públicas españolas de vehículos que efectúen una actividad de transporte por carretera.</p><p style='margin-bottom: 8px; overflow-wrap: break-word; text-overflow: ellipsis; color: rgb(23, 43, 77); font-family: -apple-system, BlinkMacSystemFont, ""Segoe UI"", Roboto, ""Noto Sans"", Ubuntu, ""Droid Sans"", ""Helvetica Neue"", sans-serif; font-size: 14px;'>Para cada centro se muestra: nombre, domicilio, población, provincia, teléfono e-mail y geolocalización.</p><p style='margin-bottom: 8px; overflow-wrap: break-word; text-overflow: ellipsis; color: rgb(23, 43, 77); font-family: -apple-system, BlinkMacSystemFont, ""Segoe UI"", Roboto, ""Noto Sans"", Ubuntu, ""Droid Sans"", ""Helvetica Neue"", sans-serif; font-size: 14px;'>• Frecuencia de actualización: Trimestral</p>";Transporte;"CAP;Cualificación de conductores";CC BY 4.0 ES;es;Europe/Madrid;2021-08-27T09:21:28+02:00;2026-07-27T13:53:02.216000+02:00;2026-09-24T23:53:16.617000+02:00;Junta de Castilla y León;;;;327;45578;0;30470;1328;0;0;7.6
estaciones-de-autobuses;False;Estaciones de autobuses;"<p style='margin-bottom: 8px; overflow-wrap: break-word; text-overflow: ellipsis; color: rgb(23, 43, 77); font-family: -apple-system, BlinkMacSystemFont, ""Segoe UI"", Roboto, ""Noto Sans"", Ubuntu, ""Droid Sans"", ""Helvetica Neue"", sans-serif; font-size: 14px;'>Las estaciones de autobuses son infraestructuras que tienen por objeto concentrar salidas, llegadas y tránsitos a las poblaciones de los servicios de transporte público de viajeros. En Castilla y León hay numerosas estaciones repartidas a lo largo del territorio.</p><p style='margin-bottom: 8px; overflow-wrap: break-word; text-overflow: ellipsis; color: rgb(23, 43, 77); font-family: -apple-system, BlinkMacSystemFont, ""Segoe UI"", Roboto, ""Noto Sans"", Ubuntu, ""Droid Sans"", ""Helvetica Neue"", sans-serif; font-size: 14px;'>En este listado aparecen las que están ubicadas en municipios de más de 5.000 habitantes.</p><p style='margin-bottom: 8px; overflow-wrap: break-word; text-overflow: ellipsis; color: rgb(23, 43, 77); font-family: -apple-system, BlinkMacSystemFont, ""Segoe UI"", Roboto, ""Noto Sans"", Ubuntu, ""Droid Sans"", ""Helvetica Neue"", sans-serif; font-size: 14px;'>Para cada estación se muestra: provincia, municipio, dirección y geolocalización.</p><p style='margin-bottom: 8px; overflow-wrap: break-word; text-overflow: ellipsis; color: rgb(23, 43, 77); font-family: -apple-system, BlinkMacSystemFont, ""Segoe UI"", Roboto, ""Noto Sans"", Ubuntu, ""Droid Sans"", ""Helvetica Neue"", sans-serif; font-size: 14px;'>• Frecuencia de actualización: Puntual</p>";Transporte;"estaciones;autobuses";CC BY 4.0 ES;es;Europe/Madrid;2021-08-27T09:07:50+02:00;2026-08-01T00:01:22.949000+02:00;2026-09-01T00:00:55.282000+02:00;Junta de Castilla y León;;;;35;4281;0;19821;1642;0;0;6.7
contratos-ordinarios-sacyl;False;Contratos ordinarios de SACYL;"<p><span style=""font-family: lora; font-size: medium;"">Contratos ordinarios suscritos por la Gerencia Regional de Salud de Castilla y León desde el año 2018.</span><br></p>";Sector público;"contratos;ordinarios";CC BY 4.0 ES;es;Europe/Madrid;2021-06-21T14:51:20+02:00;2026-09-17T10:24:08.410000+02:00;2026-09-24T10:25:22.968000+02:00;Junta de Castilla y León;;;;7453;1854493;0;26544;3111;0;0;8.2
contratos-modificados-sacyl;False;Contratos modificados de SACYL;"<p><span style=""font-family: lora; font-size: medium;"">Contratos modificados por la Gerencia Regional de Salud de Castilla y León desde el año 2018.</span><br></p><p><span style=""font-family: lora; font-size: medium;""><br></span><br></p>";Sector público;"contratos;ordinarios";CC BY 4.0 ES;es;Europe/Madrid;2021-06-21T13:23:33+02:00;2026-09-17T10:24:07.437000+02:00;2026-09-24T10:25:22.787000+02:00;Junta de Castilla y León;;;;1479;375268;0;12054;2739;0;0;6.4
contratos-menores-sacyl;False;Contratos menores de SACYL;"<p><span style=""font-family: lora; font-size: medium;"">Contratos menores suscritos por la Gerencia Regional de Salud de Castilla y León desde el año 2018.</span></p><p><span style=""font-family: lora; font-size: medium;""><br></span><br></p>";Sector público;"contratos;menores";CC BY 4.0 ES;es;Europe/Madrid;2021-06-21T09:16:59+02:00;2026-09-17T10:25:22.707000+02:00;2026-09-24T10:26:25.786000+02:00;Junta de Castilla y León;;;;15450;4646340;0;20654;4027;0;0;8.0
depuracion-aguas-residuales-urbanas;False;Depuración de aguas residuales urbanas;"<p><font face=""-apple-system, BlinkMacSystemFont, Segoe UI, Roboto, Noto Sans, Ubuntu, Droid Sans, Helvetica Neue, sans-serif""><span style=""font-size: 14px;"">Se recogen las depuradoras en localidades de más de 2.000 habitantes equivalente con sus coordenadas, su capacidad de tratamiento, coordenadas geográficas, elementos de tratamiento y la conformidad de la instalación para los distintos parámetros exigidos por Directiva 91/271.</span></font></p><p><span style='font-size: 14px; font-family: -apple-system, BlinkMacSystemFont, ""Segoe UI"", Roboto, ""Noto Sans"", Ubuntu, ""Droid Sans"", ""Helvetica Neue"", sans-serif;'>La Comunidad Autónoma con carácter bienal envía los resultados de este control al Ministerio con competencias en medio ambiente, para que los eleve a la Comisión Europea junto con los del resto de comunidades autónomas.</span><br></p><p><span style=""font-family: inherit; font-size: 0.833rem;"">Nota:</span></p><ul><li>h.e. hace referencia a …Habitante Equivalente…que es una medida de la capacidad de la planta en función de los habitantes a los que puede dar servicio.</li><li>La Directiva 91/271/CEE hace referencia al rendimiento en la eliminación de varios parámetros:<ul><li>DBO5 demanda bioquímica de oxigeno</li><li><span style=""font-family: inherit; font-size: 0.833rem;"">DQO demanda química de oxigeno</span></li><li>SS sólidos en suspensión</li><li>N nitrógeno</li><li>P fosforo</li></ul></li><li><span style=""font-family: inherit; font-size: 0.833rem;"">'Cumple' quiere decir que está conforme con los parámetros que exige la Directiva</span></li></ul>";Medio ambiente;"aguas residuales;depuradoras;residuos;gestión de residuos;puntos de vertido;medio ambiente";CC BY 4.0 ES;es;;2021-06-03T10:42:21+02:00;2021-06-03T12:47:47.234000+02:00;2026-07-31T13:32:43.597000+02:00;Junta de Castilla y León;;;;198;37799;0;16211;1872;0;0;6.4
info-polinica-con-zbs;False;info polinica con zbs;<p>.</p>;;;;es;;2021-05-03T13:22:16+02:00;2021-05-06T12:51:45.280000+02:00;2026-08-06T12:55:20.947000+02:00;;;;;247;17744;0;5351;221;0;0;3.2
agregado_certificados;False;agregado_certificados;;;;;es;;2021-04-29T11:16:40+02:00;2026-09-24T10:28:57.696000+02:00;2026-09-24T10:28:57.738000+02:00;;;;;367838;126541772;0;25509;239536;0;0;31.5
vacunacion-covid-19-en-centros-residenciales;False;Vacunación COVID-19 en centros residenciales;"<div style='color: rgb(33, 33, 33); font-family: wf_segoe-ui_normal, ""Segoe UI"", ""Segoe WP"", Tahoma, Arial, sans-serif, serif, EmojiFont; font-size: 15px; margin: 0px;'><font size=""3"" style=""font-family: Aptos, sans-serif, serif, EmojiFont;""><span style=""font-size: 12pt;""><font color=""red"" size=""4"" style=""font-family: Lora, serif, EmojiFont;""><span style=""font-size: 13.5pt;"">Este conjunto de datos contiene información suministrada por los centros residenciales de personas mayores, entre enero y abril de 2021.</span></font></span></font></div><div style='color: rgb(33, 33, 33); font-family: wf_segoe-ui_normal, ""Segoe UI"", ""Segoe WP"", Tahoma, Arial, sans-serif, serif, EmojiFont; font-size: 15px; margin: 0px;'><font size=""3"" style=""font-family: Aptos, sans-serif, serif, EmojiFont;""><span style=""font-size: 12pt;""><font color=""red"" size=""4"" style=""font-family: Lora, serif, EmojiFont;""><span style=""font-size: 13.5pt;""><br></span></font></span></font></div><div style='color: rgb(33, 33, 33); font-family: wf_segoe-ui_normal, ""Segoe UI"", ""Segoe WP"", Tahoma, Arial, sans-serif, serif, EmojiFont; font-size: 15px; margin: 0px;'><font size=""3"" style=""font-family: Aptos, sans-serif, serif, EmojiFont;""><span style=""font-size: 12pt;""><font color=""black"" size=""4"" style=""font-family: Lora, serif, EmojiFont;""><span style=""font-size: 13.5pt;"">Se indica, para cada residencia, tanto el número de residentes vacunados y de no vacunados como el número de trabajadores vacunados y no vacunados. </span></font></span></font></div><div style='color: rgb(33, 33, 33); font-family: wf_segoe-ui_normal, ""Segoe UI"", ""Segoe WP"", Tahoma, Arial, sans-serif, serif, EmojiFont; font-size: 15px; margin: 0px;'><font size=""3"" style=""font-family: Aptos, sans-serif, serif, EmojiFont;""><span style=""font-size: 12pt;""><font color=""black"" size=""4"" style=""font-family: Lora, serif, EmojiFont;""><span style=""font-size: 13.5pt;""><br></span></font></span></font></div><div style='color: rgb(33, 33, 33); font-family: wf_segoe-ui_normal, ""Segoe UI"", ""Segoe WP"", Tahoma, Arial, sans-serif, serif, EmojiFont; font-size: 15px; margin: 0px;'><font size=""3"" style=""font-family: Aptos, sans-serif, serif, EmojiFont;""><span style=""font-size: 12pt;""><font color=""black"" size=""4"" style=""font-family: Lora, serif, EmojiFont;""><span style=""font-size: 13.5pt;"">En la columna de no vacunados se agrupan aquellas personas que han rechazado la vacuna (voluntad no vacunarse, motivos médicos…). También se incluyen aquellas personas que no han podido ser vacunados por incorporarse al centro residencial después del proceso vacunación, por encontrarse enfermos o en situación de baja laboral, por ser nuevos ingresos....). Se procederá a su vacunación paulatina.</span></font></span></font></div><div style='color: rgb(33, 33, 33); font-family: wf_segoe-ui_normal, ""Segoe UI"", ""Segoe WP"", Tahoma, Arial, sans-serif, serif, EmojiFont; font-size: 15px; margin: 0px;'><font size=""3"" style=""font-family: Aptos, sans-serif, serif, EmojiFont;""><span style=""font-size: 12pt;""><font color=""black"" size=""4"" style=""font-family: Lora, serif, EmojiFont;""><span style=""font-size: 13.5pt;""><br></span></font></span></font></div><div style='color: rgb(33, 33, 33); font-family: wf_segoe-ui_normal, ""Segoe UI"", ""Segoe WP"", Tahoma, Arial, sans-serif, serif, EmojiFont; font-size: 15px; margin: 0px;'><font size=""3"" style=""font-family: Aptos, sans-serif, serif, EmojiFont;""><span style=""font-size: 12pt;""><font color=""black"" size=""4"" style=""font-family: Lora, serif, EmojiFont;""><span style=""font-size: 13.5pt;"">Los datos de trabajadores no se ofrecen porque no han sido incluidos en el proceso de vacunación de la 3ª dosis administrada en residencias.</span></font></span></font></div><div style='color: rgb(33, 33, 33); font-family: wf_segoe-ui_normal, ""Segoe UI"", ""Segoe WP"", Tahoma, Arial, sans-serif, serif, EmojiFont; font-size: 15px; margin: 0px;'><font size=""3"" style=""font-family: Aptos, sans-serif, serif, EmojiFont;""><span style=""font-size: 12pt;""><font color=""black"" size=""4"" style=""font-family: Lora, serif, EmojiFont;""><span style=""font-size: 13.5pt;""><br></span></font></span></font></div><div style='color: rgb(33, 33, 33); font-family: wf_segoe-ui_normal, ""Segoe UI"", ""Segoe WP"", Tahoma, Arial, sans-serif, serif, EmojiFont; font-size: 15px; margin: 0px;'><font size=""3"" style=""font-family: Aptos, sans-serif, serif, EmojiFont;""><span style=""font-size: 12pt;""><font color=""black"" size=""4"" style=""font-family: Lora, serif, EmojiFont;""><span style=""font-size: 13.5pt;"">Últimos datos publicados a 1/12/2021.</span></font></span></font></div><div style='color: rgb(33, 33, 33); font-family: wf_segoe-ui_normal, ""Segoe UI"", ""Segoe WP"", Tahoma, Arial, sans-serif, serif, EmojiFont; font-size: 15px; margin: 0px;'><font size=""3"" style=""font-family: Aptos, sans-serif, serif, EmojiFont;""><span style=""font-size: 12pt;""><font color=""black"" size=""4"" style=""font-family: Lora, serif, EmojiFont;""><span style=""font-size: 13.5pt;""><br></span></font></span></font></div><div style='color: rgb(33, 33, 33); font-family: wf_segoe-ui_normal, ""Segoe UI"", ""Segoe WP"", Tahoma, Arial, sans-serif, serif, EmojiFont; font-size: 15px; margin: 0px;'><font size=""3"" style=""font-family: Aptos, sans-serif, serif, EmojiFont;""><span style=""font-size: 12pt;""><font color=""black"" size=""4"" style=""font-family: Lora, serif, EmojiFont;""><span style=""font-size: 13.5pt;"">Puedes explotar y analizar este dataset en el </span></font><a href=""https://analisis.datosabiertos.jcyl.es/explore/dataset/vacunacion-covid-19-en-centros-residenciales/table/"" rel=""noopener noreferrer"" target=""_blank""><font size=""4"" style=""font-family: Lora, serif, EmojiFont;""><span style=""font-size: 13.5pt;""><font color=""#BA0C2F"">Portal de análisis de datos abiertos de la Junta de Castilla y León</font></span></font></a></span></font></div>";Salud;"servicios sociales;sanidad;salud pública;vacunación;coronavirus;COVID-19;residencias;personas mayores";CC BY 4.0 ES;es;;2021-04-22T13:26:06+02:00;2024-06-11T13:29:05.030000+02:00;2026-07-31T08:38:19.786000+02:00;Junta de Castilla y León;;;;1354;214723;0;157489;26060;0;0;21.5
analisis-aguas-residuales-covid;False;Análisis de aguas residuales - COVID-19;"<p><font color=""#172b4d"" face=""-apple-system, BlinkMacSystemFont, Segoe UI, Roboto, Noto Sans, Ubuntu, Droid Sans, Helvetica Neue, sans-serif""><b>Con fecha 15 de diciembre de 2021 concluyó el proyecto Alerta Temprana COVID-19 en Aguas Residuales de Castilla y León, que se ha desarrollado en nuestra Comunidad desde diciembre de 2020.</b></font></p><p><b><span style='color: rgb(23, 43, 77); font-family: -apple-system, BlinkMacSystemFont, ""Segoe UI"", Roboto, ""Noto Sans"", Ubuntu, ""Droid Sans"", ""Helvetica Neue"", sans-serif; font-size: 0.875rem;'>La información proporcionada por este proyecto, y presentada a la población a través de la plataforma ATARCYL (Alerta Temprana Aguas Residuales Castilla y León), ha permitido conocer la circulación del virus SARS-CoV-2 en los municipios de población superior a 10.000 habitantes, siendo un indicador de utilidad en la gestión de la pandemia en 2020-2021.</span><br></b></p><p><b><span style='color: rgb(23, 43, 77); font-family: -apple-system, BlinkMacSystemFont, ""Segoe UI"", Roboto, ""Noto Sans"", Ubuntu, ""Droid Sans"", ""Helvetica Neue"", sans-serif; font-size: 0.875rem;'>A partir de ahora, el análisis de las aguas residuales de Castilla y León se integrará próximamente en el proyecto nacional HEBAR, financiación FEDER  y coordinado por el Ministerio de Sanidad. </span><br></b></p><p><b><span style='color: rgb(23, 43, 77); font-family: -apple-system, BlinkMacSystemFont, ""Segoe UI"", Roboto, ""Noto Sans"", Ubuntu, ""Droid Sans"", ""Helvetica Neue"", sans-serif; font-size: 0.875rem;'>Hasta entonces, los datos del análisis de aguas residuales de las capitales de provincia Segovia, Soria y Valladolid, incluidas en el proyecto VATar, pueden consultarse en la <a href=""https://www.miteco.gob.es/es/agua/temas/concesiones-y-autorizaciones/vertidos-de-aguas-residuales/alerta-temprana-covid19/default.aspx"" target=""_blank"">web del Ministerio de Transición Ecológica y Reto Demográfico</a>.</span><br></b></p><p><span style='color: rgb(23, 43, 77); font-family: -apple-system, BlinkMacSystemFont, ""Segoe UI"", Roboto, ""Noto Sans"", Ubuntu, ""Droid Sans"", ""Helvetica Neue"", sans-serif; font-size: 14px;'>La detección de SARS-COV-2 en el agua residual es una herramienta complementaria para la toma de decisiones de carácter sanitario. Los resultados deberán ser tratados con la cautela adecuada, dado que la cuantificación de la presencia del SARS-COV-2 en el agua residual está afectada por otras variables ambientales como eventos de lluvia, temperatura, tiempo de retención hidráulica en alcantarillas, transporte de muestra al laboratorio, hora de muestreo, etc.</span><br></p><p style='margin-bottom: 8px; text-overflow: ellipsis; overflow-wrap: break-word; color: rgb(23, 43, 77); font-family: -apple-system, BlinkMacSystemFont, ""Segoe UI"", Roboto, ""Noto Sans"", Ubuntu, ""Droid Sans"", ""Helvetica Neue"", sans-serif; font-size: 14px;'>No se puede establecer una relación única entre el valor del SARS-COV-2 en el agua residual y el número de infectados porque depende de la virulencia de la infección en cada paciente. Por ello, se publican tendencias semanales en lugar de valores absolutos, y deben verificarse con otros indicadores de vigilancia epidemiológica para conocer la evolución de la epidemia en la zona de estudio.</p><p style='margin-bottom: 8px; text-overflow: ellipsis; overflow-wrap: break-word; color: rgb(23, 43, 77); font-family: -apple-system, BlinkMacSystemFont, ""Segoe UI"", Roboto, ""Noto Sans"", Ubuntu, ""Droid Sans"", ""Helvetica Neue"", sans-serif; font-size: 14px;'>La red de vigilancia comprende un total de 23 estaciones depuradoras de aguas residuales (EDAR), que han sido seleccionadas atendiendo al criterio de municipios de Castilla y León con población igual o superior a 10.000 habitantes, buscando la mayor población asistida y el equilibrio territorial. Las cuencas de alcantarillado de Segovia, Soria y Valladolid forman parte del proyecto nacional VATAR.</p><p style='margin-bottom: 8px; text-overflow: ellipsis; overflow-wrap: break-word; color: rgb(23, 43, 77); font-family: -apple-system, BlinkMacSystemFont, ""Segoe UI"", Roboto, ""Noto Sans"", Ubuntu, ""Droid Sans"", ""Helvetica Neue"", sans-serif; font-size: 14px;'>Los resultados de la investigación de las aguas residuales en la Región de Castilla y León, relativas a las cuencas de alcantarillado de Segovia, Soria y Valladolid -Proyecto VATAR- y resto de cuencas analizadas, no deberán compararse entre sí, por proceder de laboratorios distintos aun siguiendo el mismo método analítico.</p><p style='margin-bottom: 8px; text-overflow: ellipsis; overflow-wrap: break-word; color: rgb(23, 43, 77); font-family: -apple-system, BlinkMacSystemFont, ""Segoe UI"", Roboto, ""Noto Sans"", Ubuntu, ""Droid Sans"", ""Helvetica Neue"", sans-serif; font-size: 14px;'>Los datos generados por esta red de vigilancia sobre las aguas residuales son públicos, y cualquier uso de los mismo debe citar esta fuente, mediante la referencia siguiente: JCyL/ Consejería de Sanidad/ DGSP.</p><p style=""margin-bottom: 8px; text-overflow: ellipsis; overflow-wrap: break-word;""><font color=""#172b4d"" face=""-apple-system, BlinkMacSystemFont, Segoe UI, Roboto, Noto Sans, Ubuntu, Droid Sans, Helvetica Neue, sans-serif"">Acceso a la <a href=""https://opendata.sewercitysentinel.com/#/auth/autologin/4WsWwgtm7Q"" target=""_blank"">Plataforma de Alerta Temprana Aguas Residuales Castilla y León</a> (la plataforma presenta problemas para su visionado en Mozilla Firefox).</font></p>";Salud;"COVID-19;salud pública;aguas residuales";CC BY 4.0 ES;es;;2021-04-16T11:43:01+02:00;2024-04-29T15:07:01.994000+02:00;2026-09-24T23:07:15.770000+02:00;Junta de Castilla y León;;;;1332;124164;0;28542;3095;24;0;8.4
prevision-de-jubilaciones;False;Previsión de jubilaciones;"<p><br><font color=""#172b4d"" face=""-apple-system, BlinkMacSystemFont, Segoe UI, Roboto, Noto Sans, Ubuntu, Droid Sans, Helvetica Neue, sans-serif""><span style=""font-size: 14px;"">Frecuencia de actualización: anual.</span></font></p><p><font color=""#172b4d"" face=""-apple-system, BlinkMacSystemFont, Segoe UI, Roboto, Noto Sans, Ubuntu, Droid Sans, Helvetica Neue, sans-serif""><span style=""font-size: 14px;"">Se indica para cada combinación de tipo (laboral o funcionario), grupo, cuerpo / competencia profesional y sexo, la previsión de jubilaciones para los próximos años.</span></font><br style='color: rgb(23, 43, 77); font-family: -apple-system, BlinkMacSystemFont, ""Segoe UI"", Roboto, ""Noto Sans"", Ubuntu, ""Droid Sans"", ""Helvetica Neue"", sans-serif; font-size: 14px;'/><span style='color: rgb(23, 43, 77); font-family: -apple-system, BlinkMacSystemFont, ""Segoe UI"", Roboto, ""Noto Sans"", Ubuntu, ""Droid Sans"", ""Helvetica Neue"", sans-serif; font-size: 14px;'>NOTAS:</span><br style='color: rgb(23, 43, 77); font-family: -apple-system, BlinkMacSystemFont, ""Segoe UI"", Roboto, ""Noto Sans"", Ubuntu, ""Droid Sans"", ""Helvetica Neue"", sans-serif; font-size: 14px;'/><span style='color: rgb(23, 43, 77); font-family: -apple-system, BlinkMacSystemFont, ""Segoe UI"", Roboto, ""Noto Sans"", Ubuntu, ""Droid Sans"", ""Helvetica Neue"", sans-serif; font-size: 14px;'>1. Los datos no incluyen personal docente ni de instituciones sanitarias.</span><br style='color: rgb(23, 43, 77); font-family: -apple-system, BlinkMacSystemFont, ""Segoe UI"", Roboto, ""Noto Sans"", Ubuntu, ""Droid Sans"", ""Helvetica Neue"", sans-serif; font-size: 14px;'/><span style='color: rgb(23, 43, 77); font-family: -apple-system, BlinkMacSystemFont, ""Segoe UI"", Roboto, ""Noto Sans"", Ubuntu, ""Droid Sans"", ""Helvetica Neue"", sans-serif; font-size: 14px;'>2. <span style='font-size:10.5pt;font-family:""Segoe UI"",sans-serif;
mso-fareast-font-family:""Times New Roman"";color:#172B4D;mso-ansi-language:ES;
mso-fareast-language:EN-US;mso-bidi-language:AR-SA'>Con carácter general, la
previsión se ha obtenido en función de la fecha de nacimiento de los empleados
públicos, calculando el año en que cumplirán 65 años.</span></span><span style='color: rgb(23, 43, 77); font-family: -apple-system, BlinkMacSystemFont, ""Segoe UI"", Roboto, ""Noto Sans"", Ubuntu, ""Droid Sans"", ""Helvetica Neue"", sans-serif; font-size: 14px;'></span><br></p>";Empleo;"administración pública;empleados públicos;jubilaciones";CC BY 4.0 ES;es;;2021-03-10T12:21:27+01:00;2021-03-10T13:09:11.380000+01:00;2026-08-05T11:02:36.189000+02:00;;;;;1165;74571;0;15173;1066;0;0;5.7
parques-eolicos;False;Parques eólicos en funcionamiento;"<p style="""">Parques eólicos en funcionamiento en Castilla y León. Para cada una de ellos se indica: nombre, término municipal, provincia, tecnología, número de aerogeneradores y potencia unitaria instalada por aerogenerador (kW).</p><p style=""""><b>NOTA</b>: los parques con máquinas distintas o situados en dos provincias distintas, tienen más de un registro</p><p style="""">Frecuencia de actualización: Anual.</p>";Energía;"energia eolica;eren;energías renovables";CC BY 4.0 ES;es;;2021-02-12T10:28:53+01:00;2026-08-31T16:07:02.693000+02:00;2026-09-24T16:07:15.632000+02:00;;;;;287;29204;0;94177;4983;0;0;13.7
situacion-de-solicitudes-de-ertes-coronavirus-octubre;False;Situación de solicitudes de ERTEs coronavirus (Octubre 2020-Enero 2021);<p>Situación de los ERTES por fuerza mayor derivada de las crisis del COVID-19 en Castilla y León, incluyendo datos como la fecha de la solicitud, la provincia y el número de trabajadores afectados.</p><p>Datos desde el 1 de octubre de 2020, hasta el 31 de enero de 2021, correspondientes al Real Decreto-ley 30/2020, de 29 de septiembre.<br></p><p>Nota: Los datos del 05/11/2020 corresponden a los acumulados desde el día 01/10/2020.</p>;Empleo;"COVID-19;coronavirus";CC BY 4.0 ES;es;;2021-02-05T15:26:27.820000+01:00;2021-02-05T15:26:27.820000+01:00;2026-08-05T11:41:53.242000+02:00;Junta de Castilla y León;;;;110;9265;0;60937;1477;0;0;10.0
vacunacion-covid-19-por-edad-sexo-provincia-y-marca-de-vacuna;False;Vacunación COVID-19 por edad, sexo, provincia y marca de vacuna hasta el 23-09-2022;"<p><span style=""font-size: 12.495px;"">Datos sobre personas vacunadas en primera dosis y a ciclo completo por edad, sexo, provincia y marca de vacuna hasta el 23/09/2022</span></p><p><span style=""font-size: 12.495px;""><b>Desde el 1 de abril de 2022 los datos de la columna ""personas_vacunadas_3a_dosis_acumulado"" hace referencia a todas las dosis de refuerzo y no solo a las de la tercera dosis</b></span><br></p><p style=""font-family: lora, Helvetica, Arial, sans-serif;"">Desde el 25 de marzo de 2022 se consideran personas con pauta completa si cumplen alguna de las siguientes condiciones:</p><ul style=""list-style: none; margin-top: 10px; color: rgb(86, 86, 86); font-family: lora, Helvetica, Arial, sans-serif;""><li style=""margin: 0px 0px 1em; list-style-type: none;"">- Personas con 1 dosis de la vacuna Janssen o 2 dosis espaciadas con los intervalos entre dosis adecuados según vacuna.</li><li style=""margin: 0px 0px 1em; list-style-type: none;"">- Personas menores de 65 años con 1 dosis que previamente habían pasado la enfermedad.</li><li style=""margin: 0px 0px 1em; list-style-type: none;"">- Personas con patología de algo riesgo con 3 dosis espaciadas con los intervalos entre dosis adecuados según vacuna.</li></ul><p><span style='font-family: -apple-system, BlinkMacSystemFont, ""Segoe UI"", Roboto, ""Noto Sans"", Ubuntu, ""Droid Sans"", ""Helvetica Neue"", sans-serif; font-size: 13.328px;'>Desde el 15 de marzo de 2022</span><span style='font-family: -apple-system, BlinkMacSystemFont, ""Segoe UI"", Roboto, ""Noto Sans"", Ubuntu, ""Droid Sans"", ""Helvetica Neue"", sans-serif; font-size: 13.328px;'> la a</span><font face=""-apple-system, BlinkMacSystemFont, Segoe UI, Roboto, Noto Sans, Ubuntu, Droid Sans, Helvetica Neue, sans-serif"">ctualización es semanal: los viernes</font><span style='font-family: -apple-system, BlinkMacSystemFont, ""Segoe UI"", Roboto, ""Noto Sans"", Ubuntu, ""Droid Sans"", ""Helvetica Neue"", sans-serif; font-size: 0.833rem;'>.</span><br></p>";Salud;"COVID-19;coronavirus";CC BY 4.0 ES;es;Europe/Madrid;2021-02-02T10:36:51+01:00;2022-09-30T15:51:41.717000+02:00;2026-07-31T08:37:41.838000+02:00;Junta de Castilla y León;;;;408936;28712926;0;432696;26354;0;0;29.9
vacunacion-covid-19-por-edad-sexo-y-provincia;False;Vacunación COVID-19 por edad sexo y provincia;"<p>Información sobre dosis suministradas por sexo, edad y provincia.</p><p><span style=""font-weight: bolder; font-family: lora, Helvetica, Arial, sans-serif; background-color: rgb(255, 243, 205);"">Desde el 5 de octubre de 2023, con motivo del inicio de la campaña de vacunación 2023/2024, se publican datos solo de la presente campaña en un nuevo dataset: </span><a href=""https://analisis.datosabiertos.jcyl.es/explore/dataset/vacunacion-covid-19-por-edad-sexo-y-provincia-campana-23-24/table"" target=""_blank"">Vacunación COVID-19 por edad sexo y provincia Campaña 23/24</a><font face=""lora, Helvetica, Arial, sans-serif""><span style=""font-weight: bolder;""></span></font><span style=""font-size: 0.875rem; background-color: rgb(255, 243, 205); font-family: lora, Helvetica, Arial, sans-serif; font-weight: bolder;"">.</span><br></p><p style=""""><b><font face=""lora, Helvetica, Arial, sans-serif"">Desde el 1 de abril de 2022 los datos de las columnas ""personas_vacunadas_3a_dosis_acumulado"" y ""porcentaje_residentes_3a_dosis"" hacen referencia a todas las dosis de refuerzo y no solo a las de la tercera dosis</font><br></b></p><p style=""font-family: lora, Helvetica, Arial, sans-serif;"">Desde el 25 de marzo de 2022 se consideran personas con pauta completa si cumplen alguna de las siguientes condiciones:</p><ul style=""list-style: none; margin-top: 10px; color: rgb(86, 86, 86); font-family: lora, Helvetica, Arial, sans-serif;""><li style=""margin: 0px 0px 1em; list-style-type: none;"">- Personas con 1 dosis de la vacuna Janssen o 2 dosis espaciadas con los intervalos entre dosis adecuados según vacuna.</li><li style=""margin: 0px 0px 1em; list-style-type: none;"">- Personas menores de 65 años con 1 dosis que previamente habían pasado la enfermedad.</li><li style=""margin: 0px 0px 1em; list-style-type: none;"">- Personas con patología de algo riesgo con 3 dosis espaciadas con los intervalos entre dosis adecuados según vacuna.</li></ul><p><span style='font-family: -apple-system, BlinkMacSystemFont, ""Segoe UI"", Roboto, ""Noto Sans"", Ubuntu, ""Droid Sans"", ""Helvetica Neue"", sans-serif; font-size: 13.328px;'>Desde el 15 de marzo de 2022</span><span style='font-family: -apple-system, BlinkMacSystemFont, ""Segoe UI"", Roboto, ""Noto Sans"", Ubuntu, ""Droid Sans"", ""Helvetica Neue"", sans-serif; font-size: 13.328px;'> la a</span><font face=""-apple-system, BlinkMacSystemFont, Segoe UI, Roboto, Noto Sans, Ubuntu, Droid Sans, Helvetica Neue, sans-serif""><span style=""font-size: 14px;"">ctualización es semanal: los viernes</span></font><span style='font-family: -apple-system, BlinkMacSystemFont, ""Segoe UI"", Roboto, ""Noto Sans"", Ubuntu, ""Droid Sans"", ""Helvetica Neue"", sans-serif; font-size: 0.833rem;'>.</span></p><p><font face=""-apple-system, BlinkMacSystemFont, Segoe UI, Roboto, Noto Sans, Ubuntu, Droid Sans, Helvetica Neue, sans-serif""><span style=""font-size: 13.328px;"">Desde el 20 de enero de 2022 las coberturas de vacunación se calculan con la población de Cifras de Población INE a 01/01/2021.</span></font><br></p>";Salud;"COVID-19;coronavirus";CC BY 4.0 ES;es;Europe/Madrid;2021-02-02T10:36:51+01:00;2023-10-23T15:44:10.390000+02:00;2026-07-30T14:42:44.505000+02:00;Junta de Castilla y León;;;;104038;7954518;0;2966578;33534;0;0;65.3
vacunacion-covid-19-por-edad-sexo-y-provincia-campana-23-24;False;Vacunación COVID-19 por edad sexo y provincia Campaña 23/24;"<p>Información sobre dosis suministradas por sexo, edad y provincia.</p><p style=""font-family: sans-serif;"">Con motivo del final de la campaña de vacunación, el 03/03/2024, el último dato publicado corresponde al día 08/03/2024.</p><p style=""""><span style='font-family: -apple-system, BlinkMacSystemFont, ""Segoe UI"", Roboto, ""Noto Sans"", Ubuntu, ""Droid Sans"", ""Helvetica Neue"", sans-serif; font-size: 13.328px;'>La a</span><font face=""-apple-system, BlinkMacSystemFont, Segoe UI, Roboto, Noto Sans, Ubuntu, Droid Sans, Helvetica Neue, sans-serif"" style=""font-size: 0.875rem;"">ctualización es semanal: los viernes</font><span style='font-family: -apple-system, BlinkMacSystemFont, ""Segoe UI"", Roboto, ""Noto Sans"", Ubuntu, ""Droid Sans"", ""Helvetica Neue"", sans-serif; font-size: 0.833rem;'>.</span><br></p><p><font face=""-apple-system, BlinkMacSystemFont, Segoe UI, Roboto, Noto Sans, Ubuntu, Droid Sans, Helvetica Neue, sans-serif""><span style=""font-size: 13.328px;"">Las coberturas de vacunación se calculan con la población de Cifras de Población INE a 01/01/2022.</span></font><br></p>";Salud;"COVID-19;coronavirus";CC BY 4.0 ES;es;Europe/Madrid;2021-02-02T10:36:51+01:00;2024-03-08T11:17:41.665000+01:00;2026-08-14T13:59:48.758000+02:00;Junta de Castilla y León;;;;4840;307938;0;15449;131;0;0;4.6
vacunacion-covid-19-por-edad-sexo-y-provincia-campana-2425;False;Personas vacunadas de COVID-19 por edad, sexo, provincia y fecha de vacunación Campaña 24/25;<p>Información sobre dosis suministradas por sexo, edad y provincia. Campaña 2024-2025</p>;Salud;"COVID-19;coronavirus";CC BY 4.0 ES;es;Europe/Madrid;2021-02-02T10:36:51+01:00;2025-03-24T10:54:49.956000+01:00;2026-08-06T12:27:12.629000+02:00;Junta de Castilla y León;;;;5060;322844;0;10160;274;0;0;4.1
vacunacion-covid-19-por-edad-sexo-y-provincia-campana-2526;False;Vacunación COVID-19 por edad sexo y provincia Campaña 25/26;"<p><span style=""font-weight: bolder; color: rgb(86, 86, 86); font-family: lora, Helvetica, Arial, sans-serif;"">La campaña de vacunación 2025/2026 finalizó el 23 de marzo de 2026.</span></p><p>Información sobre dosis suministradas por sexo, edad y provincia.</p><p style=""""><span style='font-family: -apple-system, BlinkMacSystemFont, ""Segoe UI"", Roboto, ""Noto Sans"", Ubuntu, ""Droid Sans"", ""Helvetica Neue"", sans-serif; font-size: 13.328px;'>La a</span><font face=""-apple-system, BlinkMacSystemFont, Segoe UI, Roboto, Noto Sans, Ubuntu, Droid Sans, Helvetica Neue, sans-serif"" style=""font-size: 0.875rem;"">ctualización es semanal: los lunes</font><span style='font-family: -apple-system, BlinkMacSystemFont, ""Segoe UI"", Roboto, ""Noto Sans"", Ubuntu, ""Droid Sans"", ""Helvetica Neue"", sans-serif; font-size: 0.833rem;'>.</span><br></p><p><font face=""-apple-system, BlinkMacSystemFont, Segoe UI, Roboto, Noto Sans, Ubuntu, Droid Sans, Helvetica Neue, sans-serif""><span style=""font-size: 13.328px;"">Las coberturas de vacunación se calculan con la población de Cifras de Población INE a 01/01/2022.</span></font><br></p>";Salud;"COVID-19;coronavirus";CC BY 4.0 ES;es;Europe/Madrid;2021-02-02T10:36:51+01:00;2026-03-27T09:07:18.356000+01:00;2026-08-06T12:17:05.745000+02:00;Junta de Castilla y León;;;;5060;323185;0;43517;314;0;0;7.7
vacunacion-covid-19-por-grupo-y-criterio;False;Vacunación COVID-19 por grupo y criterio;"<p>Datos sobre dosis administradas por grupo y criterio de vacunación.</p><p><span style=""font-weight: bolder; font-family: lora, Helvetica, Arial, sans-serif; background-color: rgb(255, 243, 205);"">Desde el 5 de octubre de 2023, con motivo del inicio de la campaña de vacunación 2023/2024, se publican datos solo de la presente campaña en un nuevo dataset: </span><a href=""https://analisis.datosabiertos.jcyl.es/explore/dataset/vacunacion-covid-19-por-grupo-y-criterio-campana-23-24/table"" target=""_blank"">Vacunación COVID-19 por grupo y criterio Campaña 23/24</a><font face=""lora, Helvetica, Arial, sans-serif""><span style=""font-weight: bolder;""></span></font><span style=""font-size: 0.875rem; background-color: rgb(255, 243, 205); font-family: lora, Helvetica, Arial, sans-serif; font-weight: bolder;"">.</span><br></p><p><b>Desde el 1 de abril de 2022 los datos de la columna ""personas_vacunadas_3a_dosis_acumulado"" hace referencia a todas las dosis de refuerzo y no solo a las de la tercera dosis</b></p><p><span style='font-family: -apple-system, BlinkMacSystemFont, ""Segoe UI"", Roboto, ""Noto Sans"", Ubuntu, ""Droid Sans"", ""Helvetica Neue"", sans-serif; font-size: 13.328px;'>Desde el 15 de marzo de 2022</span><span style='font-family: -apple-system, BlinkMacSystemFont, ""Segoe UI"", Roboto, ""Noto Sans"", Ubuntu, ""Droid Sans"", ""Helvetica Neue"", sans-serif; font-size: 13.328px;'> la a</span><font face=""-apple-system, BlinkMacSystemFont, Segoe UI, Roboto, Noto Sans, Ubuntu, Droid Sans, Helvetica Neue, sans-serif"" style=""font-size: 0.875rem;"">ctualización es semanal: los viernes</font><span style='font-family: -apple-system, BlinkMacSystemFont, ""Segoe UI"", Roboto, ""Noto Sans"", Ubuntu, ""Droid Sans"", ""Helvetica Neue"", sans-serif; font-size: 0.833rem;'>.</span><br></p><p style=""font-family: lora, Helvetica, Arial, sans-serif;"">Desde el 25 de marzo de 2022 se consideran personas con pauta completa si cumplen alguna de las siguientes condiciones:</p><ul style=""list-style: none; margin-top: 10px; color: rgb(86, 86, 86); font-family: lora, Helvetica, Arial, sans-serif;""><li style=""margin: 0px 0px 1em; list-style-type: none;"">- Personas con 1 dosis de la vacuna Janssen o 2 dosis espaciadas con los intervalos entre dosis adecuados según vacuna.</li><li style=""margin: 0px 0px 1em; list-style-type: none;"">- Personas menores de 65 años con 1 dosis que previamente habían pasado la enfermedad.</li><li style=""margin: 0px 0px 1em; list-style-type: none;"">- Personas con patología de algo riesgo con 3 dosis espaciadas con los intervalos entre dosis adecuados según vacuna.</li></ul><p><br></p>";Salud;"coronavirus;COVID-19";CC BY 4.0 ES;es;Europe/Madrid;2021-02-02T10:36:51+01:00;2023-09-05T12:28:27.454000+02:00;2026-07-31T08:36:42.097000+02:00;Junta de Castilla y León;;;;47679;3616906;0;2068504;28921;0;0;55.5
vacunacion-covid-19-por-grupo-y-criterio-campana-23-24;False;Vacunación COVID-19 por grupo y criterio Campaña 23/24;"<p>Datos sobre dosis administradas por grupo y criterio de vacunación.</p><p style=""font-family: sans-serif;"">Con motivo del final de la campaña de vacunación, el 03/03/2024, el último dato publicado corresponde al día 08/03/2024.</p><ul style=""margin-top:0pt"" type=""disc"">
<li class=""MsoNormal"">La vacunación frente a COVID-19 se realizará con las
     nuevas vacunas adaptadas, salvo circunstancias particulares.</li><li class=""MsoNormal"">En las personas que tienen contraindicadas las vacunas
     de ARNm frente a COVID-19 se podrán administrar las vacunas de proteínas
     disponibles.<o:p></o:p></li>
<li class=""MsoNormal"">La vacunación frente a COVID-19 en la población diana
     se recomienda independientemente del número de dosis recibidas con
     anterioridad (incluso ninguna dosis previa). Se respetará un intervalo de
     al menos 3 meses desde la última dosis administrada o desde la última
     infección.<o:p></o:p></li>
<li class=""MsoNormal"">En las personas diana de vacunación, se administrará
     una sola dosis de vacuna frente a COVID-19, salvo en personas en edad
     pediátrica o con inmunosupresión grave que pueden requerir otras pautas.</li></ul><p><br></p>";Salud;"coronavirus;COVID-19";CC BY 4.0 ES;es;Europe/Madrid;2021-02-02T10:36:51+01:00;2024-03-08T11:17:38.147000+01:00;2026-08-14T14:11:05.152000+02:00;Junta de Castilla y León;;;;2178;143998;0;4004;88;0;0;2.5
vacunacion-covid-19-por-grupo-y-criterio-campana-2425;False;Vacunación COVID-19 por grupo y criterio Campaña 24/25;<p>Datos sobre dosis administradas por grupo y criterio de vacunación. Campaña 2024-2025</p><p><br></p>;Salud;"coronavirus;COVID-19";CC BY 4.0 ES;es;Europe/Madrid;2021-02-02T10:36:51+01:00;2025-03-24T10:54:09.684000+01:00;2026-08-06T12:52:40.037000+02:00;Junta de Castilla y León;;;;2277;150383;0;2195;261;0;0;2.4
vacunacion-covid-19-por-grupo-y-criterio-campana-2526;False;Vacunación COVID-19 por grupo y criterio Campaña 25/26;"<p><span style=""font-weight: bolder; color: rgb(86, 86, 86); font-family: lora, Helvetica, Arial, sans-serif;"">La campaña de vacunación 2025/2026 finalizó el 23 de marzo de 2026.</span></p><p>Datos sobre dosis administradas por grupo y criterio de vacunación. Campaña 2025-2026.</p><p><br></p>";Salud;"coronavirus;COVID-19";CC BY 4.0 ES;es;Europe/Madrid;2021-02-02T10:36:51+01:00;2026-03-27T09:06:51.833000+01:00;2026-08-06T12:31:05.716000+02:00;Junta de Castilla y León;;;;2277;150561;0;1779;286;0;0;2.3
limites-municipales-de-castilla-y-leon-recintos;False;Límites municipales de Castilla y León: recintos;"<p><span style=""font-size: 12.495px;"">Representación cartográfica de las unidades administrativas municipales oficiales de Castilla y León. Delimitación administrativa de los municipios de Castilla y León a partir de las líneas-límite oficiales del Instituto Geográfico Nacional (IGN).Constituye una de las cartografías básicas de referencia de la Comunidad Autónoma de Castilla y León.</span><br></p>";Medio ambiente;Unidades administrativas;LICENCIA-IGCYL-NC;es;Europe/Madrid;2021-01-28T07:50:51.892000+01:00;2021-01-28T07:50:51.892000+01:00;2026-08-05T11:07:04.514000+02:00;Junta de Castilla y León;;;;2298;12394869;0;24872209;1734;0;0;162.8
dosis-vacunas-covid-19-campana-22-23;False;Dosis vacunas COVID-19 Campaña 22/23;"<p><span style=""font-size: 0.875rem;"">Información sobre dosis suministradas y personas vacunadas por provincia en la campaña 2022/2023</span></p>";;;;es;;2021-01-04T10:44:55+01:00;2023-10-23T15:41:47.782000+02:00;2026-08-14T14:05:24.252000+02:00;;;;;1140;92082;0;90588;125;0;0;10.3
dosis-vacunas-covid-19-campana-23-24;False;Dosis vacunas COVID-19 Campaña 23/24;"<p><span style=""font-size: 0.875rem;"">Información sobre dosis suministradas y personas vacunadas por provincia en la campaña 2023/2024</span></p><p style=""font-family: sans-serif; margin-bottom: 1em;"">Con motivo del final de la campaña de vacunación, el 03/03/2024, el último dato publicado corresponde al día 08/03/2024.</p>";;;;es;;2021-01-04T10:44:55+01:00;2024-03-08T11:17:45.376000+01:00;2026-08-14T14:09:51.061000+02:00;;;;;220;14982;0;19251;94;0;0;5.0
dosis-vacunas-covid-19-campana-2425;False;Dosis administradas de vacunas COVID-19 Campaña 24/25;"<p><span style=""font-size: 0.875rem;"">Información sobre dosis suministradas y personas vacunadas por provincia en la campaña 2024/2025</span></p>";;;;es;;2021-01-04T10:44:55+01:00;2025-03-24T10:53:18.785000+01:00;2026-08-05T13:22:51.920000+02:00;;;;;230;15505;0;16882;475;0;0;5.4
dosis-vacunas-covid-19-campana-2526;False;Dosis vacunas COVID-19 Campaña 25/26;"<p><span style=""font-weight: bolder; color: rgb(86, 86, 86); font-family: lora, Helvetica, Arial, sans-serif;"">La campaña de vacunación 2025/2026 finalizó el 23 de marzo de 2026.</span><span style=""font-size: 0.875rem;""></span></p><p><span style=""font-size: 0.875rem;"">Información sobre dosis suministradas y personas vacunadas por provincia en la campaña 2025/2026.</span></p>";;;;es;;2021-01-04T10:44:55+01:00;2026-03-27T09:06:17.308000+01:00;2026-08-06T12:40:31.426000+02:00;;;;;230;19329;0;85500;273;0;0;10.3
dosis-vacunas-gripe-campana-23-24;False;Dosis vacunas GRIPE Campaña 23/24;"<p><span style=""font-size: 0.875rem;"">Información sobre dosis suministradas y personas vacunadas por provincia en la campaña 2023/2024</span></p><p style=""font-family: sans-serif; margin-bottom: 1em;"">Con motivo del final de la campaña de vacunación, el 03/03/2024, el último dato publicado corresponde al día 04/03/2024.</p>";Salud;;CC BY 4.0 ES;es;;2021-01-04T10:44:55+01:00;2024-03-11T09:45:11.138000+01:00;2026-08-05T13:06:46.770000+02:00;Junta Castilla y León;;;;220;22083;0;15619;498;0;0;5.2
dosis-vacunas-gripe-campana-2425;False;Dosis vacunas GRIPE Campaña 24/25;"<p><span style=""font-size: 0.875rem;"">Información sobre dosis suministradas y personas vacunadas por provincia en la campaña 2024/2025</span></p>";Salud;;CC BY 4.0 ES;es;;2021-01-04T10:44:55+01:00;2025-03-24T14:08:35.649000+01:00;2026-08-05T13:21:24.583000+02:00;Junta Castilla y León;;;;250;31801;0;29767;392;0;0;6.6
solicitudes-ertes-cnaes-provincia;False;Solicitudes de ERTEs por CNAEs y provincia (Marzo-Septiembre 2020);"<p class=""MsoNormal"">Relación de solicitudes de ERTEs por CNAE y por provincia correspondientes al Real Decreto-ley 8/2020, de 17 de marzo. Actualización mensual.</p><p class=""MsoNormal""><span style=""font-family: inherit; font-size: 0.833rem;"">En las provincias de Ávila y Palencia el dato de ERTEs por fuerza mayor incluye los ERTEs por cualquier causa.</span><br></p><p class=""MsoNormal""><span style=""font-size: 12.495px;"">A partir del 1 de Octubre de 2020 se interrumpe la actualización de este dataset debido a un cambio en el criterio de clasificación de los datos y la información posterior a esas fechas se publica en <a href=""https://analisis.datosabiertos.jcyl.es/explore/dataset/solicitudes-de-ertes-por-cnaes-y-provincia-octubre-actualidad/"">Solicitudes de ERTEs por CNAEs y provincia (Octubre-actualidad</a>.</span></p>";Empleo;"COVID-19;coronavirus";CC BY 4.0 ES;es;;2020-12-03T10:47:45.157000+01:00;2020-12-03T10:47:45.157000+01:00;2026-07-31T08:26:34.663000+02:00;Junta de Castilla y León;;;;880;129549;0;50488;32968;0;0;17.0
situacion-de-solicitudes-de-ertes-coronavirus;False;Situación de solicitudes de ERTEs coronavirus (Marzo-Septiembre 2020);"<p><span style=""font-size: 12.495px;"">Situación de los ERTES por fuerza mayor derivada de las crisis del COVID-19 en Castilla y León, incluyendo datos como la fecha de la solicitud, la provincia y el número de trabajadores afectados. </span></p><p><span style=""font-family: inherit;"">D</span><span style=""font-family: inherit; font-size: 0.833rem;"">atos desde el 19 de marzo de 2020 correspondientes al </span><span style=""font-size: 12.495px;"">Real Decreto-ley 8/2020, de 17 de marzo</span><span style=""font-family: inherit; font-size: 0.833rem;"">. Actualización semanal.</span></p><p><span style=""font-size: 12.495px;"">A partir del 1 de Octubre se interrumpe la actualización de este dataset y la situación de solicitudes de ERTES por coronavirus se publica más pormenorizada en <a href=""https://analisis.datosabiertos.jcyl.es/explore/dataset/situacion-de-solicitudes-de-ertes-coronavirus-octubre/table/"">situación de solicitudes de ERTEs coronavirus (Octubre-actualidad)</a> , diferenciando los ERTES solicitados por impedimento, limitaciones de actividad o ETOP, así como los trabajadores afectados en cada caso.</span><br></p><p><span style=""font-size: 12.495px;"">Nota: Los datos del 19/03/2020 corresponden a los acumulados desde el día 16/03/2020.</span></p><p><span style=""font-size: 12.495px;"">Los datos que hasta el 19 de junio aparecían atribuidos al Ministerio de Trabajo y Economía Social, aparecen actualmente asignados a la autoridad laboral competente (provincia) que corresponda. Los datos a fecha 26 de junio han sido revisados y depurados, por lo que pueden apreciarse algunas diferencias con respecto a los datos históricos existentes.<br></span></p>";Empleo;"COVID-19;coronavirus";CC BY 4.0 ES;es;;2020-11-16T12:10:12.166000+01:00;2020-11-16T12:10:12.166000+01:00;2026-07-31T08:19:56.109000+02:00;Junta de Castilla y León;;;;829;45530;0;172909;38685;0;0;24.0
indicadores-de-riesgo-covid-19-por-municipios-250322;False;Indicadores de riesgo COVID-19 por municipios desde el 25-03-22;"<p>Los indicadores principales para la evaluación del riesgo, obtenidos conforme a la nueva <a href=""https://www.sanidad.gob.es/profesionales/saludPublica/ccayes/alertasActual/nCov/documentos/Nueva_estrategia_vigilancia_y_control.pdf"" style=""background-color: rgb(255, 255, 255); font-family: sans-serif; font-size: 14px; font-weight: 400;"" target=""_blank"">estrategia de vigilancia y control frente a COVID-19 tras la fase aguda de la pandemia</a> aprobada por la Comisión de Salud Pública del Consejo Interterritorial del Sistema Nacional de Salud el 25 de marzo de 2022, permiten realizar una evaluación en cada territorio, dirigida a detectar niveles de riesgo para la población.</p><p>Actualización 2 días a la semana: martes y viernes</p>";;;;es;;2020-11-04T11:24:19+01:00;2025-04-10T13:16:31.939000+02:00;2026-08-05T11:44:56.693000+02:00;Junta de Castilla y León;;;;649672;67515349;0;3140735;945;0;0;58.7
indicadores-de-riesgo-covid-19-por-provincias;False;Indicadores de riesgo COVID-19 por provincias hasta el 24-03-22;"<p>Los indicadores principales para la evaluación del riesgo, acordados en el Consejo Interterritorial del Sistema Nacional de Salud, permiten realizar una evaluación en cada territorio, dirigida a detectar niveles de riesgo para la población.</p><p><font face=""-apple-system, BlinkMacSystemFont, Segoe UI, Roboto, Noto Sans, Ubuntu, Droid Sans, Helvetica Neue, sans-serif""><b>Actualización:</b> A fecha 31 de marzo de 2022 se deja de publicar por aprobarse una nueva estrategia el 25 de marzo de 2022 que cambia de indicadores. En su lugar se publica un nuevo dataset: </font><a href=""https://analisis.datosabiertos.jcyl.es/explore/dataset/indicadores-de-riesgo-covid-19-por-provincias-250222"" target=""_blank"">https://analisis.datosabiertos.jcyl.es/explore/dataset/indicadores-de-riesgo-covid-19-por-provincias-250222</a></p><p><span style=""font-family: inherit; font-size: 12.495px;"">Desde el 26 de agosto de 2021 se empiezan a contabilizar las reinfecciones en los datos que se suministran diariamente, lo que supone un leve incremento en las cifras de incidencia, tanto actuales como previas. E</span><span style=""font-family: inherit; font-size: 0.875rem;"">ste procedimiento es el que se emplea también en los datos que publica el Ministerio de Sanidad.</span><br></p><p>Desde el 20 de enero de 2022 los indicadores de riesgo se calculan con la población a 01/01/2021 de la Estadística de Padrón Continuo publicada por el INE.<br></p><p><span style=""font-size: 12.495px; font-family: inherit;"">NOTA: A partir del 22 de septiembre de 2021 la valoración del indicador del nivel de alerta es ""Riesgo controlado""</span><br></p>";Salud;"coronavirus;COVID-19";CC BY 4.0 ES;es;Europe/Berlin;2020-10-30T07:12:23+01:00;2022-06-27T12:51:27.108000+02:00;2026-07-31T09:28:10.811000+02:00;Junta de Castilla y León;;;;41246;6636917;0;52249021;19932;0;1;240.3
indicadores-de-riesgo-covid-19-por-provincias-250322;False;Indicadores de riesgo COVID-19 por provincias desde el 25-03-22;"<p>Los indicadores principales para la evaluación del riesgo, obtenidos conforme a la nueva <a href=""https://www.sanidad.gob.es/profesionales/saludPublica/ccayes/alertasActual/nCov/documentos/Nueva_estrategia_vigilancia_y_control.pdf"" target=""_blank"">estrategia de vigilancia y control frente a COVID-19 tras la fase aguda de la pandemia</a> aprobada por la Comisión de Salud Pública del Consejo Interterritorial del Sistema Nacional de Salud el 25 de marzo de 2022, permiten realizar una evaluación en cada territorio, dirigida a detectar niveles de riesgo para la población.</p><p><font face=""-apple-system, BlinkMacSystemFont, Segoe UI, Roboto, Noto Sans, Ubuntu, Droid Sans, Helvetica Neue, sans-serif"" style=""font-size: 0.875rem;"">Actualización 2 días a la semana: martes y viernes</font><span style='font-family: -apple-system, BlinkMacSystemFont, ""Segoe UI"", Roboto, ""Noto Sans"", Ubuntu, ""Droid Sans"", ""Helvetica Neue"", sans-serif; font-size: 0.833rem;'>.</span></p>";Salud;"coronavirus;COVID-19";CC BY 4.0 ES;es;Europe/Berlin;2020-10-30T07:12:23+01:00;2025-04-10T13:09:04.364000+02:00;2026-08-05T12:54:58.209000+02:00;Junta de Castilla y León;;;;107100;18903237;0;11656135;1210;0;0;111.8
calderas;False;Instalaciones de calefacción y ACS con sala de calderas;"<p><span style=""font-size: 12.495px;"">Relación de cuartos de calderas de calefacción y ACS (vía pública y número) con estos datos:</span></p><ul><li><span style=""font-size: 12.495px;"">Ubicación de la instalación (Provincia, municipio, localidad, tipo, calle, número, CP),</span></li><li><span style=""font-size: 12.495px;"">Instalación individual o centralizada</span></li><li><span style=""font-size: 12.495px;"">Tipo de instalación (edificio, unifamiliar, industria, lpc ….)</span></li><li><span style=""font-size: 12.495px;"">Energía utilizada</span></li><li><span style=""font-size: 12.495px;"">Potencia calor KW</span></li></ul>";Energía;"energía;industrias;calderas";CC BY 4.0 ES;es;Europe/Madrid;2020-10-19T13:59:52.391000+02:00;2020-10-19T13:59:52.391000+02:00;2026-08-06T12:59:04.361000+02:00;Junta de Castilla y León;;;;5062;501892;0;19025;247;0;0;5.3
censo-de-superficies-agrarias-en-castilla-y-leon;False;Censo de superficies agrarias en Castilla y León;Superficies agrarias por provincias y tipo en Castilla y León. Datos desde el año 1989;Medio rural y pesca;"censos;agrarios;superficies";CC BY 4.0 ES;es;Europe/Madrid;2020-10-05T14:12:53.236000+02:00;2020-10-05T14:12:53.236000+02:00;2026-08-05T13:02:38.705000+02:00;Junta de Castilla y León;;;;27;1692;0;12725;544;0;0;4.9
suministros-material-sanitario;False;Suministros material sanitario;<p>Información del suministros de material sanitario, número de existencias y consumo semanal.</p><p>Actualización mensual: el último viernes laborable de cada mes.</p>;Salud;coronavirus;CC BY 4.0 ES;es;Europe/Madrid;2020-09-24T15:16:18+02:00;2022-04-29T15:05:25.696000+02:00;2026-08-05T13:01:12.973000+02:00;Junta de Castilla y León;;;;1032;64651;0;2811743;1134;0;0;55.8
incidencia-covid-ensenanza-no-universitaria;False;Incidencia COVID enseñanza no universitaria;"<div style='color: rgb(33, 33, 33); font-family: wf_segoe-ui_normal, ""Segoe UI"", ""Segoe WP"", Tahoma, Arial, sans-serif, serif, EmojiFont; font-size: 15px; margin: 0px;'><font size=""3"" style=""font-family: Aptos, sans-serif, serif, EmojiFont;""><span style=""font-size: 12pt;""><font color=""black"" size=""4"" style=""font-family: Lora, serif, EmojiFont;""><span style=""font-size: 13.5pt;"">Este conjunto de datos contiene información </span></font><font color=""red"" size=""4"" style=""font-family: Lora, serif, EmojiFont;""><span style=""font-size: 13.5pt;"">suministrada entre septiembre de 2020 y marzo de 2022 </span></font><font color=""black"" size=""4"" style=""font-family: Lora, serif, EmojiFont;""><span style=""font-size: 13.5pt;"">de PCR positivas en alumnos y profesorado, así como las aulas y centros en cuarentena.</span></font></span></font></div><div style='color: rgb(33, 33, 33); font-family: wf_segoe-ui_normal, ""Segoe UI"", ""Segoe WP"", Tahoma, Arial, sans-serif, serif, EmojiFont; font-size: 15px; margin: 0px;'><font size=""3"" style=""font-family: Aptos, sans-serif, serif, EmojiFont;""><span style=""font-size: 12pt;""><font color=""black"" size=""4"" style=""font-family: Lora, serif, EmojiFont;""><span style=""font-size: 13.5pt;""><br></span></font></span></font></div><div style='color: rgb(33, 33, 33); font-family: wf_segoe-ui_normal, ""Segoe UI"", ""Segoe WP"", Tahoma, Arial, sans-serif, serif, EmojiFont; font-size: 15px; margin: 0px;'><font size=""3"" style=""font-family: Aptos, sans-serif, serif, EmojiFont;""><span style=""font-size: 12pt;""><font color=""black"" size=""4"" style=""font-family: Lora, serif, EmojiFont;""><span style=""font-size: 13.5pt;"">Se </span></font><font color=""red"" size=""4"" style=""font-family: Lora, serif, EmojiFont;""><span style=""font-size: 13.5pt;"">contabilizaban</span></font><font color=""black"" size=""4"" style=""font-family: Lora, serif, EmojiFont;""><span style=""font-size: 13.5pt;""> los casos positivos detectados por PCR a través de los Equipos COVID-Colegios (pruebas realizadas por los servicios de prevención contratados por la Consejería de Educación).</span></font></span></font></div><div style='color: rgb(33, 33, 33); font-family: wf_segoe-ui_normal, ""Segoe UI"", ""Segoe WP"", Tahoma, Arial, sans-serif, serif, EmojiFont; font-size: 15px; margin: 0px;'><font size=""3"" style=""font-family: Aptos, sans-serif, serif, EmojiFont;""><span style=""font-size: 12pt;""><font color=""black"" size=""4"" style=""font-family: Lora, serif, EmojiFont;""><span style=""font-size: 13.5pt;""><br></span></font></span></font></div><div style='color: rgb(33, 33, 33); font-family: wf_segoe-ui_normal, ""Segoe UI"", ""Segoe WP"", Tahoma, Arial, sans-serif, serif, EmojiFont; font-size: 15px; margin: 0px;'><font size=""3"" style=""font-family: Aptos, sans-serif, serif, EmojiFont;""><span style=""font-size: 12pt;""><font color=""black"" size=""4"" style=""font-family: Lora, serif, EmojiFont;""><span style=""font-size: 13.5pt;"">Se contabilizan las aulas y centros comunicados en el día. Los espacios educativos afectados lo </span></font><font color=""red"" size=""4"" style=""font-family: Lora, serif, EmojiFont;""><span style=""font-size: 13.5pt;"">eran</span></font><font color=""black"" size=""4"" style=""font-family: Lora, serif, EmojiFont;""><span style=""font-size: 13.5pt;""> bajo los criterios establecidos por la Consejería de Sanidad para el ámbito educativo.</span></font></span></font></div><div style='color: rgb(33, 33, 33); font-family: wf_segoe-ui_normal, ""Segoe UI"", ""Segoe WP"", Tahoma, Arial, sans-serif, serif, EmojiFont; font-size: 15px; margin: 0px;'><font size=""3"" style=""font-family: Aptos, sans-serif, serif, EmojiFont;""><span style=""font-size: 12pt;""><font color=""black"" size=""4"" style=""font-family: Lora, serif, EmojiFont;""><span style=""font-size: 13.5pt;""><br></span></font></span></font></div><div style='color: rgb(33, 33, 33); font-family: wf_segoe-ui_normal, ""Segoe UI"", ""Segoe WP"", Tahoma, Arial, sans-serif, serif, EmojiFont; font-size: 15px; margin: 0px;'><font size=""3"" style=""font-family: Aptos, sans-serif, serif, EmojiFont;""><span style=""font-size: 12pt;""><font color=""black"" size=""4"" style=""font-family: Lora, serif, EmojiFont;""><span style=""font-size: 13.5pt;"">Como centros en cuarentena se computan los centros sostenidos con fondos públicos.</span></font></span></font></div><div style='color: rgb(33, 33, 33); font-family: wf_segoe-ui_normal, ""Segoe UI"", ""Segoe WP"", Tahoma, Arial, sans-serif, serif, EmojiFont; font-size: 15px; margin: 0px;'><font size=""3"" style=""font-family: Aptos, sans-serif, serif, EmojiFont;""><span style=""font-size: 12pt;""><font color=""black"" size=""4"" style=""font-family: Lora, serif, EmojiFont;""><span style=""font-size: 13.5pt;""><br></span></font></span></font></div><div style='color: rgb(33, 33, 33); font-family: wf_segoe-ui_normal, ""Segoe UI"", ""Segoe WP"", Tahoma, Arial, sans-serif, serif, EmojiFont; font-size: 15px; margin: 0px;'><font size=""3"" style=""font-family: Aptos, sans-serif, serif, EmojiFont;""><span style=""font-size: 12pt;""><font color=""red"" size=""4"" style=""font-family: Lora, serif, EmojiFont;""><span style=""font-size: 13.5pt;"">Se inició la publicación con una frecuencia diaria, y a partir de septiembre de 2021 la frecuencia de publicación fue semanal.</span></font></span></font></div><div style='color: rgb(33, 33, 33); font-family: wf_segoe-ui_normal, ""Segoe UI"", ""Segoe WP"", Tahoma, Arial, sans-serif, serif, EmojiFont; font-size: 15px; margin: 0px;'><font size=""3"" style=""font-family: Aptos, sans-serif, serif, EmojiFont;""><span style=""font-size: 12pt;""><font color=""red"" size=""4"" style=""font-family: Lora, serif, EmojiFont;""><span style=""font-size: 13.5pt;""><br></span></font></span></font></div><div style='color: rgb(33, 33, 33); font-family: wf_segoe-ui_normal, ""Segoe UI"", ""Segoe WP"", Tahoma, Arial, sans-serif, serif, EmojiFont; font-size: 15px; margin: 0px;'><font size=""3"" style=""font-family: Aptos, sans-serif, serif, EmojiFont;""><span style=""font-size: 12pt;""><font color=""black"" size=""4"" style=""font-family: Lora, serif, EmojiFont;""><span style=""font-size: 13.5pt;"">Puedes explotar y analizar este dataset en el </span></font><a href=""https://analisis.datosabiertos.jcyl.es/explore/dataset/incidencia-covid-ensenanza-no-universitaria/table/"" rel=""noopener noreferrer"" target=""_blank""><font size=""4"" style=""font-family: Lora, serif, EmojiFont;""><span style=""font-size: 13.5pt;""><font color=""#BA0C2F"">Portal de análisis de datos abiertos de la Junta de Castilla y León</font></span></font></a></span></font></div>";"Salud;Educación";"coronavirus;COVID-19";CC BY 4.0 ES;es;;2020-09-21T08:59:58+02:00;2024-06-11T13:27:38.452000+02:00;2026-07-31T12:03:28.539000+02:00;Junta de Castilla y León;;;;1737;75192;0;889664;3279;0;0;33.5
consumo-de-electricidad-semanal-en-castilla-y-leon;False;Consumo de electricidad semanal en Castilla y León;"<p><span style=""font-size: 12.495px;"">Consumo semanal de energía eléctrica en Castilla y León desde la semana del 21/04/2020 hasta la semana del 23/06/2020. Se incluyen también los datos de las semanas equivalentes de 2019 (23/04/2019 a 25/06/2019).</span></p><p><span style=""font-size: 12.495px;"">Los datos incluyen: semana, provincia, código INE de la provincia, suministrador, tipo (residencial, servicios, industrial) y consumo en kWh.</span></p><p><span style=""font-size: 12.495px;"">De los datos sobre consumos de 2019 sólo se dispone de I-DE y UFD, y estos últimos sólo los totales, no por tipo.</span></p>";Energía;energía;CC BY 4.0 ES;es;Europe/Madrid;2020-07-03T10:04:19.587000+02:00;2020-07-03T10:04:19.587000+02:00;2026-08-05T10:38:18.843000+02:00;Junta de Castilla y León;;;;730;42235;0;12791;1068;0;0;5.4
fases-desescalada;False;Fases desescalada por zonas básicas de salud;<p>Conjunto de datos con el estado de la desescalada por zonas básicas de salud. Actualización semanal.</p>;Salud;"coronavirus;COVID-19";;es;;2020-06-22T08:56:53.232000+02:00;2020-06-22T08:56:53.232000+02:00;2026-07-31T08:22:09.329000+02:00;Junta de Castilla y León;;;;2717;938764;0;2743814;35109;0;0;63.4
tucerticyl-estadistica-de-certificaciones;False;TuCertiCyL – Estadística de certificaciones;"<p style=""font-family: lora; font-size: medium;"">Listado de convocatorias de certificación de competencias digitales tuCertiCyL, en el que se incluyen datos como la fecha de la convocatoria, el centro certificador, el tipo de convocatoria, las personas examinadas y certificadas por sexo y la edad media.</p><p style=""font-family: lora; font-size: medium;"">Datos desde el 28 de mayo de 2018.</p>";Ciencia y tecnología;"tecnología;TuCertiCyL;competencias digitales";CC BY 4.0 ES;es;Europe/Madrid;2020-06-04T09:59:25+02:00;2026-08-05T13:15:52.700000+02:00;2026-08-05T13:15:52.740000+02:00;Junta de Castilla y León;;;;1404;264565;0;13273;429;0;0;4.8
solicitudes-de-ertes-por-cnaes-y-provincia-febrero;False;Solicitudes de ERTEs por CNAEs y provincia (Febrero 2021-actualidad);"<p><span style=""font-size: 12.495px;"">Relación de solicitudes de ERTEs por CNAE y por provincia. Actualización mensual.</span></p><p><span style=""font-size: 12.495px;"">En las provincias de Ávila y Palencia el dato de ERTEs por fuerza mayor incluye los ERTEs por cualquier causa.</span></p><p><span style=""font-size: 12.495px;"">Datos desde el 1 de febrero de 2021, correspondientes al Real Decreto-ley 2/2021, de 26 de enero. Actualización semanal.</span></p>";Empleo;"COVID-19;coronavirus";CC BY 4.0 ES;es;Europe/Madrid;2020-05-07T10:29:02+02:00;2021-12-10T13:52:01.811000+01:00;2026-08-05T10:53:05.190000+02:00;Junta de Castilla y León;;;;880;126202;0;11863;1046;0;0;5.2
solicitudes-de-ertes-por-cnaes-y-provincia-octubre-actualidad;False;Solicitudes de ERTEs por CNAEs y provincia (Octubre 2020-Enero 2021);"<p><span style=""font-size: 12.495px;"">Relación de solicitudes de ERTEs por CNAE y por provincia. Actualización mensual.</span></p><p><span style=""font-size: 12.495px;"">En las provincias de Ávila y Palencia el dato de ERTEs por fuerza mayor incluye los ERTEs por cualquier causa.</span></p><p><span style=""font-size: 12.495px;"">Datos desde el 1 de octubre de 2020 hasta el 31 de enero de 2021, correspondientes al Real Decreto-ley 30/2020, de 29 de septiembre.</span></p>";Empleo;"COVID-19;coronavirus";CC BY 4.0 ES;es;Europe/Madrid;2020-05-07T10:29:02+02:00;2021-02-24T11:42:17.235000+01:00;2026-07-29T12:16:01.147000+02:00;Junta de Castilla y León;;;;880;126530;0;23717;1043;0;0;6.7
test-pcr-en-profesionales-por-edad-y-sexo;False;Test PCR en profesionales por edad y sexo;"<p>Relación de test PDIA realizadas a profesionales sanitarios por tramos de edad y sexo. </p><p><span style=""font-size: 12.495px;""></span><span style='font-family: -apple-system, BlinkMacSystemFont, ""Segoe UI"", Roboto, ""Noto Sans"", Ubuntu, ""Droid Sans"", ""Helvetica Neue"", sans-serif; font-size: 0.833rem;'>Desde el 9 de junio de 2021 la actualización es semanal: los miércoles.</span></p>";Salud;"coronavirus;COVID-19";CC BY 4.0 ES;es;;2020-04-14T12:38:09+02:00;2026-07-03T10:07:32.399000+02:00;2026-07-31T08:35:28.359000+02:00;Junta de Castilla y León;;;;53428;3788794;0;1288620;32707;0;0;46.3
pacientes-desplazados;False;Pacientes desplazados desde otras comunidades autónomas;<p>Datos sobre personas desplazadas temporalmente de otras Comunidades Autónomas que han solicitado el traslado de su tarjeta sanitaria.</p><p>Datos mensuales del año 2020.<br></p>;Salud;"pacientes;desplazados;traslados";CC BY 4.0 ES;es;Europe/Madrid;2020-04-02T09:04:23+02:00;2026-08-17T12:05:48.582000+02:00;2026-08-17T12:05:48.629000+02:00;Junta de Castilla y León;;;;58320;5331651;0;2619164;3535;0;0;55.3
poblacion-total-por-edades-y-sexo;False;Población total por edades y sexo;"<p>Población total de Castilla y León por edades y sexo en los últimos años.</p><p><span style=""font-family: inherit; font-size: 1em;"">Frecuencia de actualización:</span><span style=""font-family: inherit; font-size: 1em;""> Anual.</span></p>";Demografía;"padrón;población;total;edades;sexo";CC BY 4.0 ES;es;Europe/Madrid;2020-03-19T16:20:40.277000+01:00;2020-03-19T16:20:40.277000+01:00;2026-08-06T11:53:39.802000+02:00;Junta de Castilla y León;;;;2632;104799;0;26665;380;0;0;6.3
numero-de-licencias-del-iae-por-actividades-economicas;False;Número de Licencias del I.A.E. por Actividades económicas;"<p>Número de licencias del I.A.E. por actividades económicas y por provincias en los últimos años - Impuesto sobre Actividades Económicas (I.A.E.).</p><p><span style=""font-family: inherit; font-size: 1em;"">Frecuencia de actualización:</span><span style=""font-family: inherit; font-size: 1em;""> Anual.</span></p>";Economía;"licencias iae;impuesto;actividades;económicas";CC BY 4.0 ES;es;Europe/Madrid;2020-03-18T14:30:28.614000+01:00;2020-03-18T14:30:28.614000+01:00;2026-08-06T13:01:55.358000+02:00;Junta de Castilla y León;;;;220;21724;0;14501;207;0;0;4.7
numero-de-defunciones-en-castilla-y-leon;False;Número de defunciones en Castilla y León;"<p>Número de defunciones por provincias en los últimos años - Movimiento Natural de la Población.</p><p><span style=""font-family: inherit; font-size: 1em;"">Frecuencia de actualización:</span><span style=""font-family: inherit; font-size: 1em;""> Anual.</span></p>";Demografía;"estadísticas;mnp;población;defunciones";CC BY 4.0 ES;es;Europe/Madrid;2020-03-17T17:57:36.255000+01:00;2020-03-17T17:57:36.255000+01:00;2026-08-05T13:12:56.655000+02:00;Junta de Castilla y León;;;;351;7948;0;18996;543;0;0;5.7
poblacion-total-de-castilla-y-leon-por-sexo;False;Población Total de Castilla y León por sexo;"<p>Población total de Castilla y León por sexo en los últimos años - Serie histórica.</p><p><span style=""font-family: lora; font-size: 16px;"">Frecuencia de actualización:</span><span style=""font-family: lora; font-size: 16px;""> Anual.</span><br></p>";Demografía;"padrón;población;total";CC BY 4.0 ES;es;Europe/Madrid;2020-03-17T12:34:03.548000+01:00;2020-03-17T12:34:03.548000+01:00;2026-07-30T10:07:13.774000+02:00;Junta de Castilla y León;;;;66;1584;0;16089;164;0;0;4.8
poblacion-total-por-provincias-y-sexo;False;Población Total por provincias y sexo;"<p>Población Total por provincias y sexo de Castilla y León en los últimos años.</p><p><span style=""font-family: inherit; font-size: 1em;"">Frecuencia de actualización:</span><span style=""font-family: inherit; font-size: 1em;""> Anual.</span></p>";Demografía;"padrón;población;total;sexo;provincias";CC BY 4.0 ES;es;Europe/Madrid;2020-03-16T16:35:13.360000+01:00;2020-03-16T16:35:13.360000+01:00;2026-08-05T11:37:32.140000+02:00;Junta de Castilla y León;;;;594;19107;0;35776;919;0;0;7.7
numero-de-licencias-del-iae-por-epigrafes-de-actividad;False;Número de Licencias del I.A.E. por Epígrafes de actividad;Número de licencias del I.A.E. por epígrafes de actividad y por provincias en los últimos años - Impuesto sobre Actividades Económicas (I.A.E.) -;Economía;"iae;impuesto;actividades;económicas;epígrafes;actividad";CC BY 4.0 ES;es;Europe/Madrid;2020-03-11T10:44:20.493000+01:00;2020-03-11T10:44:20.493000+01:00;2026-08-06T12:26:06.566000+02:00;Junta de Castilla y León;;;;220;44604;0;16751;266;0;0;5.0
estadisticas-web-sistemas-operativos;False;Estadisticas web - Sistemas operativos;"<p><span style=""font-size: 12.495px;"">Información sobre los sistemas operativos empleados para navegar por cada sitio web. Actualización diaria.</span></p>";Sector público;estadísticas;CC BY 4.0 ES;es;Europe/Madrid;2020-03-06T14:24:07+01:00;2026-09-24T08:16:32.431000+02:00;2026-09-24T08:16:32.470000+02:00;Junta de Castilla y León;;;;591614;33397181;0;32965;800;0;0;7.4
estadisticas-web-sistemas-operativos-historico-xi-legislatura;False;Estadisticas web - Sistemas operativos - Historico XI Legislatura;"<p><span style=""font-size: 12.495px;"">Información sobre los sistemas operativos empleados para navegar por cada sitio web. Actualización diaria.</span></p>";Sector público;estadísticas;CC BY 4.0 ES;es;Europe/Madrid;2020-03-06T14:24:07+01:00;2026-08-25T10:46:40.703000+02:00;2026-08-25T10:46:40.748000+02:00;Junta de Castilla y León;;;;372588;26185194;0;174;10;0;0;0.6
datospresas;False;Inventario de presas y balsas;"<p><span style='font-size:12.0pt;font-family:""Times New Roman"",serif;
mso-fareast-font-family:Calibri;mso-fareast-theme-font:minor-latin;mso-ansi-language:
ES;mso-fareast-language:ES;mso-bidi-language:AR-SA'>Inventario de balsas,
presas y embalses donde se incluyen diversas características geométricas, de la
cuenca, etc.</span><br></p>";Medio rural y pesca;"inventario;presas;balsas";CC BY 4.0 ES;es;Europe/Madrid;2020-02-26T11:07:44.303000+01:00;2020-02-26T11:07:44.303000+01:00;2026-07-29T09:39:02.801000+02:00;Junta de Castilla y León;;;;164;71682;0;72286;462;0;0;9.8
estadisticas-de-jubilaciones;False;Estadísticas de jubilaciones;"<p><span style=""font-family: lora; font-size: medium;"">Estadísticas de jubilaciones del personal funcionario y laboral. Datos semestrales desde el año 2018.</span><br></p>";Sector público;"estadísticas;jubilaciones";CC BY 4.0 ES;es;Europe/Madrid;2020-02-20T11:09:29+01:00;2026-07-10T16:09:05.660000+02:00;2026-09-24T23:09:15.359000+02:00;Junta de Castilla y León;;;;5390;909370;0;14467;2674;0;0;6.7
estadisticas-de-jubilaciones-2018-2020;False;Estadísticas de jubilaciones (2018-2020);"<p><span style=""font-family: lora; font-size: medium;"">Estadísticas de jubilaciones del personal funcionario y laboral. Datos semestrales desde el año 2018 hasta el año 2020.</span><br></p>";Sector público;"estadísticas;jubilaciones";CC BY 4.0 ES;es;Europe/Madrid;2020-02-20T11:09:29+01:00;2025-09-05T16:09:03.425000+02:00;2026-09-24T23:09:15.430000+02:00;Junta de Castilla y León;;;;1619;199861;0;3563;43;0;0;2.3
subvenciones-concedidas;False;Subvenciones concedidas;"<p><font face=""Arial, sans-serif""><span style=""font-size: 14.6667px;"">Subvenciones registradas como concedidas en la Base de Datos Nacional de Subvenciones (BDNS en adelante) por la administración autonómica de la Comunidad de Castilla y León.</span></font></p><p></p><ul><li><font face=""Arial, sans-serif""><span style=""font-size: 14.6667px;""><b>Importe concesión</b>: el importe de subvención concedida es el importe comprometido en el momento de la concesión de la ayuda. </span></font></li></ul><ul><li><font face=""Arial, sans-serif""><b>Ayuda equivalente</b>: es el importe de la ayuda después de calcular cualquier deducción fiscal o de otras cargas que pudiera existir. En las subvenciones el importe de la concesión coincide siempre con la “ayuda equivalente”. En otros instrumentos de ayuda (garantías, préstamos, otros instrumentos financieros, etc.),  la ayuda equivalente es siempre menor que el importe de la subvención concedida y se calcula de acuerdo con la metodología establecida por la Unión Europea.</font></li></ul><p></p><p>No se incluyen aquellas subvenciones con más de 10000 registros dado que la Base de Datos Nacional de Subvenciones no permite la exportación de los datos de esas subvenciones. En todo caso, es posible consultar todas las subvenciones en el <a href=""https://www.infosubvenciones.es/bdnstrans/A07/es/index"" target=""_blank"">Portal de la BDNS con las Subvenciones y Ayudas de la Junta de Castilla y León</a>.</p><p>* La información sobre concesiones de subvenciones, se publica de acuerdo con lo establecido en el Artículo 7.8 del Real Decreto 130/2019, de 8 de marzo, por el que se regula la Base de Datos Nacional de Subvenciones y la publicidad de las subvenciones y demás ayudas públicas.<br></p><p><span style=""font-family: lora; font-size: medium;""><br></span><span style=""font-family: inherit; font-size: 1em; font-weight: bolder;"">Frecuencia de actualización:</span><span style=""font-family: inherit; font-size: 1em;""> No programada.</span></p><p><br></p><p class=""MsoNormal""><u><o:p></o:p></u></p>";Sector público;"ayudas;subvenciones";CC BY 4.0 ES;es;;2020-02-18T09:56:43+01:00;2026-07-20T12:02:48.726000+02:00;2026-09-24T23:55:31.954000+02:00;Junta de Castilla y León;;;;364704;178821020;0;129275;17013;0;0;18.6
ejecucion-del-presupuesto-de-la-administracion-de-la-comunidad-ingresos;False;Ejecución del presupuesto de la Administración de la Comunidad – ingresos;"<p>Presupuestos Generales de la Comunidad de Castilla y León donde se 
recogen todos los ingresos a recibir y su ejecución por la 
Administración General de la Comunidad, sus organismos autónomos y entes
 públicos de derecho privado y aquellas otras entidades u órganos del 
sector público autonómico que tengan presupuesto limitativo.</p>
<p>La información se actualiza mensualmente. Datos desde el año 2018. <strong>Los datos de diciembre</strong> (liquidación de presupuesto anual) <strong>se publicarán durante los meses de abril o mayo del año siguiente.</strong></p>";Hacienda;"presupuestos;gastos;economía";CC BY 4.0 ES;es;;2020-02-17T17:48:08+01:00;2026-07-03T14:26:21.967000+02:00;2026-07-31T10:30:40.823000+02:00;Junta de Castilla y León;;;;2900;635871;0;33622;3658;0;0;9.2
ejecucion-del-presupuesto-de-la-administracion-de-la-comunidad-gastos;False;Ejecución del presupuesto de la Administración de la Comunidad – gastos;"<p>Presupuestos Generales de la Comunidad de Castilla y León donde se 
recogen todos los gastos a realizar y su ejecución por la Administración
 General de la Comunidad, sus organismos autónomos y entes públicos de 
derecho privado y aquellas otras entidades u órganos del sector público 
autonómico que tengan presupuesto limitativo.</p>
<p>La información se actualiza mensualmente. Datos desde el año 2018. <strong>Los datos de diciembre</strong> (liquidación de presupuesto anual) <strong>se publicarán durante los meses de abril o mayo del año siguiente.</strong></p>";Hacienda;"presupuestos;economía;gastos";CC BY 4.0 ES;es;;2020-01-13T11:27:05+01:00;2026-07-31T10:08:48.627000+02:00;2026-07-31T10:08:48.670000+02:00;Junta de Castilla y León;;;;41508;15162142;0;135416;4644;0;0;15.5
sunuc_urb_cyl_recintos;False;Límites de entidades de población de Castilla y León: recintos;"<p><span style=""font-size: 12.495px;"">Delimitación de las entidades de población de Castilla y León y espacios relacionados.</span></p><p><span style=""font-size: 12.495px;"">Capa que representa gráficamente la delimitación los núcleos de población recogidos por el INE en la Comunidad de Castilla y León así como aquellos otros recintos formados por un conjunto de edificios, normalmente agrupados y organizados como una única unidad, con nombre propio, pero que carecen de una asignación de codificación oficial por parte del INE. Se recogen además asentamientos diseminados, despoblados, y otros espacios dotacionales y productivos relacionados con los propios asentamientos de población.</span></p><p><span style=""font-size: 12.495px;"">Trabajo realizado en el año 2007 con frecuencia de actualización anual.</span></p><p><span style=""font-size: 12.495px;"">Capa de entidades geométricas de tipo polígono.</span></p>";Medio rural y pesca;Unidades estadísticas;LICENCIA-IGCYL-NC;es;Europe/Madrid;2019-11-04T15:13:04+01:00;2019-11-04T15:16:30.838000+01:00;2026-07-30T10:05:28.843000+02:00;Junta de Castilla y León;;;;8286;20601236;0;19166;230;0;0;5.3
intensidades-medias-de-trafico-y-velocidades-red-regional-de-carreteras;False;Intensidades medias de tráfico y velocidades. Red Regional de Carreteras;"<p>Intensidades medias diarias de tráfico, composición y velocidades de la Red Regional de Castilla y León.</p><p><span style=""font-family: inherit; font-size: 1em;"">Frecuencia de actualización:</span><span style=""font-family: inherit; font-size: 1em;""> Anual.</span></p>";Transporte;"intensidad de circulación;tráfico;imd;intensidad media diaria;red de carreteras";Creative Commons Attribution 3.0 Unported;es;;2017-11-10T12:05:59+01:00;2026-09-17T12:26:28.644000+02:00;2026-09-24T15:30:51.075000+02:00;;;;;15591;3744660;0;69674;6735;0;0;12.9
