Título;Provincia;Fecha publicación;Descripción;ProvinciaAlternativa;FuenteContenido;ID Localidad;Localidad;Latitud;Longitud;Código localidad;Identificador;actualizacion de metadatos;Enlace al contenido;Posicion
Bolsa de Auxiliar de Guardería para Ayto. de Piedrahita (Ávila);Ávila;2026-09-18;"<p><strong>Convoca:</strong> Ayuntamiento de Piedrahíta</p>
<p><strong>Cuerpo:</strong> BOLSA DE AUXILIAR DE GUARDERIA</p>
<p><strong>Plazas:</strong> Bolsa </p>
<p><strong>Acceso: </strong>Concurso de méritos</p>
<p><strong>Titulación:</strong> Técnico Superior en Educación Infantil o equivalentes</p>
<p><strong>Plazo: </strong>7 de octubre de 2026</p><p><strong>Información obtenida de: </strong>Empleo público. BOP Ávila 18/09/2026</p><p><strong>Enlaces relacionados:</strong><ul><li><a href='https://www.diputacionavila.es/bops/2026/18-09-2026/18-09-2026_183026.pdf' target='_blank'>Enlace a Convocatoria en BOP</a></li></ul></p>";;Organismo oficial;1179297256823;Piedrahíta;40.46339;-5.328194;05;1285680542773;2026-09-18;https://empleo.jcyl.es/web/jcyl/Empleo/es/Plantilla100Detalle/1284216458054/OfertasEmpleo/1285680542773/Empleo;40.46339, -5.328194
AGENTES COMERCIALES;Burgos;2026-09-18;"<p>puesto administrativo y comercial de seguros en oficina de mapfre en melgar de fernamental
en un principio media jornada y en 6-8 meses si es la persona valida jornada completa y contrato indefinido</p><p>Para más información acuda a <a href='http://empleocastillayleon.jcyl.es/oficinavirtual/buscoEmpleoPub.do?srvc=ver&scope=reg&cod=394661'>Oficina Virtual</a></p>";;ECYL;1179297544045;Melgar de Fernamental;42.403416;-4.2444806;09;1285680403518;2026-09-18;https://empleo.jcyl.es/web/jcyl/Empleo/es/Plantilla100Detalle/1284216458054/OfertasEmpleo/1285680403518/Empleo;42.403416, -4.2444806
PROFESORES TÉCNICOS DE FORMACIÓN PROFESIONAL (INFORMÁTICA Y COMUNICACIONES);Burgos;2026-09-18;<p>Para más información acuda a <a href='http://empleocastillayleon.jcyl.es/oficinavirtual/buscoEmpleoPub.do?srvc=ver&scope=reg&cod=394372'>Oficina Virtual</a></p>;;ECYL;1179297562001;Miranda de Ebro;42.679066;-2.9675572;09;1285680216382;2026-09-18;https://empleo.jcyl.es/web/jcyl/Empleo/es/Plantilla100Detalle/1284216458054/OfertasEmpleo/1285680216382/Empleo;42.679066, -2.9675572
PEONES DE LA CONSTRUCCIÓN DE EDIFICIOS;Burgos;2026-09-18;<p>Para más información acuda a <a href='http://empleocastillayleon.jcyl.es/oficinavirtual/buscoEmpleoPub.do?srvc=ver&scope=reg&cod=394622'>Oficina Virtual</a></p>;;ECYL;1179297707000;Villagonzalo Pedernales;42.301407;-3.7365916;09;1285680216447;2026-09-18;https://empleo.jcyl.es/web/jcyl/Empleo/es/Plantilla100Detalle/1284216458054/OfertasEmpleo/1285680216447/Empleo;42.301407, -3.7365916
Bolsa de Técnico/a Medio/a del Servicio de Informática y Comunicaciones para Universidad de Burgos;Burgos;2026-09-18;"<p><strong>Convoca:</strong> Universidad de Burgos</p>
<p><strong>Cuerpo: </strong> TÉCNICO/A MEDIO/A DEL SERVICIO DE INFORMÁTICA Y COMUNICACIONES</p>
<p><strong>Plazas:</strong> Bolsa de empleo</p>
<p><strong>Acceso:</strong> Test + entrevista</p>
<p><strong>Titulación:</strong> Titulación universitaria del grupo A2</p>
<p><strong>Plazo:</strong> 30 de septiembre de 2026</p><p><strong>Información obtenida de: </strong>Empleo público. BOCYL 16/09/2026</p><p><strong>Enlaces relacionados:</strong><ul><li><a href='https://bocyl.jcyl.es/boletines/2026/09/16/pdf/BOCYL-D-16092026-180-12.pdf' target='_blank'>Consulte bases y plazo en BOCYL 16/09/2026</a></li></ul></p>";;Organismo oficial;1179297447246;Burgos;42.3408235575;-3.70205869083;09;1285680409987;2026-09-18;https://empleo.jcyl.es/web/jcyl/Empleo/es/Plantilla100Detalle/1284216458054/OfertasEmpleo/1285680409987/Empleo;42.3408235575, -3.70205869083
CONDUCTORES DE CAMIÓN, EN GENERAL;Burgos;2026-09-18;"<p>Oferta de 4 puestos de conductor de camión en Miranda de Ebro, requisitos CAP, C Y C+E. 
Contactar con la oficina 947 32 04 08.</p><p>Para más información acuda a <a href='http://empleocastillayleon.jcyl.es/oficinavirtual/buscoEmpleoPub.do?srvc=ver&scope=reg&cod=394081'>Oficina Virtual</a></p>";;ECYL;1179297562001;Miranda de Ebro;42.679066;-2.9675572;09;1285680403031;2026-09-18;https://empleo.jcyl.es/web/jcyl/Empleo/es/Plantilla100Detalle/1284216458054/OfertasEmpleo/1285680403031/Empleo;42.679066, -2.9675572
Bolsa de Técnico/a Especialista Fontanero/a para Universidad de Burgos;Burgos;2026-09-18;"<p><strong>Convoca:</strong> Universidad de Burgos</p>
<p><strong>Cuerpo: </strong> TÉCNICO/A ESPECIALISTA, FONTANERO/A</p>
<p><strong>Plazas:</strong> Bolsa de empleo</p>
<p><strong>Acceso:</strong> Oposición</p>
<p><strong>Titulación:</strong> Bachiller, Técnico/a Superior o equivalente</p>
<p><strong>Plazo:</strong> 30 de septiembre de 2026</p>
<p><strong>Observaciones:</strong> </p>
<ul>
<li>Carnet RITE (Reglamento de Instalaciones Térmicas en los Edificios)</li>
<li>Carnet de Operador de Calderas Industriales</li>
<li>Certificado acreditativo de la competencia para la manipulación de equipos con sistemas frigoríficos¿</li>
</ul><p><strong>Información obtenida de: </strong>Empleo público. BOCYL 16/09/2026</p><p><strong>Enlaces relacionados:</strong><ul><li><a href='https://bocyl.jcyl.es/boletines/2026/09/16/pdf/BOCYL-D-16092026-180-11.pdf' target='_blank'>Consulte bases y plazo en BOCYL 16/09/2026</a></li></ul></p>";;Organismo oficial;1179297447246;Burgos;42.3408235575;-3.70205869083;09;1285680335000;2026-09-18;https://empleo.jcyl.es/web/jcyl/Empleo/es/Plantilla100Detalle/1284216458054/OfertasEmpleo/1285680335000/Empleo;42.3408235575, -3.70205869083
EDUCADORES SOCIALES;León;2026-09-18;"<p>REFERENTE SOCIAL, CON EXPERIENCIA EN ATENCIÓN A PERSONAS CON DISCAPACIDAD CON ENFERMEDAD MENTAL. DIPLOMADO / GRADO EN TRABAJO SOCIAL O DIPLOMADO / GRADO EN EDUCACIÓN SOCIAL. CON PERMISO DE CONDUCIR. CONTRATO INDEFINIDO, A JORNADA COMPLETA, DE LUNES A VIERNES DE 8:00 A 15:42
INTERESADOS LLAMAR AL 987 249530 (SECCIÓN DE OFERTAS - OFICINA DE EMPLEO DE RAMÓN Y CAJAL)</p><p>Para más información acuda a <a href='http://empleocastillayleon.jcyl.es/oficinavirtual/buscoEmpleoPub.do?srvc=ver&scope=reg&cod=394689'>Oficina Virtual</a></p>";;ECYL;1179297860755;León;42.59873;-5.5670958;24;1285680537115;2026-09-18;https://empleo.jcyl.es/web/jcyl/Empleo/es/Plantilla100Detalle/1284216458054/OfertasEmpleo/1285680537115/Empleo;42.59873, -5.5670958
COCINEROS, EN GENERAL;León;2026-09-18;"<p>OFERTA nº 09/2026/19799.
Se busca cocinero/a para residencia de mayores en Ponferrada. Contrato temporal a jornada completa (turnos mañana/tarde).
REQUISITO imprescindible: F.P. Técnico en cocina y gastronomía.
INTERESADOS CONTACTAR O.E. PONFERRADA tfno. 987410859 ? EXT.2</p><p>Para más información acuda a <a href='http://empleocastillayleon.jcyl.es/oficinavirtual/buscoEmpleoPub.do?srvc=ver&scope=reg&cod=394615'>Oficina Virtual</a></p>";;ECYL;1179297888504;Ponferrada;42.549995;-6.598259;24;1285680473169;2026-09-18;https://empleo.jcyl.es/web/jcyl/Empleo/es/Plantilla100Detalle/1284216458054/OfertasEmpleo/1285680473169/Empleo;42.549995, -6.598259
Dependiente/a;León;2026-09-18;"Se necesita dependient@ con experiencia en ventas. Se valorará experiencia previa en atención al cliente y dotes comerciales.<br />
<br />
Interesad@s enviar currículum a: abilomaproteccion@gmail.com<br />
<br />
Oferta publicada en La Nueva Crónica.";;Internet / Prensa;;;;;;1285680387777;2026-09-18;https://empleo.jcyl.es/web/jcyl/Empleo/es/Plantilla100Detalle/1284216458054/OfertasEmpleo/1285680387777/Empleo;
ENFERMEROS DE CUIDADOS GENERALES;León;2026-09-18;<p>Para más información acuda a <a href='http://empleocastillayleon.jcyl.es/oficinavirtual/buscoEmpleoPub.do?srvc=ver&scope=reg&cod=394626'>Oficina Virtual</a></p>;;ECYL;1179297865414;Mansilla de las Mulas;42.4989227004;-5.41787795395;24;1285680216512;2026-09-18;https://empleo.jcyl.es/web/jcyl/Empleo/es/Plantilla100Detalle/1284216458054/OfertasEmpleo/1285680216512/Empleo;42.4989227004, -5.41787795395
ENFERMEROS DE CUIDADOS GENERALES;León;2026-09-18;"<p>Oferta 19580 de enfermera/o para la Junta de Castilla y León (Dirección Provincial de Educación)
Contrato temporal, jornada completa
Se require diplomatura o grado en enfermeria
Interesadas/os ponerse en contacto con la oficina de empleo Serna.Tf.987215200</p><p>Para más información acuda a <a href='http://empleocastillayleon.jcyl.es/oficinavirtual/buscoEmpleoPub.do?srvc=ver&scope=reg&cod=394396'>Oficina Virtual</a></p>";;ECYL;1179298023568;Villaquilambre;42.641293;-5.557725;24;1285680474490;2026-09-18;https://empleo.jcyl.es/web/jcyl/Empleo/es/Plantilla100Detalle/1284216458054/OfertasEmpleo/1285680474490/Empleo;42.641293, -5.557725
COCINEROS, EN GENERAL;León;2026-09-18;"<p>Nº OFERTA 19840 UN PUESTO DE COCINERO/A para residencia de personas mayores en Cubillos del Sil.
REQUISITOS:experiencia y permiso de conducir
CONDICIONES: Contrato indefinido, jornada completa y turnos rotativos
PERSONAS INTERESADAS CONTACTAR O.E DE PONFERRADA TEFL.: 987 410 859 EXT-2</p><p>Para más información acuda a <a href='http://empleocastillayleon.jcyl.es/oficinavirtual/buscoEmpleoPub.do?srvc=ver&scope=reg&cod=394656'>Oficina Virtual</a></p>";;ECYL;1179297831508;Cubillos del Sil;42.623627;-6.5640883;24;1285680402564;2026-09-18;https://empleo.jcyl.es/web/jcyl/Empleo/es/Plantilla100Detalle/1284216458054/OfertasEmpleo/1285680402564/Empleo;42.623627, -6.5640883
TERAPEUTAS OCUPACIONALES;León;2026-09-18;<p>Funciones: Valoración ocupacioanl/sensorial e intervención directa con personas con trastorno del espectro autista (TEA). Intervención y desarrollo de sesiones en sala multisensorial y procesamiento sensorial. Diseño, aplicación y seguimiento de planes individuales de apoyo. Coordinación con el grupo técnico. Se valorará la formación o experiencia en trastorno del espectro autista. La formación en integración sensorial.</p><p>Para más información acuda a <a href='http://empleocastillayleon.jcyl.es/oficinavirtual/buscoEmpleoPub.do?srvc=ver&scope=reg&cod=394655'>Oficina Virtual</a></p>;;ECYL;1179297860755;León;42.59873;-5.5670958;24;1285680536973;2026-09-18;https://empleo.jcyl.es/web/jcyl/Empleo/es/Plantilla100Detalle/1284216458054/OfertasEmpleo/1285680536973/Empleo;42.59873, -5.5670958
MONTADORES DE GRANDES ESTRUCTURAS METÁLICAS, EN GENERAL;León;2026-09-18;<p>Para más información acuda a <a href='http://empleocastillayleon.jcyl.es/oficinavirtual/buscoEmpleoPub.do?srvc=ver&scope=reg&cod=394344'>Oficina Virtual</a></p>;;ECYL;1179297796730;Camponaraya;42.5795903406;-6.67168577469;24;1285680473545;2026-09-18;https://empleo.jcyl.es/web/jcyl/Empleo/es/Plantilla100Detalle/1284216458054/OfertasEmpleo/1285680473545/Empleo;42.5795903406, -6.67168577469
TÉCNICOS EN DISEÑO DE SISTEMAS DE CONTROL ELÉCTRICO;León;2026-09-18;"<p>Oferta nº 19848
Empresa Tecoi Corte en el Polígono Industrial la Herrera I s/n, en el municipio de Sabero (León),
Solicita: Diseñador electrico.
Requistos: Experiencia: 36 meses
Certificado de discapacidad igual o superior al 33%.
Formacion universitaria técnica o Formacion Profesional en Electricidad, Electrónica, Automatización industrial o similar.
Manejo de software CAD eléctrico (SEE Electrical, EPLAN o similar).
Inglés nivel alto (B2).
Ofrece: contrato indefinido a jornada completa.
Interesados/as: contactar con Sección ofertas de la Oficina de Empleo de Cistierna. 987701387. ecylcistierna@jcyl.es</p><p>Para más información acuda a <a href='http://empleocastillayleon.jcyl.es/oficinavirtual/buscoEmpleoPub.do?srvc=ver&scope=reg&cod=394664'>Oficina Virtual</a></p>";;ECYL;1179297922360;Sabero;42.837086;-5.1497226;24;1285680474556;2026-09-18;https://empleo.jcyl.es/web/jcyl/Empleo/es/Plantilla100Detalle/1284216458054/OfertasEmpleo/1285680474556/Empleo;42.837086, -5.1497226
CUIDADORES DE PERSONAS CON DISCAPACIDAD Y/O DEPENDENCIA, EN INSTITUCIONES;León;2026-09-18;"<p>OFERTA nº 08/2026/19859.
Se busca gerocultor/a para residencia de mayores en Carracedelo. Se ofrece contrato indefinido a jornada completa. Requisitos: titulación T.C.A.E. o certificado de profesionalidad correspondiente.
INTERESADOS CONTACTAR O.E. PONFERRADA tfno. 987410859 ? EXT.2</p><p>Para más información acuda a <a href='http://empleocastillayleon.jcyl.es/oficinavirtual/buscoEmpleoPub.do?srvc=ver&scope=reg&cod=394675'>Oficina Virtual</a></p>";;ECYL;1179297809126;Carracedelo;42.555916;-6.732697;24;1285680473403;2026-09-18;https://empleo.jcyl.es/web/jcyl/Empleo/es/Plantilla100Detalle/1284216458054/OfertasEmpleo/1285680473403/Empleo;42.555916, -6.732697
CUIDADORES DE PERSONAS CON DISCAPACIDAD Y/O DEPENDENCIA, EN INSTITUCIONES;León;2026-09-18;"<p>OFERTA nº 08/2026/19843.
Se busca gerocultor/a para residencia de mayores. Se ofrece contrato indefinido a jornada completa. REQUISITOS: titulación T.C.A.E. o certificado de profesionalidad.
INTERESADOS CONTACTAR O.E. PONFERRADA tfno. 987410859 ? EXT.2</p><p>Para más información acuda a <a href='http://empleocastillayleon.jcyl.es/oficinavirtual/buscoEmpleoPub.do?srvc=ver&scope=reg&cod=394659'>Oficina Virtual</a></p>";;ECYL;1179297825013;Corullón;42.578743;-6.819692;24;1285680473375;2026-09-18;https://empleo.jcyl.es/web/jcyl/Empleo/es/Plantilla100Detalle/1284216458054/OfertasEmpleo/1285680473375/Empleo;42.578743, -6.819692
PANADEROS;León;2026-09-18;<p>Para más información acuda a <a href='http://empleocastillayleon.jcyl.es/oficinavirtual/buscoEmpleoPub.do?srvc=ver&scope=reg&cod=394317'>Oficina Virtual</a></p>;;ECYL;1179298006426;Villablino;42.94157;-6.327653;24;1285680341936;2026-09-18;https://empleo.jcyl.es/web/jcyl/Empleo/es/Plantilla100Detalle/1284216458054/OfertasEmpleo/1285680341936/Empleo;42.94157, -6.327653
PEONES AGRÍCOLAS, EN GENERAL;León;2026-09-18;<p>Para más información acuda a <a href='http://empleocastillayleon.jcyl.es/oficinavirtual/buscoEmpleoPub.do?srvc=ver&scope=reg&cod=394300'>Oficina Virtual</a></p>;;ECYL;1179297796349;Campo de Villavidel;42.436893;-5.527339;24;1285680288351;2026-09-18;https://empleo.jcyl.es/web/jcyl/Empleo/es/Plantilla100Detalle/1284216458054/OfertasEmpleo/1285680288351/Empleo;42.436893, -5.527339
PROFESORES TÉCNICOS DE FORMACIÓN PROFESIONAL (ELECTRICIDAD Y ELECTRÓNICA);Palencia;2026-09-18;<p>PROFESOR DE SECUNDARIA, ESPECIALIDAD: INSTALACIONES ELECTRÓNICAS. CENTRO: IES GUARDO, 9 HORAS LECTIVAS A LA SEMANA. PLAZA VACANTE NO CUBIERTA Y PREVISIÓN HASTA EL 31/08/2027. TITULACIÓN REQUERIDA: LICENCIATURA EN FÍSICA, INGENIERÍA TÉCNICA O GRADO EN INGENIERÍA INDUSTRIAL ESPECIALIDAD EN ELECTRONICA INDUSTRIAL, INGENIERÍA DE TELECOMUNICACION, AEORONÁUTICA O ELECTRÓNICA. DISPONER CERTIFICADO DE APTITUD PEDAGÓGICA.</p><p>Para más información acuda a <a href='http://empleocastillayleon.jcyl.es/oficinavirtual/buscoEmpleoPub.do?srvc=ver&scope=reg&cod=394636'>Oficina Virtual</a></p>;;ECYL;1179298084384;Guardo;42.7899222689;-4.8474772491;34;1285680403349;2026-09-18;https://empleo.jcyl.es/web/jcyl/Empleo/es/Plantilla100Detalle/1284216458054/OfertasEmpleo/1285680403349/Empleo;42.7899222689, -4.8474772491
EMPLEADOS ADMINISTRATIVOS DE SERVICIOS DE PERSONAL;Palencia;2026-09-18;<p>Contrato indefinido, jornada completa.</p><p>Para más información acuda a <a href='http://empleocastillayleon.jcyl.es/oficinavirtual/buscoEmpleoPub.do?srvc=ver&scope=reg&cod=394638'>Oficina Virtual</a></p>;;ECYL;1179298103860;Palencia;42.01112;-4.532032;34;1285680288104;2026-09-18;https://empleo.jcyl.es/web/jcyl/Empleo/es/Plantilla100Detalle/1284216458054/OfertasEmpleo/1285680288104/Empleo;42.01112, -4.532032
DELINEANTES, EN GENERAL;Salamanca;2026-09-18;<p>Para más información acuda a <a href='http://empleocastillayleon.jcyl.es/oficinavirtual/buscoEmpleoPub.do?srvc=ver&scope=reg&cod=394326'>Oficina Virtual</a></p>;;ECYL;1179298254513;Guijuelo;40.560574;-5.676764;37;1285680403490;2026-09-18;https://empleo.jcyl.es/web/jcyl/Empleo/es/Plantilla100Detalle/1284216458054/OfertasEmpleo/1285680403490/Empleo;40.560574, -5.676764
TRABAJADORES DE GANADO PORCINO EN EXTENSIVO;Salamanca;2026-09-18;"<p>LA EMPRESA HERMANOS GONZÁLEZ GÓMEZ BUSCA CUIDADOR DE ANIMALES DE GRANJA PORCINA.
FUNCIONES: 
-CUIDADO Y ALIMENTACIÓN DE ANIMALES
-SUPERVISIONDE SU ESTADOY BIENESTAR
-ATENCION AL CUIDADO DE LOS LECHONES
-LIMPIEZA Y MANTENIMIENTO BASICO DE DIFERENTES AREAS
OFRECEN: CONTRATO INDEFINIDO A JORNADA COMPLETA Y SALRIO DE 1500euros MENSUALES
REQUISITOS: PERMISO CONDUCIR Y COCHE 
INTERESADOS: LLAMAR AL TFNO 923229983 ANTES DEL 05/10/26</p><p>Para más información acuda a <a href='http://empleocastillayleon.jcyl.es/oficinavirtual/buscoEmpleoPub.do?srvc=ver&scope=reg&cod=392732'>Oficina Virtual</a></p>";;ECYL;1179298360665;Valdelosa;41.170143;-5.782479;37;1285680288282;2026-09-18;https://empleo.jcyl.es/web/jcyl/Empleo/es/Plantilla100Detalle/1284216458054/OfertasEmpleo/1285680288282/Empleo;41.170143, -5.782479
Conductor de trailer;Salamanca;2026-09-18;"<p>Empresa dedicada al transporte de mercancías por carretera necesita CONDUCTOR DE TRAILER. Para hacer ruta nacional. Se valorará experiencia en el puesto a ocupar. </p>
Más información en el tfno. 639437184.<br />
<br />
Oferta publicada en La Gaceta de Salamanca.";;Internet / Prensa;;;;;;1285680146807;2026-09-18;https://empleo.jcyl.es/web/jcyl/Empleo/es/Plantilla100Detalle/1284216458054/OfertasEmpleo/1285680146807/Empleo;
ALBAÑILES;Salamanca;2026-09-18;<p>Para más información acuda a <a href='http://empleocastillayleon.jcyl.es/oficinavirtual/buscoEmpleoPub.do?srvc=ver&scope=reg&cod=394037'>Oficina Virtual</a></p>;;ECYL;1179298231776;Ciudad Rodrigo;40.602055;-6.531306;37;1285680402854;2026-09-18;https://empleo.jcyl.es/web/jcyl/Empleo/es/Plantilla100Detalle/1284216458054/OfertasEmpleo/1285680402854/Empleo;40.602055, -6.531306
TRABAJADORES DE GANADO PORCINO EN INTENSIVO;Salamanca;2026-09-18;<p>Para más información acuda a <a href='http://empleocastillayleon.jcyl.es/oficinavirtual/buscoEmpleoPub.do?srvc=ver&scope=reg&cod=394277'>Oficina Virtual</a></p>;;ECYL;1179298231776;Ciudad Rodrigo;40.602055;-6.531306;37;1285680216354;2026-09-18;https://empleo.jcyl.es/web/jcyl/Empleo/es/Plantilla100Detalle/1284216458054/OfertasEmpleo/1285680216354/Empleo;40.602055, -6.531306
AUXILIARES DE FARMACIA;Segovia;2026-09-18;<p>AUXILIAR DE FARMACIA PARA SEGOVIA. INDEFINIDO/ COMPLETA. CON TITULACIÓN</p><p>Para más información acuda a <a href='http://empleocastillayleon.jcyl.es/oficinavirtual/buscoEmpleoPub.do?srvc=ver&scope=reg&cod=394621'>Oficina Virtual</a></p>;;ECYL;1179298563848;Segovia;40.94356;-4.1130023;40;1285680216326;2026-09-18;https://empleo.jcyl.es/web/jcyl/Empleo/es/Plantilla100Detalle/1284216458054/OfertasEmpleo/1285680216326/Empleo;40.94356, -4.1130023
RECEPCIONISTAS DE HOTEL;Segovia;2026-09-18;"<p>Imprescindible disponer de un buen nivel de inglés hablado y escrito, así como de conocimientos de ofimática.
Jornada completa en turnos rotatorios.</p><p>Para más información acuda a <a href='http://empleocastillayleon.jcyl.es/oficinavirtual/buscoEmpleoPub.do?srvc=ver&scope=reg&cod=394333'>Oficina Virtual</a></p>";;ECYL;1179298563848;Segovia;40.94356;-4.1130023;40;1285680473272;2026-09-18;https://empleo.jcyl.es/web/jcyl/Empleo/es/Plantilla100Detalle/1284216458054/OfertasEmpleo/1285680473272/Empleo;40.94356, -4.1130023
CARPINTEROS-EBANISTAS ARTESANOS;Segovia;2026-09-18;"<p>CORTE Y MECANIZADO DE PIEZAS DE MADERA 
MONTAJE DE ESTRUCTURAS</p><p>Para más información acuda a <a href='http://empleocastillayleon.jcyl.es/oficinavirtual/buscoEmpleoPub.do?srvc=ver&scope=reg&cod=394667'>Oficina Virtual</a></p>";;ECYL;1179298412438;Ayllón;41.42002;-3.376055;40;1285680473714;2026-09-18;https://empleo.jcyl.es/web/jcyl/Empleo/es/Plantilla100Detalle/1284216458054/OfertasEmpleo/1285680473714/Empleo;41.42002, -3.376055
PROFESORES TÉCNICOS DE FORMACIÓN PROFESIONAL (ELECTRICIDAD Y ELECTRÓNICA);Soria;2026-09-18;"<p>SE OFRECE PUESTO DE TRABAJO COMO PROFESOR/A DE SISTEMAS ELECTROTECNICOS Y AUTOMATICOS EN INSTITUTO DE SORIA
VACANTE CURSO COMPLETO HASTA 31-8-27
JORNADA PARCIAL DE 10 HORAS/SEMANA
INTERESADOS ENVIAR CV A: ecylempleosoria@jcyl.es INDICANDO EN EL ASUNTO OFERTA 08/2026/19678</p><p>Para más información acuda a <a href='http://empleocastillayleon.jcyl.es/oficinavirtual/buscoEmpleoPub.do?srvc=ver&scope=reg&cod=394494'>Oficina Virtual</a></p>";;ECYL;1179469197687;Soria;41.76443;-2.463772;42;1285680288637;2026-09-18;https://empleo.jcyl.es/web/jcyl/Empleo/es/Plantilla100Detalle/1284216458054/OfertasEmpleo/1285680288637/Empleo;41.76443, -2.463772
Peón de usos múltiples para el Ayto. de San Esteban de Gormaz (Soria);Soria;2026-09-18;"<p><strong>Convoca:</strong> Ayuntamiento de San Esteban de Gormaz (Soria)</p>
<p><strong>Cuerpo:</strong> PEÓN DE USOS MÚLTIPLES</p>
<p><strong>Plazas</strong>: 1</p>
<p><strong>Acceso: </strong>Concurso</p>
<p><strong>Titulación:</strong> No se requiere</p>
<p><strong>Plazo:</strong> Hasta el 23 de septiembre a las 14:00 horas</p><p><strong>Información obtenida de: </strong>Empleo público. <a href='https://sanestebandegormaz.sedelectronica.es/' target='_blank'>https://sanestebandegormaz.sedelectronica.es/</a></p><p><strong>Enlaces relacionados:</strong><ul><li><a href='https://sanestebandegormaz.sedelectronica.es/preview-document/28e71d72-6f36-4354-8996-7943a9316e91/' target='_blank'>Consulte la convocatoria</a></li></ul></p>";;Organismo oficial;1179469189573;San Esteban de Gormaz;41.570534;-3.1993084;42;1285680157197;2026-09-18;https://empleo.jcyl.es/web/jcyl/Empleo/es/Plantilla100Detalle/1284216458054/OfertasEmpleo/1285680157197/Empleo;41.570534, -3.1993084
COCINEROS, EN GENERAL;Soria;2026-09-18;<p>Contrato temporal sustitución de baja médica. Jornada completa. Interesados enviar CV a la dirección de email gestionlaboral@gestosoria.es, indicando en el asunto 'Oferta 19462 CCOCINERO/A Soria'</p><p>Para más información acuda a <a href='http://empleocastillayleon.jcyl.es/oficinavirtual/buscoEmpleoPub.do?srvc=ver&scope=reg&cod=394278'>Oficina Virtual</a></p>;;ECYL;1179469197687;Soria;41.76443;-2.463772;42;1285680216260;2026-09-18;https://empleo.jcyl.es/web/jcyl/Empleo/es/Plantilla100Detalle/1284216458054/OfertasEmpleo/1285680216260/Empleo;41.76443, -2.463772
Auxiliar de Administrativo para el Ayto. de San Esteban de Gormaz (Soria);Soria;2026-09-18;"<p><strong>Convoca:</strong> Ayuntamiento de San Esteban de Gormaz</p>
<p><strong>Cuerpo:</strong> AUXILIAR ADMINISTRATIVO/A</p>
<p><strong>Plazas:</strong> 1</p>
<p><strong>Acceso:</strong> Concurso</p>
<p><strong>Titulación:</strong> Título de E.S.O. o equivalente</p>
<p><strong>Plazo</strong>: Hasta el 23 de septiembre a las 14:00 horas</p><p><strong>Información obtenida de: </strong>Empleo público. <a href='https://sanestebandegormaz.sedelectronica.es' target='_blank'>https://sanestebandegormaz.sedelectronica.es</a></p><p><strong>Enlaces relacionados:</strong><ul><li><a href='https://sanestebandegormaz.sedelectronica.es/preview-document/d177f5e6-bcc8-4623-861d-520a67ed1596/' target='_blank'>Consulte la convocatoria</a></li></ul></p>";;Organismo oficial;1179469189573;San Esteban de Gormaz;41.570534;-3.1993084;42;1285680157225;2026-09-18;https://empleo.jcyl.es/web/jcyl/Empleo/es/Plantilla100Detalle/1284216458054/OfertasEmpleo/1285680157225/Empleo;41.570534, -3.1993084
Auxiliar de Turismo para el Ayto. de San Esteban de Gormaz (Soria);Soria;2026-09-18;"<p><strong>Convoca: </strong>Ayuntamiento de San Esteban de Gormaz (Soria)</p>
<p><strong>Cuerpo: </strong>AUXILIAR DE TURISMO</p>
<p><strong>Plazas:</strong> 1</p>
<p><strong>Acceso:</strong> Concurso</p>
<p><strong>Titulación: </strong>No se requiere</p>
<p><strong>Plazo:</strong> Hasta el 23 de septiembre a las 14:00 horas</p><p><strong>Información obtenida de: </strong>Empleo público. <a href='https://sanestebandegormaz.sedelectronica.es' target='_blank'>https://sanestebandegormaz.sedelectronica.es</a></p><p><strong>Enlaces relacionados:</strong><ul><li><a href='https://sanestebandegormaz.sedelectronica.es/preview-document/2f23683f-7c6e-4963-b634-8ce6bbeb6065/' target='_blank'>Consulte la convocatoria</a></li></ul></p>";;Organismo oficial;1179469189573;San Esteban de Gormaz;41.570534;-3.1993084;42;1285680157169;2026-09-18;https://empleo.jcyl.es/web/jcyl/Empleo/es/Plantilla100Detalle/1284216458054/OfertasEmpleo/1285680157169/Empleo;41.570534, -3.1993084
JARDINEROS, EN GENERAL;Valladolid;2026-09-18;"<p>AUXILIAR DE JARDINERÍA CON DISCAPACIDAD-BOECILLO
IMPRESCINDIBLE DISPONER DE MEDIO DE TRANSPORTE PARA ACUDIR AL CENTRO DE TRABAJO
CONTRATO TEMPORAL CON POSIBILIDAD DE TRANSFORMACIÓN EN INDEFINIDO
JORNADA A TIEMPO COMPLETO (DE 07:30 A 15:00 HORAS). POSIBILIDAD DE REDUCIRLA
SE VALORA CARNET DE FITOSANITARIOS</p><p>Para más información acuda a <a href='http://empleocastillayleon.jcyl.es/oficinavirtual/buscoEmpleoPub.do?srvc=ver&scope=reg&cod=387923'>Oficina Virtual</a></p>";;ECYL;1179469238603;Boecillo;41.541515;-4.7005973;47;1285680473686;2026-09-18;https://empleo.jcyl.es/web/jcyl/Empleo/es/Plantilla100Detalle/1284216458054/OfertasEmpleo/1285680473686/Empleo;41.541515, -4.7005973
ENFERMEROS DE CUIDADOS GENERALES;Valladolid;2026-09-18;<p>Para más información acuda a <a href='http://empleocastillayleon.jcyl.es/oficinavirtual/buscoEmpleoPub.do?srvc=ver&scope=reg&cod=394546'>Oficina Virtual</a></p>;;ECYL;1179469269587;Olmedo;41.290646;-4.680728;47;1285680342334;2026-09-18;https://empleo.jcyl.es/web/jcyl/Empleo/es/Plantilla100Detalle/1284216458054/OfertasEmpleo/1285680342334/Empleo;41.290646, -4.680728
MONITORES Y/O ANIMADORES DEPORTIVOS;Valladolid;2026-09-18;<p>GRADO EN CIENCIAS DE LA ACTIVIDAD FISICA Y DEL DEPORTE Para contrato indefinido a jornada parcial en Valladolid como instructor para actividades deportivas de adultos.</p><p>Para más información acuda a <a href='http://empleocastillayleon.jcyl.es/oficinavirtual/buscoEmpleoPub.do?srvc=ver&scope=reg&cod=394629'>Oficina Virtual</a></p>;;ECYL;1179469311668;Valladolid;41.652252;-4.724532;47;1285680287971;2026-09-18;https://empleo.jcyl.es/web/jcyl/Empleo/es/Plantilla100Detalle/1284216458054/OfertasEmpleo/1285680287971/Empleo;41.652252, -4.724532
CONDUCTORES DE CAMIÓN, EN GENERAL;Valladolid;2026-09-18;<p>Empresa de transportes en Medina del Campo necesita conductor de camión trailer (C+E). Ofrece contrato laboral indefinido a jornada completa. Interesados contactar con la empresa en el teléfono 983837211.</p><p>Para más información acuda a <a href='http://empleocastillayleon.jcyl.es/oficinavirtual/buscoEmpleoPub.do?srvc=ver&scope=reg&cod=394617'>Oficina Virtual</a></p>;;ECYL;1179469263156;Medina del Campo;41.308163;-4.915477;47;1285680288317;2026-09-18;https://empleo.jcyl.es/web/jcyl/Empleo/es/Plantilla100Detalle/1284216458054/OfertasEmpleo/1285680288317/Empleo;41.308163, -4.915477
2 Técnico/a Medio/a en Animación Comunitaria para Ayto. de Valladolid;Valladolid;2026-09-18;"<p><strong>Convoca: </strong> Ayuntamiento de Valladolid</p>
<p><strong>Cuerpo: </strong>TÉCNICO/A MEDIO/A EN ANIMACIÓN COMUNITARIA</p>
<p><strong>Plazas:</strong> 2+Bolsa</p>
<p><strong>Acceso: </strong> Oposición</p>
<p><strong>Titulación: </strong> Grado o Diplomatura en Trabajo Social o en Educación Social</p>
<p><strong>Plazo: </strong> 8 de octubre de 2026</p><p><strong>Información obtenida de: </strong>Empleo público. BOCYL 10/08/2026, BOP Valladolid 12/08/2026; BOE 18/09/2026</p><p><strong>Enlaces relacionados:</strong><ul><li><a href='https://www.boe.es/boe/dias/2026/09/18/pdfs/BOE-A-2026-19454.pdf' target='_blank'>Consulte anuncio en BOE 18/09/2026</a></li><li><a href='https://bocyl.jcyl.es/boletines/2026/08/10/pdf/BOCYL-D-10082026-153-24.pdf' target='_blank'>Consulte bases en BOCYL 10/08/2026</a></li></ul></p>";;Organismo oficial;1179469311668;Valladolid;41.652252;-4.724532;47;1285680302801;2026-09-18;https://empleo.jcyl.es/web/jcyl/Empleo/es/Plantilla100Detalle/1284216458054/OfertasEmpleo/1285680302801/Empleo;41.652252, -4.724532
2 Técnico/a Medio/a en Animación Comunitaria para Ayto. de Valladolid;Valladolid;2026-09-18;"<p><strong>Convoca: </strong> Ayuntamiento de Valladolid</p>
<p><strong>Cuerpo: </strong>TÉCNICO/A MEDIO/A EN ANIMACIÓN COMUNITARIA</p>
<p><strong>Plazas:</strong> 2+Bolsa</p>
<p><strong>Acceso: </strong> Oposición</p>
<p><strong>Titulación: </strong> Grado o Diplomatura en Trabajo Social o en Educación Social</p>
<p><strong>Plazo: </strong> 8 de octubre de 2026</p><p><strong>Información obtenida de: </strong>Empleo público. BOCYL 10/08/2026, BOP Valladolid 12/08/2026; BOE 18/09/2026</p><p><strong>Enlaces relacionados:</strong><ul><li><a href='https://bocyl.jcyl.es/boletines/2026/08/10/pdf/BOCYL-D-10082026-153-24.pdf' target='_blank'>Consulte bases en BOCYL 10/08/2026</a></li><li><a href='https://www.boe.es/boe/dias/2026/09/18/pdfs/BOE-A-2026-19454.pdf' target='_blank'>Consulte anuncio en BOE 18/09/2026</a></li></ul></p>";;Organismo oficial;1179469311668;Valladolid;41.652252;-4.724532;47;1285680300372;2026-09-18;https://empleo.jcyl.es/web/jcyl/Empleo/es/Plantilla100Detalle/1284216458054/OfertasEmpleo/1285680300372/Empleo;41.652252, -4.724532
2 Técnico/a Medio/a en Animación Comunitaria para Ayto. de Valladolid;Valladolid;2026-09-18;"<p><strong>Convoca: </strong> Ayuntamiento de Valladolid</p>
<p><strong>Cuerpo: </strong>TÉCNICO/A MEDIO/A EN ANIMACIÓN COMUNITARIA</p>
<p><strong>Plazas:</strong> 2+Bolsa</p>
<p><strong>Acceso: </strong> Oposición</p>
<p><strong>Titulación: </strong> Grado o Diplomatura en Trabajo Social o en Educación Social</p>
<p><strong>Plazo: </strong> 8 de octubre de 2026</p><p><strong>Información obtenida de: </strong>Empleo público. BOCYL 10/08/2026, BOP Valladolid 12/08/2026; BOE 18/09/2026</p><p><strong>Enlaces relacionados:</strong><ul><li><a href='https://bocyl.jcyl.es/boletines/2026/08/10/pdf/BOCYL-D-10082026-153-24.pdf' target='_blank'>Consulte bases en BOCYL 10/08/2026</a></li><li><a href='https://www.boe.es/boe/dias/2026/09/18/pdfs/BOE-A-2026-19454.pdf' target='_blank'>Consulte anuncio en BOE 18/09/2026</a></li></ul></p>";;Organismo oficial;1179469311668;Valladolid;41.652252;-4.724532;47;1285680301175;2026-09-18;https://empleo.jcyl.es/web/jcyl/Empleo/es/Plantilla100Detalle/1284216458054/OfertasEmpleo/1285680301175/Empleo;41.652252, -4.724532
TRABAJADORES DE GANADO OVINO Y CAPRINO;Valladolid;2026-09-18;<p>Para más información acuda a <a href='http://empleocastillayleon.jcyl.es/oficinavirtual/buscoEmpleoPub.do?srvc=ver&scope=reg&cod=393750'>Oficina Virtual</a></p>;;ECYL;1179469279381;Quintanilla del Molar;41.989265;-5.4496074;47;1285680288239;2026-09-18;https://empleo.jcyl.es/web/jcyl/Empleo/es/Plantilla100Detalle/1284216458054/OfertasEmpleo/1285680288239/Empleo;41.989265, -5.4496074
Oficiales albañilería;Valladolid;2026-09-18;"<p>Empresa constructora, en Valladolid, necesita oficiales de albañilería.</p>
<p>Tfno. 695410272 / 625916817</p>
Oferta publicada en El Norte de Castilla";;Internet / Prensa;;;;;;1285680217387;2026-09-18;https://empleo.jcyl.es/web/jcyl/Empleo/es/Plantilla100Detalle/1284216458054/OfertasEmpleo/1285680217387/Empleo;
CUIDADORES DE PERSONAS CON DISCAPACIDAD Y/O DEPENDENCIA, EN INSTITUCIONES;Zamora;2026-09-18;"<p>Oferta número: 19.790 GEROCULTOR-A / AUXILIAR DE ENFERMERÍA en TORO (Zamora).
FUNCIONES: Se precisa personal para sustitucion de Gerocultor-a, en la localidad de Toro (Zamora).
CONDICIONES: se ofrece contrato laboral Temporal, jornada completa, 40 h/semana de lunes a viernes, turno partido.
REQUISITOS: Titulación TCAE, Atención sociosanitaria instituciones.
Los interesados/as deberán remitir su CV al email: ecyltoro@jcyl.es Indicando en el asunto: número de oferta: 19.790 - Gerocultor/a.</p><p>Para más información acuda a <a href='http://empleocastillayleon.jcyl.es/oficinavirtual/buscoEmpleoPub.do?srvc=ver&scope=reg&cod=394606'>Oficina Virtual</a></p>";;ECYL;1179469472195;Toro;41.52475;-5.394138;49;1285680535849;2026-09-18;https://empleo.jcyl.es/web/jcyl/Empleo/es/Plantilla100Detalle/1284216458054/OfertasEmpleo/1285680535849/Empleo;41.52475, -5.394138
COCINEROS, EN GENERAL;Ávila;2026-09-17;<p>Para más información acuda a <a href='http://empleocastillayleon.jcyl.es/oficinavirtual/buscoEmpleoPub.do?srvc=ver&scope=reg&cod=394263'>Oficina Virtual</a></p>;;ECYL;1179297191660;Arévalo;41.0660421103;-4.71934952088;05;1285679965296;2026-09-17;https://empleo.jcyl.es/web/jcyl/Empleo/es/Plantilla100Detalle/1284216458054/OfertasEmpleo/1285679965296/Empleo;41.0660421103, -4.71934952088
PANADEROS;Ávila;2026-09-17;<p>Para más información acuda a <a href='http://empleocastillayleon.jcyl.es/oficinavirtual/buscoEmpleoPub.do?srvc=ver&scope=reg&cod=394480'>Oficina Virtual</a></p>;;ECYL;1179297230637;Mediana de Voltoya;40.7007;-4.563919;05;1285679738648;2026-09-17;https://empleo.jcyl.es/web/jcyl/Empleo/es/Plantilla100Detalle/1284216458054/OfertasEmpleo/1285679738648/Empleo;40.7007, -4.563919
ALBAÑILES;Ávila;2026-09-17;<p>Para más información acuda a <a href='http://empleocastillayleon.jcyl.es/oficinavirtual/buscoEmpleoPub.do?srvc=ver&scope=reg&cod=394381'>Oficina Virtual</a></p>;;ECYL;1179297192481;Ávila;40.656685;-4.6812086;05;1285679738620;2026-09-17;https://empleo.jcyl.es/web/jcyl/Empleo/es/Plantilla100Detalle/1284216458054/OfertasEmpleo/1285679738620/Empleo;40.656685, -4.6812086
COCINEROS, EN GENERAL;Burgos;2026-09-17;"<p>PUESTO SOLICITADO: Ayudante de cocina y barra. 
LOCALIDAD: Burgos. 
SE OFRECE: Jornada parcial de fines de semana y festivos (08:00 a 16:00). Contrato temporal 6 meses.</p><p>Para más información acuda a <a href='http://empleocastillayleon.jcyl.es/oficinavirtual/buscoEmpleoPub.do?srvc=ver&scope=reg&cod=394539'>Oficina Virtual</a></p>";;ECYL;1179297447246;Burgos;42.3408235575;-3.70205869083;09;1285679847318;2026-09-17;https://empleo.jcyl.es/web/jcyl/Empleo/es/Plantilla100Detalle/1284216458054/OfertasEmpleo/1285679847318/Empleo;42.3408235575, -3.70205869083
CUIDADORES DE PERSONAS CON DISCAPACIDAD Y/O DEPENDENCIA, EN INSTITUCIONES;Burgos;2026-09-17;"<p>Buscamos Gerocultor/a para nuestra residencia de mayores en Castrojeriz. 
Tu misión será atender y cuidar a nuestros residentes en sus actividades diarias, asegurando su bienestar y confort.
Funciones principales:
-Higiene y aseo personal de los residentes.
-Ayuda en la alimentación y control de dietas.
-Movilizaciones, traslados y cambios posturales.
-Acompañamiento y apoyo en el día a día.</p><p>Para más información acuda a <a href='http://empleocastillayleon.jcyl.es/oficinavirtual/buscoEmpleoPub.do?srvc=ver&scope=reg&cod=394554'>Oficina Virtual</a></p>";;ECYL;1179297457373;Castrojeriz;42.2879458448;-4.13752099399;09;1285679847672;2026-09-17;https://empleo.jcyl.es/web/jcyl/Empleo/es/Plantilla100Detalle/1284216458054/OfertasEmpleo/1285679847672/Empleo;42.2879458448, -4.13752099399
FISIOTERAPEUTAS, EN GENERAL;Burgos;2026-09-17;"<p>Buscamos un/a Fisioterapeuta comprometido/a y con vocación por la geriatría para unirse al equipo interdisciplinar de nuestra residencia de mayores. 
Tu objetivo principal será mantener, mejorar y recuperar la capacidad funcional de los residentes, promoviendo su autonomía y garantizando su máxima calidad de vida mediante tratamientos personalizados.
Valorar y tratar: Evaluar físicamente a los residentes y aplicar terapias individuales de rehabilitación.
Prevenir el deterioro: Dirigir talleres de gimnasia grupal y actividades para evitar caídas.</p><p>Para más información acuda a <a href='http://empleocastillayleon.jcyl.es/oficinavirtual/buscoEmpleoPub.do?srvc=ver&scope=reg&cod=394516'>Oficina Virtual</a></p>";;ECYL;1179297457373;Castrojeriz;42.2879458448;-4.13752099399;09;1285679800718;2026-09-17;https://empleo.jcyl.es/web/jcyl/Empleo/es/Plantilla100Detalle/1284216458054/OfertasEmpleo/1285679800718/Empleo;42.2879458448, -4.13752099399
ALBAÑILES;Burgos;2026-09-17;"<p>Todo lo relacionado en la construcción de viviendas.
Colocación de ladrillos caravista
Colocación de teja
Echado de solera.
Colocación de azulejos en suelos y paredes de cocina y baño.
Lucir Pladur.
Lucir fachada de S.A.T.E.
Cogida de cajas y tapado de rozas</p><p>Para más información acuda a <a href='http://empleocastillayleon.jcyl.es/oficinavirtual/buscoEmpleoPub.do?srvc=ver&scope=reg&cod=394574'>Oficina Virtual</a></p>";;ECYL;1179297707000;Villagonzalo Pedernales;42.301407;-3.7365916;09;1285679903710;2026-09-17;https://empleo.jcyl.es/web/jcyl/Empleo/es/Plantilla100Detalle/1284216458054/OfertasEmpleo/1285679903710/Empleo;42.301407, -3.7365916
DIRECTORES DE SERVICIOS SOCIALES PARA PERSONAS MAYORES;Burgos;2026-09-17;"<p>CONTRATO INDEFINIDA . JORNADA COMPLETA
- Dirigir, organizar y coordinar el funcionamiento general del centro.
- Garantizar una atención integral, digna y personalizada a las personas residentes.
- Supervisar el cumplimiento de la normativa sanitaria, social, laboral y de protección de datos.
- Coordinar y supervisar al personal: turnos, funciones, formación, desempeño y necesidades de plantilla.
- Atender a residentes y familiares, gestionar incidencias, reclamaciones y sugerencia.
- Controlar la ocupación del centro, las admisiones, altas, bajas y traslados.</p><p>Para más información acuda a <a href='http://empleocastillayleon.jcyl.es/oficinavirtual/buscoEmpleoPub.do?srvc=ver&scope=reg&cod=394560'>Oficina Virtual</a></p>";;ECYL;1179297580282;Peñaranda de Duero;41.68885;-3.4795034;09;1285679848500;2026-09-17;https://empleo.jcyl.es/web/jcyl/Empleo/es/Plantilla100Detalle/1284216458054/OfertasEmpleo/1285679848500/Empleo;41.68885, -3.4795034
CUIDADORES DE PERSONAS CON DISCAPACIDAD Y/O DEPENDENCIA, EN INSTITUCIONES;Burgos;2026-09-17;"<p>CONTRATO LABOARAL INDEFINIDO. JORNADA COMPLETA
Titulación requerida: TCAE, Técnico en Atención a Personas en Situación de Dependencia, certificado de profesionalidad equivalente o habilitación profesional.</p><p>Para más información acuda a <a href='http://empleocastillayleon.jcyl.es/oficinavirtual/buscoEmpleoPub.do?srvc=ver&scope=reg&cod=394599'>Oficina Virtual</a></p>";;ECYL;1179297580282;Peñaranda de Duero;41.68885;-3.4795034;09;1285679903297;2026-09-17;https://empleo.jcyl.es/web/jcyl/Empleo/es/Plantilla100Detalle/1284216458054/OfertasEmpleo/1285679903297/Empleo;41.68885, -3.4795034
CONDUCTORES DE CAMIÓN, EN GENERAL;León;2026-09-17;"<p>Oferta 19791 de conductor de camión trailer con experiencia para empresa en Ardoncino. Ruta nacional
Contrato indefinido, jornada completa
Se requiere carnet C+E y el CAP
Interesados ponerse en contacto con la oficina de empleo Serna.Tf.987215200</p><p>Para más información acuda a <a href='http://empleocastillayleon.jcyl.es/oficinavirtual/buscoEmpleoPub.do?srvc=ver&scope=reg&cod=394607'>Oficina Virtual</a></p>";;ECYL;1179297832581;Chozas de Abajo;42.50797;-5.686555;24;1285679966602;2026-09-17;https://empleo.jcyl.es/web/jcyl/Empleo/es/Plantilla100Detalle/1284216458054/OfertasEmpleo/1285679966602/Empleo;42.50797, -5.686555
PERSONAL DE LIMPIEZA O LIMPIADORES EN GENERAL;León;2026-09-17;<p>Para más información acuda a <a href='http://empleocastillayleon.jcyl.es/oficinavirtual/buscoEmpleoPub.do?srvc=ver&scope=reg&cod=394218'>Oficina Virtual</a></p>;;ECYL;1179298014698;Villagatón;42.63525;-6.161647;24;1285679848328;2026-09-17;https://empleo.jcyl.es/web/jcyl/Empleo/es/Plantilla100Detalle/1284216458054/OfertasEmpleo/1285679848328/Empleo;42.63525, -6.161647
PERSONAL DE LIMPIEZA O LIMPIADORES EN GENERAL;León;2026-09-17;"<p>OFerta 19704: Personal de limpieza para Onzonilla.
Contrato temporal a jornada parcial.
Interesados llamar a la Oficina Empleo Serna al tlfno 987215200</p><p>Para más información acuda a <a href='http://empleocastillayleon.jcyl.es/oficinavirtual/buscoEmpleoPub.do?srvc=ver&scope=reg&cod=394520'>Oficina Virtual</a></p>";;ECYL;1179297876426;Onzonilla;42.524754;-5.580901;24;1285679800330;2026-09-17;https://empleo.jcyl.es/web/jcyl/Empleo/es/Plantilla100Detalle/1284216458054/OfertasEmpleo/1285679800330/Empleo;42.524754, -5.580901
FISIOTERAPEUTAS, EN GENERAL;León;2026-09-17;<p>CONTRATO PARA CEE NTRA. SR. DEL SAGRADO CORAZÓN DE LEÓN. CONTRATA LA DIRECCIÓN PROVINCIAL DE LEÓN</p><p>Para más información acuda a <a href='http://empleocastillayleon.jcyl.es/oficinavirtual/buscoEmpleoPub.do?srvc=ver&scope=reg&cod=394399'>Oficina Virtual</a></p>;;ECYL;1179297860755;León;42.59873;-5.5670958;24;1285679904979;2026-09-17;https://empleo.jcyl.es/web/jcyl/Empleo/es/Plantilla100Detalle/1284216458054/OfertasEmpleo/1285679904979/Empleo;42.59873, -5.5670958
ENCARGADOS DE OBRA DE EDIFICACIÓN, EN GENERAL;León;2026-09-17;<p>Para León. Perfil con formación en FP Grado Superior en Edificación / Obra Civil, Arquitectura Técnica o experiencia equivalente como Encargado. Contrato indefinido, jornada completa. Còntactar con Oficina de Empleo León Centro, teléfono 987249530 (Ofertas)</p><p>Para más información acuda a <a href='http://empleocastillayleon.jcyl.es/oficinavirtual/buscoEmpleoPub.do?srvc=ver&scope=reg&cod=394581'>Oficina Virtual</a></p>;;ECYL;1179297860755;León;42.59873;-5.5670958;24;1285679902996;2026-09-17;https://empleo.jcyl.es/web/jcyl/Empleo/es/Plantilla100Detalle/1284216458054/OfertasEmpleo/1285679902996/Empleo;42.59873, -5.5670958
MANICUROS Y/O PEDICUROS;León;2026-09-17;<p>Para León. Experiencia mínima un año. Contrato temporal, con posibilidad de indefinido. Jornada completa. Contactar con Oficina de Empleo León Centro, teléfono 987249530 (Ofertas)</p><p>Para más información acuda a <a href='http://empleocastillayleon.jcyl.es/oficinavirtual/buscoEmpleoPub.do?srvc=ver&scope=reg&cod=394510'>Oficina Virtual</a></p>;;ECYL;1179297860755;León;42.59873;-5.5670958;24;1285679800820;2026-09-17;https://empleo.jcyl.es/web/jcyl/Empleo/es/Plantilla100Detalle/1284216458054/OfertasEmpleo/1285679800820/Empleo;42.59873, -5.5670958
FORMADORES DE FORMACIÓN NO REGLADA;León;2026-09-17;<p>Oferta nº 19702 Formador de Formación no Reglada para empresa en Santovenia de la Valdoncina.Se requiere titulo Universitario de Trabajo Social y conocimientos de inglés.Contrato indefinido jornada completa. Interesados/as llamar a la Oficina de Empleo León Serna tfn:987215200.</p><p>Para más información acuda a <a href='http://empleocastillayleon.jcyl.es/oficinavirtual/buscoEmpleoPub.do?srvc=ver&scope=reg&cod=394518'>Oficina Virtual</a></p>;;ECYL;1179297876426;Onzonilla;42.524754;-5.580901;24;1285679800690;2026-09-17;https://empleo.jcyl.es/web/jcyl/Empleo/es/Plantilla100Detalle/1284216458054/OfertasEmpleo/1285679800690/Empleo;42.524754, -5.580901
COCINEROS, EN GENERAL;León;2026-09-17;<p>Para más información acuda a <a href='http://empleocastillayleon.jcyl.es/oficinavirtual/buscoEmpleoPub.do?srvc=ver&scope=reg&cod=394185'>Oficina Virtual</a></p>;;ECYL;1179297815620;Castrocontrigo;42.18355;-6.186261;24;1285679771601;2026-09-17;https://empleo.jcyl.es/web/jcyl/Empleo/es/Plantilla100Detalle/1284216458054/OfertasEmpleo/1285679771601/Empleo;42.18355, -6.186261
ALBAÑILES;León;2026-09-17;"<p>Nº OFERTA 19767 UN PUESTO DE OFICIAL DE ALBAÑILERIA PARA PONFERRADA. 
FUNCIONES: interpretación de planos, construcción y levantamiento, reparaciones y mantenimiento, acabados y revestimientos.
CONDICIONES: Contrato indefinido y jornada completa
PERSONAS INTERESADAS CONTACTAR O.E DE PONFERRADA TEFL.: 987 410 859 EXT-2</p><p>Para más información acuda a <a href='http://empleocastillayleon.jcyl.es/oficinavirtual/buscoEmpleoPub.do?srvc=ver&scope=reg&cod=394583'>Oficina Virtual</a></p>";;ECYL;1179297888504;Ponferrada;42.549995;-6.598259;24;1285679903738;2026-09-17;https://empleo.jcyl.es/web/jcyl/Empleo/es/Plantilla100Detalle/1284216458054/OfertasEmpleo/1285679903738/Empleo;42.549995, -6.598259
CONDUCTORES-OPERADORES DE GRÚA TORRE;León;2026-09-17;<p>OFERTA 19766. Se requiere 2 operadores de grúa torre para empresa de León con carné de gruista y curso de 20 horas de aparatos elevadores. Contrato indefinido, jornada completa. Interesados contactar con oficina de empleo León Centro. C/ Ramón y Cajal 14, tfno. 987 24 95 30, sección ofertas.</p><p>Para más información acuda a <a href='http://empleocastillayleon.jcyl.es/oficinavirtual/buscoEmpleoPub.do?srvc=ver&scope=reg&cod=394582'>Oficina Virtual</a></p>;;ECYL;1179297860755;León;42.59873;-5.5670958;24;1285679904353;2026-09-17;https://empleo.jcyl.es/web/jcyl/Empleo/es/Plantilla100Detalle/1284216458054/OfertasEmpleo/1285679904353/Empleo;42.59873, -5.5670958
EMPLEADOS ADMINISTRATIVOS, EN GENERAL;León;2026-09-17;<p>Para más información acuda a <a href='http://empleocastillayleon.jcyl.es/oficinavirtual/buscoEmpleoPub.do?srvc=ver&scope=reg&cod=394575'>Oficina Virtual</a></p>;;ECYL;1179298009177;Villadangos del Páramo;42.516865;-5.7671404;24;1285679902755;2026-09-17;https://empleo.jcyl.es/web/jcyl/Empleo/es/Plantilla100Detalle/1284216458054/OfertasEmpleo/1285679902755/Empleo;42.516865, -5.7671404
Profesor/a de Teclado y Lenguaje musical para Ayto. de Villablino (León);León;2026-09-17;"<p><strong>Convoca:</strong> Ayuntamiento de Villablino</p>
<p><strong>Cuerpo:</strong> PROFESOR/A DE TECLADO Y LENGUAJE MUSICAL</p>
<p><strong>Plazas:</strong> 1 (Interino/a)</p>
<p><strong>Acceso</strong> Concurso - oposición</p>
<p><strong>Titulación:</strong> Título de bachiller y del título profesional de grado medio de música en la especialidad de piano</p>
<p><strong>Plazo:</strong> 26 de septiembre de 2026</p>
<p><strong>Observaciones: </strong></p>
<ul>
<li>Contrato de sustitución/interinidad para cubrir baja por paternidad</li>
</ul><p><strong>Información obtenida de: </strong>Empleo público. BOP León 16/09/2026</p><p><strong>Enlaces relacionados:</strong><ul><li><a href='https://bop.dipuleon.es/export/sites/bop/.galleries/Documentos-Anuncios-en-PDF/firmado-1789533951839-final-8b7cb4d.pdf' target='_blank'>Enlace a Convocatoria en BOP</a></li></ul></p>";;Organismo oficial;1179298006426;Villablino;42.94157;-6.327653;24;1285679824793;2026-09-17;https://empleo.jcyl.es/web/jcyl/Empleo/es/Plantilla100Detalle/1284216458054/OfertasEmpleo/1285679824793/Empleo;42.94157, -6.327653
CUIDADORES DE PERSONAS CON DISCAPACIDAD Y/O DEPENDENCIA, EN INSTITUCIONES;León;2026-09-17;"<p>Se busca 1CUIDADOR/A para centro de día en Valencia de Don Juan (León).
Funciones:
- Atención sociosanitaria en centro de día de personas con discapacidad.
- Realizar transporte de usuarios/as.
Se requiere:
- Titulación: formación profesional en auxiliar de enfermería o certificado de profesionalidad de atención socio-sanitaria a personas dependientes en instituciones sociales.
- Carnet de conducir B.
Se ofrece:
- Contrato temporal (sustitución).
- Jornada completa.
- Horario de 09:00 a 17:00 horas.
Las personas interesadas contactar con O.E. Valencia de Don Juan al teléfono 987750975 en horario de 09:00 a 14:00 horas (indicar nº oferta 19721).</p><p>Para más información acuda a <a href='http://empleocastillayleon.jcyl.es/oficinavirtual/buscoEmpleoPub.do?srvc=ver&scope=reg&cod=394537'>Oficina Virtual</a></p>";;ECYL;1179297985349;Valencia de Don Juan;42.29253;-5.5191197;24;1285679847701;2026-09-17;https://empleo.jcyl.es/web/jcyl/Empleo/es/Plantilla100Detalle/1284216458054/OfertasEmpleo/1285679847701/Empleo;42.29253, -5.5191197
PELUQUEROS UNISEX;Palencia;2026-09-17;<p>Laboral indefinido. Jornada completa. Tareas: corte/tinte/mechas y peinado.</p><p>Para más información acuda a <a href='http://empleocastillayleon.jcyl.es/oficinavirtual/buscoEmpleoPub.do?srvc=ver&scope=reg&cod=392968'>Oficina Virtual</a></p>;;ECYL;1179298103860;Palencia;42.01112;-4.532032;34;1285679903626;2026-09-17;https://empleo.jcyl.es/web/jcyl/Empleo/es/Plantilla100Detalle/1284216458054/OfertasEmpleo/1285679903626/Empleo;42.01112, -4.532032
CUIDADORES DE PERSONAS CON DISCAPACIDAD Y/O DEPENDENCIA, EN INSTITUCIONES;Palencia;2026-09-17;<p>Residencia de ancianos.</p><p>Para más información acuda a <a href='http://empleocastillayleon.jcyl.es/oficinavirtual/buscoEmpleoPub.do?srvc=ver&scope=reg&cod=379176'>Oficina Virtual</a></p>;;ECYL;1179298119078;Salinas de Pisuerga;42.852604;-4.375796;34;1285679771751;2026-09-17;https://empleo.jcyl.es/web/jcyl/Empleo/es/Plantilla100Detalle/1284216458054/OfertasEmpleo/1285679771751/Empleo;42.852604, -4.375796
ENFERMEROS DE CUIDADOS GENERALES;Palencia;2026-09-17;<p>Residencia de ancianos</p><p>Para más información acuda a <a href='http://empleocastillayleon.jcyl.es/oficinavirtual/buscoEmpleoPub.do?srvc=ver&scope=reg&cod=379054'>Oficina Virtual</a></p>;;ECYL;1179298119078;Salinas de Pisuerga;42.852604;-4.375796;34;1285679771947;2026-09-17;https://empleo.jcyl.es/web/jcyl/Empleo/es/Plantilla100Detalle/1284216458054/OfertasEmpleo/1285679771947/Empleo;42.852604, -4.375796
ALMACENEROS DE INDUSTRIAS ALIMENTARIAS;Palencia;2026-09-17;"<p>Operario/a de almacén para incorporar a importante empresa agroalimentaria; Colaborará en los trabajos propios de almacén, recepción y expedición de mercancía, albaranes, control de mercancía, inventarios, carga y descarga de mercancía, mantenimiento, orden y limpieza del almacén.
Vacante para centro de trabajo en Dueñas
Vacante para centro de trabajo en Cevico de la Torre
REQUISITOS:
Estudios Básicos
?Imprescindible, disponibilidad de horarios para trabajar en horario partido.
?Muy valorable conocimiento de agricultura, cosechas, abonos, semillas y campo.
?Acostumbrado al manejo de máquinas y herramientas.
?Informática a nivel de usuario
?Se valorá manejo de pala cargadora, Manitou, o similar
Experiencia: Se valorará experiencia profesional en trabajos en almacén y palista para mover mercancía/cereal. No TIERRA</p><p>Para más información acuda a <a href='http://empleocastillayleon.jcyl.es/oficinavirtual/buscoEmpleoPub.do?srvc=ver&scope=reg&cod=394616'>Oficina Virtual</a></p>";;ECYL;1179298081851;Dueñas;41.8773156697;-4.54675515213;34;1285679965716;2026-09-17;https://empleo.jcyl.es/web/jcyl/Empleo/es/Plantilla100Detalle/1284216458054/OfertasEmpleo/1285679965716/Empleo;41.8773156697, -4.54675515213
RECEPCIONISTAS EN ESTABLECIMIENTOS DISTINTOS DE OFICINAS, EN GENERAL;Palencia;2026-09-17;<p>Residencia de ancianos. Trabajo SOLO de fin de semana y festivos.</p><p>Para más información acuda a <a href='http://empleocastillayleon.jcyl.es/oficinavirtual/buscoEmpleoPub.do?srvc=ver&scope=reg&cod=394514'>Oficina Virtual</a></p>;;ECYL;1179298119078;Salinas de Pisuerga;42.852604;-4.375796;34;1285679771629;2026-09-17;https://empleo.jcyl.es/web/jcyl/Empleo/es/Plantilla100Detalle/1284216458054/OfertasEmpleo/1285679771629/Empleo;42.852604, -4.375796
TERAPEUTAS OCUPACIONALES;Palencia;2026-09-17;<p>Residencia de ancianos.</p><p>Para más información acuda a <a href='http://empleocastillayleon.jcyl.es/oficinavirtual/buscoEmpleoPub.do?srvc=ver&scope=reg&cod=383211'>Oficina Virtual</a></p>;;ECYL;1179298119078;Salinas de Pisuerga;42.852604;-4.375796;34;1285679772068;2026-09-17;https://empleo.jcyl.es/web/jcyl/Empleo/es/Plantilla100Detalle/1284216458054/OfertasEmpleo/1285679772068/Empleo;42.852604, -4.375796
PASTORES;Palencia;2026-09-17;"<p>FUNCIONES DEL PUETO:
Conducir el rebaño, monitorear su estado de salud. dirigir y coordinar a los perros pastores, supervisar el nacimiento y el cuidado de las crías</p><p>Para más información acuda a <a href='http://empleocastillayleon.jcyl.es/oficinavirtual/buscoEmpleoPub.do?srvc=ver&scope=reg&cod=394603'>Oficina Virtual</a></p>";;ECYL;1179298157848;Valle del Retortillo;42.239582;-4.7913613;34;1285679903682;2026-09-17;https://empleo.jcyl.es/web/jcyl/Empleo/es/Plantilla100Detalle/1284216458054/OfertasEmpleo/1285679903682/Empleo;42.239582, -4.7913613
AUXILIARES DE ENFERMERÍA DE GERIATRÍA;Palencia;2026-09-17;<p>Residencia de ancianos.</p><p>Para más información acuda a <a href='http://empleocastillayleon.jcyl.es/oficinavirtual/buscoEmpleoPub.do?srvc=ver&scope=reg&cod=386757'>Oficina Virtual</a></p>;;ECYL;1179298119078;Salinas de Pisuerga;42.852604;-4.375796;34;1285679771685;2026-09-17;https://empleo.jcyl.es/web/jcyl/Empleo/es/Plantilla100Detalle/1284216458054/OfertasEmpleo/1285679771685/Empleo;42.852604, -4.375796
ANIMADORES SOCIOCULTURALES;Palencia;2026-09-17;<p>Residencia de ancianos.</p><p>Para más información acuda a <a href='http://empleocastillayleon.jcyl.es/oficinavirtual/buscoEmpleoPub.do?srvc=ver&scope=reg&cod=386733'>Oficina Virtual</a></p>;;ECYL;1179298119078;Salinas de Pisuerga;42.852604;-4.375796;34;1285679771573;2026-09-17;https://empleo.jcyl.es/web/jcyl/Empleo/es/Plantilla100Detalle/1284216458054/OfertasEmpleo/1285679771573/Empleo;42.852604, -4.375796
MÉDICOS, MEDICINA GENERAL;Palencia;2026-09-17;<p>Residencia de ancianos.</p><p>Para más información acuda a <a href='http://empleocastillayleon.jcyl.es/oficinavirtual/buscoEmpleoPub.do?srvc=ver&scope=reg&cod=379591'>Oficina Virtual</a></p>;;ECYL;1179298119078;Salinas de Pisuerga;42.852604;-4.375796;34;1285679771882;2026-09-17;https://empleo.jcyl.es/web/jcyl/Empleo/es/Plantilla100Detalle/1284216458054/OfertasEmpleo/1285679771882/Empleo;42.852604, -4.375796
FISIOTERAPEUTAS, EN GENERAL;Palencia;2026-09-17;<p>Residencia ancianos.</p><p>Para más información acuda a <a href='http://empleocastillayleon.jcyl.es/oficinavirtual/buscoEmpleoPub.do?srvc=ver&scope=reg&cod=379049'>Oficina Virtual</a></p>;;ECYL;1179298119078;Salinas de Pisuerga;42.852604;-4.375796;34;1285679772012;2026-09-17;https://empleo.jcyl.es/web/jcyl/Empleo/es/Plantilla100Detalle/1284216458054/OfertasEmpleo/1285679772012/Empleo;42.852604, -4.375796
Repartidor;Salamanca;2026-09-17;"<p>Se necesita REPARTIDOR paletería carnet C+CAP para Salamanca y provincia.</p>
<p>Buenas condiciones. Incorporación inmediata. Tlf. 678102089.</p>
Oferta publicada en La Gaceta de Salamanca";;Internet / Prensa;;;;;;1285679736532;2026-09-17;https://empleo.jcyl.es/web/jcyl/Empleo/es/Plantilla100Detalle/1284216458054/OfertasEmpleo/1285679736532/Empleo;
Conductor grúa;Salamanca;2026-09-17;"<p>Empresa ubicada en Salamanca (Grúas La Paz) busca CONDUCTOR.</p>
<p>Para auxilio en carretera y para transporte de vehículos. Se valorará experiencia en el sector.</p>
<p>Se requiere carnet tipo C. Teléfono de contacto: 618911561.</p>
Oferta publicada en La Gaceta de Salamanca";;Internet / Prensa;;;;;;1285679738714;2026-09-17;https://empleo.jcyl.es/web/jcyl/Empleo/es/Plantilla100Detalle/1284216458054/OfertasEmpleo/1285679738714/Empleo;
FISIOTERAPEUTAS, EN GENERAL;Salamanca;2026-09-17;"<p>5 HORAS SEMANALES. POSIBILIDAD DE HACERLO TODO EL MISMO DÍA O EN DIFERENTES DIAS. FLEXIBILIDAD DE HORARIO A FAVOR DEL TRABAJADOR. 
ENVIAR CV A: RESIDENCIALAPIEDAD1@GMAIL.COM</p><p>Para más información acuda a <a href='http://empleocastillayleon.jcyl.es/oficinavirtual/buscoEmpleoPub.do?srvc=ver&scope=reg&cod=394083'>Oficina Virtual</a></p>";;ECYL;1179298244590;Fuenteguinaldo;40.430576;-6.677968;37;1285679772040;2026-09-17;https://empleo.jcyl.es/web/jcyl/Empleo/es/Plantilla100Detalle/1284216458054/OfertasEmpleo/1285679772040/Empleo;40.430576, -6.677968
AUXILIARES DE ENFERMERÍA DE GERIATRÍA;Salamanca;2026-09-17;"<p>Funciones propias del puesto de gerocultor.
Enviar CV a: residencialapiedad1@gmail.com</p><p>Para más información acuda a <a href='http://empleocastillayleon.jcyl.es/oficinavirtual/buscoEmpleoPub.do?srvc=ver&scope=reg&cod=394044'>Oficina Virtual</a></p>";;ECYL;1179298244590;Fuenteguinaldo;40.430576;-6.677968;37;1285679903101;2026-09-17;https://empleo.jcyl.es/web/jcyl/Empleo/es/Plantilla100Detalle/1284216458054/OfertasEmpleo/1285679903101/Empleo;40.430576, -6.677968
3 Técnico/a de educación infantil para el Ayto. de Fuentepelayo (Segovia);Segovia;2026-09-17;"<p><strong>Convoca: </strong>Ayuntamiento de Fuentepelayo</p>
<p><strong>Cuerpo:</strong> TÉCNICO/A DE EDUCACIÓN INFANTIL</p>
<p><strong>Plazas</strong>: 3+ Bolsa</p>
<p><strong>Acceso:</strong> Concurso</p>
<p><strong>Titulación: </strong>Título superior de educación infantil o Grado/Diplomado en Educación Infantil</p>
<p><strong>Plazo: </strong>30 de septiembre de 2026</p><p><strong>Información obtenida de: </strong>Empleo público. BOP Segovia 16/09/2026</p><p><strong>Enlaces relacionados:</strong><ul><li><a href='https://www.dipsegovia.es/documents/39512/07fc9b12-bc2c-964b-a2f6-b564102a3cd7' target='_blank'>Consulte BOP 16/09/2026</a></li></ul></p>";;Organismo oficial;1179298446640;Fuentepelayo;41.222366;-4.1737742;40;1285679747870;2026-09-17;https://empleo.jcyl.es/web/jcyl/Empleo/es/Plantilla100Detalle/1284216458054/OfertasEmpleo/1285679747870/Empleo;41.222366, -4.1737742
MANTENEDORES DE EDIFICIOS;Segovia;2026-09-17;"<p>OFICIOS: CARPINTERÍA ELECTRICIDAD FONTANERÍA A NIVEL BÁSICO
PEQUEÑAS REPARACIONES EN LAS INSTALACIONES
MONTAJE DE AULAS MOVIMIENTO DE MESA Y SILLAS
AVISO A MANTENIMIENTO ESPECIALIZADO 
REPARTO DE CORREO</p><p>Para más información acuda a <a href='http://empleocastillayleon.jcyl.es/oficinavirtual/buscoEmpleoPub.do?srvc=ver&scope=reg&cod=394556'>Oficina Virtual</a></p>";;ECYL;1179298563848;Segovia;40.94356;-4.1130023;40;1285679847950;2026-09-17;https://empleo.jcyl.es/web/jcyl/Empleo/es/Plantilla100Detalle/1284216458054/OfertasEmpleo/1285679847950/Empleo;40.94356, -4.1130023
Personal de limpieza;Segovia;2026-09-17;"<p>Se necesita: una señora para limpieza de una casa, unas horas semanales.</p>
<p>Contacto 669 145 476</p>
Oferta publicada en El Norte de Castilla";;Internet / Prensa;;;;;;1285679747182;2026-09-17;https://empleo.jcyl.es/web/jcyl/Empleo/es/Plantilla100Detalle/1284216458054/OfertasEmpleo/1285679747182/Empleo;
PROFESORES TÉCNICOS DE FORMACIÓN PROFESIONAL, EN GENERAL;Soria;2026-09-17;"<p>Se necesita un Profesor de Soldadura para IES en Ólvega (Soria)
Requisitos
Ing. Industrial / Ing. Naval y Oceánica / Ing. Agrónoma / Licenciatura en Máquinas Navales / Diplomatura en Máquinas Navales / Ing. Téc Aeronáutica, especialidad en Equipos y Materiales Aeroespaciales / Ing. Téc. Industrial, especialidad en Mecánica / Ing. Téc. Diseño Industrial / Ing. Téc. Naval, especialidad en Estructuras Marinas / Ing. Téc. Obras Públicas, especialidad en Construcciones Civiles / Ing Téc. Agrícola, especialidad en Mecanización y Construcciones Rurales.
Cualquier titulación universitaria requerida para el ingreso en este Cuerpo, y además, acreditar como formación complementaria haber superado un ciclo de los estudios conducentes a la obtención de las titulaciones superiores antes enumeradas o una Ingeniería Técnica vinculada a las Ingenierías Superiores, asimismo enumeradas.
Para más información, contactar con la Sección de Ofertas de la Oficina de Empleo de Soria en el teléfono 975 22 21 50</p><p>Para más información acuda a <a href='http://empleocastillayleon.jcyl.es/oficinavirtual/buscoEmpleoPub.do?srvc=ver&scope=reg&cod=394508'>Oficina Virtual</a></p>";;ECYL;1179469175695;Olvega;41.77993;-1.98159;42;1285679800624;2026-09-17;https://empleo.jcyl.es/web/jcyl/Empleo/es/Plantilla100Detalle/1284216458054/OfertasEmpleo/1285679800624/Empleo;41.77993, -1.98159
Bolsa de Profesor/a de Percusión para el Ayto. de Golmayo (Soria);Soria;2026-09-17;"<p><strong>Convoca</strong>: Ayuntamiento de Golmayo</p>
<p><strong>Cuerpo:</strong> PROFESOR/A DE PERCUSIÓN</p>
<p><strong>Plazas</strong>: Bolsa de empleo</p>
<p><strong>Acceso: </strong>Libre</p>
<p><strong>Titulación:</strong> Enseñanzas de Grado Medio en Música y Danza (especialidad percusión)</p>
<p><strong>Plazo:</strong> Hasta el 23 de septiembre a las 14:00 horas</p><p><strong>Información obtenida de: </strong>Empleo público. <a href='https://golmayo.sedelectronica.es/info.3' target='_blank'>https://golmayo.sedelectronica.es/info.3</a></p><p><strong>Enlaces relacionados:</strong><ul><li><a href='https://golmayo.sedelectronica.es/preview-document/b8847f5a-0ef8-44cc-86a0-426fb124475e/' target='_blank'>Consulte la convocatoria</a></li></ul></p>";;Organismo oficial;1179469154621;Golmayo;41.76568;-2.5231974;42;1285679747842;2026-09-17;https://empleo.jcyl.es/web/jcyl/Empleo/es/Plantilla100Detalle/1284216458054/OfertasEmpleo/1285679747842/Empleo;41.76568, -2.5231974
FORMADORES DE FORMACIÓN NO REGLADA;Valladolid;2026-09-17;<p>MONITOR/A DE TALLER para impartir cursos de salud coginitiva y/o emocional con personas mayores de los MUNICIPIOS DE LA PROVINCIA DE VALLADOLID. Duración aproximada de 2 meses, para comenzar a mediados de Octubre. Carnet de conducir y disponibilidad de coche. Titulaciones requeridas: Psicologia, Trabajo social, Educación Social o Psicopedagogía. Interesados vincularse a través de la Oficina virtual en el número de Oferta 08/2026719014 o llamando a la Oficina de empleo San Pablo Tlf: 983 25 98 54 - Opciópn 2.</p><p>Para más información acuda a <a href='http://empleocastillayleon.jcyl.es/oficinavirtual/buscoEmpleoPub.do?srvc=ver&scope=reg&cod=393830'>Oficina Virtual</a></p>;;ECYL;1179469311668;Valladolid;41.652252;-4.724532;47;1285679904839;2026-09-17;https://empleo.jcyl.es/web/jcyl/Empleo/es/Plantilla100Detalle/1284216458054/OfertasEmpleo/1285679904839/Empleo;41.652252, -4.724532
ALBAÑILES;Valladolid;2026-09-17;<p>La empresa INTERIM AIRE requiere albañiles, con nivel profesional de oficial de tercera, para realizar una obra en el municipio de Olmedo (Valladolid). Contrato temporal a jornada completa. Las personas interesadas deben enviar su currículum a la dirección de correo electrónico: gijon@interimgrouphr.com</p><p>Para más información acuda a <a href='http://empleocastillayleon.jcyl.es/oficinavirtual/buscoEmpleoPub.do?srvc=ver&scope=reg&cod=394357'>Oficina Virtual</a></p>;;ECYL;1179469269587;Olmedo;41.290646;-4.680728;47;1285679847917;2026-09-17;https://empleo.jcyl.es/web/jcyl/Empleo/es/Plantilla100Detalle/1284216458054/OfertasEmpleo/1285679847917/Empleo;41.290646, -4.680728
PEONES DE LA INDUSTRIA METALÚRGICA Y FABRICACIÓN DE PRODUCTOS METÁLICOS;Valladolid;2026-09-17;<p>Empresa de trabajo temporal busca Operarios del sector de metal para la zona de Medina del Campo (Valladolid). Entre las ocupaciones destacan Peón de la industria metalúrgica y Operadores de máquina cortadora de metales. Los interesados deberán enviar Curriculum a la dirección que figura en la Oferta. Ofrece contrato de 6 meses a jornada completa.</p><p>Para más información acuda a <a href='http://empleocastillayleon.jcyl.es/oficinavirtual/buscoEmpleoPub.do?srvc=ver&scope=reg&cod=394530'>Oficina Virtual</a></p>;;ECYL;1179469263156;Medina del Campo;41.308163;-4.915477;47;1285679848034;2026-09-17;https://empleo.jcyl.es/web/jcyl/Empleo/es/Plantilla100Detalle/1284216458054/OfertasEmpleo/1285679848034/Empleo;41.308163, -4.915477
MÉDICOS, MEDICINA GENERAL;Valladolid;2026-09-17;<p>Residencia de mayores situada en Olmedo (Valladolid) necesita cubrir una plaza de Médico/a. Ofrece contrato indefinido a jornada parcial.</p><p>Para más información acuda a <a href='http://empleocastillayleon.jcyl.es/oficinavirtual/buscoEmpleoPub.do?srvc=ver&scope=reg&cod=394517'>Oficina Virtual</a></p>;;ECYL;1179469269587;Olmedo;41.290646;-4.680728;47;1285679800461;2026-09-17;https://empleo.jcyl.es/web/jcyl/Empleo/es/Plantilla100Detalle/1284216458054/OfertasEmpleo/1285679800461/Empleo;41.290646, -4.680728
ESTETICISTAS;Valladolid;2026-09-17;"<p>Funciones:
Realización de tratamientos faciales y corporales.
Atención y asesoramiento al cliente.
Gestión de citas y recepción.
Arqueo y cierre de caja.
Apoyo en todas las tareas propias de un centro de estética.
Condiciones laborales:
Jornada completa de 40 horas semanales, de lunes a viernes, en horario de 10:00 a 19:00 horas.
Posibilidad de contratación a media jornada.
Salario según convenio colectivo, con pagas extraordinarias prorrateadas (12 pagas).
Formación continua en equipos y tratamientos estéticos.
Se valorará:
Experiencia en tratamientos faciales y corporales.
Habilidades de atención al cliente.
Capacidad de trabajo en equipo y orientación al cliente.</p><p>Para más información acuda a <a href='http://empleocastillayleon.jcyl.es/oficinavirtual/buscoEmpleoPub.do?srvc=ver&scope=reg&cod=394562'>Oficina Virtual</a></p>";;ECYL;1179469311668;Valladolid;41.652252;-4.724532;47;1285679902857;2026-09-17;https://empleo.jcyl.es/web/jcyl/Empleo/es/Plantilla100Detalle/1284216458054/OfertasEmpleo/1285679902857/Empleo;41.652252, -4.724532
CAMAREROS DE BARRA Y/O DEPENDIENTES DE CAFETERÍA;Valladolid;2026-09-17;"<p>OBLIGATORIO COCHE PROPIO PARA PODER DESPLAZARSE HASTA EL PUESTO DE TRABAJO 
Horarios rotativos, mayormente de mañana que sería de 8 a 16h o turnos partidos. (los que menos)</p><p>Para más información acuda a <a href='http://empleocastillayleon.jcyl.es/oficinavirtual/buscoEmpleoPub.do?srvc=ver&scope=reg&cod=394550'>Oficina Virtual</a></p>";;ECYL;1179469300497;Simancas;41.59097;-4.83003;47;1285679847383;2026-09-17;https://empleo.jcyl.es/web/jcyl/Empleo/es/Plantilla100Detalle/1284216458054/OfertasEmpleo/1285679847383/Empleo;41.59097, -4.83003
Personal de limpieza;Valladolid;2026-09-17;"<p>Se necesita: una señora para limpieza de una casa, unas horas semanales.</p>
<p>Contacto 669 145 476</p>
Oferta publicada en El Norte de Castilla";;Internet / Prensa;;;;;;1285679834235;2026-09-17;https://empleo.jcyl.es/web/jcyl/Empleo/es/Plantilla100Detalle/1284216458054/OfertasEmpleo/1285679834235/Empleo;
JEFES DE COCINA (HOSTELERÍA);Valladolid;2026-09-17;<p>JEFE DE COCINA con al menos 36 meses de experiencia. Contrato indefinido. Jornada completa. Turno partido, prestando servicios habitualmente de Miércoles a Domingo, con los descansos legalmente establecidos. Interesados vincularse a través de la Oficina virutal en el número de Oferta 08/2026/19687 o llamando a la Oficina de empleo San Pablo Tlf: 983 25 98 54 - Opción 2.</p><p>Para más información acuda a <a href='http://empleocastillayleon.jcyl.es/oficinavirtual/buscoEmpleoPub.do?srvc=ver&scope=reg&cod=394503'>Oficina Virtual</a></p>;;ECYL;1179469311668;Valladolid;41.652252;-4.724532;47;1285679771657;2026-09-17;https://empleo.jcyl.es/web/jcyl/Empleo/es/Plantilla100Detalle/1284216458054/OfertasEmpleo/1285679771657/Empleo;41.652252, -4.724532
SOLDADORES POR ARCO ELÉCTRICO, EN GENERAL;Zamora;2026-09-17;<p>Teléfono de contacto 980637606</p><p>Para más información acuda a <a href='http://empleocastillayleon.jcyl.es/oficinavirtual/buscoEmpleoPub.do?srvc=ver&scope=reg&cod=394594'>Oficina Virtual</a></p>;;ECYL;1179469338450;Benavente;42.002884;-5.678469;49;1285679903654;2026-09-17;https://empleo.jcyl.es/web/jcyl/Empleo/es/Plantilla100Detalle/1284216458054/OfertasEmpleo/1285679903654/Empleo;42.002884, -5.678469
PEONES DE LA CONSTRUCCIÓN DE EDIFICIOS;Zamora;2026-09-17;<p>Teléfono de contacto 980637606</p><p>Para más información acuda a <a href='http://empleocastillayleon.jcyl.es/oficinavirtual/buscoEmpleoPub.do?srvc=ver&scope=reg&cod=394589'>Oficina Virtual</a></p>;;ECYL;1179469338450;Benavente;42.002884;-5.678469;49;1285679904381;2026-09-17;https://empleo.jcyl.es/web/jcyl/Empleo/es/Plantilla100Detalle/1284216458054/OfertasEmpleo/1285679904381/Empleo;42.002884, -5.678469
MECÁNICOS DE MANTENIMIENTO Y REPARACIÓN DE AUTOMOCIÓN, EN GENERAL;Zamora;2026-09-17;"<p>DESMONTAJE Y MONTAJE DE TODO TIPO DE VEHíCULOS. SE VALORARÁ EXPERIENCIA EN EL
DESMONTAJE DE TRACTORES.
Teléfono de contacto 630961841</p><p>Para más información acuda a <a href='http://empleocastillayleon.jcyl.es/oficinavirtual/buscoEmpleoPub.do?srvc=ver&scope=reg&cod=394557'>Oficina Virtual</a></p>";;ECYL;1179469480455;Villabrázaro;42.052532;-5.729449;49;1285679847999;2026-09-17;https://empleo.jcyl.es/web/jcyl/Empleo/es/Plantilla100Detalle/1284216458054/OfertasEmpleo/1285679847999/Empleo;42.052532, -5.729449
PERSONAL DE LIMPIEZA O LIMPIADORES EN GENERAL;Zamora;2026-09-17;"<p>Oferta Núm 19711 de PERSONAL DE LIMPIEZA para residencia en CAÑIZO (Zamora).
Los interesados/as deben enviar su CV a (ecyldoctorfleming.ofertas@jcyl.es) indicando en el asunto el Núm. de la oferta.
FUNCIONES: Las propias del puesto.
CONDICIONES: Contrato indefinido a jornada parcial.</p><p>Para más información acuda a <a href='http://empleocastillayleon.jcyl.es/oficinavirtual/buscoEmpleoPub.do?srvc=ver&scope=reg&cod=394527'>Oficina Virtual</a></p>";;ECYL;1179469348284;Cañizo;41.769566;-5.501755;49;1285679800358;2026-09-17;https://empleo.jcyl.es/web/jcyl/Empleo/es/Plantilla100Detalle/1284216458054/OfertasEmpleo/1285679800358/Empleo;41.769566, -5.501755
ELABORADORES DE PRODUCTOS CÁRNICOS;Zamora;2026-09-17;<p>Corte del pollo con tijera y cuchillo y revisión de carne a través de la manipulación de la misma. Manipulación manual de cargas. Pesaje de las piezas de pollo. Cuelgue de los canales de pollo en ganchos para alimentar la cadena. Manipulación de las distintas piezas del pollo. Pesaje de cajas llenas de producto.</p><p>Para más información acuda a <a href='http://empleocastillayleon.jcyl.es/oficinavirtual/buscoEmpleoPub.do?srvc=ver&scope=reg&cod=394568'>Oficina Virtual</a></p>;;ECYL;1179469435125;San Cristóbal de Entreviñas;42.048084;-5.634313;49;1285679903918;2026-09-17;https://empleo.jcyl.es/web/jcyl/Empleo/es/Plantilla100Detalle/1284216458054/OfertasEmpleo/1285679903918/Empleo;42.048084, -5.634313
ENFERMEROS ESPECIALISTAS EN ENFERMERÍA GERIÁTRICA;Zamora;2026-09-17;"<p>Oferta Núm. 19596 ENFERMERO/A para Centro Residencial de Peleas de Abajo (Zamora).
Los interesados/as deben enviar su CV a (ecyldoctorfleming.ofertas@jcyl.es) indicando en el asunto el Núm. de la oferta.
FUNCIONES: Atención a usuarios/as del Centro.
CONDICIONES LABORALES: Contrato indefinido a jornada completa. 
REQUISITOS: Diplomatura o Grado en Enfermería. Permiso de circulación.</p><p>Para más información acuda a <a href='http://empleocastillayleon.jcyl.es/oficinavirtual/buscoEmpleoPub.do?srvc=ver&scope=reg&cod=394580'>Oficina Virtual</a></p>";;ECYL;1179469406663;Peleas de Abajo;41.39259;-5.688631;49;1285679905172;2026-09-17;https://empleo.jcyl.es/web/jcyl/Empleo/es/Plantilla100Detalle/1284216458054/OfertasEmpleo/1285679905172/Empleo;41.39259, -5.688631
CAMAREROS, EN GENERAL;Zamora;2026-09-17;"<p>Servir bebidas, cortar embutido, hacer bocadillos fríos y vender productos gourmet.
Contrato indefinido de 4 horas/día, en horario de 12:00 a 16.00 horas.
Telefono de contacto 620824364</p><p>Para más información acuda a <a href='http://empleocastillayleon.jcyl.es/oficinavirtual/buscoEmpleoPub.do?srvc=ver&scope=reg&cod=394548'>Oficina Virtual</a></p>";;ECYL;1179469435736;San Esteban del Molar;41.937996;-5.5525403;49;1285679847411;2026-09-17;https://empleo.jcyl.es/web/jcyl/Empleo/es/Plantilla100Detalle/1284216458054/OfertasEmpleo/1285679847411/Empleo;41.937996, -5.5525403
Responsable de delegación para Burgos;Burgos;2026-09-16;"<p><em>Maquinaria de OP y Agrícola</em> selecciona un/a <strong>RESPONSABLE DE DELEGACIÓN </strong>para Burgos.</p>
<p><strong>Funciones:</strong></p>
<ul>
<li style='text-align: justify;'>Coordinación y supervisión de las tareas administrativas y de gestión propias de la delegación.</li>
<li style='text-align: justify;'>Atención y trato con clientes, seguimiento de sus necesidades y resolución de incidencias.</li>
<li style='text-align: justify;'>Conocimiento, control y seguimiento de la flota de maquinaria, así como de su disponibilidad, estado y necesidades.</li>
<li style='text-align: justify;'>Coordinación y supervisión del equipo.</li>
<li style='text-align: justify;'>Control de mantenimientos y movimientos de las máquinas (entradas y salidas).</li>
<li style='text-align: justify;'>Coordinación de las distintas necesidades entre clientes, oficina y taller.</li>
<li style='text-align: justify;'>Velar por que el funcionamiento de la delegación sea eficiente, coordinado y correcto.</li>
</ul>
<p><strong>Requisitos:</strong></p>
<ul>
<li style='text-align: justify;'>Estudios mínimos: Formación Profesional Grado Superior.</li>
<li style='text-align: justify;'>Experiencia mínima: Al menos 3 años.</li>
<li style='text-align: justify;'>Experiencia demostrable en maquinaria de Obra Pública y/o agrícola o sectores similares.</li>
<li style='text-align: justify;'>Con conocimientos técnicos suficientes para comprender las necesidades y el funcionamiento de una flota de maquinaria.</li>
<li style='text-align: justify;'>Persona organizada, resolutiva y con capacidad para tomar decisiones y asumir responsabilidades, con habilidades para el trato con clientes y proveedores.</li>
<li style='text-align: justify;'>Persona con capacidad para coordinar equipos y realizar seguimiento de las tareas, proactiva, responsable y con iniciativa, con ganas de implicarse en un proyecto estable y convertirse en una pieza clave de la delegación.</li>
</ul>
<p><strong>Se ofrece:</strong></p>
<ul>
<li>Contrato indefinido.</li>
<li>Jornada completa.</li>
<li>Salario: 24.000euros - 36.000euros Bruto/año.</li>
</ul>
<p><strong>Para participar:</strong></p>
<ul>
<li>En el enlace adjunto se puede acceder a la solicitud para el puesto. <strong>Se recuerda que, para presentar su candidatura, deberá estar inscrito/a en el portal que publica la oferta.</strong></li>
</ul><p><strong>Información obtenida de: </strong>Internet/Prensa. <a href='https://www.infojobs.net/' target='_blank'>https://www.infojobs.net/</a></p><p><strong>Enlaces relacionados:</strong><ul><li><a href='https://www.infojobs.net/burgos/responsable-delegacion/of-ic8f2239b624e95b74a4186cc8f371d?applicationOrigin=search-new&page=1&sortBy=PUBLICATION_DATE' target='_blank'>Más información</a></li></ul></p><p>Información procedente de: <a href='https://servicios3.jcyl.es/enbo/siau/webapp/boletinEmpleoCyL/boletin/c2hCOFZzR0JFbmdMcGR0bnh6REdKV3R4dWE2ZHpNRzB4b1loc21oUzFsMD0%3D/EMPLEO-INTERNET-PRENSA/149042' target='_blank'><strong>Boletín de Empleo de Castilla y León (Ecyl)</strong>.</a></p>";;Internet / Prensa;1179297447246;Burgos;42.3408235575;-3.70205869083;09;1285679508153;2026-09-16;https://empleo.jcyl.es/web/jcyl/Empleo/es/Plantilla100Detalle/1284216458054/OfertasEmpleo/1285679508153/Empleo;42.3408235575, -3.70205869083
Especialista en marketing y comunicación para Burgos;Burgos;2026-09-16;"<p><em>Prevennova Seguridad y Salud, S.L.</em> selecciona un/a <strong>ESPECIALISTA EN MARKETING Y COMUNICACIÓN</strong> para Burgos.</p>
<p><strong>Funciones:</strong></p>
<p style='text-align: justify;'>Gestión integral y ejecución de la estrategia de comunicación interna y externa de la empresa, impulsando el concepto de Prevención 360&deg; más allá de la visión tradicional del sector:</p>
<ul>
<li style='list-style-type: none;'>
<ul>
<li style='text-align: justify;'>Marketing Digital: Estrategia, gestión y dinamización de redes sociales, posicionamiento SEO/SEM y ejecución de pauta digital en los canales corporativos.</li>
<li style='text-align: justify;'>Diseño y creación de contenido: Elaboración de soportes gráficos, contenidos visuales y mensajes corporativos alineados con la identidad de la empresa.</li>
<li style='text-align: justify;'>Relaciones públicas y comunicación Interna: Gestión de la comunicación externa con empresas clientas y equipos patrocinados. Organización de eventos corporativos y dinámicas de comunicación interna para la cohesión del equipo.</li>
<li style='text-align: justify;'>Medios y soportes: Estudio, selección y optimización de canales de comunicación masivos e individuales.</li>
</ul>
</li>
</ul>
<p><strong>Requisitos:</strong></p>
<ul>
<li>Formación: Grado en Marketing, Publicidad y Relaciones Públicas, Comunicación Audiovisual o similar.</li>
<li>Experiencia: 1 a 3 años en posiciones similares.</li>
<li>Competencias técnicas: Manejo fluido de herramientas de diseño gráfico (Adobe Illustrator, Photoshop, Canva o similares) y software de edición de vídeo y audio.</li>
<li>Competencias personales: Proactividad, creatividad, capacidad de trabajo autónomo y buenas dotes de comunicación.</li>
</ul>
<p><strong>Se ofrece:</strong></p>
<ul>
<li>Contrato indefinido.</li>
<li>Jornada indiferente.</li>
</ul>
<p><strong>Para participar:</strong></p>
<ul>
<li>En el enlace adjunto se puede acceder a la solicitud para el puesto. <strong>Se recuerda que, para presentar su candidatura, deberá estar inscrito/a en el portal que publica la oferta.</strong></li>
</ul><p><strong>Información obtenida de: </strong>Internet/Prensa. <a href='https://www.infojobs.net' target='_blank'>https://www.infojobs.net</a></p><p><strong>Enlaces relacionados:</strong><ul><li><a href='https://www.infojobs.net/burgos/especialista-marketing-comunicacion/of-i2e36a4ff2149d8bc750b3ed9e26e4e?applicationOrigin=search-new&page=1&sortBy=PUBLICATION_DATE' target='_blank'>Más información</a></li></ul></p><p>Información procedente de: <a href='https://servicios3.jcyl.es/enbo/siau/webapp/boletinEmpleoCyL/boletin/c2hCOFZzR0JFbmdMcGR0bnh6REdKV3R4dWE2ZHpNRzB4b1loc21oUzFsMD0%3D/EMPLEO-INTERNET-PRENSA/149038' target='_blank'><strong>Boletín de Empleo de Castilla y León (Ecyl)</strong>.</a></p>";;Internet / Prensa;1179297447246;Burgos;42.3408235575;-3.70205869083;09;1285679508291;2026-09-16;https://empleo.jcyl.es/web/jcyl/Empleo/es/Plantilla100Detalle/1284216458054/OfertasEmpleo/1285679508291/Empleo;42.3408235575, -3.70205869083
PROFESORES DE IDIOMAS, EN GENERAL;Burgos;2026-09-16;"<p>CONTACTAR CON LA OFICINA DE EMPLEO DE MIRANDA DE EBRO.
TFNO. 947320408
NO ENVIAR CV</p><p>Para más información acuda a <a href='http://empleocastillayleon.jcyl.es/oficinavirtual/buscoEmpleoPub.do?srvc=ver&scope=reg&cod=394416'>Oficina Virtual</a></p>";;ECYL;1179297562001;Miranda de Ebro;42.679066;-2.9675572;09;1285679395675;2026-09-16;https://empleo.jcyl.es/web/jcyl/Empleo/es/Plantilla100Detalle/1284216458054/OfertasEmpleo/1285679395675/Empleo;42.679066, -2.9675572
MÉDICOS, MEDICINA GENERAL;Burgos;2026-09-16;"<p>PUESTO SOLICITADO: Médico/a general 
LOCALIDAD: Carcedo de Burgos (Burgos). 
REQUISITOS: 
. Licenciado en medicina. 
. Colegiación. 
. Manejo de office 365. 
. Se valorarán conocimientos específicos con el colectivo de personas mayores. 
SE OFRECE: Jornada parcial (10h/s) de Lunes a viernes. Contrato Indefinido.</p><p>Para más información acuda a <a href='http://empleocastillayleon.jcyl.es/oficinavirtual/buscoEmpleoPub.do?srvc=ver&scope=reg&cod=394388'>Oficina Virtual</a></p>";;ECYL;1179297452238;Carcedo de Burgos;42.2860651547;-3.62310755837;09;1285679363866;2026-09-16;https://empleo.jcyl.es/web/jcyl/Empleo/es/Plantilla100Detalle/1284216458054/OfertasEmpleo/1285679363866/Empleo;42.2860651547, -3.62310755837
Técnico/a comercial zona norte para Miranda de Ebro (Burgos);Burgos;2026-09-16;"<p style='text-align: justify;'><em>Talent Services (Grupo Castilla)</em> selecciona un/a <strong>TÉCNICO/A COMERCIAL ZONA NORTE</strong> para Miranda de Ebro (Burgos).</p>
<p><strong>Funciones:</strong></p>
<ul>
<li>Desarrollo de negocio de la zona asignada a través de una venta consultiva.</li>
<li>Mantenimiento y fidelización de la cartera de clientes.</li>
<li>Venta y comercialización de equipos y componentes industriales.</li>
<li>Estudio de mercado para apertura de nuevas oportunidades de negocio</li>
<li>Consecución de objetivos y KPIs marcados por la empresa.</li>
<li>Seguimiento de ventas y reporte y seguimiento de impagados, si procede.</li>
<li>Acudir a ferias y eventos profesionales y las acciones posteriores de seguimiento.</li>
<li>Solucionar y/o asesorar a clientes en relación a problemas técnicos de la aplicación, con el fin de asegurar el buen funcionamiento de los equipos.</li>
<li>Impartir formación a técnicos de clientes y distribuciones.</li>
</ul>
<p><strong>Requisitos:</strong></p>
<ul>
<li>Mínimo 4 años de experiencia previa en venta técnico-consultiva y estar familiarizado en el servicio técnico en el ámbito industrial.</li>
<li>Residencia en la zona de la Rioja, País Vasco, <span style='text-decoration: underline;'><span style='color: rgb(0, 0, 0); text-decoration: underline;'>Burgos</span></span> o Cantabria.</li>
<li>Disponibilidad de viajar.</li>
<li>Competencias requeridas: Persona con alta capacidad de escucha activa para entender las necesidades del cliente y traducirlas en soluciones; habilidades de negociación y orientación a objetivos y cierre de ventas.</li>
</ul>
<p><strong>Se ofrece:</strong></p>
<ul>
<li>Contrato indefinido.</li>
<li>Jornada completa.</li>
<li>Formar parte de un equipo con buen ambiente de trabajo y estable.</li>
<li>Incorporación a una compañía referente en el sector.</li>
<li>Seguro colectivo de salud y otros beneficios sociales.</li>
<li>Coche empresa uso profesional y personal + gastos.</li>
</ul>
<p><strong>Para solicitar:</strong></p>
<ul>
<li>En el enlace adjunto se puede acceder a la solicitud para el puesto. <strong>Se recuerda que, para presentar su candidatura, deberá estar inscrito/a en el portal que publica la oferta.</strong></li>
</ul><p><strong>Información obtenida de: </strong>Internet/Prensa. <a href='https://www.infojobs.net/' target='_blank'>https://www.infojobs.net/</a></p><p><strong>Enlaces relacionados:</strong><ul><li><a href='https://www.infojobs.net/miranda-de-ebro/tecnico-comercial-zona-norte/of-i9a1e9f24fa4c25a941270c8569cd12?applicationOrigin=search-new&page=1&sortBy=PUBLICATION_DATE' target='_blank'>Más información</a></li></ul></p><p>Información procedente de: <a href='https://servicios3.jcyl.es/enbo/siau/webapp/boletinEmpleoCyL/boletin/c2hCOFZzR0JFbmdMcGR0bnh6REdKV3R4dWE2ZHpNRzB4b1loc21oUzFsMD0%3D/EMPLEO-INTERNET-PRENSA/149044' target='_blank'><strong>Boletín de Empleo de Castilla y León (Ecyl)</strong>.</a></p>";;Internet / Prensa;1179297562001;Miranda de Ebro;42.679066;-2.9675572;09;1285679507612;2026-09-16;https://empleo.jcyl.es/web/jcyl/Empleo/es/Plantilla100Detalle/1284216458054/OfertasEmpleo/1285679507612/Empleo;42.679066, -2.9675572
4 Soldador/a mig-mag y tig para Burgos;Burgos;2026-09-16;"<p><em>Cde Selección de Personal</em> selecciona cuatro <strong>SOLDADOR/A MIG-MAG Y TIG </strong>para Burgos.</p>
<p><strong>Funciones:</strong></p>
<ul>
<li>Las propias de la ocupación.</li>
</ul>
<p><strong>Requisitos:</strong></p>
<ul>
<li>Experiencia mínima de una año como soldador/a.</li>
<li>Interpretación planos.</li>
</ul>
<p><strong>Se ofrece:</strong></p>
<ul>
<li>Contrato estable de lunes a viernes a turnos.</li>
<li>Salario convenio siderometalurgia.</li>
<li>Incorporación inmediata.</li>
</ul>
<p><strong>Para participar:</strong></p>
<ul>
<li>En el enlace adjunto se puede acceder a la solicitud para el puesto. <strong>Se recuerda que, para presentar su candidatura, deberá estar inscrito/a en el portal que publica la</strong> <strong>oferta</strong>.</li>
</ul><p><strong>Información obtenida de: </strong>Internet/Prensa. <a href='https://www.infojobs.net/' target='_blank'>https://www.infojobs.net/</a></p><p><strong>Enlaces relacionados:</strong><ul><li><a href='https://www.infojobs.net/burgos/soldador-mig-mag-tig/of-if6796b2203406e976ccef198636f1f?applicationOrigin=search-new&page=1&sortBy=PUBLICATION_DATE' target='_blank'>Más información</a></li></ul></p><p>Información procedente de: <a href='https://servicios3.jcyl.es/enbo/siau/webapp/boletinEmpleoCyL/boletin/c2hCOFZzR0JFbmdMcGR0bnh6REdKV3R4dWE2ZHpNRzB4b1loc21oUzFsMD0%3D/EMPLEO-INTERNET-PRENSA/149035' target='_blank'><strong>Boletín de Empleo de Castilla y León (Ecyl)</strong>.</a></p>";;Internet / Prensa;1179297447246;Burgos;42.3408235575;-3.70205869083;09;1285679507705;2026-09-16;https://empleo.jcyl.es/web/jcyl/Empleo/es/Plantilla100Detalle/1284216458054/OfertasEmpleo/1285679507705/Empleo;42.3408235575, -3.70205869083
Responsable de calidad (área piensos) para Burgos;Burgos;2026-09-16;"<p><em>Uvesa</em> selecciona un/a <strong>RESPONSABLE DE CALIDAD DEL ÁREA DE PIENSOS</strong> para Burgos.</p>
<p><strong>Funciones:</strong></p>
<ul>
<li style='text-align: justify;'>Ejecutar el sistema de gestión en su centro de trabajo.</li>
<li style='text-align: justify;'>Organizar y preparar junto a otras áreas del centro cualquier auditoria que le aplique al centro (interna, administración pública, cliente, certificaciones (IFS, BRC, SAE, WQ, ISO).</li>
<li style='text-align: justify;'>Definir e implantar medidas preventivas y correctivas derivadas de no conformidades.</li>
<li style='text-align: justify;'>Organizar, supervisar y atender al equipo de técnicos de su centro de trabajo, liderando, desarrollando y organizando al equipo.</li>
<li style='text-align: justify;'> Realizar y controlar el presupuesto asignado, realización de informes para la toma de decisiones.</li>
<li style='text-align: justify;'>Diseñar e impartir acciones formativas e informativas sobre su ámbito de actuación.</li>
<li style='text-align: justify;'>Asistir a reuniones, comités, etc. en su ámbito de actuación participando de un modo activo.</li>
<li style='text-align: justify;'>Ser garante de los valores de Uvesa.</li>
</ul>
<p><strong>Requisitos:</strong></p>
<ul>
<li>Estudios mínimos: Graduado/a Tecnología de los alimentos, Agrícola, Agrónomo, Biología, Veterinaria, Máster en Seguridad Alimentaria..</li>
<li>Experiencia mínima: experiencia mínima de más de 1 año en posición similar (deseable 5 años).</li>
<li>Conocimientos profundos normativa de calidad y seguridad alimentaria (ISO *texto oculto*IFS, BRC).</li>
<li>Experiencia en la gestión de departamentos de calidad. Implantación y mantenimiento de sistemas de gestión y realización de auditorias.</li>
<li>Deseable usuario/a avanzado/a Ms Office.</li>
</ul>
<p><strong>Se ofrece:</strong></p>
<ul>
<li>Contrato indefinido.</li>
<li>Jornada indiferente.</li>
<li>Salario acorde al puesto..</li>
<li>Incorporación a una empresa líder en el sector agroalimentario.</li>
</ul>
<p><strong>Para solicitar:</strong></p>
<ul>
<li>En el enlace adjunto se puede acceder a la solicitud para el puesto. <strong>Se recuerda que, para presentar su candidatura, deberá estar inscrito/a en el portal que publica la oferta.</strong></li>
</ul><p><strong>Información obtenida de: </strong>Internet/Prensa. <a href='https://www.infojobs.net' target='_blank'>https://www.infojobs.net</a></p><p><strong>Enlaces relacionados:</strong><ul><li><a href='https://www.infojobs.net/burgos/responsable-calidad-area-piensos-burgos/of-ifaa573841f44719af581fd2e9bf673?applicationOrigin=search-new&page=1&sortBy=RELEVANCE' target='_blank'>https://www.infojobs.net/burgos/responsable-calidad-area-piensos-burgos/of-ifaa573841f44719af581fd2e9bf673?applicationOrigin=search-new&page=1&sortBy=RELEVANCE</a></li></ul></p><p>Información procedente de: <a href='https://servicios3.jcyl.es/enbo/siau/webapp/boletinEmpleoCyL/boletin/c2hCOFZzR0JFbmdMcGR0bnh6REdKV3R4dWE2ZHpNRzB4b1loc21oUzFsMD0%3D/EMPLEO-INTERNET-PRENSA/149079' target='_blank'><strong>Boletín de Empleo de Castilla y León (Ecyl)</strong>.</a></p>";;Internet / Prensa;1179297447246;Burgos;42.3408235575;-3.70205869083;09;1285679507956;2026-09-16;https://empleo.jcyl.es/web/jcyl/Empleo/es/Plantilla100Detalle/1284216458054/OfertasEmpleo/1285679507956/Empleo;42.3408235575, -3.70205869083
Dependiente/a para Burgos;Burgos;2026-09-16;"<p><em>Oro Caja</em> selecciona un/a <strong>DEPENDIENTE/A</strong> para Burgos.</p>
<p><strong>Funciones:</strong></p>
<ul>
<li>Atención al cliente, tasación y compraventa de joyas.</li>
<li>Cobro/pago en caja y gestión de inventario. Tareas administrativas correspondientes.</li>
<li>Alta orientación al cliente, capacidad para empatizar.</li>
</ul>
<p><strong>Requisitos:</strong></p>
<ul>
<li>Estudios mínimos: Educación Secundaria Obligatoria.</li>
<li>Experiencia mínima: No requerida.</li>
</ul>
<p><strong>Se ofrece:</strong></p>
<ul>
<li>Contrato indefinido.</li>
<li>Jornada indiferente.</li>
<li>Salario según convenio.</li>
</ul>
<p><strong>Para solicitar:</strong></p>
<ul>
<li>En el enlace adjunto se puede acceder a la solicitud para el puesto. <strong>Se recuerda que, para presentar su candidatura, deberá estar inscrito/a en el portal que publica la oferta.</strong></li>
</ul><p><strong>Información obtenida de: </strong>Internet/Prensa. <a href='https://www.infojobs.net' target='_blank'>https://www.infojobs.net</a></p><p><strong>Enlaces relacionados:</strong><ul><li><a href='https://www.infojobs.net/burgos/dependiente-dependienta-burgos/of-ic2173774814302b9d5d15047c57a5e?applicationOrigin=search-new&page=1&sortBy=RELEVANCE' target='_blank'>https://www.infojobs.net/burgos/dependiente-dependienta-burgos/of-ic2173774814302b9d5d15047c57a5e?applicationOrigin=search-new&page=1&sortBy=RELEVANCE</a></li></ul></p><p>Información procedente de: <a href='https://servicios3.jcyl.es/enbo/siau/webapp/boletinEmpleoCyL/boletin/c2hCOFZzR0JFbmdMcGR0bnh6REdKV3R4dWE2ZHpNRzB4b1loc21oUzFsMD0%3D/EMPLEO-INTERNET-PRENSA/149081' target='_blank'><strong>Boletín de Empleo de Castilla y León (Ecyl)</strong>.</a></p>";;Internet / Prensa;1179297447246;Burgos;42.3408235575;-3.70205869083;09;1285679507984;2026-09-16;https://empleo.jcyl.es/web/jcyl/Empleo/es/Plantilla100Detalle/1284216458054/OfertasEmpleo/1285679507984/Empleo;42.3408235575, -3.70205869083
Operario/a de bodega para Aranda de Duero (Burgos);Burgos;2026-09-16;"<p><em>Iman Temporing</em> selecciona un/a <strong>OPERARIO/A DE BODEGA</strong> para Aranda de Duero (Burgos).</p>
<p><strong>Funciones:</strong></p>
<ul>
<li>En bodega, tareas de laboreo, embotellado y etiquetado.</li>
<li>Contribuir directamente en el proceso de elaboración y cuidado del vino.</li>
</ul>
<p><strong>Requisitos:</strong></p>
<ul>
<li>Estudios mínimos: Educación Secundaria Obligatoria.</li>
<li>Experiencia previa de al menos 1 años en un puesto similar.</li>
<li>Carnet de conducir y vehículo propio.</li>
<li>Disponibilidad para incorporación inmediata y compromiso.</li>
</ul>
<p><strong>Se ofrece:</strong></p>
<ul>
<li>Contrato a través de ETT.</li>
<li>Incorporación inmediata.</li>
<li>Desarrollo y aprendizaje continuo.</li>
<li>Salario competitivo.</li>
</ul>
<p><strong>Para participar:</strong></p>
<ul>
<li>En el enlace adjunto se puede acceder a la solicitud para el puesto. <strong>Se recuerda que, para presentar su candidatura, deberá estar inscrito/a en el portal que publica la oferta.</strong></li>
</ul><p><strong>Información obtenida de: </strong>Internet/Prensa. <a href='https://www.infojobs.net' target='_blank'>https://www.infojobs.net</a></p><p><strong>Enlaces relacionados:</strong><ul><li><a href='https://www.infojobs.net/aranda-de-duero/operario-bodega/of-ic9b2f4e25e4070877901f0032093fd?applicationOrigin=search-new&page=1&sortBy=PUBLICATION_DATE' target='_blank'>Más información</a></li></ul></p><p>Información procedente de: <a href='https://servicios3.jcyl.es/enbo/siau/webapp/boletinEmpleoCyL/boletin/c2hCOFZzR0JFbmdMcGR0bnh6REdKV3R4dWE2ZHpNRzB4b1loc21oUzFsMD0%3D/EMPLEO-INTERNET-PRENSA/149037' target='_blank'><strong>Boletín de Empleo de Castilla y León (Ecyl)</strong>.</a></p>";;Internet / Prensa;1179297429124;Aranda de Duero;41.67027;-3.68877;09;1285679508248;2026-09-16;https://empleo.jcyl.es/web/jcyl/Empleo/es/Plantilla100Detalle/1284216458054/OfertasEmpleo/1285679508248/Empleo;41.67027, -3.68877
Jefe/a de producción junior para Burgos;Burgos;2026-09-16;"<p><em>Copsa Empresa Constructora SA</em> selecciona un/a <strong>JEFE/A DE PRODUCCIÓN JUNIOR</strong> para Burgos.</p>
<p><strong>Funciones:</strong></p>
<ul>
<li>Apoyar en la organización y coordinación de los recursos humanos y materiales en obra.</li>
<li>Colaborar en el seguimiento de plazos, costes y calidad del proyecto.</li>
<li>Dar soporte en la supervisión de la ejecución de los trabajos en obra.</li>
<li>Participar en la coordinación del equipo y en la comunicación entre las distintas áreas implicadas.</li>
<li>Apoyar en el cumplimiento de las normas de calidad, seguridad y medio ambiente.</li>
<li>Colaborar en el control del contrato y en el seguimiento con cliente, proveedores y subcontratas.</li>
<li>Contribuir al seguimiento del avance de obra y a la elaboración de reportes periódicos.</li>
<li>Participar en la identificación de incidencias y en la propuesta de mejoras operativas.</li>
</ul>
<p><strong>Requisitos:</strong></p>
<ul>
<li>Estudios mínimos: Grado.</li>
<li>Interés por desarrollarse profesionalmente en el ámbito de la obra civil a pie de obra.</li>
<li>Capacidad de organización, iniciativa y trabajo en equipo.</li>
<li>Habilidades de comunicación y orientación a resultados.</li>
<li>Manejo de herramientas ofimáticas y software técnico (valorables conocimientos en Presto, Autocad, Project, etc.).</li>
<li>Disponibilidad para desplazamientos según necesidades del proyecto.</li>
</ul>
<p><strong>Se ofrece:</strong></p>
<ul>
<li>Contrato indefinido, jornada completa.</li>
<li>Incorporación a una empresa sólida y en crecimiento.</li>
<li>Plan de desarrollo profesional y acompañamiento por parte del equipo técnico senior.</li>
<li>Entorno de trabajo dinámico, colaborativo y orientado a la mejora continua.</li>
<li>Condiciones económicas acordes a la experiencia aportada.</li>
</ul>
<p><strong>Para participar:</strong></p>
<ul>
<li>En el enlace adjunto se puede acceder a la solicitud para el puesto. <strong>Se recuerda que, para presentar su candidatura, deberá estar inscrito/a en el portal que publica la oferta.</strong></li>
</ul><p><strong>Información obtenida de: </strong>Internet/Prensa. <a href='https://www.infojobs.net/' target='_blank'>https://www.infojobs.net/</a></p><p><strong>Enlaces relacionados:</strong><ul><li><a href='https://www.infojobs.net/burgos/jefe-produccion-junior/of-i4245f2b87b4bf8a3e2eb2338e9b51b?applicationOrigin=search-new&page=1&sortBy=PUBLICATION_DATE' target='_blank'>Más información</a></li></ul></p><p>Información procedente de: <a href='https://servicios3.jcyl.es/enbo/siau/webapp/boletinEmpleoCyL/boletin/c2hCOFZzR0JFbmdMcGR0bnh6REdKV3R4dWE2ZHpNRzB4b1loc21oUzFsMD0%3D/EMPLEO-INTERNET-PRENSA/149040' target='_blank'><strong>Boletín de Empleo de Castilla y León (Ecyl)</strong>.</a></p>";;Internet / Prensa;1179297447246;Burgos;42.3408235575;-3.70205869083;09;1285679506932;2026-09-16;https://empleo.jcyl.es/web/jcyl/Empleo/es/Plantilla100Detalle/1284216458054/OfertasEmpleo/1285679506932/Empleo;42.3408235575, -3.70205869083
AUXILIARES DE ENFERMERÍA;Burgos;2026-09-16;"<p>Se precisa TÉCNICO ATENCIÓN DIRECTA para Residencia de Personas Mayores de Cortes, dependiente de Gerencia Territorial de Servicios Sociales de Burgos. Contrato temporal a jornada completa horario continuado para cubrir incapacidad temporal.
Oferta dirigida a personas inscritas en los Servicios Públicos de Empleo. 
Nivel formativo: Título de técnico en atención a personas en situación de dependencia o título equivalente de técnico de atención sociosanitaria, o bien título de técnico en cuidados auxiliares de enfermería, o los títulos equivalentes a este segundo de técnico auxiliar clínica, técnico auxiliar psiquiatría y técnico auxiliar de enfermería.
No se contestarán candidaturas sin los requisitos pedidos. 
INTERESADOS contactar con nombre completo y DNI/NIE a ecyljuandepadilla.ofertas@jcyl.es con referencia ?OFERTA 19406 TAD?.</p><p>Para más información acuda a <a href='http://empleocastillayleon.jcyl.es/oficinavirtual/buscoEmpleoPub.do?srvc=ver&scope=reg&cod=394222'>Oficina Virtual</a></p>";;ECYL;1179297447246;Burgos;42.3408235575;-3.70205869083;09;1285679513255;2026-09-16;https://empleo.jcyl.es/web/jcyl/Empleo/es/Plantilla100Detalle/1284216458054/OfertasEmpleo/1285679513255/Empleo;42.3408235575, -3.70205869083
COCINEROS, EN GENERAL;Burgos;2026-09-16;"<p>PUESTO SOLICITADO: Cocinero/a 
LOCALIDAD: Belorado (Burgos). 
REQUISITOS: No requiere titulación, solo saber cocinar. 
SE OFRECE: Jornada completa (mañana/tarde). Contrato temporal.</p><p>Para más información acuda a <a href='http://empleocastillayleon.jcyl.es/oficinavirtual/buscoEmpleoPub.do?srvc=ver&scope=reg&cod=394406'>Oficina Virtual</a></p>";;ECYL;1179297442141;Belorado;42.344475;-3.6919074;09;1285679394610;2026-09-16;https://empleo.jcyl.es/web/jcyl/Empleo/es/Plantilla100Detalle/1284216458054/OfertasEmpleo/1285679394610/Empleo;42.344475, -3.6919074
MECÁNICOS DE MANTENIMIENTO Y REPARACIÓN DE AUTOMOCIÓN, EN GENERAL;Burgos;2026-09-16;"<p>PUESTO SOLICITADO: Mecánico (oficial de 1ª) de vehículos ligeros y maquinaría en general.
LOCALIDAD: Merindad de Río Ubierna
SE OFRECE: Contrato laboral indefinido
Jornada completa.
Horario continuo de lunes a viernes.</p><p>Para más información acuda a <a href='http://empleocastillayleon.jcyl.es/oficinavirtual/buscoEmpleoPub.do?srvc=ver&scope=reg&cod=394389'>Oficina Virtual</a></p>";;ECYL;1179297744596;Merindad de Rio Ubierna;42.495594;-3.6993656;09;1285679363680;2026-09-16;https://empleo.jcyl.es/web/jcyl/Empleo/es/Plantilla100Detalle/1284216458054/OfertasEmpleo/1285679363680/Empleo;42.495594, -3.6993656
Electromecánico/a de coches para Burgos;Burgos;2026-09-16;"<p><em>Randstad</em> selecciona un/a <strong>ELECTROMECÁNICO DE COCHES</strong> para Burgos.</p>
<p><strong>Funciones:</strong></p>
<ul>
<li>Mantenimiento general de vehículos (cambios de aceite, sustitución de filtros, preparación de vehículos para la ITV, distribuciones, embragues, cambios de neumáticos,...)</li>
<li>Diagnostico y reparación de averías mecánicas y eléctricas.</li>
</ul>
<p><strong>Requisitos:</strong></p>
<ul>
<li>Formación: FP Grado Medio, FP Grado Superior en mecánica o similar.</li>
<li>Conocimientos: mantenimiento de vehículos, averías mecánicas y eléctricas</li>
<li>Experiencia: 2 años</li>
</ul>
<p><strong>Se ofrece:</strong></p>
<ul>
<li>Contrato indefinido, jornada completa.</li>
<li>Incorporación directa a plantilla.</li>
<li>Posición estable.</li>
<li>Horario rotativo, una semana jornada continua y la siguiente jornada partida.</li>
<li>Salario según valía del candidato.</li>
</ul>
<p><strong>Para participar:</strong></p>
<ul>
<li>En el enlace adjunto se puede acceder a la solicitud para el puesto. <strong>Se recuerda que, para presentar su candidatura, deberá estar inscrito/a en el portal que publica la oferta.</strong></li>
</ul><p><strong>Información obtenida de: </strong>Internet/Prensa. <a href='https://www.infojobs.net.' target='_blank'>https://www.infojobs.net.</a></p><p><strong>Enlaces relacionados:</strong><ul><li><a href='https://www.infojobs.net/burgos/electromecanico-coches/of-i96609cfab04f63a3936973671d7df4?applicationOrigin=search-new&page=1&sortBy=RELEVANCE' target='_blank'>Más información</a></li></ul></p><p>Información procedente de: <a href='https://servicios3.jcyl.es/enbo/siau/webapp/boletinEmpleoCyL/boletin/c2hCOFZzR0JFbmdMcGR0bnh6REdKV3R4dWE2ZHpNRzB4b1loc21oUzFsMD0%3D/EMPLEO-INTERNET-PRENSA/148592' target='_blank'><strong>Boletín de Empleo de Castilla y León (Ecyl)</strong>.</a></p>";;Internet / Prensa;1179297447246;Burgos;42.3408235575;-3.70205869083;09;1285679507296;2026-09-16;https://empleo.jcyl.es/web/jcyl/Empleo/es/Plantilla100Detalle/1284216458054/OfertasEmpleo/1285679507296/Empleo;42.3408235575, -3.70205869083
Técnico/a de calefacción industrial para Burgos;Burgos;2026-09-16;"<p><em>Lankube S.A. s</em>elecciona un/a <strong>TÉCNICO/A CALEFACCIÓN INDUSTRIAL </strong>para Burgos.</p>
<p><strong>Funciones:</strong></p>
<ul>
<li>Se responsabilizará del montaje de equipos, puesta en marcha y mantenimiento, de nuestros sistemas Uberta.</li>
</ul>
<p><strong>Requisitos:</strong></p>
<ul>
<li style='text-align: justify;'>Formación Profesional en Montaje y Mantenimiento de Instalaciones frigoríficas y Térmicas (climatización, calefacción, energía solar).</li>
<li style='text-align: justify;'>Experiencia en funciones como instalador/a RITE o frigorista, fontanería, o actividades similares.</li>
<li style='text-align: justify;'>Conocimientos de electricidad. Experiencia en montaje y mantenimiento de instalaciones de frío, climatización y producción de calor, instalaciones térmicas y de fluidos, o similares.</li>
<li style='text-align: justify;'>Capacidad de organización de trabajos en obra.</li>
<li style='text-align: justify;'>Carnet de conducir.</li>
<li style='text-align: justify;'>Disponibilidad para viajar.</li>
<li style='text-align: justify;'>Se valorará: Formación PRL en trabajos en altura y manejo de plataformas elevadoras. Manipulador de gases refrigerantes, carnés profesionales.</li>
<li style='text-align: justify;'>Idiomas requeridos: Inglés - Intermedio.</li>
</ul>
<p><strong>Se ofrece: </strong></p>
<ul>
<li>Contrato indefinido.</li>
<li>Jornada completa.</li>
<li>Salario: 26.000euros - 36.000euros Bruto/año.</li>
</ul>
<p><strong>Para participar:</strong></p>
<ul>
<li>En el enlace adjunto se puede acceder a la solicitud para el puesto. <strong>Se recuerda que, para presentar su candidatura, deberá estar inscrito/a en el portal que publica la</strong> <strong>oferta.</strong></li>
</ul><p><strong>Información obtenida de: </strong>Internet/Prensa. <a href='https://www.infojobs.net' target='_blank'>https://www.infojobs.net</a></p><p><strong>Enlaces relacionados:</strong><ul><li><a href='https://www.infojobs.net/burgos/tecnico-calefaccion-industrial/of-idccc295be646c38496ea7e5a275060?applicationOrigin=search-new&page=1&sortBy=PUBLICATION_DATE' target='_blank'>Más información</a></li></ul></p><p>Información procedente de: <a href='https://servicios3.jcyl.es/enbo/siau/webapp/boletinEmpleoCyL/boletin/c2hCOFZzR0JFbmdMcGR0bnh6REdKV3R4dWE2ZHpNRzB4b1loc21oUzFsMD0%3D/EMPLEO-INTERNET-PRENSA/149032' target='_blank'><strong>Boletín de Empleo de Castilla y León (Ecyl)</strong>.</a></p>";;Internet / Prensa;1179297447246;Burgos;42.3408235575;-3.70205869083;09;1285679507874;2026-09-16;https://empleo.jcyl.es/web/jcyl/Empleo/es/Plantilla100Detalle/1284216458054/OfertasEmpleo/1285679507874/Empleo;42.3408235575, -3.70205869083
PROFESORES DE IDIOMAS, EN GENERAL;Burgos;2026-09-16;"<p>CONTACTAR CON LA OFICINA DE EMPLEO DE MIRANDA DE EBRO
TFNO. 947320408
NO ENVIAR CV</p><p>Para más información acuda a <a href='http://empleocastillayleon.jcyl.es/oficinavirtual/buscoEmpleoPub.do?srvc=ver&scope=reg&cod=394419'>Oficina Virtual</a></p>";;ECYL;1179297562001;Miranda de Ebro;42.679066;-2.9675572;09;1285679395493;2026-09-16;https://empleo.jcyl.es/web/jcyl/Empleo/es/Plantilla100Detalle/1284216458054/OfertasEmpleo/1285679395493/Empleo;42.679066, -2.9675572
DEPENDIENTES DE FLORISTERÍA;Burgos;2026-09-16;<p>Para más información acuda a <a href='http://empleocastillayleon.jcyl.es/oficinavirtual/buscoEmpleoPub.do?srvc=ver&scope=reg&cod=394395'>Oficina Virtual</a></p>;;ECYL;1179297447246;Burgos;42.3408235575;-3.70205869083;09;1285679363596;2026-09-16;https://empleo.jcyl.es/web/jcyl/Empleo/es/Plantilla100Detalle/1284216458054/OfertasEmpleo/1285679363596/Empleo;42.3408235575, -3.70205869083
CAMAREROS, EN GENERAL;Burgos;2026-09-16;"<p>Se busca ayudante de camarero o camarera para desempeñar funciones propias del puesto; transporte de platos, recogidas de mesas, trato con el cliente... etc Se valora experiencia.</p><p>Para más información acuda a <a href='http://empleocastillayleon.jcyl.es/oficinavirtual/buscoEmpleoPub.do?srvc=ver&scope=reg&cod=394361'>Oficina Virtual</a></p>";;ECYL;1179297748272;Alfoz de Quintanadueñas;42.384876;-3.737296;09;1285679330691;2026-09-16;https://empleo.jcyl.es/web/jcyl/Empleo/es/Plantilla100Detalle/1284216458054/OfertasEmpleo/1285679330691/Empleo;42.384876, -3.737296
Fisioterapeuta para León;León;2026-09-16;"<p><em>Mutua Montañesa</em> selecciona un/a <strong>FISIOTERAPEUTA</strong> para León.</p>
<p><strong>Funciones:</strong></p>
<ul>
<li style='text-align: justify;'>Realizar el tratamiento manual del paciente, siguiendo las directrices de la jefatura de rehabilitación.</li>
<li style='text-align: justify;'>Controlar la asistencia del paciente y el cumplimiento de los tratamientos pautados, comunicando incidencias a la jefatura de fisioterapia.</li>
<li style='text-align: justify;'>Registrar la información sobre la evolución y seguimiento del paciente durante el proceso rehabilitador, así como comunicar incidencias y evolución de los pacientes asignados.</li>
<li style='text-align: justify;'>Participar activamente en las sesiones clínicas y de gestión organizativa dirigidas o convocadas por la jefatura de rehabilitación y/o jefatura de fisioterapia.</li>
<li style='text-align: justify;'>Colaborar con la jefatura de fisioterapia en el cumplimiento y propuesta de mejora de los objetivos de rendimiento y calidad del servicio de fisioterapia.</li>
</ul>
<p><strong>Requisitos:</strong></p>
<ul>
<li>Grado en Fisioterapia.</li>
<li>Experiencia mínima de al menos 1 año.</li>
<li>Conocimientos necesarios: tratamiento manual de pacientes, rehabilitación, gestión organizativa, registro clínico.</li>
</ul>
<p><strong>Se ofrece:</strong></p>
<ul>
<li>Contrato indefinido.</li>
<li>Jornada parcial.</li>
<li>Horario de mañana.</li>
</ul>
<p><strong>Para solicitar:</strong></p>
<ul>
<li>En el enlace adjunto se puede acceder a la solicitud para el puesto.<strong> Se recuerda que, para poder presentar su candidatura, debe estar inscrito/a en el portal de empleo que publica la oferta.</strong></li>
</ul><p><strong>Información obtenida de: </strong>Internet/Prensa. <a href='https://www.infojobs.net' target='_blank'>https://www.infojobs.net</a></p><p><strong>Enlaces relacionados:</strong><ul><li><a href='https://www.infojobs.net/leon/fisioterapeuta-leon/of-if5a10950e14916b869c4a867a23e46?applicationOrigin=search-new&page=1&sortBy=PUBLICATION_DATE' target='_blank'>Más información e inscripción a la oferta</a></li></ul></p><p>Información procedente de: <a href='https://servicios3.jcyl.es/enbo/siau/webapp/boletinEmpleoCyL/boletin/c2hCOFZzR0JFbmdMcGR0bnh6REdKV3R4dWE2ZHpNRzB4b1loc21oUzFsMD0%3D/EMPLEO-INTERNET-PRENSA/149056' target='_blank'><strong>Boletín de Empleo de Castilla y León (Ecyl)</strong>.</a></p>";;Internet / Prensa;1179297860755;León;42.59873;-5.5670958;24;1285679507846;2026-09-16;https://empleo.jcyl.es/web/jcyl/Empleo/es/Plantilla100Detalle/1284216458054/OfertasEmpleo/1285679507846/Empleo;42.59873, -5.5670958
Carrista con discapacidad para Ponferrada (León);León;2026-09-16;"<p><em>Ilunión Facility Services</em> selecciona <strong>PERSONAL DE LIMPIEZA / CARRISTA</strong> <strong>CON DISCAPACIDAD </strong>para Ponferrada (León).</p>
<p><strong>Funciones:</strong></p>
<ul>
<li>Recogida y colocación de carros de compra dentro del parking y en las instalaciones del centro comercial.</li>
<li>Ubicación y limpieza de los carros de la compra para que estén disponibles para los clientes.</li>
</ul>
<p><strong>Requisitos:</strong></p>
<ul>
<li>Residencia en Ponferrada.</li>
<li>Capacidad física para empuje de cargas.</li>
<li>Certificado de discapacidad igual o superior al 33%.</li>
</ul>
<p><strong>Se ofrece:</strong></p>
<ul>
<li>Contrato indefinido.</li>
<li>Jornada parcial (45%) de lunes a sábados y domingos de apertura.</li>
<li>Horario aproximado: 17:30 h a 21 h.</li>
<li>Salario bruto anual: 10.000euros - 12.000euros.</li>
</ul>
<p><strong>Para solicitar:</strong></p>
<ul>
<li>En el enlace adjunto se puede acceder a la solicitud para el puesto. <strong>Se recuerda que, para poder presentar su candidatura, debe estar inscrito en el portal de empleo que publica la oferta.</strong></li>
</ul><p><strong>Información obtenida de: </strong>Internet/Prensa. <a href='https://www.infojobs.net' target='_blank'>https://www.infojobs.net</a></p><p><strong>Enlaces relacionados:</strong><ul><li><a href='https://www.infojobs.net/ponferrada/personal-limpieza-h-m-d-ponferrada-leon/of-i57da5d743c42b09006a425e9d74865?applicationOrigin=search-new&page=1&sortBy=PUBLICATION_DATE' target='_blank'>Más información e inscripción a la oferta</a></li></ul></p><p>Información procedente de: <a href='https://servicios3.jcyl.es/enbo/siau/webapp/boletinEmpleoCyL/boletin/c2hCOFZzR0JFbmdMcGR0bnh6REdKV3R4dWE2ZHpNRzB4b1loc21oUzFsMD0%3D/EMPLEO-INTERNET-PRENSA/149052' target='_blank'><strong>Boletín de Empleo de Castilla y León (Ecyl)</strong>.</a></p>";;Internet / Prensa;1179297888504;Ponferrada;42.549995;-6.598259;24;1285679508012;2026-09-16;https://empleo.jcyl.es/web/jcyl/Empleo/es/Plantilla100Detalle/1284216458054/OfertasEmpleo/1285679508012/Empleo;42.549995, -6.598259
2 Operario/a de almacén para zona Cistierna (León);León;2026-09-16;"<p><em>Ananda</em> selecciona dos<strong> OPERARIO/A DE ALMACÉN </strong>- zona de Cistierna (León)</p>
<p><strong>Funciones:</strong></p>
<ul>
<li>Recepción, ubicación y organización de mercancía en almacén.</li>
<li>Preparación y acondicionamiento de pedidos.</li>
<li>Picking y preparación de mercancía para expedición.</li>
<li>Carga y descarga de productos.</li>
<li>Colocación, etiquetado y paletizado de mercancía.</li>
<li>Manejo de carretilla elevadora para la carga, descarga, ubicación y movimiento interno de mercancía.</li>
<li>Movimientos internos de producto y organización de las diferentes zonas del almacén.</li>
</ul>
<p><strong>Requisitos:</strong></p>
<ul>
<li>Se valorará experiencia previa en almacén, logística, industria alimentaria o puestos similares.</li>
<li>Experiencia en el manejo de carretilla elevadora.</li>
<li>Imprescindible disponer de certificado/carnet de carretilla elevadora en vigor.</li>
<li>Disponibilidad para trabajar en turnos rotativos de mañana y tarde.</li>
<li>Disponibilidad para desplazarse hasta el centro de trabajo. Se valorará disponer de carnet de conducir y vehículo propio.</li>
<li>Persona responsable, comprometida y puntual.</li>
<li>Capacidad para realizar trabajos físicos y seguir procedimientos de trabajo.</li>
<li>Valorable experiencia en preparación de pedidos y gestión de mercancía.</li>
</ul>
<p><strong>Se ofrece:</strong></p>
<ul>
<li>Incorporación inicial mediante contrato con Ananda ETT.</li>
<li>Jornada completa de lunes a viernes.</li>
<li>Horario en turnos rotativos: Turno de mañana: de 06:00 a 14:00 horas; Turno de tarde: de 14:00 a 22:00 horas.</li>
<li>Salario: 19.000euros - 20.000euros Bruto/año</li>
<li>Formación inicial para el correcto desarrollo del puesto.</li>
<li>Integración en una empresa consolidada del sector agroalimentario.</li>
</ul>
<p><strong>Para solicitar:</strong></p>
<ul>
<li>En el enlace adjunto se puede acceder a la solicitud para el puesto. <strong>Se recuerda que, para poder presentar su candidatura, debe estar inscrito en el portal de empleo que publica la oferta.</strong></li>
</ul><p><strong>Información obtenida de: </strong>Internet/Prensa. <a href='https://www.infojobs.net/' target='_blank'>https://www.infojobs.net/</a></p><p><strong>Enlaces relacionados:</strong><ul><li><a href='https://www.infojobs.net/cistierna/operario-almacen-zona-cistierna-h-m/of-i5c5d8eed5e4a5584a29574f7534716?applicationOrigin=search-new&page=1&sortBy=PUBLICATION_DATE' target='_blank'>Más información e inscripción a la oferta</a></li></ul></p><p>Información procedente de: <a href='https://servicios3.jcyl.es/enbo/siau/webapp/boletinEmpleoCyL/boletin/c2hCOFZzR0JFbmdMcGR0bnh6REdKV3R4dWE2ZHpNRzB4b1loc21oUzFsMD0%3D/EMPLEO-INTERNET-PRENSA/148991' target='_blank'><strong>Boletín de Empleo de Castilla y León (Ecyl)</strong>.</a></p>";;Internet / Prensa;1179297821881;Cistierna;42.80451;-5.125196;24;1285679507044;2026-09-16;https://empleo.jcyl.es/web/jcyl/Empleo/es/Plantilla100Detalle/1284216458054/OfertasEmpleo/1285679507044/Empleo;42.80451, -5.125196
FISIOTERAPEUTAS, EN GENERAL;León;2026-09-16;<p>Para más información acuda a <a href='http://empleocastillayleon.jcyl.es/oficinavirtual/buscoEmpleoPub.do?srvc=ver&scope=reg&cod=394487'>Oficina Virtual</a></p>;;ECYL;1179298026515;Villarejo de Órbigo;42.445076;-5.9046545;24;1285679514732;2026-09-16;https://empleo.jcyl.es/web/jcyl/Empleo/es/Plantilla100Detalle/1284216458054/OfertasEmpleo/1285679514732/Empleo;42.445076, -5.9046545
CUIDADORES DE PERSONAS CON DISCAPACIDAD Y/O DEPENDENCIA, EN INSTITUCIONES;León;2026-09-16;<p>Para más información acuda a <a href='http://empleocastillayleon.jcyl.es/oficinavirtual/buscoEmpleoPub.do?srvc=ver&scope=reg&cod=394483'>Oficina Virtual</a></p>;;ECYL;1179298026515;Villarejo de Órbigo;42.445076;-5.9046545;24;1285679513385;2026-09-16;https://empleo.jcyl.es/web/jcyl/Empleo/es/Plantilla100Detalle/1284216458054/OfertasEmpleo/1285679513385/Empleo;42.445076, -5.9046545
MECÁNICOS-AJUSTADORES DE CAMIONES Y AUTOBUSES, EN GENERAL;León;2026-09-16;<p>APOYO EN TAREAS DE MANTENIMIENTO Y REPARACIÓN. ASISTENCIA AL MECÁNICO OFICIAL EN LOS DIAGNÓSTICOS Y REPARACIONES. MANTENIMIENTO PREVENTIVO Y CORRECTIVO. SE VALORARÁ LOS CONOCIMIENTOS EN MECÁNICA DE CAMIONES</p><p>Para más información acuda a <a href='http://empleocastillayleon.jcyl.es/oficinavirtual/buscoEmpleoPub.do?srvc=ver&scope=reg&cod=394430'>Oficina Virtual</a></p>;;ECYL;1179297860755;León;42.59873;-5.5670958;24;1285679395036;2026-09-16;https://empleo.jcyl.es/web/jcyl/Empleo/es/Plantilla100Detalle/1284216458054/OfertasEmpleo/1285679395036/Empleo;42.59873, -5.5670958
4 Vendimiador/a para La Bañeza (León);León;2026-09-16;"<p><em>Randstad</em> selecciona<strong> </strong>cuatro<strong> VENDIMIADOR/A </strong>en La Bañeza (León).</p>
<p><strong>Funciones:</strong></p>
<ul>
<li>Recogida de la uva siguiendo los criterios de calidad de la empresa.</li>
<li>Limpieza de los racimos.</li>
</ul>
<p><strong>Requisitos</strong>:</p>
<ul>
<li>Disponibilidad para para trabajar durante la campaña de la vendimia.</li>
<li>Valorable experiencia previa en recolecta de fruta y/o trabajos agrarios.</li>
<li>Valorable poseer carnet de conducir y vehículo propio.</li>
</ul>
<p><strong>Se ofrece</strong>:</p>
<ul>
<li>Contrato temporal para la campaña.</li>
<li>Jornada laboral completa.</li>
<li>Trabajar en un ambiente agradable, con un equipo de profesionales muy competente.</li>
</ul>
<p><strong>Para solicitar:</strong></p>
<ul>
<li>En el enlace adjunto se puede acceder a la solicitud para el puesto. <strong>Se recuerda que, para poder presentar su candidatura, debe estar inscrito/a en el portal de empleo que publica la oferta.</strong></li>
</ul><p><strong>Información obtenida de: </strong>Internet/Prensa. <a href='https://www.randstad.es' target='_blank'>https://www.randstad.es</a></p><p><strong>Enlaces relacionados:</strong><ul><li><a href='https://www.randstad.es/candidatos/ofertas-empleo/oferta/vendimiador-a-3005020/' target='_blank'>Más información e inscripción a la oferta</a></li></ul></p><p>Información procedente de: <a href='https://servicios3.jcyl.es/enbo/siau/webapp/boletinEmpleoCyL/boletin/c2hCOFZzR0JFbmdMcGR0bnh6REdKV3R4dWE2ZHpNRzB4b1loc21oUzFsMD0%3D/EMPLEO-INTERNET-PRENSA/148987' target='_blank'><strong>Boletín de Empleo de Castilla y León (Ecyl)</strong>.</a></p>";;Internet / Prensa;1179297770767;Bañeza (La);42.2972527905;-5.89591028588;24;1285679507472;2026-09-16;https://empleo.jcyl.es/web/jcyl/Empleo/es/Plantilla100Detalle/1284216458054/OfertasEmpleo/1285679507472/Empleo;42.2972527905, -5.89591028588
Administrativo/a para León;León;2026-09-16;"<p><em>Hospital San Juan de Dios</em> selecciona un/a <strong>ADMINISTRATIVO/A</strong> para el programa de protección internacional de su centro de León.</p>
<p><strong>Funciones:</strong></p>
<ul>
<li style='text-align: justify;'>Provisión de insumos para el equipamiento y dotación permanente del centro: compras de artículos, recepción de pedidos, seguimiento y reclamación de facturas, almacenaje y control de stocks.</li>
<li style='text-align: justify;'>Control de suministros del centro y otros dispositivos del programa: altas/bajas de contratos de suministros, gestión de facturas, gestión de pagos, revisión de precios y penalizaciones.</li>
<li style='text-align: justify;'>Tareas administrativas para la gestión y justificación de la subvención que regula el Programa de Protección Internacional.</li>
<li style='text-align: justify;'>Elaboración de informes financieros y de ejecución de gastos relacionados con las labores del proyecto.</li>
<li style='text-align: justify;'>Manejo y control de la caja chica y/o dinero en efectivo. Registro y contabilización de flujos de caja.</li>
<li style='text-align: justify;'>Gestión de archivo y tratamiento de documentación.</li>
</ul>
<p><strong>Requisitos:</strong></p>
<ul>
<li>Grado medio/superior en Administración y Finanzas.</li>
<li>Dominio de Microsoft Office, especialmente Excel.</li>
<li>Experiencia mínima de al menos 1 año.</li>
<li>Valorable experiencia en puestos administrativos con ONGs u organizaciones sociales.</li>
<li>Capacidad de escucha y sensibilidad frente al trabajo con población refugiada y migrante.</li>
<li>Habilidad para el trabajo en equipo.</li>
</ul>
<p><strong>Se ofrece:</strong></p>
<ul>
<li>Contrato de interinidad por sustitución de una baja.</li>
<li>Jornada completa.</li>
<li>Horario: de lunes a jueves de 08:00 a 16:00 y viernes de 08:00 a 15:00 horas.</li>
<li>Salario: 22.023 euros brutos anuales.</li>
</ul>
<p><strong>Para solicitar:</strong></p>
<ul>
<li>En el enlace adjunto se puede acceder a la solicitud para el puesto. <strong>Se recuerda que, para poder presentar su candidatura, debe estar inscrito en el portal de empleo que publica la oferta.</strong></li>
</ul><p><strong>Información obtenida de: </strong>Internet/Prensa. <a href='https://www.hacesfalta.org' target='_blank'>https://www.hacesfalta.org</a></p><p><strong>Enlaces relacionados:</strong><ul><li><a href='https://www.hacesfalta.org/oportunidades/remuneradas/detalle/administrativoa-programa-de-proteccion-internacional/276894' target='_blank'>Más información e inscripción a la oferta</a></li></ul></p><p>Información procedente de: <a href='https://servicios3.jcyl.es/enbo/siau/webapp/boletinEmpleoCyL/boletin/c2hCOFZzR0JFbmdMcGR0bnh6REdKV3R4dWE2ZHpNRzB4b1loc21oUzFsMD0%3D/EMPLEO-INTERNET-PRENSA/149063' target='_blank'><strong>Boletín de Empleo de Castilla y León (Ecyl)</strong>.</a></p>";;Internet / Prensa;1179297860755;León;42.59873;-5.5670958;24;1285679507677;2026-09-16;https://empleo.jcyl.es/web/jcyl/Empleo/es/Plantilla100Detalle/1284216458054/OfertasEmpleo/1285679507677/Empleo;42.59873, -5.5670958
Peón/a ganadería para Cistierna (León);León;2026-09-16;"<p><em>Randstad</em> selecciona un/a <strong>PEÓN/A GANADERÍA</strong> para trabajar en Cistierna (León).</p>
<p><strong>Funciones:</strong></p>
<ul>
<li>Cuidado, atención y alimentación directa del ganado.</li>
<li>Control del bienestar diario de los animales en la explotación.</li>
<li>Puesto enfocado 100% en manejo de animales, sin tareas de mantenimiento técnico de instalaciones.</li>
</ul>
<p><strong>Requisitos:</strong></p>
<ul>
<li>Educación Secundaria Obligatoria.</li>
<li>Experiencia mínima de al menos 1 año en el trabajo diario con animales de granja.</li>
<li>Conocimientos en: cultivo agrícola, trabajo de campo, habilidades manuales, mecanismos de riego, abono, riego y poda de plantaciones, manejo de maquinaria agrícola, técnicas de trabajo de campo, tratamientos fitosanitarios.</li>
<li>Vehículo propio y permiso de conducir.</li>
<li>Residencia cercana a la zona.</li>
<li>Disponibilidad para trabajar en rotación de fines de semana.</li>
</ul>
<p><strong>Se ofrece:</strong></p>
<ul>
<li>Contrato fijo discontinuo.</li>
<li>Jornada completa.</li>
<li>Horario de 08:00 a 13:30 y de 15:00 a 17:30 horas (con 1,5 horas para comer en las instalaciones).</li>
<li>Llamamiento garantizado de 2 a 3 meses en el periodo inicial.</li>
<li>Posibilidad de incorporación definitiva a plantilla tras el periodo inicial.</li>
</ul>
<p><strong>Para solicitar:</strong></p>
<ul>
<li>En el enlace adjunto se puede acceder a la solicitud para el puesto. <strong>Se recuerda que, para poder presentar su candidatura, debe estar inscrito en el portal de empleo que publica la oferta.</strong></li>
</ul><p><strong>Información obtenida de: </strong>Internet/Prensa. <a href='https://www.infojobs.net' target='_blank'>https://www.infojobs.net</a></p><p><strong>Enlaces relacionados:</strong><ul><li><a href='https://www.infojobs.net/cistierna/peon-ganadero/of-i6e34bced6946c9919312b407359f35?applicationOrigin=search-new&page=1&sortBy=PUBLICATION_DATE' target='_blank'>Más información e inscripción a la oferta</a></li></ul></p><p>Información procedente de: <a href='https://servicios3.jcyl.es/enbo/siau/webapp/boletinEmpleoCyL/boletin/c2hCOFZzR0JFbmdMcGR0bnh6REdKV3R4dWE2ZHpNRzB4b1loc21oUzFsMD0%3D/EMPLEO-INTERNET-PRENSA/149055' target='_blank'><strong>Boletín de Empleo de Castilla y León (Ecyl)</strong>.</a></p>";;Internet / Prensa;1179297821881;Cistierna;42.80451;-5.125196;24;1285679507733;2026-09-16;https://empleo.jcyl.es/web/jcyl/Empleo/es/Plantilla100Detalle/1284216458054/OfertasEmpleo/1285679507733/Empleo;42.80451, -5.125196
Dinamizador/a de clientes para León;León;2026-09-16;"<p><em>Manpower </em>selecciona un/a <strong>DINAMIZADOR/A DE CLIENTES </strong>para campaña de importante empresa energética en tienda especializada en León.</p>
<p><strong>Funciones:</strong></p>
<ul>
<li>Captación y abordaje de clientes.</li>
<li>Invitación a participar en una dinámica promocional (juego).</li>
<li>Explicación breve de la colaboración entre la tienda y la empresa energética.</li>
<li>Entrega de regalo a los participantes.</li>
</ul>
<p><strong>Requisitos:</strong></p>
<ul>
<li>Experiencia en atención al cliente, promoción y venta o captación de clientes/leads.</li>
<li>Persona dinámica, proactiva y extrovertida.</li>
<li>Excelente capacidad de comunicación.</li>
<li>Actitud positiva y orientada a objetivos.</li>
<li>Uniformidad requerida: camisa blanca de manga larga, pantalón tipo jean de vestir color beige (corte recto), y zapatos o botas de seguridad color gris.</li>
</ul>
<p><strong>Se ofrece:</strong></p>
<ul>
<li>Contrato fijo discontinuo.</li>
<li>Jornada de 20 horas semanales.</li>
<li>Horario de lunes a sábado según cuadrante.</li>
<li>Formación inicial y acompañamiento por parte del equipo.</li>
<li>Salario: 750euros/mes.</li>
</ul>
<p><strong>Para solicitar:</strong></p>
<ul>
<li>En el enlace adjunto se puede acceder a la solicitud para el puesto. <strong>Se recuerda que, para poder presentar su candidatura, debe estar inscrito/a en el portal de empleo que publica la oferta.</strong></li>
</ul><p><strong>Información obtenida de: </strong>Internet/Prensa. <a href='https://www.infoempleo.com' target='_blank'>https://www.infoempleo.com</a></p><p><strong>Enlaces relacionados:</strong><ul><li><a href='https://www.infoempleo.com/ofertasdetrabajo/dinamizador-clientes-hmx/leon/3199395/' target='_blank'>Más información e inscripción a la oferta</a></li></ul></p><p>Información procedente de: <a href='https://servicios3.jcyl.es/enbo/siau/webapp/boletinEmpleoCyL/boletin/c2hCOFZzR0JFbmdMcGR0bnh6REdKV3R4dWE2ZHpNRzB4b1loc21oUzFsMD0%3D/EMPLEO-INTERNET-PRENSA/149058' target='_blank'><strong>Boletín de Empleo de Castilla y León (Ecyl)</strong>.</a></p>";;Internet / Prensa;1179297860755;León;42.59873;-5.5670958;24;1285679507818;2026-09-16;https://empleo.jcyl.es/web/jcyl/Empleo/es/Plantilla100Detalle/1284216458054/OfertasEmpleo/1285679507818/Empleo;42.59873, -5.5670958
Repartidor/a con furgoneta para Santovenia de la Valdoncina (León);León;2026-09-16;"<p><em>Adecco</em> selecciona <strong>REPARTIDORES/AS DE PAQUETERÍA</strong> para empresa dedicada a la logística y la distribución ubicada en Santovenia de la Valdoncina (León).</p>
<p><strong>Funciones:</strong></p>
<ul>
<li style='text-align: justify;'>Realizar el reparto de paquetería a particulares. El reparto se realizará en las principales ciudades de León y alrededores.</li>
</ul>
<p><strong>Requisitos:</strong></p>
<ul>
<li>Disponer de carnet de conducir tipo B.</li>
<li>Tener en vigencia un mínimo de 8 puntos del carnet de conducir.</li>
<li>Residir en Santovenia de la Valdoncina (León) o alrededores.</li>
<li>Poder trabajar de lunes a domingos en horario entre las 09:00 y las 20:00 horas, con dos días de descanso rotativos.</li>
<li>Disponer de la siguiente documentación actualizada para la candidatura: CV, DNI por ambas caras, permiso de conducción por ambas caras, justificante de los puntos de la DGT y fotografía de hombros hacia arriba.</li>
</ul>
<p><strong>Se ofrece:</strong></p>
<ul>
<li>Contrato temporal inicial de un mes con posibilidades de continuidad.</li>
<li>Jornada completa (40 horas semanales).</li>
<li>Horario de lunes a domingo con dos días de descanso rotativos.</li>
<li>Salario: 1554 euros brutos/mes.</li>
<li>Furgoneta para realizar el reparto.</li>
</ul>
<p><strong>Para solicitar:</strong></p>
<ul>
<li>En el enlace adjunto se puede acceder a la solicitud para el puesto. <strong>Se recuerda que, para poder presentar su candidatura, debe estar inscrito/a en el portal de empleo que publica la oferta.</strong></li>
</ul><p><strong>Información obtenida de: </strong>Internet/Prensa. <a href='https://www.adecco.com' target='_blank'>https://www.adecco.com</a></p><p><strong>Enlaces relacionados:</strong><ul><li><a href='https://www.adecco.com/es-es/ofertas-trabajo/repartidoresas-furgonetas-carnet-b-leon-santovenia-de-la-valdoncina-leon/55f36d2afdda413a2da035d407a204c2' target='_blank'>Más información e inscripción a la oferta</a></li></ul></p><p>Información procedente de: <a href='https://servicios3.jcyl.es/enbo/siau/webapp/boletinEmpleoCyL/boletin/c2hCOFZzR0JFbmdMcGR0bnh6REdKV3R4dWE2ZHpNRzB4b1loc21oUzFsMD0%3D/EMPLEO-INTERNET-PRENSA/149059' target='_blank'><strong>Boletín de Empleo de Castilla y León (Ecyl)</strong>.</a></p>";;Internet / Prensa;1179297950769;Santovenia de la Valdoncina;42.54364;-5.622796;24;1285679508069;2026-09-16;https://empleo.jcyl.es/web/jcyl/Empleo/es/Plantilla100Detalle/1284216458054/OfertasEmpleo/1285679508069/Empleo;42.54364, -5.622796
10 Operario/a de manipulado textil para Villadangos del Páramo (León);León;2026-09-16;"<p><em>Randstad</em> selecciona diez <strong>OPERARIO/A DE MANIPULADO TEXTIL</strong> en Villadangos del Páramo (León).</p>
<p><strong>Funciones:</strong></p>
<ul>
<li>Etiquetado de prendas.</li>
<li>Emperchado de prendas.</li>
<li>Revisión del estado de las mismas.</li>
<li>Apoyo en la preparación de pedidos.</li>
</ul>
<p><strong>Requisitos:</strong></p>
<ul>
<li>Formación: Bachillerato.</li>
<li>Muy valorable experiencia en empresas de manipulación textil.</li>
<li>Disponibilidad horaria.</li>
<li>Disponibilidad de vehículo para desplazarse al centro de trabajo.</li>
<li>Incorporación inmediata.</li>
</ul>
<p><strong>Se ofrece:</strong></p>
<ul>
<li>Salario según convenio: 9,50-9,55 euros/hora.</li>
<li>Turnos de trabajo rotativos de 6 a 14, 14 a 22.</li>
<li>Buen ambiente de trabajo.</li>
</ul>
<p><strong>Para solicitar:</strong></p>
<ul>
<li>En el enlace adjunto se puede acceder a la solicitud para el puesto. <strong>Se recuerda que, para poder presentar su candidatura, debe estar inscrito/a en el portal de empleo que publica la oferta.</strong></li>
</ul><p><strong>Información obtenida de: </strong>Internet/Prensa. <a href='https://www.randstad.es' target='_blank'>https://www.randstad.es</a></p><p><strong>Enlaces relacionados:</strong><ul><li><a href='https://www.randstad.es/candidatos/ofertas-empleo/oferta/operario-a-manipulado-textil-3005173/' target='_blank'>Más información e inscripción a la oferta</a></li></ul></p><p>Información procedente de: <a href='https://servicios3.jcyl.es/enbo/siau/webapp/boletinEmpleoCyL/boletin/c2hCOFZzR0JFbmdMcGR0bnh6REdKV3R4dWE2ZHpNRzB4b1loc21oUzFsMD0%3D/EMPLEO-INTERNET-PRENSA/148989' target='_blank'><strong>Boletín de Empleo de Castilla y León (Ecyl)</strong>.</a></p>";;Internet / Prensa;1179298009177;Villadangos del Páramo;42.516865;-5.7671404;24;1285679506875;2026-09-16;https://empleo.jcyl.es/web/jcyl/Empleo/es/Plantilla100Detalle/1284216458054/OfertasEmpleo/1285679506875/Empleo;42.516865, -5.7671404
Comercial de ventas para León;León;2026-09-16;"<p><em>Monster Energy</em> selecciona un/a <strong>COMERCIAL DE VENTAS</strong> para trabajar en León.</p>
<p><strong>Funciones:</strong></p>
<p>Aumentar la distribución y presencia de referencias (SKUs) relevantes.</p>
<ul>
<li>Ampliar el surtido y asegurar la combinación de productos adecuada en cuentas.</li>
<li>Identificar y resolver roturas de stock para maximizar la disponibilidad.</li>
<li>Ejecutar acciones promocionales y lanzamientos de nuevos productos en tienda.</li>
<li>Crear una ejecución destacada mediante materiales de punto de venta (PLV), expositores y merchandising.</li>
<li>Negociar espacio adicional, ubicaciones secundarias, expositores y equipos de frío.</li>
<li>Identificar nuevos puntos de venta, aperturas y oportunidades de crecimiento en el territorio.</li>
<li>Apoyar activaciones y acciones promocionales.</li>
<li>Compartir información del mercado y actividad de la competencia en tiempo real.</li>
<li>Colaborar con los equipos de Ventas, Trade Marketing y distribución para alcanzar los objetivos comerciales.</li>
</ul>
<p><strong>Requisitos:</strong></p>
<ul>
<li>Experiencia mínima de al menos 1 año.</li>
</ul>
<p><strong>Se ofrece:</strong></p>
<ul>
<li>Contrato indefinido.</li>
<li>Jornada completa.</li>
<li>Salario de 2.400euros Bruto/mes.</li>
</ul>
<p><strong>Para solicitar: </strong></p>
<ul>
<li>En el enlace adjunto se puede acceder a la solicitud para el puesto. <strong>Se recuerda que, para poder presentar su candidatura, debe estar inscrito/a en el portal de empleo que publica la oferta.</strong></li>
</ul><p><strong>Información obtenida de: </strong>Internet/Prensa. <a href='https://www.infojobs.net' target='_blank'>https://www.infojobs.net</a></p><p><strong>Enlaces relacionados:</strong><ul><li><a href='https://www.infojobs.net/leon/comercial-ventas/of-iac8c0bd48844118bf160436c6b871f?applicationOrigin=search-new&page=1&sortBy=PUBLICATION_DATE' target='_blank'>Más información e inscripción a la oferta</a></li></ul></p><p>Información procedente de: <a href='https://servicios3.jcyl.es/enbo/siau/webapp/boletinEmpleoCyL/boletin/c2hCOFZzR0JFbmdMcGR0bnh6REdKV3R4dWE2ZHpNRzB4b1loc21oUzFsMD0%3D/EMPLEO-INTERNET-PRENSA/149053' target='_blank'><strong>Boletín de Empleo de Castilla y León (Ecyl)</strong>.</a></p>";;Internet / Prensa;1179297860755;León;42.59873;-5.5670958;24;1285679506904;2026-09-16;https://empleo.jcyl.es/web/jcyl/Empleo/es/Plantilla100Detalle/1284216458054/OfertasEmpleo/1285679506904/Empleo;42.59873, -5.5670958
ANIMADORES SOCIOCULTURALES;León;2026-09-16;<p>Para más información acuda a <a href='http://empleocastillayleon.jcyl.es/oficinavirtual/buscoEmpleoPub.do?srvc=ver&scope=reg&cod=394495'>Oficina Virtual</a></p>;;ECYL;1179298026515;Villarejo de Órbigo;42.445076;-5.9046545;24;1285679512734;2026-09-16;https://empleo.jcyl.es/web/jcyl/Empleo/es/Plantilla100Detalle/1284216458054/OfertasEmpleo/1285679512734/Empleo;42.445076, -5.9046545
ENFERMEROS ESPECIALISTAS EN ENFERMERÍA GERIÁTRICA;León;2026-09-16;<p>OFERTA 19543. Enfermero/a para residencia de ancianos en León ciudad. Contrato indefinido, jornada completa y flexible. Interesados contactar con oficina de empleo León Centro. C/ Ramón y Cajal 14, tfno. 987 24 95 30, sección ofertas.</p><p>Para más información acuda a <a href='http://empleocastillayleon.jcyl.es/oficinavirtual/buscoEmpleoPub.do?srvc=ver&scope=reg&cod=394359'>Oficina Virtual</a></p>;;ECYL;1179297860755;León;42.59873;-5.5670958;24;1285679458270;2026-09-16;https://empleo.jcyl.es/web/jcyl/Empleo/es/Plantilla100Detalle/1284216458054/OfertasEmpleo/1285679458270/Empleo;42.59873, -5.5670958
DIRECTORES DE OTROS SERVICIOS SOCIALES;León;2026-09-16;<p>Para más información acuda a <a href='http://empleocastillayleon.jcyl.es/oficinavirtual/buscoEmpleoPub.do?srvc=ver&scope=reg&cod=394429'>Oficina Virtual</a></p>;;ECYL;1179297920221;Robla (La);42.801434;-5.628399;24;1285679395465;2026-09-16;https://empleo.jcyl.es/web/jcyl/Empleo/es/Plantilla100Detalle/1284216458054/OfertasEmpleo/1285679395465/Empleo;42.801434, -5.628399
CONDUCTORES DE CAMIÓN, EN GENERAL;León;2026-09-16;<p>Para más información acuda a <a href='http://empleocastillayleon.jcyl.es/oficinavirtual/buscoEmpleoPub.do?srvc=ver&scope=reg&cod=394292'>Oficina Virtual</a></p>;;ECYL;1179297796349;Campo de Villavidel;42.436893;-5.527339;24;1285679363746;2026-09-16;https://empleo.jcyl.es/web/jcyl/Empleo/es/Plantilla100Detalle/1284216458054/OfertasEmpleo/1285679363746/Empleo;42.436893, -5.527339
Portero - jardinero;León;2026-09-16;"<p>Portero/jardinero para urbanización en León capital, en horario de tardes y cuatro días a la semana, contrato fijo de media jornada. Se precisa experiencia acreditada en jardinería y mantenimientos, la incorporación sería a primeros de 2027</p>
<p>Interesados enviar currículum a: flgoto@gmail.com<br />
<br />
Oferta publicada en La Nueva Crónica.</p>";;Internet / Prensa;;;;;;1285679320034;2026-09-16;https://empleo.jcyl.es/web/jcyl/Empleo/es/Plantilla100Detalle/1284216458054/OfertasEmpleo/1285679320034/Empleo;
Conductores de hormigonera;León;2026-09-16;"<p>Se necesitan varios conductores de hormigonera. Buenas condiciones.</p>
<p>Llamar 600972831.</p>
Oferta publicada en el Diario de León.";;Internet / Prensa;;;;;;1285679319573;2026-09-16;https://empleo.jcyl.es/web/jcyl/Empleo/es/Plantilla100Detalle/1284216458054/OfertasEmpleo/1285679319573/Empleo;
Mecánico/a de mecánica rápida para Onzonilla (León);León;2026-09-16;"<p><em>Alquiber</em> selecciona un/a <strong>MECÁNICO/A </strong>para Onzonilla (León).</p>
<p><strong>Funciones:</strong></p>
<ul>
<li>Mantenimiento de la flota de vehículos de Alquiber.</li>
<li>Diagnosis para la detección de averías.</li>
<li>Cambios de aceite, mantenimiento y revisiones.</li>
<li>Montaje de neumáticos, accesorios y paneleados.</li>
<li>Cambio de batería, frenos y pastillas.</li>
<li>Cumplimentación de partes de trabajo realizados.</li>
</ul>
<p><strong>Requisitos:</strong></p>
<ul>
<li>Mínimo 1 año de experiencia en puesto similar.</li>
<li>Carnet de conducir y puntos actuales.</li>
</ul>
<p><strong>Se ofrece:</strong></p>
<ul>
<li>Contrato indefinido.</li>
<li>Jornada completa.</li>
<li>Salario: 19.000euros - 20.000euros Bruto/año.</li>
<li>Asuntos propios.</li>
<li>Lunes a Viernes de 08:30 a 13:30 y 15:30 a 18:30 horas; viernes rotativo 08:30 a 15:30. Flexibilidad horaria en la entrada y salida.</li>
</ul>
<p><strong>Para solicitar:</strong></p>
<ul>
<li>En el enlace adjunto se puede acceder a la solicitud para el puesto. <strong>Se recuerda que, para poder presentar su candidatura, debe estar inscrit/a en el portal de empleo que publica la oferta.</strong></li>
</ul><p><strong>Información obtenida de: </strong>Internet/Prensa. <a href='https://www.infojobs.net' target='_blank'>https://www.infojobs.net</a></p><p><strong>Enlaces relacionados:</strong><ul><li><a href='https://www.infojobs.net/onzonilla/mecanico-mecanica-rapida-leon/of-if09d7526b948eda310495a01101731?applicationOrigin=search-new&page=1&sortBy=PUBLICATION_DATE' target='_blank'>Más información e inscripción a la oferta</a></li></ul></p><p>Información procedente de: <a href='https://servicios3.jcyl.es/enbo/siau/webapp/boletinEmpleoCyL/boletin/c2hCOFZzR0JFbmdMcGR0bnh6REdKV3R4dWE2ZHpNRzB4b1loc21oUzFsMD0%3D/EMPLEO-INTERNET-PRENSA/148992' target='_blank'><strong>Boletín de Empleo de Castilla y León (Ecyl)</strong>.</a></p>";;Internet / Prensa;1179297876426;Onzonilla;42.524754;-5.580901;24;1285679507352;2026-09-16;https://empleo.jcyl.es/web/jcyl/Empleo/es/Plantilla100Detalle/1284216458054/OfertasEmpleo/1285679507352/Empleo;42.524754, -5.580901
Montador/a de cocinas para Alija del Infantado (León);León;2026-09-16;"<p><em>Novely</em> selecciona un/a <strong>MONTADOR/A DE COCINAS</strong> para su equipo de instalación en Alija del Infantado (León).</p>
<p><strong>Funciones:</strong></p>
<ul>
<li>Carga, descarga y preparación del material.</li>
<li>Montaje e instalación de muebles de cocina.</li>
<li>Ajuste de puertas, cajones, paneles y elementos de mobiliario.</li>
<li>Realización de cortes, ajustes y remates.</li>
<li>Manejo de herramientas manuales y eléctricas.</li>
<li>Resolución de pequeños imprevistos durante la instalación.</li>
<li>Cuidado del material, herramientas y vivienda del cliente.</li>
<li>Apoyo y asistencia a montadores experimentados.</li>
</ul>
<p><strong>Requisitos:</strong></p>
<ul>
<li>Ciclo Formativo Grado Medio.</li>
<li>Español nativo o bilinge.</li>
<li>Carnet de conducir.</li>
<li>Habilidad para los trabajos manuales.</li>
<li>Se valorará experiencia o formación en carpintería, madera, montaje de muebles, reformas, construcción, mantenimiento o trabajos manuales similares.</li>
</ul>
<p><strong>Se ofrece:</strong></p>
<ul>
<li>Contrato indefinido.</li>
<li>Jornada completa.</li>
<li>Salario bruto anual: 17.000euros - 18.000euros.</li>
<li>Formación práctica desde el primer día.</li>
<li>Posibilidad de desarrollo profesional.</li>
<li>Trabajo principalmente en León y provincia.</li>
</ul>
<p><strong>Para solicitar:</strong></p>
<ul>
<li>En el enlace adjunto se puede acceder a la solicitud para el puesto. <strong>Se recuerda que, para poder presentar su candidatura, debe estar inscrito en el portal de empleo que publica la oferta.</strong></li>
</ul><p><strong>Información obtenida de: </strong>Internet/Prensa. <a href='https://www.infojobs.net' target='_blank'>https://www.infojobs.net</a></p><p><strong>Enlaces relacionados:</strong><ul><li><a href='https://www.infojobs.net/alija-del-infantado/montador-muebles/of-iffaa83de3e47328a6a752fe59657b1?applicationOrigin=search-new&page=1&sortBy=PUBLICATION_DATE' target='_blank'>Más información e inscripción a la oferta</a></li></ul></p><p>Información procedente de: <a href='https://servicios3.jcyl.es/enbo/siau/webapp/boletinEmpleoCyL/boletin/c2hCOFZzR0JFbmdMcGR0bnh6REdKV3R4dWE2ZHpNRzB4b1loc21oUzFsMD0%3D/EMPLEO-INTERNET-PRENSA/149057' target='_blank'><strong>Boletín de Empleo de Castilla y León (Ecyl)</strong>.</a></p>";;Internet / Prensa;1179297761571;Alija del Infantado;42.13871;-5.834065;24;1285679507443;2026-09-16;https://empleo.jcyl.es/web/jcyl/Empleo/es/Plantilla100Detalle/1284216458054/OfertasEmpleo/1285679507443/Empleo;42.13871, -5.834065
ALBAÑILES;León;2026-09-16;<p>Realizar tareas auxiliares de apoyo en trabajos de obra civil, siguiendo las indicaciones del encargado o jefe de equipo. Participar en labores de excavación, nivelación, relleno y compactación de terrrenos. Cumplir en todo momento las normas de seguridad y salud laboral y utilizar los EPI correspondientes. PRL ALBAÑIL impartido por la FLC</p><p>Para más información acuda a <a href='http://empleocastillayleon.jcyl.es/oficinavirtual/buscoEmpleoPub.do?srvc=ver&scope=reg&cod=394490'>Oficina Virtual</a></p>;;ECYL;1179298023568;Villaquilambre;42.641293;-5.557725;24;1285679513643;2026-09-16;https://empleo.jcyl.es/web/jcyl/Empleo/es/Plantilla100Detalle/1284216458054/OfertasEmpleo/1285679513643/Empleo;42.641293, -5.557725
AUXILIARES DE ENFERMERÍA;León;2026-09-16;<p>Para más información acuda a <a href='http://empleocastillayleon.jcyl.es/oficinavirtual/buscoEmpleoPub.do?srvc=ver&scope=reg&cod=394492'>Oficina Virtual</a></p>;;ECYL;1179298026515;Villarejo de Órbigo;42.445076;-5.9046545;24;1285679513283;2026-09-16;https://empleo.jcyl.es/web/jcyl/Empleo/es/Plantilla100Detalle/1284216458054/OfertasEmpleo/1285679513283/Empleo;42.445076, -5.9046545
ENFERMEROS DE CUIDADOS GENERALES;León;2026-09-16;<p>Para más información acuda a <a href='http://empleocastillayleon.jcyl.es/oficinavirtual/buscoEmpleoPub.do?srvc=ver&scope=reg&cod=394488'>Oficina Virtual</a></p>;;ECYL;1179298026515;Villarejo de Órbigo;42.445076;-5.9046545;24;1285679514527;2026-09-16;https://empleo.jcyl.es/web/jcyl/Empleo/es/Plantilla100Detalle/1284216458054/OfertasEmpleo/1285679514527/Empleo;42.445076, -5.9046545
TERAPEUTAS OCUPACIONALES;León;2026-09-16;<p>Para más información acuda a <a href='http://empleocastillayleon.jcyl.es/oficinavirtual/buscoEmpleoPub.do?srvc=ver&scope=reg&cod=394484'>Oficina Virtual</a></p>;;ECYL;1179298026515;Villarejo de Órbigo;42.445076;-5.9046545;24;1285679514960;2026-09-16;https://empleo.jcyl.es/web/jcyl/Empleo/es/Plantilla100Detalle/1284216458054/OfertasEmpleo/1285679514960/Empleo;42.445076, -5.9046545
Administrativo/a comercial para Trobajo del Camino (León);Otra;2026-09-16;"<p><em>Northgate España</em> selecciona un/a <strong>ADMINISTRATIVO/A COMERCIAL</strong> para su delegación ubicada en Trobajo del Camino (León).</p>
<p><strong>Funciones:</strong></p>
<ul>
<li>Atención telefónica a las necesidades de los clientes.</li>
<li>Prospección telefónica de potenciales clientes.</li>
<li>Cierre de visitas comerciales con potenciales clientes, dando apoyo a la red comercial de su zona.</li>
<li>Preparación y envío de ofertas a clientes.</li>
<li>Gestión de disponibilidad de vehículos en delegación.</li>
<li>Gestión y seguimiento de pedidos hasta la entrega.</li>
<li>Gestión y depuración de bases de datos de clientes y documentación.</li>
<li>Elaboración de informe de altas y bajas de clientes.</li>
<li>Gestión de deuda y reclamación de cobros en colaboración con el equipo de cobros.</li>
<li>Resolución de incidencias.</li>
</ul>
<p><strong>Requisitos:</strong></p>
<ul>
<li>Ciclo Formativo Grado Medio o Superior en Administración y Finanzas o experiencia valorable de 2 años en puesto similar.</li>
<li>Nivel avanzado en Paquete de Office.</li>
<li>Habilidades para trabajar en equipo.</li>
<li>Clara orientación al cliente.</li>
<li>Proactividad, agilidad y eficacia en la realización de tareas.</li>
<li>Nivel de inglés valorable.</li>
</ul>
<p><strong>Se ofrece:</strong></p>
<ul>
<li>Contrato temporal para cubrir una baja de larga duración.</li>
<li>Jornada completa.</li>
<li>Horario de lunes a viernes, de 8:30 a 17:30 horas con una hora para comer.</li>
<li>Jornada intensiva en verano, desde la última semana de junio hasta la segunda de septiembre, en horario de 7:30 a 15:00 horas.</li>
<li>Formación continua y posibilidades reales de crecimiento profesional.</li>
</ul>
<p><strong>Para solicitar:</strong></p>
<ul>
<li>En el enlace adjunto se puede acceder a la solicitud para el puesto. <strong>Se recuerda que, para poder presentar su candidatura, debe estar inscrito en el portal de empleo que publica la oferta.</strong></li>
</ul><p><strong>Información obtenida de: </strong>Internet/Prensa. <a href='https://www.infojobs.net' target='_blank'>https://www.infojobs.net</a></p><p><strong>Enlaces relacionados:</strong><ul><li><a href='https://www.infojobs.net/san-andres-del-rabanedo/administrativo-delegacion-leon/of-id3726ba3b147529baacc26e77d22d3?applicationOrigin=search-new&page=1&sortBy=PUBLICATION_DATE' target='_blank'>Más información e inscripción a la oferta</a></li></ul></p><p>Información procedente de: <a href='https://servicios3.jcyl.es/enbo/siau/webapp/boletinEmpleoCyL/boletin/c2hCOFZzR0JFbmdMcGR0bnh6REdKV3R4dWE2ZHpNRzB4b1loc21oUzFsMD0%3D/EMPLEO-INTERNET-PRENSA/149054' target='_blank'><strong>Boletín de Empleo de Castilla y León (Ecyl)</strong>.</a></p>";España;Internet / Prensa;;;;;;1285679507500;2026-09-16;https://empleo.jcyl.es/web/jcyl/Empleo/es/Plantilla100Detalle/1284216458054/OfertasEmpleo/1285679507500/Empleo;
ICT Software Specialist (Suecia);Otra;2026-09-16;"<p><strong>EURES Sweden </strong>Tech Group like to get in touch with jobseekers who fulfill the requirements:</p>
<ul>
<li>Work experience within ICT</li>
<li>Preferably university degree</li>
<li>English very good</li>
</ul>
<p>Specific experience within one of the following areas:</p>
<ul>
<li>Sotware development with C#, .Net, C/C++, Java</li>
<li>Emmbeded systems</li>
<li>Software test engineers</li>
</ul>
<p><strong>To apply:</strong></p>
<p><a href='mailto:eurestech@arbetsformedlingen.se'>eurestech@arbetsformedlingen.se</a></p>
<p> </p><p><strong>Información obtenida de: </strong>EURES. <a href='http://www.sepe.es/redEURES' target='_blank'>http://www.sepe.es/redEURES</a></p><p><strong>Enlaces relacionados:</strong><ul><li><a href='https://servicios3.jcyl.es/enbo/siau/contenido/ZFJwekhBTWlQQVJXNmY2eWdvMjVoS2I0cVFoc01lYmUwTThNQVhack5CUT0%3D' target='_blank'>ICT Software Specialist</a></li><li><a href='https://www.sepe.es/HomeSepe/encontrar-trabajo/empleo-europa/Ofertas-empleo-destacadas-informacion-paises/empleo-suecia.html' target='_blank'>Ofertas en Suecia</a></li></ul></p><p>Información procedente de: <a href='https://servicios3.jcyl.es/enbo/siau/webapp/boletinEmpleoCyL/boletin/c2hCOFZzR0JFbmdMcGR0bnh6REdKV3R4dWE2ZHpNRzB4b1loc21oUzFsMD0%3D/EMPLEO-EURES/149095' target='_blank'><strong>Boletín de Empleo de Castilla y León (Ecyl)</strong>.</a></p>";Europa;Red EURES;;;;;;1285679506579;2026-09-16;https://empleo.jcyl.es/web/jcyl/Empleo/es/Plantilla100Detalle/1284216458054/OfertasEmpleo/1285679506579/Empleo;
Housekeeping assistant (Irlanda);Otra;2026-09-16;"<p><strong>Mount Juliet Estate,</strong> a Marriott Autograph Collection, a 5* Resort</p>
<p><strong>Desired Skills:</strong></p>
<ul>
<li style='text-align: justify;'>Genuine desire to maintain high cleaning standards</li>
<li style='text-align: justify;'>Experience in cleaning / sanitising</li>
<li style='text-align: justify;'>Excellent attention to detail</li>
<li style='text-align: justify;'>The ability to adapt to change and work well under pressure</li>
<li style='text-align: justify;'>Have a professional image at all times in line with the Hotel standards</li>
<li style='text-align: justify;'>Be flexible with working hours (must be available for weekends and midweek, early starts and late finishes)</li>
<li style='text-align: justify;'>Report all potential and real hazards immediately.</li>
<li style='text-align: justify;'>Ensure the safety of the persons and the property of all within the premises by fairly applying Hotel Regulations, by strict adherence to existing laws and reporting any possible hazards and conditions to the Manager.</li>
<li style='text-align: justify;'>Be passionate about hospitality, and thrive on working as part of a team.</li>
<li style='text-align: justify;'>Be personable, responsible and conscientious.</li>
<li style='text-align: justify;'>Have the ability to deliver great customer service and develop relationships with our guests.</li>
</ul>
<p><strong>What we offer:</strong></p>
<ul>
<li style='text-align: justify;'>Competitive Pay: euros14,15 gross per hour</li>
<li style='text-align: justify;'>Employee Assistance Program: - Mount Juliet will have accommodation available off site and minibus that can bring person to work.</li>
<li style='text-align: justify;'>International Hotel discounts</li>
<li style='text-align: justify;'>Staff Meal</li>
<li style='text-align: justify;'>Uniform</li>
<li style='text-align: justify;'>Training & Continuous Professional Development</li>
<li style='text-align: justify;'>Complimentary Health Club Access</li>
</ul>
<p><strong>To apply:</strong></p>
<p style='text-align: justify;'>Interested persons send CV in English to <a href='mailto:Gavin.Caird@welfare.ie'>Gavin.Caird@welfare.ie</a> whith copy to a <a href='mailto:pcpmixto.eures@sepe.es'>pcpmixto.eures@sepe.es</a> indicating in the subject line of the email: Housekeeping assistant</p>
<p style='text-align: justify;'> </p><p><strong>Información obtenida de: </strong>EURES. <a href='http://www.sepe.es/redEURES' target='_blank'>http://www.sepe.es/redEURES</a></p><p><strong>Enlaces relacionados:</strong><ul><li><a href='https://www.sepe.es/HomeSepe/encontrar-trabajo/empleo-europa/Ofertas-empleo-destacadas-informacion-paises/empleo-irlanda.html' target='_blank'>Ofertas en Irlanda</a></li><li><a href='https://servicios3.jcyl.es/enbo/siau/contenido/aHYxaHhQcEhTaFZ4VHp1TDdzcGVET0c4bFFqOGZ1cWk0d2FDcnhodDAxMD0%3D' target='_blank'>Housekeeping assistant</a></li></ul></p><p>Información procedente de: <a href='https://servicios3.jcyl.es/enbo/siau/webapp/boletinEmpleoCyL/boletin/c2hCOFZzR0JFbmdMcGR0bnh6REdKV3R4dWE2ZHpNRzB4b1loc21oUzFsMD0%3D/EMPLEO-EURES/148969' target='_blank'><strong>Boletín de Empleo de Castilla y León (Ecyl)</strong>.</a></p>";Europa;Red EURES;;;;;;1285679506734;2026-09-16;https://empleo.jcyl.es/web/jcyl/Empleo/es/Plantilla100Detalle/1284216458054/OfertasEmpleo/1285679506734/Empleo;
Recepcionist (Irlanda);Otra;2026-09-16;"<p><strong>Mount Juliet Estate</strong>, a Marriott Autograph Collection, 5* Resort.</p>
<p><strong>Requirements</strong></p>
<ul>
<li>Minimum 6 months in a receptionist role</li>
<li>Experience in Opera beneficial but not essential</li>
<li>Good administrative skills and the ability to use email and booking systems Good team working skills</li>
<li>A friendly and welcoming approach</li>
<li>High standards of dress and presentation</li>
<li>Fluent level of English and eligible to work in Ireland</li>
</ul>
<p><strong>What we offer:</strong></p>
<ul>
<li style='text-align: justify;'>Competitive Pay: euros14,50 gross per hour</li>
<li style='text-align: justify;'>Employee Assistance Program: - Mount Juliet will have accommodation available off site and minibus that can bring person to work.</li>
<li style='text-align: justify;'>International Hotel discounts</li>
<li style='text-align: justify;'>Staff Meal</li>
<li style='text-align: justify;'>Uniform</li>
<li style='text-align: justify;'>Training & Continuous Professional Development</li>
<li style='text-align: justify;'>Complimentary Health Club Access</li>
</ul>
<p><strong>To apply:</strong></p>
<p style='text-align: justify;'>Interested persons send CV in English to <a href='mailto:Gavin.Caird@welfare.ie'>Gavin.Caird@welfare.ie </a>whith copy to a <a href='mailto:pcpmixto.eures@sepe.es'>pcpmixto.eures@sepe.es</a> indicating in the subject line of the email: Recepcionist</p><p><strong>Información obtenida de: </strong>EURES. <a href='http://www.sepe.es/redEURES' target='_blank'>http://www.sepe.es/redEURES</a></p><p><strong>Enlaces relacionados:</strong><ul><li><a href='https://servicios3.jcyl.es/enbo/siau/contenido/dVlLYkRMTjlRT0t1NWVKdEI2ZE9lWVg5c1diVjZvYUhjd3ByVmMvK2hnYz0%3D' target='_blank'>Recepcionist</a></li><li><a href='https://www.sepe.es/HomeSepe/encontrar-trabajo/empleo-europa/Ofertas-empleo-destacadas-informacion-paises/empleo-irlanda.html' target='_blank'>Ofertas en Irlanda</a></li></ul></p><p>Información procedente de: <a href='https://servicios3.jcyl.es/enbo/siau/webapp/boletinEmpleoCyL/boletin/c2hCOFZzR0JFbmdMcGR0bnh6REdKV3R4dWE2ZHpNRzB4b1loc21oUzFsMD0%3D/EMPLEO-EURES/148967' target='_blank'><strong>Boletín de Empleo de Castilla y León (Ecyl)</strong>.</a></p>";Europa;Red EURES;;;;;;1285679506847;2026-09-16;https://empleo.jcyl.es/web/jcyl/Empleo/es/Plantilla100Detalle/1284216458054/OfertasEmpleo/1285679506847/Empleo;
Qualified Carpenter with Glazing Experience (Dinamarca);Otra;2026-09-16;"<p><strong>Who you are:</strong></p>
<ul>
<li style='text-align: justify;'>You are a qualified carpenter</li>
<li style='text-align: justify;'>You have knowledge or practical experience of the glazing trade</li>
<li style='text-align: justify;'>You have a valid driving licence</li>
<li style='text-align: justify;'>You can communicate in English</li>
<li style='text-align: justify;'>Is willing to relocate to Lolland and make the area your place of residence</li>
<li style='text-align: justify;'>A valid asbestos training certificate is a strong advantage</li>
</ul>
<p><strong>What we offer:</strong></p>
<ul>
<li style='text-align: justify;'>Gross hourly wage: DKK 150-200, depending on qualifications and experience</li>
<li style='text-align: justify;'>Permanent employment, 37 hours per week, Monday to Friday</li>
<li style='text-align: justify;'>Occasional overtime may occur, but weekend work is generally not required</li>
<li style='text-align: justify;'>Pension scheme</li>
<li style='text-align: justify;'>Flexible benefits account for extra vacation, salary or pension</li>
<li style='text-align: justify;'>Assistance with finding suitable accommodation</li>
</ul>
<p><strong>How to apply:</strong></p>
<p>Please send your application to <a href='mailto:rekruttering@lolland.dk'>rekruttering@lolland.dk</a> and write Bonde Glas&rdquo; in the subject line.</p>
<p>When sending the application please include <a href='mailto:eures.nordicos@sepe.es'>eures.nordicos@sepe.es</a> in copy.</p>
<p> </p><p><strong>Información obtenida de: </strong>EURES. <a href='http://www.sepe.es/redEURES' target='_blank'>http://www.sepe.es/redEURES</a></p><p><strong>Enlaces relacionados:</strong><ul><li><a href='https://servicios3.jcyl.es/enbo/siau/contenido/dWcwNWxUeSs2djAzMUhacFF2UWp2NkZNd0M4Q0tOaG5WMnE5cWZ1cDh2QT0%3D' target='_blank'>Qualified Carpenter</a></li><li><a href='https://www.sepe.es/HomeSepe/encontrar-trabajo/empleo-europa/Ofertas-empleo-destacadas-informacion-paises/empleo-dinamarca.html' target='_blank'>Ofertas en Dinamarca</a></li></ul></p><p>Información procedente de: <a href='https://servicios3.jcyl.es/enbo/siau/webapp/boletinEmpleoCyL/boletin/c2hCOFZzR0JFbmdMcGR0bnh6REdKV3R4dWE2ZHpNRzB4b1loc21oUzFsMD0%3D/EMPLEO-EURES/148949' target='_blank'><strong>Boletín de Empleo de Castilla y León (Ecyl)</strong>.</a></p>";Europa;Red EURES;;;;;;1285679506522;2026-09-16;https://empleo.jcyl.es/web/jcyl/Empleo/es/Plantilla100Detalle/1284216458054/OfertasEmpleo/1285679506522/Empleo;
Social care workers (Irlanda);Otra;2026-09-16;"<p><strong>Employer: </strong>CPl Healthcare Limited</p>
<p><strong>Number of Positions: </strong>15</p>
<p><strong>Locations</strong>: Mullingar (Ireland)</p>
<p><strong>Job description:</strong></p>
<p style='text-align: justify;'>CPL Healthcare is recruiting compassionate and motivated Social Care Workers to join reputable services across Ireland in two key areas: Supporting young people and children in residential care.</p>
<p style='text-align: justify;'><strong>Requirements</strong></p>
<ul>
<li style='text-align: justify;'>Bachelor Degree in Social Care Work or Social Education or Psychology</li>
<li style='text-align: justify;'>Full Clean Manual Driving License</li>
<li style='text-align: justify;'>No experience required</li>
<li style='text-align: justify;'>Languages: English B2</li>
<li style='text-align: justify;'>In order to work in Ireland a non-EEA National, unless they are exempted, must hold a valid employment permit. Please review the Eligibility and requirements for an employment permit if you are unsure of your eligibility to apply for this vacancy.</li>
</ul>
<p><strong>Working conditions:</strong></p>
<ul>
<li>Permanent Contract</li>
<li>40 hrs per week</li>
<li>Competitive Salary from 40,600euros to 44,000euros</li>
</ul>
<p style='text-align: justify;'><strong>To apply:</strong></p>
<p style='text-align: justify;'>CV in English by email to <a href='mailto:sonia.tzaferi@cplhealthcare.com'>sonia.tzaferi@cplhealthcare.com</a> and copy to <a href='mailto:pcpmixto.eures@sepe.es'>pcpmixto.eures@sepe.es</a> quoting the name of the vacancy Social Care Worker and the vacancy reference 2467932.</p>
<p style='text-align: justify;'> </p><p><strong>Información obtenida de: </strong>EURES. <a href='http://www.sepe.es/redEURES' target='_blank'>http://www.sepe.es/redEURES</a></p><p><strong>Enlaces relacionados:</strong><ul><li><a href='https://servicios3.jcyl.es/enbo/siau/contenido/cUdjYjZJbGIvdmNOLzRnejBuQWYrNTlMVUlvcjBram8zSVhhbU1wcldVRT0%3D' target='_blank'>Social care workers</a></li><li><a href='https://www.sepe.es/HomeSepe/encontrar-trabajo/empleo-europa/Ofertas-empleo-destacadas-informacion-paises/empleo-irlanda.html' target='_blank'>Ofertas en Irlanda</a></li></ul></p><p>Información procedente de: <a href='https://servicios3.jcyl.es/enbo/siau/webapp/boletinEmpleoCyL/boletin/c2hCOFZzR0JFbmdMcGR0bnh6REdKV3R4dWE2ZHpNRzB4b1loc21oUzFsMD0%3D/EMPLEO-EURES/149093' target='_blank'><strong>Boletín de Empleo de Castilla y León (Ecyl)</strong>.</a></p>";Europa;Red EURES;;;;;;1285679506762;2026-09-16;https://empleo.jcyl.es/web/jcyl/Empleo/es/Plantilla100Detalle/1284216458054/OfertasEmpleo/1285679506762/Empleo;
Plumber / Plumbing Installer (Dinamarca);Otra;2026-09-16;"<p><strong>We are looking for someone who:</strong></p>
<ul>
<li style='text-align: justify;'>Is a qualified plumber with relevant vocational training</li>
<li style='text-align: justify;'>Has practical experience as a plumber</li>
<li style='text-align: justify;'>Can communicate in English</li>
<li style='text-align: justify;'>Has a category B driving licence</li>
<li style='text-align: justify;'>Is willing to relocate to Lolland and make the area your place of residence</li>
</ul>
<p><strong>What we offer:</strong></p>
<ul>
<li>Gross hourly wage: DKK 180-220, depending on qualifications and experience</li>
<li>Candidates with several years of relevant experience can expect a salary at the higher end of the range</li>
<li>Permanent employment, 37 hours per week, Monday to Friday</li>
<li>Pension scheme</li>
<li>5 weeks of vacation</li>
<li>Flexible benefits account for extra vacation, salary or pension</li>
<li>Company vehicle</li>
<li>Assistance with finding suitable accommodation</li>
</ul>
<p><strong>How to apply:</strong></p>
<p>Send your application to: <a href='mailto:rekruttering@lolland.dk'>rekruttering@lolland.dk</a> - Please write 'Bang's VVS' in the subject line.</p>
<p>When sending the application please include <a href='mailto:eures.nordicos@sepe.es'>eures.nordicos@sepe.es</a> in copy.</p>
<p> </p><p><strong>Información obtenida de: </strong>EURES. <a href='http://www.sepe.es/redEURES' target='_blank'>http://www.sepe.es/redEURES</a></p><p><strong>Enlaces relacionados:</strong><ul><li><a href='https://servicios3.jcyl.es/enbo/siau/contenido/MERtMzluNFhWdlpBNTJuZzIwbTFvUkxtd0U3c1hLRkJ6NVlmWVNxVHFROD0%3D' target='_blank'>Plumber /Plumbing Installer</a></li><li><a href='https://www.sepe.es/HomeSepe/encontrar-trabajo/empleo-europa/Ofertas-empleo-destacadas-informacion-paises/empleo-dinamarca.html' target='_blank'>Ofertas en Dinamarca</a></li></ul></p><p>Información procedente de: <a href='https://servicios3.jcyl.es/enbo/siau/webapp/boletinEmpleoCyL/boletin/c2hCOFZzR0JFbmdMcGR0bnh6REdKV3R4dWE2ZHpNRzB4b1loc21oUzFsMD0%3D/EMPLEO-EURES/148948' target='_blank'><strong>Boletín de Empleo de Castilla y León (Ecyl)</strong>.</a></p>";Europa;Red EURES;;;;;;1285679506791;2026-09-16;https://empleo.jcyl.es/web/jcyl/Empleo/es/Plantilla100Detalle/1284216458054/OfertasEmpleo/1285679506791/Empleo;
Food and Beverage assistant (Irlanda);Otra;2026-09-16;"<p><strong>Mount Juliet Estate,</strong> a Marriott Autograph Collection, is a 5* Resort</p>
<p><strong>Requirements:</strong></p>
<ul>
<li style='text-align: justify;'>Previous experience working in a busy restaurant and/or bar environment is essential.</li>
<li style='text-align: justify;'>Must be available to work Full-Time from September onwards.</li>
<li style='text-align: justify;'>Fluent English and excellent communication skills.</li>
<li style='text-align: justify;'>Strong customer service and interpersonal skills.</li>
<li style='text-align: justify;'>Good organisational skills and the ability to multitask.</li>
<li style='text-align: justify;'>Ability to work effectively as part of a team and on your own initiative.</li>
<li style='text-align: justify;'>Knowledge of whiskeys, wines and cocktails.</li>
<li style='text-align: justify;'>A genuine passion for hospitality and creating positive guest experiences.</li>
</ul>
<p style='text-align: justify;'><strong>What we offer:</strong></p>
<ul>
<li style='text-align: justify;'>Competitive Pay: euros14,15 gross per hour</li>
<li style='text-align: justify;'>Employee Assistance Program: - Mount Juliet will have accommodation available off site and minibus that can bring person to work.</li>
<li style='text-align: justify;'>International Hotel discounts</li>
<li style='text-align: justify;'>Staff Meal</li>
<li style='text-align: justify;'>Uniform</li>
<li style='text-align: justify;'>Training & Continuous Professional Development</li>
<li style='text-align: justify;'>Complimentary Health Club Access</li>
</ul>
<p><strong>To apply:</strong></p>
<p style='text-align: justify;'>Interested persons send CV in English to <a href='mailto:Gavin.Caird@welfare.ie'>Gavin.Caird@welfare.ie </a>whith copy to a <a href='mailto:pcpmixto.eures@sepe.es'>pcpmixto.eures@sepe.es</a> indicating in the subject line of the email: Experienced Food and Beverage Assistant</p>
<p> </p><p><strong>Información obtenida de: </strong>EURES. <a href='http://www.sepe.es/redEURES' target='_blank'>http://www.sepe.es/redEURES</a></p><p><strong>Enlaces relacionados:</strong><ul><li><a href='https://www.sepe.es/HomeSepe/encontrar-trabajo/empleo-europa/Ofertas-empleo-destacadas-informacion-paises/empleo-irlanda.html' target='_blank'>Ofertas en Irlanda</a></li><li><a href='https://servicios3.jcyl.es/enbo/siau/contenido/VUUwb1VNMFlCallJTTJ4Vmc4NmxGMFB5am9EYmVSTXcrbElSb2NjdDFLST0%3D' target='_blank'>Food and Beverage assistant</a></li></ul></p><p>Información procedente de: <a href='https://servicios3.jcyl.es/enbo/siau/webapp/boletinEmpleoCyL/boletin/c2hCOFZzR0JFbmdMcGR0bnh6REdKV3R4dWE2ZHpNRzB4b1loc21oUzFsMD0%3D/EMPLEO-EURES/148970' target='_blank'><strong>Boletín de Empleo de Castilla y León (Ecyl)</strong>.</a></p>";Europa;Red EURES;;;;;;1285679506551;2026-09-16;https://empleo.jcyl.es/web/jcyl/Empleo/es/Plantilla100Detalle/1284216458054/OfertasEmpleo/1285679506551/Empleo;
Bartender (Irlanda);Otra;2026-09-16;"<p><strong>Mount Juliet</strong> Estate, a Marriott Autograph Collection, 5* Resort.</p>
<p><strong>Requirements</strong></p>
<ul>
<li style='text-align: justify;'>Previous experience as a bartender or in a similar hospitality environment.</li>
<li style='text-align: justify;'>Experience within a luxury hotel, restaurant or leisure environment is an advantage.</li>
<li style='text-align: justify;'>Excellent knowledge of spirits, wine and beer.</li>
<li style='text-align: justify;'>Strong communication and customer service skills.</li>
<li style='text-align: justify;'>Accurate and responsible cash-handling skills.</li>
<li style='text-align: justify;'>Familiarity with POS systems.</li>
<li style='text-align: justify;'>Ability to work efficiently in a fast-paced environment and manage multiple tasks.</li>
<li style='text-align: justify;'>Flexible availability, including weekends and public holidays.</li>
<li style='text-align: justify;'>Basic Food Hygiene Certificate is desirable.</li>
<li style='text-align: justify;'>Must be available to work Full-Time.</li>
</ul>
<p><strong>We offer:</strong></p>
<ul>
<li style='text-align: justify;'>Competitive Pay: euros14,50 gross per hour</li>
<li style='text-align: justify;'>Employee Assistance Program</li>
<li style='text-align: justify;'>Mount Juliet will have accommodation available off site and minibus that can bring person to work.</li>
<li style='text-align: justify;'>International Hotel discounts</li>
<li style='text-align: justify;'>Staff Meal</li>
<li style='text-align: justify;'>Uniform</li>
<li style='text-align: justify;'>Training & Continuous Professional Development</li>
<li style='text-align: justify;'>Complimentary Health Club Access</li>
<li style='text-align: justify;'>Be part of an award-winning, certified Best in Hospitality, globally recognized luxury hotel. Collaborate with a passionate and dynamic team dedicated to excellence. Enjoy competitive compensation, benefits, and opportunities for professional growth. Shape the future of an iconic brand while creating unforgettable guest experiences.</li>
</ul>
<p><strong>To apply:</strong></p>
<p>Interested persons send CV in English to <a href='mailto:Gavin.Caird@welfare.ie'>Gavin.Caird@welfare.ie</a> whith copy to a <a href='mailto:pcpmixto.eures@sepe.es'>pcpmixto.eures@sepe.es</a> indicating in the subject line of the email: Bartender</p>
<p> </p><p><strong>Información obtenida de: </strong>EURES. <a href='http://www.sepe.es/redEURES' target='_blank'>http://www.sepe.es/redEURES</a></p><p><strong>Enlaces relacionados:</strong><ul><li><a href='https://servicios3.jcyl.es/enbo/siau/contenido/UmUzWU4xaVE1dUhhb3FlNEdmcU41MHhYZjFON3dSazJTdjRJSXhDblc1OD0%3D' target='_blank'>Bartender</a></li><li><a href='https://www.sepe.es/HomeSepe/encontrar-trabajo/empleo-europa/Ofertas-empleo-destacadas-informacion-paises/empleo-irlanda.html' target='_blank'>Ofertas en Irlanda</a></li></ul></p><p>Información procedente de: <a href='https://servicios3.jcyl.es/enbo/siau/webapp/boletinEmpleoCyL/boletin/c2hCOFZzR0JFbmdMcGR0bnh6REdKV3R4dWE2ZHpNRzB4b1loc21oUzFsMD0%3D/EMPLEO-EURES/149017' target='_blank'><strong>Boletín de Empleo de Castilla y León (Ecyl)</strong>.</a></p>";Europa;Red EURES;;;;;;1285679506658;2026-09-16;https://empleo.jcyl.es/web/jcyl/Empleo/es/Plantilla100Detalle/1284216458054/OfertasEmpleo/1285679506658/Empleo;
Boletín de ofertas de empleo y prácticas en instituciones de la UE;Otra;2026-09-16;"<p style='text-align: justify;'>El Boletín es una publicación de periodicidad semanal editada por el Ministerio de Asuntos Exteriores, Unión Europea y Cooperación.</p>
<p style='text-align: justify;'>Su objetivo es facilitar el acceso por parte de la ciudadanía española a información relevante sobre distintas convocatorias de empleo y prácticas publicadas por el conjunto de instituciones, organismos y agencias de la Unión Europea.</p>
<p style='text-align: justify;'>Puede consultar las ofertas de Empleo y Prácticas publicadas en el archivo adjunto.</p>
<p>Para inscribirse en el Boletín: <a href='https://profesionalesue.maec.es/'>https://profesionalesue.maec.es/</a></p>
<p> </p><p><strong>Información obtenida de: </strong>EURES. <a href='http://www.sepe.es/redEURES' target='_blank'>http://www.sepe.es/redEURES</a></p><p><strong>Enlaces relacionados:</strong><ul><li><a href='https://servicios3.jcyl.es/enbo/siau/contenido/UVRDdDJEbkNoR3RFT2xiSlpGMHY1a004ZExaajZPdnJPcGk5d1dybXBUdz0%3D' target='_blank'>Boletín UE</a></li><li><a href='https://www.exteriores.gob.es/es/ServiciosAlCiudadano/EmpleoyFormacion/Paginas/profesionalesUE.aspx' target='_blank'>Profesionales UE</a></li></ul></p><p>Información procedente de: <a href='https://servicios3.jcyl.es/enbo/siau/webapp/boletinEmpleoCyL/boletin/c2hCOFZzR0JFbmdMcGR0bnh6REdKV3R4dWE2ZHpNRzB4b1loc21oUzFsMD0%3D/EMPLEO-EURES/148953' target='_blank'><strong>Boletín de Empleo de Castilla y León (Ecyl)</strong>.</a></p>";Europa;Red EURES;;;;;;1285679506706;2026-09-16;https://empleo.jcyl.es/web/jcyl/Empleo/es/Plantilla100Detalle/1284216458054/OfertasEmpleo/1285679506706/Empleo;
Temporada de invierno en Tirol: cocina, recepción, camarera de pisos ... (Austria);Otra;2026-09-16;"<p><strong>EURES Austria</strong> busca una serie de perfiles profesionales para trabajar durante la temporada de invierno en el <strong>Tirol</strong>, en los que el conocimiento del alemán es esencial.</p>
<p>Los contratos pueden ser desde diciembre 2026 hasta abril de 2027, dependiendo de la nieve. </p>
<p><span style='text-decoration: underline;'><em>Características comunes a todos los puestos</em></span></p>
<ul>
<li style='text-align: justify;'>Para solicitar esta oferta se necesita tener nacionalidad de un país europeo, o permiso de residencia de larga duración UE.</li>
<li style='text-align: justify;'>Se ofrece alojamiento y comidas gratis. En establecimientos de reciente creación que no disponen de alojamiento propio, cobran entre 50-100euros/mes en concepto de limpieza, luz y agua, que se retiene del sueldo.</li>
<li style='text-align: justify;'>Otros beneficios: entradas a precios reducidos a Spas, gimnasio, pistas de ski&hellip;</li>
<li style='text-align: justify;'>Horarios de trabajo regulados con cómputo exacto de horas.</li>
<li style='text-align: justify;'>Horario habitual de 8 horas/día (5 o 6 días por semana). En algunos establecimientos el horario es seguido (8 horas en turno de mañana o tarde) y en otros es partido (4 horas por la mañana y 4 por la tarde)</li>
<li style='text-align: justify;'>Paga extra de vacaciones y Navidad prorrateada.</li>
<li style='text-align: justify;'>Alojamiento y comidas incluidas</li>
<li style='text-align: justify;'>Posibilidad de periodo de prácticas remuneradas para estudiantes mayores de edad (1.400euros mes brutos) o personas con alemán que quieran adquirir experiencia en el sector.</li>
</ul>
<p style='text-align: justify;'><strong>Puestos: </strong>(descripción en el archivo adjunto)</p>
<ul>
<li style='text-align: justify;'>Recepcionista</li>
<li style='text-align: justify;'>Camarera de pisos con experiencia</li>
<li style='text-align: justify;'>Cook - Chef - Souschef - Pastrelero - Commis de cuisine - Entremetier</li>
<li style='text-align: justify;'>Camarero - Chef de rang - Commis de rang - Barman</li>
</ul>
<p><strong>Cómo solicitar los puestos:</strong></p>
<p>Las <strong>entrevistas</strong> serán en inglés o alemán en <strong>Alicante</strong> el 16 de noviembre y en <strong>Cádiz </strong>el 18 de noviembre.</p>
<ul>
<li>Si te interesa participar en el proceso de selección de Alicante, manda tu candidatura (CV + carta de presentación en pdf) en inglés o alemán al mail <a href='mailto:eures_alicante@gva.es'>eures_alicante@gva.es</a></li>
<li>Si quieres participar en el proceso de selección de Cádiz, mándanos la candidatura en inglés o alemán al correo electrónico <a href='mailto:bproe@sepe.es'>bproe@sepe.es</a></li>
<li>Si te interesa participar, pero no puedes acudir presencialmente a ninguna convocatoria, manda tu candidatura y especifica en el mail que quieres una <strong>entrevista online.</strong></li>
</ul>
<p>En el tema del mensaje del correo pon AUSTRIA-Tirol -Puesto que le interesa&rdquo;</p>
<p>Se aceptarán solo los CVs en inglés o alemán recibidos antes del 13 de noviembre.</p>
<p> </p><p><strong>Información obtenida de: </strong>EURES. <a href='http://www.sepe.es/redEURES' target='_blank'>http://www.sepe.es/redEURES</a></p><p><strong>Enlaces relacionados:</strong><ul><li><a href='https://servicios3.jcyl.es/enbo/siau/contenido/TXFDdkw0M2d1RDRtZ3RNQ2hGSldzR2Q4QjlGcnJCd3BHd0F5Q1R0MUZmdz0%3D' target='_blank'>Temporada de invierno en Tirol</a></li><li><a href='https://www.sepe.es/HomeSepe/encontrar-trabajo/empleo-europa/Ofertas-empleo-destacadas-informacion-paises/empleo-austria.html' target='_blank'>Ofertas en Austria</a></li></ul></p><p>Información procedente de: <a href='https://servicios3.jcyl.es/enbo/siau/webapp/boletinEmpleoCyL/boletin/c2hCOFZzR0JFbmdMcGR0bnh6REdKV3R4dWE2ZHpNRzB4b1loc21oUzFsMD0%3D/EMPLEO-EURES/148965' target='_blank'><strong>Boletín de Empleo de Castilla y León (Ecyl)</strong>.</a></p>";Europa;Red EURES;;;;;;1285679506819;2026-09-16;https://empleo.jcyl.es/web/jcyl/Empleo/es/Plantilla100Detalle/1284216458054/OfertasEmpleo/1285679506819/Empleo;
COCINEROS, EN GENERAL;Palencia;2026-09-16;<p>Laboral indefinido. Jornada completa. Requisitos: Cocinero con conocimientos de cocina china.</p><p>Para más información acuda a <a href='http://empleocastillayleon.jcyl.es/oficinavirtual/buscoEmpleoPub.do?srvc=ver&scope=reg&cod=394470'>Oficina Virtual</a></p>;;ECYL;1179298103860;Palencia;42.01112;-4.532032;34;1285679575373;2026-09-16;https://empleo.jcyl.es/web/jcyl/Empleo/es/Plantilla100Detalle/1284216458054/OfertasEmpleo/1285679575373/Empleo;42.01112, -4.532032
MECÁNICOS-AJUSTADORES DEL AUTOMÓVIL, EN GENERAL (TURISMOS Y FURGONETAS);Palencia;2026-09-16;<p>Para más información acuda a <a href='http://empleocastillayleon.jcyl.es/oficinavirtual/buscoEmpleoPub.do?srvc=ver&scope=reg&cod=394471'>Oficina Virtual</a></p>;;ECYL;1179298103860;Palencia;42.01112;-4.532032;34;1285679513832;2026-09-16;https://empleo.jcyl.es/web/jcyl/Empleo/es/Plantilla100Detalle/1284216458054/OfertasEmpleo/1285679513832/Empleo;42.01112, -4.532032
PERSONAL DE LIMPIEZA O LIMPIADORES EN GENERAL;Palencia;2026-09-16;"<p>- Limpieza y desinfección de la maquinaria, equipos y herramientas de trabajo, usando los productos específicos necesarios.
- Limpieza de las instalaciones, mediante la utilización de la maquinaria adecuada (equipos de alta presión, hidrolimpiadora, barredora, fregadora, abrillantadora, etc.).
- Retirada de los diferentes tipos de residuos (orgánicos, inorgánicos o residuos de especial peligrosidad) de las instalaciones industriales.
- Limpieza de las áreas comunes de las instalaciones.</p><p>Para más información acuda a <a href='http://empleocastillayleon.jcyl.es/oficinavirtual/buscoEmpleoPub.do?srvc=ver&scope=reg&cod=394411'>Oficina Virtual</a></p>";;ECYL;1179298081851;Dueñas;41.8773156697;-4.54675515213;34;1285679395400;2026-09-16;https://empleo.jcyl.es/web/jcyl/Empleo/es/Plantilla100Detalle/1284216458054/OfertasEmpleo/1285679395400/Empleo;41.8773156697, -4.54675515213
Encargado/a de producción para Venta de Baños (Palencia);Palencia;2026-09-16;"<p><em>Cerealto </em>selecciona un/a <strong>ENCARGADO/A DE PRODUCCIÓN</strong> para Venta de Baños (Palencia).</p>
<p><strong>Funciones:</strong></p>
<ul>
<li>Conocer en profundidad los procesos operacionales.</li>
<li>Dominar la gestión operacional de la producción.</li>
<li>Realizar una adecuada gestión de la calidad.</li>
<li>Mantener unas condiciones de limpieza y seguridad alimentaria óptimas.</li>
<li>Mantener unas condiciones de seguridad y salud laboral óptimas.</li>
<li>Dirigir y desarrollar a todas las personas que conforma al equipo.</li>
<li>Reportar el avance en la implantación del modelo operaciones, indicadores que son asignados y desviaciones.</li>
</ul>
<p><strong>Requisitos:</strong></p>
<ul>
<li>Titulaciones Superiores de Ingeniería o Titulaciones Medias o Superiores en especialidades técnicas relacionadas con el sector de agroalimentación u otras especialidades análogas.</li>
<li>Conocimientos en calidad, PRL y seguridad alimentaria.</li>
<li>Valorable formación específica en el uso de herramientas de Lean Manufacturing, conocimientos de SAP y de office.</li>
<li>Valorable experiencia mínima de 1 año en posiciones similares.</li>
</ul>
<p><strong>Se ofrece:</strong></p>
<ul>
<li>Banda salarial: 36.000 euros brutos anuales + 10% de objetivos.</li>
<li>Convenio aplicable: C.C Cerealto Industrial Spain.</li>
<li>Horario del puesto: turnos rotativos de mañana, tarde y noche.</li>
</ul>
<p><strong>Para solicitar:</strong></p>
<ul>
<li>En el enlace adjunto se puede acceder a la solicitud para el puesto. <strong>Se recuerda que, para presentar su candidatura, deberá estar inscrito/a en el portal que publica la oferta.</strong></li>
</ul><p><strong>Información obtenida de: </strong>Internet/Prensa. <a href='http://infojobs.net' target='_blank'>http://infojobs.net</a></p><p><strong>Enlaces relacionados:</strong><ul><li><a href='https://www.infojobs.net/venta-de-banos/encargado-encargada-produccion-venta-banos-palencia./of-i31b8208c2743be802bd286225d16de?applicationOrigin=Corporativas-DP' target='_blank'>Encargado/Encargada de producción - Venta de Baños, Palencia.</a></li></ul></p><p>Información procedente de: <a href='https://servicios3.jcyl.es/enbo/siau/webapp/boletinEmpleoCyL/boletin/c2hCOFZzR0JFbmdMcGR0bnh6REdKV3R4dWE2ZHpNRzB4b1loc21oUzFsMD0%3D/EMPLEO-INTERNET-PRENSA/148946' target='_blank'><strong>Boletín de Empleo de Castilla y León (Ecyl)</strong>.</a></p>";;Internet / Prensa;1179298060901;Venta de Baños;41.920933;-4.4887385;34;1285679507556;2026-09-16;https://empleo.jcyl.es/web/jcyl/Empleo/es/Plantilla100Detalle/1284216458054/OfertasEmpleo/1285679507556/Empleo;41.920933, -4.4887385
ASISTENTES DOMICILIARIOS;Palencia;2026-09-16;<p>Contrato temporal (3 meses). Jornada parcial, 30 horas semanales de lunes a domingo de mañana y/o tarde con los descansos establecidos según normativa.</p><p>Para más información acuda a <a href='http://empleocastillayleon.jcyl.es/oficinavirtual/buscoEmpleoPub.do?srvc=ver&scope=reg&cod=394439'>Oficina Virtual</a></p>;;ECYL;1179298103860;Palencia;42.01112;-4.532032;34;1285679425231;2026-09-16;https://empleo.jcyl.es/web/jcyl/Empleo/es/Plantilla100Detalle/1284216458054/OfertasEmpleo/1285679425231/Empleo;42.01112, -4.532032
Técnico/a de lunas del automóvil para Palencia;Palencia;2026-09-16;"<p style='text-align: justify;'><em>Cristalbox</em> selecciona un/a <strong>TÉCNICO/A DE LUNAS DEL AUTOMÓVIL</strong> para Palencia.</p>
<p style='text-align: justify;'><strong>Funciones: </strong></p>
<ul>
<li>Verificación de la calidad del trabajo antes de la entrega.</li>
<li>Mantenimiento del orden, limpieza y seguridad del puesto de trabajo.</li>
<li>Atención y asesoramiento al cliente durante el servicio.</li>
<li>Colaboración con el equipo para garantizar un funcionamiento eficiente del centro.</li>
<li>Reparación y sustitución de lunas en turismos y vehículos comerciales.</li>
<li>Calibración de sistemas ADAS cuando el vehículo lo requiera.</li>
<li>Preparación del vehículo y uso de herramientas y maquinaria específica.</li>
</ul>
<p><strong>Requisitos:</strong></p>
<ul>
<li style='text-align: justify;'>Estudios mínimos: Educación Secundaria Obligatoria. Formación profesional relacionada con automoción (valorable).</li>
<li style='text-align: justify;'>Experiencia mínima: 3 años en el sector especifico en cambio y/o reparación de lunas de coches.</li>
<li style='text-align: justify;'>Imprescindible: Permiso de conducir B.</li>
</ul>
<p style='text-align: justify;'><strong>Se ofrece:</strong></p>
<ul>
<li style='text-align: justify;'>Incorporación estable a una empresa consolidada y en continuo crecimiento.</li>
<li>Contrato a jornada completa.</li>
<li>Formación técnica inicial y continua.</li>
<li>Buen ambiente laboral y equipo profesional.</li>
<li>Herramientas, equipos y procedimientos de trabajo de alta calidad.</li>
</ul>
<p style='text-align: justify;'><strong>Para solicitar:</strong></p>
<ul>
<li style='text-align: justify;'>En el enlace adjunto se puede acceder a la solicitud para el puesto. <strong>Se recuerda que para presentar su candidatura, deberá estar inscrito/a en el portal que publica la oferta.</strong></li>
</ul><p><strong>Información obtenida de: </strong>Internet/Prensa. <a href='http://infojobs.net' target='_blank'>http://infojobs.net</a></p><p><strong>Enlaces relacionados:</strong><ul><li><a href='https://www.infojobs.net/palencia/tecnico-lunas-automovil/of-i6cc54c5c794357aec2d4386414c8ba?applicationOrigin=search-new&page=1&sortBy=PUBLICATION_DATE' target='_blank'>Más información e inscripción a la oferta</a></li></ul></p><p>Información procedente de: <a href='https://servicios3.jcyl.es/enbo/siau/webapp/boletinEmpleoCyL/boletin/c2hCOFZzR0JFbmdMcGR0bnh6REdKV3R4dWE2ZHpNRzB4b1loc21oUzFsMD0%3D/EMPLEO-INTERNET-PRENSA/149075' target='_blank'><strong>Boletín de Empleo de Castilla y León (Ecyl)</strong>.</a></p>";;Internet / Prensa;1179298103860;Palencia;42.01112;-4.532032;34;1285679507528;2026-09-16;https://empleo.jcyl.es/web/jcyl/Empleo/es/Plantilla100Detalle/1284216458054/OfertasEmpleo/1285679507528/Empleo;42.01112, -4.532032
Coordinador/a de proyectos cliente (reformas-obras) para Palencia;Palencia;2026-09-16;"<p><em>Leroy Merlin, </em>selecciona un/a <strong>COORDINADOR/A DE PROYECTOS CLIENTE </strong>(REFORMAS-OBRAS)<strong> </strong>para Palencia.</p>
<p><strong>Funciones:</strong></p>
<ul>
<li style='text-align: justify;'>Gestionar y hacer seguimiento de obras.</li>
<li style='text-align: justify;'>Resolver incidencias y apoyar a los compañeros.</li>
<li style='text-align: justify;'>Asegurar que cada reforma quede impecable.</li>
<li style='text-align: justify;'>Realizar visitas a domicilio para supervisar el avance de las obras y garantizar el cumplimiento de los plazos establecidos.</li>
<li style='text-align: justify;'>Asesorar sobre los requisitos legales y los trámites necesarios para la ejecución de las reformas.</li>
<li style='text-align: justify;'>Supervisar la calidad del trabajo de los instaladores, proponiendo mejoras continuas.</li>
<li style='text-align: justify;'>Actuar como soporte técnico para el equipo de asesores de proyecto en tienda y participar en proyectos transversales con otros departamentos.</li>
</ul>
<p><strong>Requisitos:</strong></p>
<ul>
<li>Experiencia mínima de 2 años en gestión de reformas e instalaciones.</li>
<li>Habilidades comerciales y trato cercano con clientes.</li>
<li>Organización, resolución de problemas y dominio de herramientas digitales.</li>
<li>Capacidad para trabajar en equipo y colaborar con otros departamentos.</li>
</ul>
<p><strong>Se ofrece:</strong></p>
<ul>
<li>Contrato indefinido.</li>
<li>Jornada completa.</li>
<li>Salario competitivo con retribución fija y variable basada en resultados.</li>
<li>Beneficios exclusivos como seguro de salud, cheques restaurante, ayudas en guardería y descuentos en grandes marcas.</li>
</ul>
<p><strong>Para solicitar:</strong></p>
<ul>
<li>En el enlace adjunto se puede acceder a la solicitud para el puesto. <strong>Se recuerda que para presentar su candidatura, deberá estar inscrito/a en el portal que publica la oferta.</strong></li>
</ul><p><strong>Información obtenida de: </strong>Internet/Prensa. <a href='http://infojobs.net' target='_blank'>http://infojobs.net</a></p><p><strong>Enlaces relacionados:</strong><ul><li><a href='https://www.infojobs.net/palencia/coordinador-proyectos-cliente-reformas-obra-leroy-merlin-palencia/of-ib4b9e19bc84cf5926522ef536a9c81?applicationOrigin=search-new&page=1&sortBy=PUBLICATION_DATE' target='_blank'>Más información e inscripción a la oferta</a></li></ul></p><p>Información procedente de: <a href='https://servicios3.jcyl.es/enbo/siau/webapp/boletinEmpleoCyL/boletin/c2hCOFZzR0JFbmdMcGR0bnh6REdKV3R4dWE2ZHpNRzB4b1loc21oUzFsMD0%3D/EMPLEO-INTERNET-PRENSA/149080' target='_blank'><strong>Boletín de Empleo de Castilla y León (Ecyl)</strong>.</a></p>";;Internet / Prensa;1179298103860;Palencia;42.01112;-4.532032;34;1285679507240;2026-09-16;https://empleo.jcyl.es/web/jcyl/Empleo/es/Plantilla100Detalle/1284216458054/OfertasEmpleo/1285679507240/Empleo;42.01112, -4.532032
ENFERMEROS DE CUIDADOS GENERALES;Palencia;2026-09-16;<p>SE NECESITA PERSONAL DE ENFERMERÍA PARA CUBRIR UNA INCAPACIDAD TEMPORAL A JORNADA COMPLETA, EN LA GERENCIA DE SERVICIOS SOCIALES DEL MUNICIPIO DEPALENCIA</p><p>Para más información acuda a <a href='http://empleocastillayleon.jcyl.es/oficinavirtual/buscoEmpleoPub.do?srvc=ver&scope=reg&cod=391813'>Oficina Virtual</a></p>;;ECYL;1179298103860;Palencia;42.01112;-4.532032;34;1285679458074;2026-09-16;https://empleo.jcyl.es/web/jcyl/Empleo/es/Plantilla100Detalle/1284216458054/OfertasEmpleo/1285679458074/Empleo;42.01112, -4.532032
ASISTENTES DOMICILIARIOS;Palencia;2026-09-16;"<p>Asistencia en dos domicilios de Herrera de Pisuerga. 
Domicilio 1: lunes a sábado de 11:00 a 14:00 horas funciones de atención personal.
Domicilio 2: lunes a viernes de 17:00 a 18:00 apoyo y acompañamiento dentro y fuera del domicilio.</p><p>Para más información acuda a <a href='http://empleocastillayleon.jcyl.es/oficinavirtual/buscoEmpleoPub.do?srvc=ver&scope=reg&cod=394440'>Oficina Virtual</a></p>";;ECYL;1179298086424;Herrera de Pisuerga;42.595364;-4.3321114;34;1285679425166;2026-09-16;https://empleo.jcyl.es/web/jcyl/Empleo/es/Plantilla100Detalle/1284216458054/OfertasEmpleo/1285679425166/Empleo;42.595364, -4.3321114
Operador/a de calderas para Salamanca;Salamanca;2026-09-16;"<p><em>HAYS working for you tomorrow</em> selecciona un/a <strong>OPERADOR/A DE CALDERAS</strong> para Salamanca.</p>
<p><strong>Funciones:</strong></p>
<ul>
<li>Operar y mantener motores estacionarios, calderas y equipos auxiliares.</li>
<li>Activar las válvulas para mantener las cantidades de agua en las calderas, para ajustar el suministro de aire de combustión y para controlar el flujo de combustible a los quemadores.</li>
<li>Monitorear los niveles de agua, químicos y combustibles y hacer los ajustes necesarios.</li>
</ul>
<p><strong>Requisitos:</strong></p>
<ul>
<li>Estudios mínimos: Ciclo Formativo Grado Medio en Instalación y Mantenimiento.</li>
<li>Se valorará disponer del carnet de operador de calderas industriales.</li>
<li>Experiencia mínima: 3 años.</li>
<li>Imprescindible residente en provincia del puesto vacante.</li>
</ul>
<p><strong>Se ofrece:</strong></p>
<ul>
<li>Contrato indefinido.</li>
<li>Jornada completa.</li>
<li>Salario a negociar en función de la valía/experiencia aportada.</li>
<li>Incorporación inmediata.</li>
</ul>
<p><strong>Para solicitar:</strong></p>
<ul>
<li>En el enlace adjunto se puede acceder a la solicitud para el puesto. <strong>Se recuerda que, para presentar su candidatura, deberá estar inscrito/a en el portal que publica la oferta.</strong></li>
</ul><p><strong>Información obtenida de: </strong>Internet/Prensa. <a href='http://www.infojobs.net' target='_blank'>http://www.infojobs.net</a></p><p><strong>Enlaces relacionados:</strong><ul><li><a href='https://www.infojobs.net/salamanca/operador-calderas/of-if7dc10f11e41c582dc7ed6c78dca7c?applicationOrigin=search-filtered&page=1&sortBy=PUBLICATION_DATE' target='_blank'>Más información e inscripción a la oferta</a></li></ul></p><p>Información procedente de: <a href='https://servicios3.jcyl.es/enbo/siau/webapp/boletinEmpleoCyL/boletin/c2hCOFZzR0JFbmdMcGR0bnh6REdKV3R4dWE2ZHpNRzB4b1loc21oUzFsMD0%3D/EMPLEO-INTERNET-PRENSA/149051' target='_blank'><strong>Boletín de Empleo de Castilla y León (Ecyl)</strong>.</a></p>";;Internet / Prensa;;;;;;1285679507930;2026-09-16;https://empleo.jcyl.es/web/jcyl/Empleo/es/Plantilla100Detalle/1284216458054/OfertasEmpleo/1285679507930/Empleo;
Director/a de residencia de mayores para Mozárbez (Salamanca);Salamanca;2026-09-16;"<p><em>Senior Asistencia Integral SL</em> selecciona un/a <strong>DIRECTOR/A DE RESIDENCIA DE MAYORES</strong> para Mozárbez (Salamanca).</p>
<p><strong>Funciones:</strong></p>
<ul>
<li>Planificar la estrategia del centro.</li>
<li>Coordinar y seleccionar los recursos humanos del centro.</li>
<li>Supervisar al personal, su formación continua y su desempeño.</li>
<li>Gestionar los recursos y optimizar los resultados del centro.</li>
<li>Coordinar servicios asistenciales.</li>
<li>Gestión de conflictos.</li>
</ul>
<p><strong>Requisitos:</strong></p>
<ul>
<li>Estudios mínimos: Grado.</li>
<li>Formación complementaria en dependencia, discapacidad, geriatría, gerontología, dirección de centros residenciales u otras áreas relacionadas con el ámbito de de atención a la dependencia.</li>
<li>Experiencia mínima: 1 año en gestión de residencias o entornos sociosanitarios.</li>
<li>Vocación, responsabilidad y capacidad para trabajar en equipo.</li>
</ul>
<p><strong>Se ofrece:</strong></p>
<ul>
<li>Contrato indefinido.</li>
<li>Jornada completa.</li>
<li>Salario bruto 30.000 - 36.000 euros/año (con porcentaje por objetivos).</li>
</ul>
<p><strong>Para solicitar:</strong></p>
<ul>
<li>En el enlace adjunto se puede acceder a la solicitud para el puesto. <strong>Se recuerda que, para presentar su candidatura, deberá estar inscrito/a en el portal que publica la oferta.</strong></li>
</ul><p><strong>Información obtenida de: </strong>Internet/Prensa. <a href='http://www.infojobs.net' target='_blank'>http://www.infojobs.net</a></p><p><strong>Enlaces relacionados:</strong><ul><li><a href='https://www.infojobs.net/mozarbez/director-residencia-mayores/of-ib11932284248f0a47fd1b26d7c9d5d?applicationOrigin=search-filtered&page=1&sortBy=PUBLICATION_DATE' target='_blank'>Más información e inscripción a la oferta</a></li></ul></p><p>Información procedente de: <a href='https://servicios3.jcyl.es/enbo/siau/webapp/boletinEmpleoCyL/boletin/c2hCOFZzR0JFbmdMcGR0bnh6REdKV3R4dWE2ZHpNRzB4b1loc21oUzFsMD0%3D/EMPLEO-INTERNET-PRENSA/149050' target='_blank'><strong>Boletín de Empleo de Castilla y León (Ecyl)</strong>.</a></p>";;Internet / Prensa;1179298293733;Mozárbez;40.859573;-5.652368;37;1285679507100;2026-09-16;https://empleo.jcyl.es/web/jcyl/Empleo/es/Plantilla100Detalle/1284216458054/OfertasEmpleo/1285679507100/Empleo;40.859573, -5.652368
Consultor/a de software de gestión para Cabrerizos (Salamanca);Salamanca;2026-09-16;"<p><em>SOS Informática Helmántica SL</em> selecciona un/a <strong>CONSULTOR/A DE SOFTWARE DE GESTIÓN ERP, CRM y Servicios IT</strong> para Cabrerizos (Salamanca).</p>
<p><strong>Funciones:</strong></p>
<ul>
<li>Implantación, configuración y soporte de soluciones ERP y CRM.</li>
<li>Formación y acompañamiento a usuarios durante la puesta y marcha y evolución de los proyectos.</li>
<li>Análisis de necesidades y consultoría tecnológica para clientes.</li>
<li>Soporte funcional y técnico de software de gestión empresarial.</li>
<li>Soporte a servicios de Microsoft 365 y entornos cloud.</li>
<li>Soporte básico de soluciones de Ciberseguridad y servicios IT.</li>
<li>Resolución de incidencias de software y asistencia remota a usuarios.</li>
<li>Elaboración de documentación y seguimiento de proyectos.</li>
</ul>
<p><strong>Requisitos:</strong></p>
<ul>
<li>Estudios mínimos: Titulación Universitaria (Grado).</li>
<li>Experiencia mínima: 2 años (en consultoría, implantación o soporte de software empresarial).</li>
<li>Se valorará experiencia con Sage 50, Sage 200 u otras soluciones Sage.</li>
<li>Se valorará experiencia en implantación y parametrización de software.</li>
<li>Se valorará experiencia en formación de usuarios.</li>
<li>Conocimientos de ERP, CRM o software de gestión.</li>
<li>Se valorará conocimientos de Microsoft 365, SQL, bases de datos.</li>
<li>Se valorará conocimientos de ciberseguridad, cloud computing y servicios IT.</li>
<li>Capacidad de comunicación, organización y orientación al cliente.</li>
<li>Carnet de conducir.</li>
</ul>
<p><strong>Se ofrece:</strong></p>
<ul>
<li>Contrato indefinido.</li>
<li>Jornada completa (modalidad híbrida de trabajo).</li>
<li>Salario bruto 20.000 - 25.000 euros/año (según experiencia y valía aportada).</li>
<li>Formación continua y desarrollo profesional.</li>
<li>Participación en proyectos de transformación digital.</li>
</ul>
<p><strong>Para solicitar:</strong></p>
<ul>
<li>En el enlace adjunto se puede acceder a la solicitud para el puesto. <strong>Se recuerda que, para presentar su candidatura, deberá estar inscrito/a en el portal que publica la oferta.</strong></li>
</ul><p><strong>Información obtenida de: </strong>Internet/Prensa. <a href='http://www.infojobs.net' target='_blank'>http://www.infojobs.net</a></p><p><strong>Enlaces relacionados:</strong><ul><li><a href='https://www.infojobs.net/cabrerizos/consultor-software-gestion-erp-crm-servicios-it/of-if4ba83425b4357834b7b1383afadb9?applicationOrigin=search-filtered&page=1&sortBy=PUBLICATION_DATE' target='_blank'>Más información e inscripción a la oferta</a></li></ul></p><p>Información procedente de: <a href='https://servicios3.jcyl.es/enbo/siau/webapp/boletinEmpleoCyL/boletin/c2hCOFZzR0JFbmdMcGR0bnh6REdKV3R4dWE2ZHpNRzB4b1loc21oUzFsMD0%3D/EMPLEO-INTERNET-PRENSA/149030' target='_blank'><strong>Boletín de Empleo de Castilla y León (Ecyl)</strong>.</a></p>";;Internet / Prensa;1179298206129;Cabrerizos;40.979843;-5.609179;37;1285679507184;2026-09-16;https://empleo.jcyl.es/web/jcyl/Empleo/es/Plantilla100Detalle/1284216458054/OfertasEmpleo/1285679507184/Empleo;40.979843, -5.609179
Interna hogar;Salamanca;2026-09-16;"<p>Se necesita empleada de hogar en régimen interno para vivienda en Madrid. Importante experiencia y referencias contrastables. Salario 1700 netos más pagas.</p>
<p>Interesados enviar curriculum a empleadainterna2025@gmail.com o mandar mensaje al 659 745 973.</p>
Oferta publicada en La Gaceta de Salamanca";;Internet / Prensa;;;;;;1285679318796;2026-09-16;https://empleo.jcyl.es/web/jcyl/Empleo/es/Plantilla100Detalle/1284216458054/OfertasEmpleo/1285679318796/Empleo;
Operario/a de mantenimiento para Guijuelo (Salamanca);Salamanca;2026-09-16;"<p><em>Julián Martín</em> selecciona un/a <strong>OPERARIO/A DE MANTENIMIENTO</strong> para Guijuelo (Salamanca).</p>
<p><strong>Funciones:</strong></p>
<ul>
<li>Mantenimiento de los equipos de producción.</li>
<li>Diagnóstico y reparación de averías.</li>
<li>Supervisión del correcto funcionamiento de las instalaciones.</li>
</ul>
<p><strong>Requisitos:</strong></p>
<ul>
<li>Estudios mínimos: No requeridos.</li>
<li>Conocimientos de mecánica, hidráulica, neumática y electricidad.</li>
<li>Se valorará conocimiento básico en sistemas de frío industrial.</li>
<li>Experiencia mínima: 1 año.</li>
<li>Se valorará experiencia en industria cárnica.</li>
</ul>
<p><strong>Se ofrece:</strong></p>
<ul>
<li>Contrato indefinido.</li>
<li>Jornada intensiva de mañana.</li>
<li>Incorporación inmediata a jornada completa.</li>
<li>Salario según experiencia demostrable.</li>
</ul>
<p><strong>Para solicitar:</strong></p>
<ul>
<li>En el enlace adjunto se puede acceder a la solicitud para el puesto. <strong>Se recuerda que, para presentar su candidatura, deberá estar inscrito/a en el portal que publica la oferta.</strong></li>
</ul><p><strong>Información obtenida de: </strong>Internet/Prensa. <a href='http://www.infojobs.net' target='_blank'>http://www.infojobs.net</a></p><p><strong>Enlaces relacionados:</strong><ul><li><a href='https://www.infojobs.net/guijuelo/operario-mantenimiento/of-i188a436ec54b509873a088ea42d554?applicationOrigin=search-new&page=1&sortBy=RELEVANCE' target='_blank'>Más información</a></li></ul></p><p>Información procedente de: <a href='https://servicios3.jcyl.es/enbo/siau/webapp/boletinEmpleoCyL/boletin/c2hCOFZzR0JFbmdMcGR0bnh6REdKV3R4dWE2ZHpNRzB4b1loc21oUzFsMD0%3D/EMPLEO-INTERNET-PRENSA/149029' target='_blank'><strong>Boletín de Empleo de Castilla y León (Ecyl)</strong>.</a></p>";;Internet / Prensa;1179298254513;Guijuelo;40.560574;-5.676764;37;1285679507016;2026-09-16;https://empleo.jcyl.es/web/jcyl/Empleo/es/Plantilla100Detalle/1284216458054/OfertasEmpleo/1285679507016/Empleo;40.560574, -5.676764
Operario/a de producción en Valseca (Segovia);Segovia;2026-09-16;"<p><em>Temporing, </em> selecciona un/a <strong>OPERARIO/A DE PRODUCCIÓN</strong> para Valseca (Segovia).</p>
<p><strong>Funciones:</strong></p>
<ul>
<li>Trabajos en línea de producción.</li>
<li>Carga y descarga del producto.</li>
</ul>
<p><strong>Requisitos:</strong></p>
<ul>
<li>Estudios mínimos ESO.</li>
<li>Experiencia mínima 12 meses.</li>
<li>Carnet de conducir y vehículo propio.</li>
</ul>
<p><strong>Se ofrece:</strong></p>
<ul>
<li>Contrato a través de ETT, inicialmente 2 meses.</li>
<li>Jornada completa lunes a viernes de 07:00 a 15:00 horas</li>
<li>Salario 12.39euros brutos/ hora.</li>
</ul>
<p><strong>Para solicitar:</strong></p>
<ul>
<li>En el enlace adjunto se puede acceder a la solicitud para el puesto. <strong>Se recuerda que, para presentar su candidatura, deberá estar inscrito/a en el portal que publica la oferta.</strong></li>
</ul><p><strong>Información obtenida de: </strong>Internet/Prensa. <a href='https://www.infojobs.net' target='_blank'>https://www.infojobs.net</a></p><p><strong>Enlaces relacionados:</strong><ul><li><a href='https://www.infojobs.net/valseca/operario-produccion-valseca-segovia/of-i612cfe946f429fb67a759abe3f50df?applicationOrigin=search-new&page=1&sortBy=PUBLICATION_DATE' target='_blank'>Más información e inscripción a la oferta</a></li></ul></p><p>Información procedente de: <a href='https://servicios3.jcyl.es/enbo/siau/webapp/boletinEmpleoCyL/boletin/c2hCOFZzR0JFbmdMcGR0bnh6REdKV3R4dWE2ZHpNRzB4b1loc21oUzFsMD0%3D/EMPLEO-INTERNET-PRENSA/148859' target='_blank'><strong>Boletín de Empleo de Castilla y León (Ecyl)</strong>.</a></p>";;Internet / Prensa;1179298574405;Valseca;40.999958;-4.1737742;40;1285679507790;2026-09-16;https://empleo.jcyl.es/web/jcyl/Empleo/es/Plantilla100Detalle/1284216458054/OfertasEmpleo/1285679507790/Empleo;40.999958, -4.1737742
ELECTROMECÁNICOS DE MANTENIMIENTO INDUSTRIAL (MANTENIMIENTO Y REPARACIÓN GENERAL);Segovia;2026-09-16;<p>TECNICO DE MANTENIMIENTO PARA LAVANDERÍA INDUSTRIAL. INDEFINIDO . TURNOS.</p><p>Para más información acuda a <a href='http://empleocastillayleon.jcyl.es/oficinavirtual/buscoEmpleoPub.do?srvc=ver&scope=reg&cod=394476'>Oficina Virtual</a></p>;;ECYL;1179298563848;Segovia;40.94356;-4.1130023;40;1285679513671;2026-09-16;https://empleo.jcyl.es/web/jcyl/Empleo/es/Plantilla100Detalle/1284216458054/OfertasEmpleo/1285679513671/Empleo;40.94356, -4.1130023
ASISTENTES DOMICILIARIOS;Segovia;2026-09-16;"<p>ASISTENCIA Y APOYO A PERSONAS
LIMPIEZA Y MANTENIMIENTO BÁSICO DEL HOGAR</p><p>Para más información acuda a <a href='http://empleocastillayleon.jcyl.es/oficinavirtual/buscoEmpleoPub.do?srvc=ver&scope=reg&cod=394414'>Oficina Virtual</a></p>";;ECYL;1179298457519;Marugán;40.898;-4.383145;40;1285679394896;2026-09-16;https://empleo.jcyl.es/web/jcyl/Empleo/es/Plantilla100Detalle/1284216458054/OfertasEmpleo/1285679394896/Empleo;40.898, -4.383145
Interna hogar;Segovia;2026-09-16;"<p>Se necesita empleada de hogar en régimen interno para vivienda en Madrid. Importante experiencia y referencias contrastables. Salario 1700 netos más pagas.</p>
<p>Interesados enviar curriculum a empleadainterna2025@gmail.com o mandar mensaje al 659 745 973.</p>
Oferta publicada en El Adelantado de Segovia";;Internet / Prensa;;;;;;1285679308358;2026-09-16;https://empleo.jcyl.es/web/jcyl/Empleo/es/Plantilla100Detalle/1284216458054/OfertasEmpleo/1285679308358/Empleo;
2 Especialistas en ganadería para Soria;Soria;2026-09-16;"<p><em>Copiso Soria </em>selecciona dos <strong>ESPECIALISTAS EN GANADERÍA</strong> para Soria.</p>
<p><strong>Funciones:</strong></p>
<ul>
<li>Manejo de lechones en transición y cebadero.</li>
<li>Vacunación.</li>
<li>Logística de cargas para matadero.</li>
<li>Selección de futuras reproductoras para vida.</li>
</ul>
<p><strong>Requisitos:</strong></p>
<ul>
<li>Carnet tipo B.</li>
<li>Experiencia mínima: menos de un año.</li>
</ul>
<p><strong>Se ofrece:</strong></p>
<ul>
<li>Contrato indefinido.</li>
<li>Jornada completa.</li>
<li>Salario según convenio.</li>
<li>Vehículo de empresa para los desplazamientos a granjas.</li>
<li>Posibilidad de promoción interna.</li>
</ul>
<p><strong>Para solicitar:</strong></p>
<ul>
<li>En el enlace adjunto se puede acceder a la solicitud para el puesto. <strong>Se recuerda que, para presentar su candidatura, deberá estar inscrito/a en el portal que publica la oferta.</strong></li>
</ul><p><strong>Información obtenida de: </strong>Internet/Prensa. <a href='https://www.foes.es/' target='_blank'>https://www.foes.es/</a></p><p><strong>Enlaces relacionados:</strong><ul><li><a href='https://portalempleo.foes.es/index.php?action=viewOferta&idOferta=1767' target='_blank'>Más información e inscripción</a></li></ul></p><p>Información procedente de: <a href='https://servicios3.jcyl.es/enbo/siau/webapp/boletinEmpleoCyL/boletin/c2hCOFZzR0JFbmdMcGR0bnh6REdKV3R4dWE2ZHpNRzB4b1loc21oUzFsMD0%3D/EMPLEO-INTERNET-PRENSA/148952' target='_blank'><strong>Boletín de Empleo de Castilla y León (Ecyl)</strong>.</a></p>";;Internet / Prensa;1179469197687;Soria;41.76443;-2.463772;42;1285679508208;2026-09-16;https://empleo.jcyl.es/web/jcyl/Empleo/es/Plantilla100Detalle/1284216458054/OfertasEmpleo/1285679508208/Empleo;41.76443, -2.463772
PROFESORES DE INSTRUMENTOS MUSICALES, EN GENERAL;Soria;2026-09-16;"<p>Enviar CV a ayuntamiento@golmayo.es antes del 23/09/2026.
Se realizará una prueba de aptitud entre todos los candidatos.</p><p>Para más información acuda a <a href='http://empleocastillayleon.jcyl.es/oficinavirtual/buscoEmpleoPub.do?srvc=ver&scope=reg&cod=394427'>Oficina Virtual</a></p>";;ECYL;1179469154621;Golmayo;41.76568;-2.5231974;42;1285679457971;2026-09-16;https://empleo.jcyl.es/web/jcyl/Empleo/es/Plantilla100Detalle/1284216458054/OfertasEmpleo/1285679457971/Empleo;41.76568, -2.5231974
Recepcionista para El Burgo de Osma (Soria);Soria;2026-09-16;"<p><em>Empresa</em> selecciona un/a <strong>RECEPCIONISTA </strong>para El Burgo de Osma (Soria).</p>
<p><strong>Funciones:</strong></p>
<ul>
<li>Recibir y atender a los huéspedes durante su llegada y estancia.</li>
<li>Realizar los procesos de check-in y check-out.</li>
<li>Gestionar reservas, modificaciones y cancelaciones.</li>
<li>Atender llamadas telefónicas, correos electrónicos y consultas de los clientes.</li>
<li>Gestionar peticiones, incidencias y necesidades de los clientes, ofreciendo soluciones rápidas y eficaces.</li>
<li>Realizar cobros, facturación y cierre de caja según los procedimiento establecidos.</li>
<li>Coordinarse con los distintos departamentos para garantizar el buen funcionamiento del hotel.</li>
<li>Mantener actualizada la información de reservas y clientes en el sistema de gestión hostelera.</li>
<li>Supervisar y mantener una correcta imagen y organización de la recepción.</li>
</ul>
<p><strong>Requisitos:</strong></p>
<ul>
<li>Experiencia de 1 a 2 años en recepción de hotel o atención al cliente.</li>
<li>Formación relacionada con turismo, hostelería o administración será valorada.</li>
<li>Buenas habilidades de comunicación y trato con el público.</li>
<li>Persona organizada, responsable, resolutiva y orientada al servicio.</li>
<li>Capacidad para trabajar en equipo y gestionar varias tareas simultáneamente.</li>
<li>Disponibilidad para trabajar en turnos, fines de semana y festivos.</li>
<li>Conocimiento de inglés.</li>
<li>Experiencia en programas de gestión hostelera.</li>
<li>Conocimiento de ofimática.</li>
<li>Experiencia en gestión de reservas y atención telefónica.</li>
</ul>
<p><strong>Se ofrece:</strong></p>
<ul>
<li>Contrato indefinido.</li>
<li>Jornada completa.</li>
<li>Horario rotativo.</li>
<li>Salario 19000 euros/año.</li>
</ul>
<p><strong>Para solicitar:</strong></p>
<ul>
<li>En el enlace adjunto se puede acceder a la solicitud para el puesto. <strong>Se recuerda que, para presentar su candidatura, deberá estar inscrito/a en el portal que publica la oferta.</strong></li>
</ul><p><strong>Información obtenida de: </strong>Internet/Prensa. <a href='https://www.foes.es/' target='_blank'>https://www.foes.es/</a></p><p><strong>Enlaces relacionados:</strong><ul><li><a href='https://portalempleo.foes.es/index.php?action=viewOferta&idOferta=1764' target='_blank'>Más información e inscripción</a></li></ul></p><p>Información procedente de: <a href='https://servicios3.jcyl.es/enbo/siau/webapp/boletinEmpleoCyL/boletin/c2hCOFZzR0JFbmdMcGR0bnh6REdKV3R4dWE2ZHpNRzB4b1loc21oUzFsMD0%3D/EMPLEO-INTERNET-PRENSA/148986' target='_blank'><strong>Boletín de Empleo de Castilla y León (Ecyl)</strong>.</a></p>";;Internet / Prensa;1179469126353;Burgo de Osma-Ciudad de Osma;41.588287;-3.0754032;42;1285679507268;2026-09-16;https://empleo.jcyl.es/web/jcyl/Empleo/es/Plantilla100Detalle/1284216458054/OfertasEmpleo/1285679507268/Empleo;41.588287, -3.0754032
Técnico/a de automatización y control para Soria;Soria;2026-09-16;"<p><em>Isprox </em>selecciona un/a <strong>TÉCNICO/A DE AUTOMATIZACIÓN Y CONTROL</strong> para Soria.</p>
<p><strong>Funciones:</strong></p>
<ul>
<li>Programación de PLCs y sistemas de supervisión SCADA y HMIs.</li>
<li>Interpretación de diagramas de proceso, esquemas eléctricos y selección/configuración de instrumentación de campo.</li>
<li>Puesta en marcha: pruebas en cliente, chequeo de puntos de conexión, optimización durante la fase de operación y resolución de incidencias.</li>
<li>Gestión técnica: coordinación con proveedores y clientes, soporte en la estimación técnico-económica y mantenimiento actualizado de la documentación de proyectos.</li>
</ul>
<p><strong>Requisitos:</strong></p>
<ul>
<li>Estudios mínimos: ciclo formativo grado superior en automatización y robótica industrial o grado en ingeniería electrónica, automática, industrial o equivalente.</li>
<li>Experiencia mínima: 3 a 5 años en desarrollo e integración de sistemas de automatización industrial.</li>
<li>Conocimientos técnicos: dominio de PLCs Siemens, desarrollo de SCADAs y lectura de esquemas eléctricos/P&ID.</li>
<li>Muy valorable experiencia o certificaciones en Ignition SCADA, honeywell.</li>
<li>Carnet de conducir B y disponibilidad de desplazamientos a nivel nacional.</li>
</ul>
<p><strong>Se ofrece:</strong></p>
<ul>
<li>Contrato indefinido.</li>
<li>Vehículo de empresa y dietas para la cobertura de los desplazamientos.</li>
<li>Horario flexible, entrada entre las 7:30 y las 9:00 de lunes a jueves y viernes jornada reducida de mañana de 6 horas.</li>
<li>Jornada completa.</li>
<li>40% de teletrabajo una vez superados 3 meses.</li>
<li>Salario 28000-33000 euros brutos/año.</li>
</ul>
<p><strong>Para solicitar:</strong></p>
<ul>
<li>En el enlace adjunto se puede acceder a la solicitud para el puesto. <strong>Se recuerda que, para presentar su candidatura, deberá estar inscrito/a en el portal que publica la oferta.</strong></li>
</ul><p><strong>Información obtenida de: </strong>Internet/Prensa. <a href='https://www.infojobs.net/' target='_blank'>https://www.infojobs.net/</a></p><p><strong>Enlaces relacionados:</strong><ul><li><a href='https://www.infojobs.net/soria/tecnico-automatizacion-control-soria/of-id046c6aaac4ea4aa90a089d521409d?applicationOrigin=search-new&page=1&sortBy=PUBLICATION_DATE' target='_blank'>Más información e inscripción</a></li></ul></p><p>Información procedente de: <a href='https://servicios3.jcyl.es/enbo/siau/webapp/boletinEmpleoCyL/boletin/c2hCOFZzR0JFbmdMcGR0bnh6REdKV3R4dWE2ZHpNRzB4b1loc21oUzFsMD0%3D/EMPLEO-INTERNET-PRENSA/149000' target='_blank'><strong>Boletín de Empleo de Castilla y León (Ecyl)</strong>.</a></p>";;Internet / Prensa;1179469197687;Soria;41.76443;-2.463772;42;1285679508097;2026-09-16;https://empleo.jcyl.es/web/jcyl/Empleo/es/Plantilla100Detalle/1284216458054/OfertasEmpleo/1285679508097/Empleo;41.76443, -2.463772
COCINEROS, EN GENERAL;Soria;2026-09-16;<p>Contrato laboral indefinido, jornada completa en horario partido. Indispensable experiencia en la ocupación. Interesados enviar currículum a la dirección de correo electrónico ecylempleosoria@jcyl.es, indicando en el asunto '19512 OFERTA COCINEROS SORIA'</p><p>Para más información acuda a <a href='http://empleocastillayleon.jcyl.es/oficinavirtual/buscoEmpleoPub.do?srvc=ver&scope=reg&cod=394328'>Oficina Virtual</a></p>;;ECYL;1179469197687;Soria;41.76443;-2.463772;42;1285679456638;2026-09-16;https://empleo.jcyl.es/web/jcyl/Empleo/es/Plantilla100Detalle/1284216458054/OfertasEmpleo/1285679456638/Empleo;41.76443, -2.463772
2 Cajero/a con polivalencia en carnicería para Soria;Soria;2026-09-16;"<p><em>Lupa supermercados</em> selecciona dos <strong>CAJEROS/AS CON POLIVALENCIA EN CARNICERÍA</strong> para Soria.</p>
<p><strong>Funciones:</strong></p>
<ul>
<li>Cobro en caja.</li>
<li>Montaje del mostrador.</li>
<li>Despacho y corte de producto.</li>
<li>Asesoramiento y atención al cliente en la sección correspondiente.</li>
<li>Realización de pedidos.</li>
<li>Gestión de documentación.</li>
<li>Limpieza de la sección y utillaje.</li>
<li>Realización de inventarios.</li>
</ul>
<p><strong>Requisitos:</strong></p>
<ul>
<li>Estudios mínimos: Educación Secundaria Obligatoria.</li>
<li>Disponibilidad para trabajar en turnos rotativos y a jornada completa.</li>
<li>Orientación al cliente.</li>
<li>Capacidad para trabajar en equipo.</li>
</ul>
<p><strong>Se ofrece:</strong></p>
<ul>
<li>Contrato por interinidad.</li>
<li>Jornada completa.</li>
<li>Salario 17000-18000 euros/brutos año.</li>
</ul>
<p><strong>Para solicitar:</strong></p>
<ul>
<li>En el enlace adjunto se puede acceder a la solicitud para el puesto. <strong>Se recuerda que, para presentar su candidatura, deberá estar inscrito/a en el portal que publica la oferta.</strong></li>
</ul><p><strong>Información obtenida de: </strong>Internet/Prensa. <a href='https://www.infojobs.net/' target='_blank'>https://www.infojobs.net/</a></p><p><strong>Enlaces relacionados:</strong><ul><li><a href='https://www.infojobs.net/soria/cajero-con-polivalencia-carniceria-soria/of-ib7abf724a049e4b4accd2ab44b5161?applicationOrigin=search-new&page=1&sortBy=PUBLICATION_DATE' target='_blank'>Más información e inscripción</a></li></ul></p><p>Información procedente de: <a href='https://servicios3.jcyl.es/enbo/siau/webapp/boletinEmpleoCyL/boletin/c2hCOFZzR0JFbmdMcGR0bnh6REdKV3R4dWE2ZHpNRzB4b1loc21oUzFsMD0%3D/EMPLEO-INTERNET-PRENSA/148994' target='_blank'><strong>Boletín de Empleo de Castilla y León (Ecyl)</strong>.</a></p>";;Internet / Prensa;1179469197687;Soria;41.76443;-2.463772;42;1285679507212;2026-09-16;https://empleo.jcyl.es/web/jcyl/Empleo/es/Plantilla100Detalle/1284216458054/OfertasEmpleo/1285679507212/Empleo;41.76443, -2.463772
ENFERMEROS ESPECIALISTAS EN ENFERMERÍA GERIÁTRICA;Valladolid;2026-09-16;"<p>Se ofrece Contrato indefinido a Jornada Completa. Salario según VIII Convenio Residencias.
Valorable conocimientos y/o formación en igualdad. Valorable conocimientos de Resiplus.
Enviar CV a seleccion@araliaservicios.es con copia a ecyltordesillas@jcyl.es</p><p>Para más información acuda a <a href='http://empleocastillayleon.jcyl.es/oficinavirtual/buscoEmpleoPub.do?srvc=ver&scope=reg&cod=394441'>Oficina Virtual</a></p>";;ECYL;1179469304512;Tordesillas;41.5009043718;-5.0005372557;47;1285679625626;2026-09-16;https://empleo.jcyl.es/web/jcyl/Empleo/es/Plantilla100Detalle/1284216458054/OfertasEmpleo/1285679625626/Empleo;41.5009043718, -5.0005372557
Personal de tienda extra campaña de Navidad para Valladolid;Valladolid;2026-09-16;"<p><em>El Corte Inglés</em> selecciona <strong>PERSONAL</strong> <strong>DE TIENDA</strong> como refuerzo para la Campaña de Navidad en Valladolid.</p>
<p><strong>Funciones:</strong></p>
<ul>
<li>Desarrollar tareas en áreas como caja, reposición, empaquetado de regalos, preparación de pedidos, almacén, venta, hostelería o alimentación, según el puesto asignado.</li>
<li>Atender y acompañar al cliente, contribuyendo a una experiencia de compra ágil, cercana y satisfactoria.</li>
<li>Colaborar con el equipo y apoyar las necesidades operativas propias de la campaña.</li>
</ul>
<p><strong>Requisitos:</strong></p>
<ul>
<li>Experiencia mínima: no requerida.</li>
<li>Vocación de servicio al cliente y capacidad para trabajar en equipo.</li>
<li>Capacidad para desenvolverse con agilidad en momentos de alta actividad.</li>
<li>Amplia disponibilidad durante la campaña.</li>
</ul>
<p><strong>Se ofrece:</strong></p>
<ul>
<li>Contrato temporal: noviembre, diciembre y enero.</li>
<li>Descuentos exclusivos y beneficios de empleado/a.</li>
</ul>
<p><strong>Para solicitar:</strong></p>
<ul>
<li>En el enlace adjunto se puede acceder a la solicitud para el puesto. <strong>Se recuerda que, para presentar su candidatura, deberá estar inscrito/a en el portal que publica la oferta.</strong></li>
</ul><p><strong>Información obtenida de: </strong>Internet/Prensa. <a href='https://empleo.elcorteingles.es/ep/' target='_blank'>https://empleo.elcorteingles.es/ep/</a></p><p><strong>Enlaces relacionados:</strong><ul><li><a href='https://wd3.myworkdaysite.com/es/recruiting/elcorteingles/Ext/job/VALLADOLID/Campaa-de-Navidad-Valladolid_JR147873-1' target='_blank'>Para más información sobre la Oferta</a></li></ul></p><p>Información procedente de: <a href='https://servicios3.jcyl.es/enbo/siau/webapp/boletinEmpleoCyL/boletin/c2hCOFZzR0JFbmdMcGR0bnh6REdKV3R4dWE2ZHpNRzB4b1loc21oUzFsMD0%3D/EMPLEO-INTERNET-PRENSA/149024' target='_blank'><strong>Boletín de Empleo de Castilla y León (Ecyl)</strong>.</a></p>";;Internet / Prensa;1179469311668;Valladolid;41.652252;-4.724532;47;1285679507324;2026-09-16;https://empleo.jcyl.es/web/jcyl/Empleo/es/Plantilla100Detalle/1284216458054/OfertasEmpleo/1285679507324/Empleo;41.652252, -4.724532
Gerocultor/a para Valladolid;Valladolid;2026-09-16;"<p><em>Vitalia Home</em> selecciona un/a <strong>GEROCULTOR/A</strong> para Valladolid.</p>
<p><strong>Requisitos:</strong></p>
<ul>
<li style='text-align: justify;'>Estudios mínimos: Certificado de Profesionalidad de Atención sociosanitaria a personas dependientes en instituciones sociales, Auxiliar de enfermería, TCAE, o similar. </li>
<li>Experiencia mínima: No requerida.</li>
<li>Flexibilidad en cuanto a los turnos.</li>
<li>Disponibilidad inmediata.</li>
</ul>
<p><strong>Se ofrece:</strong></p>
<ul>
<li>Contrato indefinido.</li>
<li>Jornada completa.</li>
</ul>
<p><strong>Para solicitar:</strong></p>
<ul>
<li>En el enlace adjunto se puede acceder a la solicitud para el puesto. <strong>Se recuerda que, para presentar su candidatura, deberá estar inscrito/a en el portal que publica la oferta.</strong></li>
</ul><p><strong>Información obtenida de: </strong>Internet/Prensa. <a href='https://empleovalladolid.jobfie.es/' target='_blank'>https://empleovalladolid.jobfie.es/</a></p><p><strong>Enlaces relacionados:</strong><ul><li><a href='https://empleovalladolid.jobfie.es/trabajo/20817427/valladolid/gerocultora-en-vitalia-home-valladolid?m=1' target='_blank'>Más información</a></li></ul></p><p>Información procedente de: <a href='https://servicios3.jcyl.es/enbo/siau/webapp/boletinEmpleoCyL/boletin/c2hCOFZzR0JFbmdMcGR0bnh6REdKV3R4dWE2ZHpNRzB4b1loc21oUzFsMD0%3D/EMPLEO-INTERNET-PRENSA/148701' target='_blank'><strong>Boletín de Empleo de Castilla y León (Ecyl)</strong>.</a></p>";;Internet / Prensa;1179469311668;Valladolid;41.652252;-4.724532;47;1285679506988;2026-09-16;https://empleo.jcyl.es/web/jcyl/Empleo/es/Plantilla100Detalle/1284216458054/OfertasEmpleo/1285679506988/Empleo;41.652252, -4.724532
MANTENEDORES DE EDIFICIOS;Valladolid;2026-09-16;<p>Para más información acuda a <a href='http://empleocastillayleon.jcyl.es/oficinavirtual/buscoEmpleoPub.do?srvc=ver&scope=reg&cod=394473'>Oficina Virtual</a></p>;;ECYL;1179469273430;Peñafiel;41.598473;-4.1245117;47;1285679513727;2026-09-18;https://empleo.jcyl.es/web/jcyl/Empleo/es/Plantilla100Detalle/1284216458054/OfertasEmpleo/1285679513727/Empleo;41.598473, -4.1245117
COCINEROS, EN GENERAL;Valladolid;2026-09-16;"<p>CONTRATO LABORAL INDEFINIDO, JORNADA COMPLETA
FUNCIONES:
* Elaboración y preparación de menús y comidas.
* Adaptación de dietas según las necesidades de las personas residentes.
* Control de calidad, conservación y almacenamiento de alimentos.
* Cumplimiento de las normas de higiene y seguridad alimentaria.
* Organización y limpieza de la cocina y utensilios.
* Control básico de existencias y productos necesarios.
* Coordinación con el equipo del centro para el servicio de comidas.
INTERESADOS PONERSE EN CONTACTO CON LA OFICINA DE EMPLEO DE ÍSCAR (983611747)</p><p>Para más información acuda a <a href='http://empleocastillayleon.jcyl.es/oficinavirtual/buscoEmpleoPub.do?srvc=ver&scope=reg&cod=394452'>Oficina Virtual</a></p>";;ECYL;1179469265840;Mojados;41.430702;-4.6644106;47;1285679456666;2026-09-16;https://empleo.jcyl.es/web/jcyl/Empleo/es/Plantilla100Detalle/1284216458054/OfertasEmpleo/1285679456666/Empleo;41.430702, -4.6644106
COCINEROS, EN GENERAL;Valladolid;2026-09-16;<p>COCINERO/A para Residencia de Mayores ubicada en el Centro de Valladolid. Contrato indefinido. Jornada completa. Experiencia demostrable y/o estar en posesión del Grado Medio en Cocina y Gastronomía o Certificado de Profesionalidad de Cocina y/o titulaciones afines. Interesados vincularse a través de la Oficina virtual en el número de Oferta 08/2026/19607 o llamando a la Oficina de empleo San Pablo Tlf: 983 25 98 54 - Opción 2.</p><p>Para más información acuda a <a href='http://empleocastillayleon.jcyl.es/oficinavirtual/buscoEmpleoPub.do?srvc=ver&scope=reg&cod=394423'>Oficina Virtual</a></p>;;ECYL;1179469311668;Valladolid;41.652252;-4.724532;47;1285679394654;2026-09-16;https://empleo.jcyl.es/web/jcyl/Empleo/es/Plantilla100Detalle/1284216458054/OfertasEmpleo/1285679394654/Empleo;41.652252, -4.724532
ASISTENTES, ACOMPAÑANTES DE PERSONAS;Valladolid;2026-09-16;<p>Para más información acuda a <a href='http://empleocastillayleon.jcyl.es/oficinavirtual/buscoEmpleoPub.do?srvc=ver&scope=reg&cod=389846'>Oficina Virtual</a></p>;;ECYL;1179469321731;Villagarcía de Campos;41.778416;-5.190088;47;1285679363624;2026-09-16;https://empleo.jcyl.es/web/jcyl/Empleo/es/Plantilla100Detalle/1284216458054/OfertasEmpleo/1285679363624/Empleo;41.778416, -5.190088
Interna hogar;Valladolid;2026-09-16;"<p>Se necesita empleada de hogar en régimen interno para vivienda en Madrid. Importante experiencia y referencias contrastables. Salario 1700 netos más pagas.</p>
<p>Interesados enviar curriculum a empleadainterna2025@gmail.com o mandar mensaje al 659 745 973.</p>
Oferta publicada en El Norte de Castilla";;Internet / Prensa;;;;;;1285679319226;2026-09-16;https://empleo.jcyl.es/web/jcyl/Empleo/es/Plantilla100Detalle/1284216458054/OfertasEmpleo/1285679319226/Empleo;
Operario/a de Hornos - Inyección de Aluminio para Valladolid;Valladolid;2026-09-16;"<p><em>Randstad</em> selecciona un/a <strong>OPERARIO/A DE HORNOS-INYECCION DE ALUMINIO</strong> para Valladolid.</p>
<p><strong>Funciones:</strong></p>
<ul>
<li>Control y supervisión del proceso de fundición y mantenimiento de parámetros de fusión del aluminio.</li>
<li>Abastecimiento de materia prima a los hornos de fusión.</li>
<li>Transporte del aluminio líquido a las máquinas mediante carretilla.</li>
<li>Limpieza de los hornos y toma de muestras para asegurar la calidad del aluminio fundido.</li>
<li>Verificación de niveles, temperaturas y condiciones de seguridad del proceso.</li>
<li>Colaboración con el resto del equipo de producción para garantizar la continuidad y eficiencia del proceso.</li>
<li>Cumplimiento estricto de las normas de calidad, seguridad y medioambiente.</li>
</ul>
<p><strong>Requisitos:</strong></p>
<ul>
<li>Formación: Sin estudios.</li>
<li>Conocimientos: (carretilla frontal).</li>
<li>Experiencia: 1 año.</li>
<li>Persona responsable, organizada y con capacidad para trabajar en equipo.</li>
<li>Experiencia en entornos industriales o procesos de fundición (valorable).</li>
<li>Carnet de carretilla elevadora.</li>
<li>Carnet de conducir (tipo B).</li>
<li>Sensibilidad por la seguridad y la calidad en el trabajo.</li>
</ul>
<p><strong>Se ofrece:</strong></p>
<ul>
<li>Contrato temporal.</li>
<li>Jornada completa.</li>
<li>Salario: 20.662,85-25.632 euros/año.</li>
<li>Incorporación a una empresa industrial sólida y en crecimiento.</li>
<li>Formación inicial y acompañamiento en el puesto.</li>
<li>Trabajo en un entorno técnico y altamente especializado.</li>
<li>Oportunidades de desarrollo y estabilidad profesional.</li>
</ul>
<p><strong>Para solicitar:</strong></p>
<ul>
<li>En el enlace adjunto se puede acceder a la solicitud para el puesto. <strong>Se recuerda que, para presentar su candidatura, deberá estar inscrito/a en el portal que publica la oferta.</strong></li>
</ul><p><strong>Información obtenida de: </strong>Internet/Prensa. <a href='https://www.randstad.es' target='_blank'>https://www.randstad.es</a></p><p><strong>Enlaces relacionados:</strong><ul><li><a href='https://www.randstad.es/candidatos/ofertas-empleo/oferta/operario-a-hornos-inyeccion-aluminio-3005805/' target='_blank'>Oferta de empleo de Randstad</a></li></ul></p><p>Información procedente de: <a href='https://servicios3.jcyl.es/enbo/siau/webapp/boletinEmpleoCyL/boletin/c2hCOFZzR0JFbmdMcGR0bnh6REdKV3R4dWE2ZHpNRzB4b1loc21oUzFsMD0%3D/EMPLEO-INTERNET-PRENSA/148958' target='_blank'><strong>Boletín de Empleo de Castilla y León (Ecyl)</strong>.</a></p>";;Internet / Prensa;1179469311668;Valladolid;41.652252;-4.724532;47;1285679508040;2026-09-16;https://empleo.jcyl.es/web/jcyl/Empleo/es/Plantilla100Detalle/1284216458054/OfertasEmpleo/1285679508040/Empleo;41.652252, -4.724532
Conserje con discapacidad para Arroyo de la Encomienda (Valladolid);Valladolid;2026-09-16;"<p><em>Mitie</em> selecciona un/a <strong>CONSERJE CON DISCAPACIDAD</strong> para Arroyo de la Encomienda (Valladolid).</p>
<p><strong>Funciones:</strong></p>
<ul>
<li>Control de acceso, recoger las papeleras, barrer, ordenar, entre otras funciones. </li>
</ul>
<p><strong>Requisitos:</strong></p>
<ul>
<li>Experiencia como conserje.</li>
<li>Incorporación inmediata.</li>
<li>Vehículo propio.</li>
<li>Disponer Certificado de Discapacidad igual o superior al 33%.</li>
</ul>
<p><strong>Se ofrece:</strong></p>
<ul>
<li>Contrato temporal.</li>
<li>Jornada 25 horas semanales: el horario es de lunes a viernes de 15:30 h a 22:30 h.</li>
<li>Salario: 925euros brutos.</li>
</ul>
<p><strong>Para solicitar:</strong></p>
<ul>
<li>En el enlace adjunto se puede acceder a la solicitud para el puesto. <strong>Se recuerda que, para presentar su candidatura, deberá estar inscrito/a en el portal que publica la oferta.</strong></li>
</ul><p><strong>Información obtenida de: </strong>Internet/Prensa. <a href='https://www.infojobs.net' target='_blank'>https://www.infojobs.net</a></p><p><strong>Enlaces relacionados:</strong><ul><li><a href='https://www.infojobs.net/arroyo-de-la-encomienda/conserje-con-discapacidad-arroyo-la-encomienda-l-v-25-h-s/of-ic3542e54cf497d80c27be498c04ec8?applicationOrigin=search-filtered&page=1&sortBy=PUBLICATION_DATE' target='_blank'>Oferta de empleo de infojobs</a></li></ul></p><p>Información procedente de: <a href='https://servicios3.jcyl.es/enbo/siau/webapp/boletinEmpleoCyL/boletin/c2hCOFZzR0JFbmdMcGR0bnh6REdKV3R4dWE2ZHpNRzB4b1loc21oUzFsMD0%3D/EMPLEO-INTERNET-PRENSA/148972' target='_blank'><strong>Boletín de Empleo de Castilla y León (Ecyl)</strong>.</a></p>";;Internet / Prensa;1179469235248;Arroyo de la Encomienda;41.6262105347;-4.77359872698;47;1285679507128;2026-09-16;https://empleo.jcyl.es/web/jcyl/Empleo/es/Plantilla100Detalle/1284216458054/OfertasEmpleo/1285679507128/Empleo;41.6262105347, -4.77359872698
MÉDICOS, MEDICINA GENERAL;Valladolid;2026-09-16;"<p>Medico/a para Iscar (Fundacion Santa Maria de los Mártires). Laboral Indefinido. Jornada parcial 14 h semales.
Enviar curriculum a la direcccionbremimariaiscar@gmail.com</p><p>Para más información acuda a <a href='http://empleocastillayleon.jcyl.es/oficinavirtual/buscoEmpleoPub.do?srvc=ver&scope=reg&cod=394443'>Oficina Virtual</a></p>";;ECYL;1179469259367;Iscar;41.36359;-4.532956;47;1285679457758;2026-09-16;https://empleo.jcyl.es/web/jcyl/Empleo/es/Plantilla100Detalle/1284216458054/OfertasEmpleo/1285679457758/Empleo;41.36359, -4.532956
COCINEROS, EN GENERAL;Valladolid;2026-09-16;"<p>Oferta de Empleo 08/2026/19544 de COCINERO/A para Restaurante en Tordesillas.
Contrato Indefinido.
Se requiere Experiencia de 2 años en el puesto.
Interesados ponerse en contacto con la Oficina de Empleo de Tordesillas. 983770471</p><p>Para más información acuda a <a href='http://empleocastillayleon.jcyl.es/oficinavirtual/buscoEmpleoPub.do?srvc=ver&scope=reg&cod=394360'>Oficina Virtual</a></p>";;ECYL;1179469304512;Tordesillas;41.5009043718;-5.0005372557;47;1285679424704;2026-09-16;https://empleo.jcyl.es/web/jcyl/Empleo/es/Plantilla100Detalle/1284216458054/OfertasEmpleo/1285679424704/Empleo;41.5009043718, -5.0005372557
TÉCNICOS EN SEGURIDAD Y SALUD EN EL TRABAJO, EN GENERAL;Valladolid;2026-09-16;"<p>ZONA MONTES TOROZOS-CERCA DE VILLALBA DE LOS ALCORES-LA MUDARRA
Titulación mínima: TÉCNICO INTERMEDIO O SUPERIOR EN PREVENCIÓN DE RIESGOS LABORALES
Duración mínima 6 meses a jornada completa.</p><p>Para más información acuda a <a href='http://empleocastillayleon.jcyl.es/oficinavirtual/buscoEmpleoPub.do?srvc=ver&scope=reg&cod=394420'>Oficina Virtual</a></p>";;ECYL;1179469324357;Villanubla;41.699245;-4.841197;47;1285679394766;2026-09-16;https://empleo.jcyl.es/web/jcyl/Empleo/es/Plantilla100Detalle/1284216458054/OfertasEmpleo/1285679394766/Empleo;41.699245, -4.841197
TERAPEUTAS OCUPACIONALES;Valladolid;2026-09-16;"<p>LA PEDRAJA DE PORTILLO (VALLADOLID)
CONTRATO LABORAL INDEFINIDO DE 20 HORAS SEMANALES.
HORARIO: MAÑANA/TARDE
INTERESADOS PORNERSE EN CONTACTO CON LA OFICINA DE EMPLEO DE ÍSCAR (983 611747)</p><p>Para más información acuda a <a href='http://empleocastillayleon.jcyl.es/oficinavirtual/buscoEmpleoPub.do?srvc=ver&scope=reg&cod=394398'>Oficina Virtual</a></p>";;ECYL;1179469271321;Pedraja de Portillo (La);41.473873;-4.643935;47;1285679363932;2026-09-16;https://empleo.jcyl.es/web/jcyl/Empleo/es/Plantilla100Detalle/1284216458054/OfertasEmpleo/1285679363932/Empleo;41.473873, -4.643935
TÉCNICOS EN INTEGRACIÓN SOCIAL;Valladolid;2026-09-16;<p>TÉCNICO EN INTEGRACION SOCIAL CON DISCAPACIDAD. Incorporación 28 de Septiembre. Horario de Lunes a Jueves de 8:00 a 16:30 h y Viernes de 8:00 a 14:00 h. Interesados vincularse a través de la Oficina Virtual en el número de Oferta 08/2026/19581 o llamando a la Oficina de empleo San Pablo Tlf: 983 25 98 54 - Opción 2.</p><p>Para más información acuda a <a href='http://empleocastillayleon.jcyl.es/oficinavirtual/buscoEmpleoPub.do?srvc=ver&scope=reg&cod=394397'>Oficina Virtual</a></p>;;ECYL;1179469311668;Valladolid;41.652252;-4.724532;47;1285679363838;2026-09-16;https://empleo.jcyl.es/web/jcyl/Empleo/es/Plantilla100Detalle/1284216458054/OfertasEmpleo/1285679363838/Empleo;41.652252, -4.724532
Electricista para Valladolid;Valladolid;2026-09-16;"<p><em>Tecnum Projects S.L.</em> selecciona un/a <strong>ELECTRICISTA</strong> para Valladolid.</p>
<p><strong>Funciones:</strong></p>
<ul>
<li>Principalmente para reformas de viviendas. </li>
</ul>
<p><strong>Requisitos:</strong></p>
<ul>
<li>Experiencia demostrada en el puesto.</li>
<li>Permiso de conducción B.</li>
<li>Se valorará conocimientos de otros oficios.</li>
</ul>
<p><strong>Se ofrece:</strong></p>
<ul>
<li>Contrato temporal.</li>
<li>Jornada completa.</li>
<li>Horario continuado de mañanas.</li>
</ul>
<p><strong>Para solicitar:</strong></p>
<ul>
<li>En el enlace adjunto se puede acceder a la solicitud para el puesto. <strong>Se recuerda que, para presentar su candidatura, deberá estar inscrito/a en el portal que publica la oferta.</strong></li>
</ul><p><strong>Información obtenida de: </strong>Internet/Prensa. <a href='https://empleovalladolid.jobfie.es/' target='_blank'>https://empleovalladolid.jobfie.es/</a></p><p><strong>Enlaces relacionados:</strong><ul><li><a href='https://empleovalladolid.jobfie.es/trabajo/20817448/valladolid/se-necesita-electricista-en-valladolid' target='_blank'>Para más información sobre la Oferta</a></li></ul></p><p>Información procedente de: <a href='https://servicios3.jcyl.es/enbo/siau/webapp/boletinEmpleoCyL/boletin/c2hCOFZzR0JFbmdMcGR0bnh6REdKV3R4dWE2ZHpNRzB4b1loc21oUzFsMD0%3D/EMPLEO-INTERNET-PRENSA/149008' target='_blank'><strong>Boletín de Empleo de Castilla y León (Ecyl)</strong>.</a></p>";;Internet / Prensa;1179469311668;Valladolid;41.652252;-4.724532;47;1285679507415;2026-09-16;https://empleo.jcyl.es/web/jcyl/Empleo/es/Plantilla100Detalle/1284216458054/OfertasEmpleo/1285679507415/Empleo;41.652252, -4.724532
Mozo/a de almacén para Valladolid;Valladolid;2026-09-16;"<p><em>Amazon,</em> selecciona un/a<strong> MOZO/A DE ALMACÉN</strong> para su centro de trabajo AMAZON DQL2 en Valladolid.</p>
<p><strong>Funciones:</strong></p>
<ul>
<li>Recepción de mercancía, registro de productos en el sistema informático y control de calidad.</li>
<li>Ubicación, recogida, clasificación y empaquetado de productos.</li>
<li>Uso de scanner y herramientas informáticas a nivel básico.</li>
<li>Trabajo independiente.</li>
</ul>
<p><strong>Requisitos:</strong></p>
<ul>
<li>Permiso de trabajo y residencia.</li>
<li>Actitud positiva hacia el trabajo.</li>
<li>Disposición y capacidad de trabajar a turnos y flexibilidad para trabajar según necesidades.</li>
<li>Compromiso con una cultura de seguridad, calidad y de trabajo basada en procesos estandarizados</li>
<li>Capacidad de aprendizaje y concentración.</li>
<li>Capacidad de estar de pie o caminando durante 8 horas.</li>
<li>Capacidad de manejo de cargas (hasta 15 kg).</li>
<li>Imprescindible residir en la provincia de Valladolid o localidades cercanas al centro de trabajo.</li>
</ul>
<p><strong>Se ofrece:</strong></p>
<ul>
<li>Contrato temporal o fijo discontinuo directamente con Amazon.</li>
<li>Jornada completa de 20 o 32 horas. </li>
<li>Salario:
<ul>
<li>Jornada 20h: 9.315,55euros brutos/año.</li>
<li>Jornada 32h: 14.904,88euros Brutos/año. </li>
<li>+ Pluses nocturnidad, fines de semana y días festivos.</li>
</ul>
</li>
</ul>
<p><strong>Para solicitar:</strong></p>
<ul>
<li>En el enlace adjunto se puede acceder a la solicitud para el puesto. <strong>Se recuerda que, para presentar su candidatura, deberá estar inscrito/a en el portal que publica la oferta.</strong></li>
</ul><p><strong>Información obtenida de: </strong>Internet/Prensa. <a href='http://adecco.com' target='_blank'>http://adecco.com</a></p><p><strong>Enlaces relacionados:</strong><ul><li><a href='https://www.adecco.com/es-es/ofertas-trabajo?jobLocation=Valladolid%2C+Espa%C3%B1a&radius=20&pg=2&jobId=49a8e0612b530df5185dc1baff2c2e1b' target='_blank'>Para más información sobre la Oferta</a></li></ul></p><p>Información procedente de: <a href='https://servicios3.jcyl.es/enbo/siau/webapp/boletinEmpleoCyL/boletin/c2hCOFZzR0JFbmdMcGR0bnh6REdKV3R4dWE2ZHpNRzB4b1loc21oUzFsMD0%3D/EMPLEO-INTERNET-PRENSA/149011' target='_blank'><strong>Boletín de Empleo de Castilla y León (Ecyl)</strong>.</a></p>";;Internet / Prensa;1179469311668;Valladolid;41.652252;-4.724532;47;1285679507584;2026-09-16;https://empleo.jcyl.es/web/jcyl/Empleo/es/Plantilla100Detalle/1284216458054/OfertasEmpleo/1285679507584/Empleo;41.652252, -4.724532
Operario/a de logística - carretillero/a para Arroyo de la Encomienda (Valladolid);Valladolid;2026-09-16;"<p><em>Ikea</em> selecciona un/a <strong>OPERARIO/A DE LOGÍSTICA-CARRRETILLERO/A </strong>para Arroyo de la Encomienda (Valladolid).</p>
<p><strong>Funciones:</strong></p>
<ul>
<li>Cargar y descargar las mercancías de los camiones, comprobar su correcto estado, y chequear los correspondientes albaranes para evitar posibles errores.</li>
<li>Poner la mercancía a disposición de clientes en su correspondiente punto de venta en la tienda, así como realizar las devoluciones de mercancía al almacén en caso de que no sea necesaria en el punto de venta, con el objetivo de garantizar el stock de mercancía en el punto de ventas.</li>
<li>Realizar los huecos para la mercancía, elaborar los planos que facilitan el proceso de reposición y colocar adecuadamente los productos del área de complementos de la tienda, con el fin de facilitar las tareas de reposición.</li>
<li>Colocar en su lugar de venta, los productos abandonados en distintos puntos de la tienda y realizar la retirada de cartón tras la reposición.</li>
<li>Estar disponible para ayudar a los compañeros/as del departamento y otras áreas de la tienda cuando sea necesario (preparación de pedidos, control de stock, inventario&hellip;).</li>
</ul>
<p><strong>Requisitos:</strong></p>
<ul>
<li>Te comprometes con todas las reglas y requisitos de IKEA en materia de salud, seguridad y protección, y ayudas activamente a evitar cualquier incidente en el que puedan verse implicados colaboradores/as, clientes, equipos o instalaciones.</li>
<li>Promover de forma activa el compromiso social y medioambiental de IKEA, trabajar con el equipo en esta misión.</li>
</ul>
<p><strong>Se ofrece:</strong></p>
<ul>
<li>Contrato indefinido.</li>
<li>Jornada de 5:00 a 10:00 horas.</li>
<li>Todos los colaboradores/as de IKEA disfrutan de un amplio paquete de beneficios que están a su disposición desde el primer día.</li>
</ul>
<p><strong>Para solicitar:</strong></p>
<ul>
<li>En el enlace adjunto se puede acceder a la solicitud para el puesto. <strong>Se recuerda que, para presentar su candidatura, deberá estar inscrito/a en el portal que publica la oferta.</strong></li>
</ul><p><strong>Información obtenida de: </strong>Internet/Prensa. <a href='https://jobs.ikea.com' target='_blank'>https://jobs.ikea.com</a></p><p><strong>Enlaces relacionados:</strong><ul><li><a href='https://jobs.ikea.com/es/trabajo/arroyo-de-la-encomienda/operario-a-de-logistica-carretillero-a-ikea-valladolid-5-00-a-10-00-indefinida/24107/100448955472' target='_blank'>Oferta de empleo de Ikea</a></li></ul></p><p>Información procedente de: <a href='https://servicios3.jcyl.es/enbo/siau/webapp/boletinEmpleoCyL/boletin/c2hCOFZzR0JFbmdMcGR0bnh6REdKV3R4dWE2ZHpNRzB4b1loc21oUzFsMD0%3D/EMPLEO-INTERNET-PRENSA/148955' target='_blank'><strong>Boletín de Empleo de Castilla y León (Ecyl)</strong>.</a></p>";;Internet / Prensa;1179469235248;Arroyo de la Encomienda;41.6262105347;-4.77359872698;47;1285679507902;2026-09-16;https://empleo.jcyl.es/web/jcyl/Empleo/es/Plantilla100Detalle/1284216458054/OfertasEmpleo/1285679507902/Empleo;41.6262105347, -4.77359872698
Recepcionista turno de noche para Valladolid;Valladolid;2026-09-16;"<p><em>Castilla Termal Hoteles</em> selecciona un/a <strong>RECEPCIONISTA</strong> para Valladolid.</p>
<p><strong>Funciones:</strong></p>
<ul>
<li style='text-align: justify;'>Recibir y acompañar a los/as huéspedes durante su llegada, estancia y salida, ofreciendo un servicio personalizado y de calidad.</li>
<li style='text-align: justify;'>Gestionar reservas, asignación de habitaciones, check-in, check-out, facturación y cobros durante el turno nocturno.</li>
<li style='text-align: justify;'>Atender correos electrónicos, proporcionando la información necesaria y resolviendo incidencias según protocolos establecidos.</li>
<li style='text-align: justify;'>Colaborar con otros departamentos para garantizar la coordinación operativa y mantener la calidad del servicio durante la noche.</li>
<li style='text-align: justify;'>Mantener actualizados los sistemas internos (PMS) y colaborar en tareas administrativas del área, como control de rooming lists, inventarios y registros de incidencias nocturnas.</li>
<li style='text-align: justify;'>Contribuir a la mejora continua, sostenibilidad y excelencia operativa del hotel.</li>
</ul>
<p><strong>Requisitos:</strong></p>
<ul>
<li>Formación en Turismo o similar o experiencia previa en puesto similar.</li>
<li>Manejo de herramientas informáticas y PMS al menos de 6 meses.</li>
<li>Valorable: nivel alto de inglés y otros idiomas.</li>
<li>Capacidad de trabajo en equipo y comunicación efectiva.</li>
<li>Organización y responsabilidad.</li>
<li>Compromiso con la calidad y la sostenibilidad.</li>
</ul>
<p><strong>Se ofrece:</strong></p>
<ul>
<li>Contratación indefinida y jornada completa en horario de noche.</li>
<li>Banda salarial en torno a los 20.000 euros brutos anuales.</li>
<li>Formar parte de un grupo líder en turismo de bienestar en España, con una sólida trayectoria y proyectos en constante crecimiento.</li>
<li>Desarrollar tu carrera profesional en un entorno donde la excelencia en el servicio es una prioridad.</li>
<li>Acceso a programas de formación interna y oportunidades de desarrollo profesional.</li>
<li>Trabajar en espacios únicos donde patrimonio, bienestar, gastronomía y hospitalidad se unen para crear experiencias memorables.</li>
<li>Disfrutar de un completo paquete de beneficios para empleados.</li>
<li>Integrarte en un equipo dinámico, comprometido y apasionado por el bienestar y la atención al cliente.</li>
</ul>
<p><strong>Para solicitar:</strong></p>
<ul>
<li>En el enlace adjunto se puede acceder a la solicitud para el puesto. <strong>Se recuerda que, para presentar su candidatura, deberá estar inscrito/a en el portal que publica la oferta.</strong></li>
</ul><p><strong>Información obtenida de: </strong>Internet/Prensa. <a href='https://castillatermal.talentclue.com/' target='_blank'>https://castillatermal.talentclue.com/</a></p><p><strong>Enlaces relacionados:</strong><ul><li><a href='https://castillatermal.talentclue.com/es/node/128465710/4590' target='_blank'>Oferta de empleo de Castillo Termal Hoteles.</a></li></ul></p><p>Información procedente de: <a href='https://servicios3.jcyl.es/enbo/siau/webapp/boletinEmpleoCyL/boletin/c2hCOFZzR0JFbmdMcGR0bnh6REdKV3R4dWE2ZHpNRzB4b1loc21oUzFsMD0%3D/EMPLEO-INTERNET-PRENSA/148956' target='_blank'><strong>Boletín de Empleo de Castilla y León (Ecyl)</strong>.</a></p>";;Internet / Prensa;1179469311668;Valladolid;41.652252;-4.724532;47;1285679508125;2026-09-16;https://empleo.jcyl.es/web/jcyl/Empleo/es/Plantilla100Detalle/1284216458054/OfertasEmpleo/1285679508125/Empleo;41.652252, -4.724532
Veterinario/a para Valladolid;Valladolid;2026-09-16;"<p> Se selecciona un/a<strong> VETERINARIO/A GENERALISTA</strong> para Valladolid.</p>
<p><strong>Funciones:</strong></p>
<ul>
<li>Consultas de Medicina Interna y Preventiva.</li>
<li>Realización de radiografías.</li>
<li>Seguimiento y manejo de pacientes.</li>
<li>Atención cercana y personalizada a los tutores.</li>
<li>Se valorarán conocimientos y experiencia en cirugía.</li>
</ul>
<p><strong>Requisitos:</strong></p>
<ul>
<li>Estudios: Grado en Veterinaria o Licenciatura.</li>
<li>Experiencia mínima: al menos un año.</li>
<li>Capacidad para trabajar con autonomía en consulta.</li>
<li>Buen trato con pacientes y tutores.</li>
<li>Interés por continuar desarrollándose profesionalmente.</li>
</ul>
<p><strong>Se ofrece:</strong></p>
<ul>
<li>Contrato indefinido.</li>
<li>Jornada completa de lunes a viernes a elegir entre dos turnos: de 10:00 18:00 horas o 11:00 19:00 horas.</li>
<li>Formación continua en clínica.</li>
<li>Acceso a cursos y congresos.</li>
<li>Posibilidad de realizar másteres o posgrados financiados por la empresa.</li>
<li>Incorporación inmediata.</li>
</ul>
<p><strong>Para solicitar:</strong></p>
<ul>
<li>En el enlace adjunto se puede acceder a la solicitud para el puesto. <strong>Se recuerda que, para presentar su candidatura, deberá estar inscrito/a en el portal que publica la oferta.</strong></li>
</ul>
<p>También pueden enviar el C.V. a <a href='mailto:talent@thevetoffice.com'>talent@thevetoffice.com</a></p><p><strong>Información obtenida de: </strong>Internet/Prensa. <a href='https://es.linkedin.com/' target='_blank'>https://es.linkedin.com/</a></p><p><strong>Enlaces relacionados:</strong><ul><li><a href='https://es.linkedin.com/jobs/view/veterinario-a-generalista-1-800-%E2%80%93-2-200-%E2%82%AC-netos-mes-valladolid-at-veterinary-st-4460646448?refId=bMoz526tptCPs5xxAGsHhg%3D%3D&trackingId=Dp4rPTvoV6X%2FlQg9trswTQ%3D%3D' target='_blank'>Para más información sobre la Oferta</a></li></ul></p><p>Información procedente de: <a href='https://servicios3.jcyl.es/enbo/siau/webapp/boletinEmpleoCyL/boletin/c2hCOFZzR0JFbmdMcGR0bnh6REdKV3R4dWE2ZHpNRzB4b1loc21oUzFsMD0%3D/EMPLEO-INTERNET-PRENSA/149028' target='_blank'><strong>Boletín de Empleo de Castilla y León (Ecyl)</strong>.</a></p>";;Internet / Prensa;1179469311668;Valladolid;41.652252;-4.724532;47;1285679507156;2026-09-16;https://empleo.jcyl.es/web/jcyl/Empleo/es/Plantilla100Detalle/1284216458054/OfertasEmpleo/1285679507156/Empleo;41.652252, -4.724532
SOLADORES-ALICATADORES, EN GENERAL;Valladolid;2026-09-16;"<p>PUESTO DE TRABAJO EN ZARATÁN
CONTRATO INDEFINIDO A JORNADA COMPLETA</p><p>Para más información acuda a <a href='http://empleocastillayleon.jcyl.es/oficinavirtual/buscoEmpleoPub.do?srvc=ver&scope=reg&cod=394477'>Oficina Virtual</a></p>";;ECYL;1179469328477;Zaratán;41.6609744116;-4.78405674528;47;1285679513699;2026-09-16;https://empleo.jcyl.es/web/jcyl/Empleo/es/Plantilla100Detalle/1284216458054/OfertasEmpleo/1285679513699/Empleo;41.6609744116, -4.78405674528
ANIMADORES SOCIOCULTURALES;Valladolid;2026-09-16;<p>Dinamizar e Impartir actividades de Salud, Desarrollo Personal y Actividad física con personas mayores.</p><p>Para más información acuda a <a href='http://empleocastillayleon.jcyl.es/oficinavirtual/buscoEmpleoPub.do?srvc=ver&scope=reg&cod=394474'>Oficina Virtual</a></p>;;ECYL;1179469311668;Valladolid;41.652252;-4.724532;47;1285679512696;2026-09-16;https://empleo.jcyl.es/web/jcyl/Empleo/es/Plantilla100Detalle/1284216458054/OfertasEmpleo/1285679512696/Empleo;41.652252, -4.724532
CONDUCTORES-OPERADORES DE CARRETILLA ELEVADORA, EN GENERAL;Valladolid;2026-09-16;"<p>ZONA MONTES TOROZOS-CERCA DE VILLALBA DE LOS ALCORES-LA MUDARRA
Imprescindible estar en posesión de la formación PRL específica en vigor: Operador de Aparatos Elevadores (20 horas) y Operador de Carretillas Elevadoras (8 horas).</p><p>Para más información acuda a <a href='http://empleocastillayleon.jcyl.es/oficinavirtual/buscoEmpleoPub.do?srvc=ver&scope=reg&cod=394454'>Oficina Virtual</a></p>";;ECYL;1179469324357;Villanubla;41.699245;-4.841197;47;1285679457730;2026-09-16;https://empleo.jcyl.es/web/jcyl/Empleo/es/Plantilla100Detalle/1284216458054/OfertasEmpleo/1285679457730/Empleo;41.699245, -4.841197
ASISTENTES DOMICILIARIOS;Valladolid;2026-09-16;<p>Para más información acuda a <a href='http://empleocastillayleon.jcyl.es/oficinavirtual/buscoEmpleoPub.do?srvc=ver&scope=reg&cod=391037'>Oficina Virtual</a></p>;;ECYL;1179469264297;Medina de Rioseco;41.88419;-5.041379;47;1285679394924;2026-09-16;https://empleo.jcyl.es/web/jcyl/Empleo/es/Plantilla100Detalle/1284216458054/OfertasEmpleo/1285679394924/Empleo;41.88419, -5.041379
AUXILIARES DE ENFERMERÍA;Valladolid;2026-09-16;<p>AUXILIAR DE ENFERMERÍA para contrato indefinido a tiempo completo en residencia de mayores en Zaratán.</p><p>Para más información acuda a <a href='http://empleocastillayleon.jcyl.es/oficinavirtual/buscoEmpleoPub.do?srvc=ver&scope=reg&cod=385526'>Oficina Virtual</a></p>;;ECYL;1179469328477;Zaratán;41.6609744116;-4.78405674528;47;1285679394794;2026-09-16;https://empleo.jcyl.es/web/jcyl/Empleo/es/Plantilla100Detalle/1284216458054/OfertasEmpleo/1285679394794/Empleo;41.6609744116, -4.78405674528
Coordinador/a de Ayuda a Domicilio para Zamora;Zamora;2026-09-16;"<p><em>Sanivida S.L.</em> selecciona un/a <strong>COORDINADOR/A DE AYUDA A DOMICILIO (SAD)</strong> para Zamora.</p>
<p><strong>Funciones:</strong></p>
<ul>
<li style='text-align: justify;'>Coordinar el trabajo con cada auxiliar de forma individual y grupal.</li>
<li style='text-align: justify;'>Seguimiento y valoración del trabajo de cada auxiliar del servicio mediante visitas a domicilio de los usuarios.</li>
<li style='text-align: justify;'>Coordinar con el técnico responsable del SAD y equipo de la sede Central el buen funcionamiento y gestión del Servicio de Ayuda a domicilio.</li>
<li style='text-align: justify;'>Organización y supervisión del trabajo de la ayudante de Coordinación.</li>
<li style='text-align: justify;'>Elaboración y entrega de los partes de trabajo a cada uno de los auxiliares.</li>
<li style='text-align: justify;'>Participación y planificación en la formación continuada de los auxiliares</li>
<li style='text-align: justify;'>Coordinación de la asistencia del personal a los cursos en materia de Servicios Sociales, en la medida que se establezcan en los planes de formación de las respectivas empresas y del sector.</li>
<li style='text-align: justify;'>Apoyo a los gestores del Servicio para el buen funcionamiento del Servicio de ayuda a domicilio.</li>
<li style='text-align: justify;'>Apoyar como interlocutor o mediador en auditorías realizadas al Servicio.</li>
<li style='text-align: justify;'>Notificar a los Gestores del Servicio las incidencias y resolución de las mismas.</li>
<li style='text-align: justify;'>Realizar reportes de la gestión del Servicio.</li>
</ul>
<p><strong>Requisitos:</strong></p>
<ul>
<li>Titulación: Diplomatura o grado en trabajo social u otra equivalente en el área de ciencias sociales - colegiada.</li>
<li>Conocimientos con la Gestión de Personal y dirección de equipos.</li>
<li>Valorable un año de experiencia en coordinación de gestión en el Servicio de Atención Domiciliaria.</li>
<li>Capacidad de interlocución con las personas beneficiarias del servicio.</li>
</ul>
<p><strong>Se ofrece:</strong></p>
<ul>
<li>Jornada completa.</li>
<li>Fecha de inicio inmediato.</li>
<li>Contrato indefinido.</li>
<li>Horario: Lunes a viernes en la mañana.</li>
<li>Salario según Convenio colectivo servicio de ayuda a domicilio 1719,40euros brutos/mes.</li>
</ul>
<p><strong>Para solicitar:</strong></p>
<ul>
<li>En el enlace adjunto se puede acceder a la solicitud para el puesto. <strong>Se recuerda que, para presentar su candidatura, deberá estar inscrito/a en el portal que publica la oferta.</strong></li>
</ul><p><strong>Información obtenida de: </strong>Internet/Prensa. <a href='https://www.infojobs.net/' target='_blank'>https://www.infojobs.net/</a></p><p><strong>Enlaces relacionados:</strong><ul><li><a href='https://www.infojobs.net/zamora/coordinador-ayuda-domicilio-sad-zamora-castilla-leon/of-if194fe831d4a1e865889bb2c68b865?applicationOrigin=search-new&page=1&sortBy=PUBLICATION_DATE' target='_blank'>Mas información e inscripción en la oferta</a></li></ul></p><p>Información procedente de: <a href='https://servicios3.jcyl.es/enbo/siau/webapp/boletinEmpleoCyL/boletin/c2hCOFZzR0JFbmdMcGR0bnh6REdKV3R4dWE2ZHpNRzB4b1loc21oUzFsMD0%3D/EMPLEO-INTERNET-PRENSA/149078' target='_blank'><strong>Boletín de Empleo de Castilla y León (Ecyl)</strong>.</a></p>";;Internet / Prensa;1179469491795;Zamora;41.507324;-5.745313;49;1285679507072;2026-09-16;https://empleo.jcyl.es/web/jcyl/Empleo/es/Plantilla100Detalle/1284216458054/OfertasEmpleo/1285679507072/Empleo;41.507324, -5.745313
COCINEROS, EN GENERAL;Zamora;2026-09-16;"<p>Oferta Núm 19683 de COCINERO/A para residencia en CAÑIZO (Zamora).
Los interesados/as deben enviar su CV a (ecyldoctorfleming.ofertas@jcyl.es) indicando en el asunto el Núm. de la oferta.
FUNCIONES: Las propias del puesto.
CONDICIONES: Contrato indefinido a jornada parcial.</p><p>Para más información acuda a <a href='http://empleocastillayleon.jcyl.es/oficinavirtual/buscoEmpleoPub.do?srvc=ver&scope=reg&cod=394499'>Oficina Virtual</a></p>";;ECYL;1179469348284;Cañizo;41.769566;-5.501755;49;1285679575943;2026-09-16;https://empleo.jcyl.es/web/jcyl/Empleo/es/Plantilla100Detalle/1284216458054/OfertasEmpleo/1285679575943/Empleo;41.769566, -5.501755
SOLDADORES POR MIG-MAG;Zamora;2026-09-16;"<p>Oferta Núm 19642 de SOLDADOR para empresa de ZAMORA.
Los interesados/as deben enviar su CV a (ecyldoctorfleming.ofertas@jcyl.es) indicando en el asunto el Núm. de la oferta.
FUNCIONES: La propias del puesto con conocimientos en Flux Core.
CONDICIONES: Contrato indefinido a jornada completa. 
REQUISITOS: Experiencia 12 meses y conocimientos en Flux Core.</p><p>Para más información acuda a <a href='http://empleocastillayleon.jcyl.es/oficinavirtual/buscoEmpleoPub.do?srvc=ver&scope=reg&cod=394458'>Oficina Virtual</a></p>";;ECYL;1179469491795;Zamora;41.507324;-5.745313;49;1285679457413;2026-09-16;https://empleo.jcyl.es/web/jcyl/Empleo/es/Plantilla100Detalle/1284216458054/OfertasEmpleo/1285679457413/Empleo;41.507324, -5.745313
FISIOTERAPEUTAS, EN GENERAL;Zamora;2026-09-16;"<p>Oferta Núm 19599 de FISIOTERAPEUTA para Asociación de ZAMORA.
Los interesados/as deben enviar su CV a (ecyldoctorfleming.ofertas@jcyl.es) indicando en el asunto el Núm. de la oferta.
FUNCIONES: Las propias de la profesión
CONDICIONES: Laboral indefinido a jornada parcial. 
REQUISITOS: Diplomatura o Grado en Fisioterapia. Permiso de conducir.</p><p>Para más información acuda a <a href='http://empleocastillayleon.jcyl.es/oficinavirtual/buscoEmpleoPub.do?srvc=ver&scope=reg&cod=394415'>Oficina Virtual</a></p>";;ECYL;1179469491795;Zamora;41.507324;-5.745313;49;1285679395873;2026-09-16;https://empleo.jcyl.es/web/jcyl/Empleo/es/Plantilla100Detalle/1284216458054/OfertasEmpleo/1285679395873/Empleo;41.507324, -5.745313
SOLDADORES DE ESTRUCTURAS METÁLICAS LIGERAS;Zamora;2026-09-16;"<p>Oferta Núm. 19589 SOLDADOR-MONTADOR DE ESTRUCTUAS METÁLICAS para empresa de La Hiniesta (Zamora).
Los interesados/as deben enviar su CV a (ecyldoctorfleming.ofertas@jcyl.es) indicando en el asunto el Núm. de la oferta.
FUNCIONES: Soldadura y montaje de estructuras metálicas.
CONDICIONES LABORALES: Contrato indefinido a jornada completa. Salario S/C.
REQUISITOS: Permiso de conducir. Formación PRL del sector del metal. Tarjeta profesional del Metal. Se valorará experiencia en puesto similar.</p><p>Para más información acuda a <a href='http://empleocastillayleon.jcyl.es/oficinavirtual/buscoEmpleoPub.do?srvc=ver&scope=reg&cod=394405'>Oficina Virtual</a></p>";;ECYL;1179469374141;Hiniesta (La);41.551163;-5.79979;49;1285679363652;2026-09-16;https://empleo.jcyl.es/web/jcyl/Empleo/es/Plantilla100Detalle/1284216458054/OfertasEmpleo/1285679363652/Empleo;41.551163, -5.79979
Trabajador/a social en Residencia para Toro (Zamora);Zamora;2026-09-16;"<p><em>Fundación Intras</em> selecciona un/a <strong>TRABAJADOR/A SOCIAL</strong> para Toro (Zamora).</p>
<p><strong>Funciones:</strong></p>
<ul>
<li style='text-align: justify;'>Atención a personas usuarias o posibles usuarias, proporcionando información sobre recursos y llevando a cabo una evaluación preliminar en colaboración con el equipo técnico del servicio.</li>
<li style='text-align: justify;'>Apoyar en la elaboración y desarrollo del Plan de Intervención en los casos de su competencia.</li>
<li style='text-align: justify;'>En coordinación con el equipo profesional y los servicios sociales pertinentes, evaluación y gestión de aspectos sociales, familiares y económicos.</li>
<li style='text-align: justify;'>Tareas de información, atención, psicoeducación y apoyo a las familias.</li>
<li style='text-align: justify;'>Asesoramiento a personas usuarias y familiares sobre recursos y prestaciones sociales.</li>
<li style='text-align: justify;'>Asesorar y orientar a profesionales (ej. equipo mixto, equipo de valoración de dependencia, otros servicios relacionados con la discapacidad, etc.).</li>
<li style='text-align: justify;'>Informar, orientar y emitir valoraciones sobre necesidades de adaptación de la vivienda, eliminación de riesgos y barreras arquitectónicas, así como otras adaptaciones para mejorar la realización de las actividades básicas de la vida diaria.</li>
<li style='text-align: justify;'>Planificar, ejecutar y hacer seguimiento del programa para la gestión de dinero de la persona usuaria (en los casos que aplique).</li>
<li style='text-align: justify;'>Proporcionar asesoramiento al cuidador y/o familiar para manejar las necesidades y comportamientos de la persona dependiente.</li>
<li style='text-align: justify;'>Elaborar, desarrollar y coordinar programas de inserción sociolaboral y la mejora sociosanitaria de personas en situación de vulnerabilidad.</li>
<li style='text-align: justify;'>Organizar y participar en actividades de la vida diaria y/o de ocio con la persona usuaria.</li>
<li style='text-align: justify;'>Realizar acompañamientos, coordinarse con otros dispositivos para continuidad de actuaciones, desarrollar actuaciones grupales y comunitarias.</li>
<li style='text-align: justify;'>Coordinación con los servicios sociosanitarios implicados en cada caso (Clínica con Salud Mental y Servicios Sociales).</li>
<li style='text-align: justify;'>Gestión de expedientes.</li>
</ul>
<p><strong>Requisitos:</strong></p>
<ul>
<li>Estudios mínimos: Ciclo formativo grado superior.</li>
<li>Experiencia mínima: 1 año.</li>
</ul>
<p><strong>Se ofrece:</strong></p>
<ul>
<li>Contrato de duración determinada.</li>
<li>Jornada completa.</li>
<li>Salario 21.000euros - 21.000euros Bruto/año.</li>
</ul>
<p><strong>Para solicitar:</strong></p>
<ul>
<li>En el enlace adjunto se puede acceder a la solicitud para el puesto. <strong>Se recuerda que, para presentar su candidatura, deberá estar inscrito/a en el portal que publica la oferta.</strong></li>
</ul><p><strong>Información obtenida de: </strong>Internet/Prensa. <a href='https://www.infojobs.net/' target='_blank'>https://www.infojobs.net/</a></p><p><strong>Enlaces relacionados:</strong><ul><li><a href='https://www.infojobs.net/toro/trabajador-social-residencia-toro/of-i7a0084a23642e89ef12c94d23ddb98?applicationOrigin=search-new&page=1&sortBy=PUBLICATION_DATE' target='_blank'>Mas información e inscripción en la oferta</a></li></ul></p><p>Información procedente de: <a href='https://servicios3.jcyl.es/enbo/siau/webapp/boletinEmpleoCyL/boletin/c2hCOFZzR0JFbmdMcGR0bnh6REdKV3R4dWE2ZHpNRzB4b1loc21oUzFsMD0%3D/EMPLEO-INTERNET-PRENSA/149074' target='_blank'><strong>Boletín de Empleo de Castilla y León (Ecyl)</strong>.</a></p>";;Internet / Prensa;1179469472195;Toro;41.52475;-5.394138;49;1285679507762;2026-09-16;https://empleo.jcyl.es/web/jcyl/Empleo/es/Plantilla100Detalle/1284216458054/OfertasEmpleo/1285679507762/Empleo;41.52475, -5.394138
Entrenador/a personal para Zamora;Zamora;2026-09-16;"<p><em>F4 Trainers-AvanzaFit </em>selecciona un/a <strong> ENTRENADOR/A PERSONAL</strong> para Zamora.</p>
<p><strong>Funciones:</strong></p>
<ul>
<li>Captar y gestionar la cartera de clientes.</li>
<li>Realizar el estudio y valoración de la condición física de las personas a entrenar.</li>
<li>Diseñar rutinas de entrenamiento y establecer objetivos realistas.</li>
<li>Realizar un seguimiento riguroso de los clientes y ofrecer asesoramiento nutricional.</li>
<li>Motivar y acompañar a los clientes para ayudarles a alcanzar sus objetivos</li>
</ul>
<p><strong>Requisitos:</strong></p>
<ul>
<li>Grado Superior en Deporte o CAFYD.</li>
<li>Flexibilidad horaria.</li>
<li>No es necesario contar con experiencia previa.</li>
<li>Disponibilidad inmediata</li>
</ul>
<p><strong>Se ofrece:</strong></p>
<ul>
<li>Contrato Indefinido</li>
<li>Jornada completa</li>
<li>Porcentaje variable en función de la consecución de objetivos.</li>
<li>Flexibilidad horaria</li>
</ul>
<p><strong>Para solicitar:</strong></p>
<ul>
<li>En el enlace adjunto se puede acceder a la solicitud para el puesto. <strong>Se recuerda que, para presentar su candidatura, deberá estar inscrito/a en el portal que publica la oferta.</strong></li>
</ul><p><strong>Información obtenida de: </strong>Internet/Prensa. <a href='https://www.infojobs.net/' target='_blank'>https://www.infojobs.net/</a></p><p><strong>Enlaces relacionados:</strong><ul><li><a href='https://www.infojobs.net/zamora/entrenador-personal/of-i75c07e856e4cd6966aaff3323a312c?applicationOrigin=search-new&page=1&sortBy=PUBLICATION_DATE' target='_blank'>Mas información e inscripción en la oferta</a></li></ul></p><p>Información procedente de: <a href='https://servicios3.jcyl.es/enbo/siau/webapp/boletinEmpleoCyL/boletin/c2hCOFZzR0JFbmdMcGR0bnh6REdKV3R4dWE2ZHpNRzB4b1loc21oUzFsMD0%3D/EMPLEO-INTERNET-PRENSA/149076' target='_blank'><strong>Boletín de Empleo de Castilla y León (Ecyl)</strong>.</a></p>";;Internet / Prensa;1179469491795;Zamora;41.507324;-5.745313;49;1285679506960;2026-09-16;https://empleo.jcyl.es/web/jcyl/Empleo/es/Plantilla100Detalle/1284216458054/OfertasEmpleo/1285679506960/Empleo;41.507324, -5.745313
CONDUCTORES DE CAMIÓN, EN GENERAL;Zamora;2026-09-16;"<p>Se necesita CONDUCTOR DE CAMIÓN con Carnet C+E y CAP en vigor para BENAVENTE (ZAMORA).
Contrato indefinido a Jornada completa.
Interesados enviar C.V. a recursoshumanos@agropalsc.com</p><p>Para más información acuda a <a href='http://empleocastillayleon.jcyl.es/oficinavirtual/buscoEmpleoPub.do?srvc=ver&scope=reg&cod=394335'>Oficina Virtual</a></p>";;ECYL;1179469338450;Benavente;42.002884;-5.678469;49;1285679457590;2026-09-16;https://empleo.jcyl.es/web/jcyl/Empleo/es/Plantilla100Detalle/1284216458054/OfertasEmpleo/1285679457590/Empleo;42.002884, -5.678469
ENFERMEROS DE CUIDADOS GENERALES;Zamora;2026-09-16;"<p>Oferta Núm. 19596 ENFERMERO/A para Centro Residencial de Moraleja del Vino (Zamora).
Los interesados/as deben enviar su CV a (ecyldoctorfleming.ofertas@jcyl.es) indicando en el asunto el Núm. de la oferta.
FUNCIONES: Atención a usuarios/as del Centro.
CONDICIONES LABORALES: Contrato indefinido a jornada completa. 
REQUISITOS: Diplomatura o Grado en Enfermería.</p><p>Para más información acuda a <a href='http://empleocastillayleon.jcyl.es/oficinavirtual/buscoEmpleoPub.do?srvc=ver&scope=reg&cod=394412'>Oficina Virtual</a></p>";;ECYL;1179469398387;Moraleja del Vino;41.46505;-5.654337;49;1285679395845;2026-09-16;https://empleo.jcyl.es/web/jcyl/Empleo/es/Plantilla100Detalle/1284216458054/OfertasEmpleo/1285679395845/Empleo;41.46505, -5.654337
CONDUCTORES DE CAMIÓN, EN GENERAL;Zamora;2026-09-16;"<p>Oferta Núm. 19551 CONDUCTOR DE CAMIÓN para empresa de Zamora.
Los interesados/as deben enviar su CV a (ecyldoctorfleming.ofertas@jcyl.es) indicando en el asunto el Núm. de la oferta.
FUNCIONES: Conduccción de camiones.
CONDICIONES LABORALES: Contrato indefinido a jornada completa. 
REQUISITOS: Permiso de conducir C+E y CAP en vigor.</p><p>Para más información acuda a <a href='http://empleocastillayleon.jcyl.es/oficinavirtual/buscoEmpleoPub.do?srvc=ver&scope=reg&cod=394367'>Oficina Virtual</a></p>";;ECYL;1179469491795;Zamora;41.507324;-5.745313;49;1285679330806;2026-09-16;https://empleo.jcyl.es/web/jcyl/Empleo/es/Plantilla100Detalle/1284216458054/OfertasEmpleo/1285679330806/Empleo;41.507324, -5.745313
MECÁNICOS REPARADORES DE MAQUINARIA DE CONSTRUCCIÓN, MOVIMIENTO DE TIERRAS Y/O MINERÍA;Burgos;2026-09-15;"<p>PUESTO SOLICITADO: Mecánico de maquinaria de obras públicas (oficial de 1ª)
LOCALIDAD: Burgos. 
REQUISITOS:
. Formación como Mecánico o experiencia en el puesto
. Conocimientos de equipos de diagnóstico (escáner), neumática, soldadura, electricidad, hidraulica, ...
. Permiso de conducir
SE OFRECE:
. Contrato indefinido
. Jornada completa, partida (09 a 14:00 y 16 a 19:00 h.)</p><p>Para más información acuda a <a href='http://empleocastillayleon.jcyl.es/oficinavirtual/buscoEmpleoPub.do?srvc=ver&scope=reg&cod=394288'>Oficina Virtual</a></p>";;ECYL;1179297447246;Burgos;42.3408235575;-3.70205869083;09;1285679069916;2026-09-15;https://empleo.jcyl.es/web/jcyl/Empleo/es/Plantilla100Detalle/1284216458054/OfertasEmpleo/1285679069916/Empleo;42.3408235575, -3.70205869083
TÉCNICOS EN MECÁNICA DE AUTOMOCIÓN;Burgos;2026-09-15;"<p>CONTACTAR CON LA OFICINA DE EMPLEO DE MIRANDA DE EBRO
TFNO. 947320408
NO ENVIAR CV</p><p>Para más información acuda a <a href='http://empleocastillayleon.jcyl.es/oficinavirtual/buscoEmpleoPub.do?srvc=ver&scope=reg&cod=393906'>Oficina Virtual</a></p>";;ECYL;1179297562001;Miranda de Ebro;42.679066;-2.9675572;09;1285678963712;2026-09-15;https://empleo.jcyl.es/web/jcyl/Empleo/es/Plantilla100Detalle/1284216458054/OfertasEmpleo/1285678963712/Empleo;42.679066, -2.9675572
CAMAREROS, EN GENERAL;Burgos;2026-09-15;"<p>PUESTO SOLICITADO: Ayudante de camarero/a 
LOCALIDAD: Burgos. 
REQUISITOS:
. Experiencia y conocimientos básicos de cocina. 
SE OFRECE: Jornada completa. Contrato temporal.</p><p>Para más información acuda a <a href='http://empleocastillayleon.jcyl.es/oficinavirtual/buscoEmpleoPub.do?srvc=ver&scope=reg&cod=394291'>Oficina Virtual</a></p>";;ECYL;1179297447246;Burgos;42.3408235575;-3.70205869083;09;1285678963025;2026-09-15;https://empleo.jcyl.es/web/jcyl/Empleo/es/Plantilla100Detalle/1284216458054/OfertasEmpleo/1285678963025/Empleo;42.3408235575, -3.70205869083
TERAPEUTAS OCUPACIONALES;León;2026-09-15;"<p>TERAPEUTA OCUPACIONAL DE PERSONAS DE TERCERA EDAD EN RESIDENCIA, CON DILPOMATURA O GRADO EN TERAPIA OCUPACIONAL. CONTRATO LABORAL TEMPORAL DE 1 AÑO, A JORNADA PARCIAL DE 6 HORAS DIARIAS (EN HORARIO DE 9:00 A 15:00 HORAS)
INTERESADOS LLAMAR AL 987 249530 (SECCIÓN OFERTAS - OFICINA EMPLEO RAMÓN Y CAJAL)</p><p>Para más información acuda a <a href='http://empleocastillayleon.jcyl.es/oficinavirtual/buscoEmpleoPub.do?srvc=ver&scope=reg&cod=394348'>Oficina Virtual</a></p>";;ECYL;1179297860755;León;42.59873;-5.5670958;24;1285679164586;2026-09-15;https://empleo.jcyl.es/web/jcyl/Empleo/es/Plantilla100Detalle/1284216458054/OfertasEmpleo/1285679164586/Empleo;42.59873, -5.5670958
AUXILIARES DE ENFERMERÍA DE GERIATRÍA;León;2026-09-15;<p>Para más información acuda a <a href='http://empleocastillayleon.jcyl.es/oficinavirtual/buscoEmpleoPub.do?srvc=ver&scope=reg&cod=394319'>Oficina Virtual</a></p>;;ECYL;1179298039540;Villaornate Y Castro;42.191906;-5.530234;24;1285679029285;2026-09-15;https://empleo.jcyl.es/web/jcyl/Empleo/es/Plantilla100Detalle/1284216458054/OfertasEmpleo/1285679029285/Empleo;42.191906, -5.530234
COCINEROS, EN GENERAL;Palencia;2026-09-15;<p>Cubrir vacante a Jornada parcial (25h/semana). Horario de 11:00 a 16:00.</p><p>Para más información acuda a <a href='http://empleocastillayleon.jcyl.es/oficinavirtual/buscoEmpleoPub.do?srvc=ver&scope=reg&cod=393426'>Oficina Virtual</a></p>;;ECYL;1179298134961;Villada;42.249454;-4.96879;34;1285678999373;2026-09-15;https://empleo.jcyl.es/web/jcyl/Empleo/es/Plantilla100Detalle/1284216458054/OfertasEmpleo/1285678999373/Empleo;42.249454, -4.96879
DELINEANTES, EN GENERAL;Palencia;2026-09-15;<p>DELINEACIÓN DE PLANOS CON SOFTWARE CAD. REDACCIÓN DE PRESUPUESTO CON SOFTWARE PRESTO. PRESENTACIONES DE PLANOS CON SOFTWARE GIS. REDACCIÓN DE PLANES DE SEGURIDAD. TOPOGRAFÍA Y REPLANTEO CON EQUPO GPS.</p><p>Para más información acuda a <a href='http://empleocastillayleon.jcyl.es/oficinavirtual/buscoEmpleoPub.do?srvc=ver&scope=reg&cod=394184'>Oficina Virtual</a></p>;;ECYL;1179298116853;Saldaña;42.518005;-4.7419825;34;1285678903493;2026-09-15;https://empleo.jcyl.es/web/jcyl/Empleo/es/Plantilla100Detalle/1284216458054/OfertasEmpleo/1285678903493/Empleo;42.518005, -4.7419825
PERSONAL DE LIMPIEZA O LIMPIADORES EN GENERAL;Palencia;2026-09-15;<p>Limpieza de oficinas bancarias. Opción a contrato indefinido. Horario: 45 minutos el martes y 45 minutos eljueves (1,5 horas/semana). Horario concreto a convenir.</p><p>Para más información acuda a <a href='http://empleocastillayleon.jcyl.es/oficinavirtual/buscoEmpleoPub.do?srvc=ver&scope=reg&cod=394318'>Oficina Virtual</a></p>;;ECYL;1179298055413;Alar del Rey;42.65862;-4.307391;34;1285679029815;2026-09-15;https://empleo.jcyl.es/web/jcyl/Empleo/es/Plantilla100Detalle/1284216458054/OfertasEmpleo/1285679029815/Empleo;42.65862, -4.307391
ENFERMEROS DE CUIDADOS GENERALES;Palencia;2026-09-15;<p>Laboral indefinido. Jornada completa. Atención integral de personas mayores, responsable de la gestión de medicación, control de patologías crónicas y fomento de su autonomía física y cognitiva. Su labor central será garantizar el bienestar diario del residente y ofrecer un apoyo continuo a sus familias.</p><p>Para más información acuda a <a href='http://empleocastillayleon.jcyl.es/oficinavirtual/buscoEmpleoPub.do?srvc=ver&scope=reg&cod=394304'>Oficina Virtual</a></p>;;ECYL;1179298064356;Becerril de Campos;42.110935;-4.641436;34;1285679000540;2026-09-15;https://empleo.jcyl.es/web/jcyl/Empleo/es/Plantilla100Detalle/1284216458054/OfertasEmpleo/1285679000540/Empleo;42.110935, -4.641436
CONDUCTORES-OPERADORES DE MAQUINARIA DE TRANSPORTE DE TIERRAS, EN GENERAL;Palencia;2026-09-15;<p>Conductores de maquinaria de obras públcas y/o tractorista agrícola con expleriencia con palas cargadoras, retroexcavadoras, palas mixta y/o buldocers. Exploción minera ubicada a 8km de Aguilar de Campoo. La empresa puede poner coche a disposición. El puesto tiene hasta un 15% de coeficiente de reducción (al periodo trabajado se le suma un 15% como tiempo cotizado de cara al acceso a la jubilación).</p><p>Para más información acuda a <a href='http://empleocastillayleon.jcyl.es/oficinavirtual/buscoEmpleoPub.do?srvc=ver&scope=reg&cod=394285'>Oficina Virtual</a></p>;;ECYL;1179298051138;Aguilar de Campoo;42.79319;-4.262214;34;1285678963368;2026-09-15;https://empleo.jcyl.es/web/jcyl/Empleo/es/Plantilla100Detalle/1284216458054/OfertasEmpleo/1285678963368/Empleo;42.79319, -4.262214
CONDUCTORES DE CAMIÓN, EN GENERAL;Palencia;2026-09-15;<p>Cantera ubicada a 8 km de Aguilar de Campoo. El puesto sería para conducir camiones basculantes tráiler y fijos por los alrededores de Aguilar de Campoo transportando áridos y mercancías no peligrosas a granel. El contrato puede ser a jornada completa o parcial según lo que prefiera el trabajador-a. El puesto tiene un coeficiente reductor de cara a la jubilación del 10% (el tiempo trabajado en la empresa contará un 10% más para el acceso a la pensión de jubilación). La empresa dispone de una vivienda que podría alquilarle al trabajador-a.</p><p>Para más información acuda a <a href='http://empleocastillayleon.jcyl.es/oficinavirtual/buscoEmpleoPub.do?srvc=ver&scope=reg&cod=394280'>Oficina Virtual</a></p>;;ECYL;1179298051138;Aguilar de Campoo;42.79319;-4.262214;34;1285678963340;2026-09-15;https://empleo.jcyl.es/web/jcyl/Empleo/es/Plantilla100Detalle/1284216458054/OfertasEmpleo/1285678963340/Empleo;42.79319, -4.262214
Profesor/a de Canto para Ayto. de Villamayor (Salamanca);Salamanca;2026-09-15;"<p><strong>Convoca:</strong> Ayuntamiento de Villamayor (Escuela Municipal de Música)</p>
<p><strong>Cuerpo:</strong> PROFESOR/A DE CANTO</p>
<p><strong>Plazas:</strong> 1 + Bolsa</p>
<p><strong>Acceso:</strong> Valoración de Méritos (experiencia + formación)</p>
<p><strong>Titulación:</strong> Título Profesional de Grado Medio o Superior en la especialidad de canto</p>
<p><strong>Plazo: </strong>29 de septiembre de 2026</p><p><strong>Información obtenida de: </strong>Empleo público. BOP Salamanca 15/09/2026</p><p><strong>Enlaces relacionados:</strong><ul><li><a href='https://sede.diputaciondesalamanca.gob.es/documentacion/bop/2026/20260915/BOP-SA-20260915-014.pdf' target='_blank'>Enlace a Convocatoria en BOP</a></li><li><a href='https://villamayor.sedelectronica.es/preview-document/bbafef5d-dd77-4986-af29-c0ef470d5df2/' target='_blank'>Enlace a Convocatoria en Sede Electrónica Ayuntamiento</a></li></ul></p>";;Organismo oficial;1179298370510;Villamayor;41.001663;-5.6937933;37;1285679001592;2026-09-15;https://empleo.jcyl.es/web/jcyl/Empleo/es/Plantilla100Detalle/1284216458054/OfertasEmpleo/1285679001592/Empleo;41.001663, -5.6937933
ALBAÑILES;Salamanca;2026-09-15;<p>Para más información acuda a <a href='http://empleocastillayleon.jcyl.es/oficinavirtual/buscoEmpleoPub.do?srvc=ver&scope=reg&cod=393777'>Oficina Virtual</a></p>;;ECYL;1179298231776;Ciudad Rodrigo;40.602055;-6.531306;37;1285678963238;2026-09-15;https://empleo.jcyl.es/web/jcyl/Empleo/es/Plantilla100Detalle/1284216458054/OfertasEmpleo/1285678963238/Empleo;40.602055, -6.531306
Personal office cocina;Salamanca;2026-09-15;"<p>Restaurante necesita SEÑORA PARA OFFICE de cocina.</p>
<p>Teléfono: 626569965.</p>
Oferta publicada en La Gaceta de Salamanca.";;Internet / Prensa;;;;;;1285678975288;2026-09-15;https://empleo.jcyl.es/web/jcyl/Empleo/es/Plantilla100Detalle/1284216458054/OfertasEmpleo/1285678975288/Empleo;
Profesor/a de Percusión Musical para Ayto. de Alba de Tormes (Salamanca);Salamanca;2026-09-15;"<p><strong>Convoca:</strong> Ayuntamiento de Alba de Tormes</p>
<p><strong>Cuerpo:</strong> PROFESOR/A DE PERCUSIÓN MUSICAL</p>
<p><strong>Plazas:</strong> 1</p>
<p><strong>Acceso:</strong> Valoración de Méritos (experiencia + formación)</p>
<p><strong>Titulación:</strong> Título Profesional de Grado Medio o Superior en la especialidad de percusión</p>
<p><strong>Plazo:</strong> 18 de septiembre de 2026</p>
<p><strong>Observaciones:</strong></p>
<ul>
<li>Entregar CV y Vida laboral</li>
</ul><p><strong>Información obtenida de: </strong>Empleo público. <a href='https://albadetormes.com/' target='_blank'>https://albadetormes.com/</a></p><p><strong>Enlaces relacionados:</strong><ul><li><a href='https://albadetormes.com/noticias/CONVOCATORIA-PUBLICA-PROCESO-DE-SELECCION-PROFESOR-A-PERCUSION-00001/' target='_blank'>Enlace a Convocatoria en Sede Electrónica Ayuntamiento</a></li></ul></p>";;Organismo oficial;1179298177187;Alba de Tormes;40.8271496057;-5.51451226893;37;1285678994957;2026-09-15;https://empleo.jcyl.es/web/jcyl/Empleo/es/Plantilla100Detalle/1284216458054/OfertasEmpleo/1285678994957/Empleo;40.8271496057, -5.51451226893
CUIDADORES DE PERSONAS CON DISCAPACIDAD Y/O DEPENDENCIA, EN INSTITUCIONES;Segovia;2026-09-15;<p>Para más información acuda a <a href='http://empleocastillayleon.jcyl.es/oficinavirtual/buscoEmpleoPub.do?srvc=ver&scope=reg&cod=394325'>Oficina Virtual</a></p>;;ECYL;1179298405057;Abades;40.915554;-4.2691665;40;1285679029461;2026-09-15;https://empleo.jcyl.es/web/jcyl/Empleo/es/Plantilla100Detalle/1284216458054/OfertasEmpleo/1285679029461/Empleo;40.915554, -4.2691665
CONSERJES, EN GENERAL;Segovia;2026-09-15;<p>Para más información acuda a <a href='http://empleocastillayleon.jcyl.es/oficinavirtual/buscoEmpleoPub.do?srvc=ver&scope=reg&cod=394334'>Oficina Virtual</a></p>;;ECYL;1179298563848;Segovia;40.94356;-4.1130023;40;1285679069554;2026-09-15;https://empleo.jcyl.es/web/jcyl/Empleo/es/Plantilla100Detalle/1284216458054/OfertasEmpleo/1285679069554/Empleo;40.94356, -4.1130023
DIRECTORES DE SERVICIOS SOCIALES PARA PERSONAS MAYORES;Soria;2026-09-15;"<p>Requisitos:
Grado en el ámbito social.
Máster o curso en direccioón de centros sociosanitarios.
Se ofrece:
Contrato por sustitución de 9 meses.
Jornada completa.
Salario según valía del candidato.</p><p>Para más información acuda a <a href='http://empleocastillayleon.jcyl.es/oficinavirtual/buscoEmpleoPub.do?srvc=ver&scope=reg&cod=394290'>Oficina Virtual</a></p>";;ECYL;1179469188421;Royo (El);41.91009;-2.642186;42;1285678963470;2026-09-15;https://empleo.jcyl.es/web/jcyl/Empleo/es/Plantilla100Detalle/1284216458054/OfertasEmpleo/1285678963470/Empleo;41.91009, -2.642186
MÉDICOS, MEDICINA GENERAL;Soria;2026-09-15;<p>Para más información acuda a <a href='http://empleocastillayleon.jcyl.es/oficinavirtual/buscoEmpleoPub.do?srvc=ver&scope=reg&cod=394258'>Oficina Virtual</a></p>;;ECYL;1179469208393;Tardelcuende;41.59433;-2.641346;42;1285678903521;2026-09-15;https://empleo.jcyl.es/web/jcyl/Empleo/es/Plantilla100Detalle/1284216458054/OfertasEmpleo/1285678903521/Empleo;41.59433, -2.641346
MONITORES Y/O ANIMADORES DEPORTIVOS;Valladolid;2026-09-15;<p>MONITOR AERÓBIC Y PILATES para contrato a tiempo parcial en Laguna de Duero y Valladolid. Horarios por definir inicio en octubre</p><p>Para más información acuda a <a href='http://empleocastillayleon.jcyl.es/oficinavirtual/buscoEmpleoPub.do?srvc=ver&scope=reg&cod=392185'>Oficina Virtual</a></p>;;ECYL;1179469311668;Valladolid;41.652252;-4.724532;47;1285679111826;2026-09-15;https://empleo.jcyl.es/web/jcyl/Empleo/es/Plantilla100Detalle/1284216458054/OfertasEmpleo/1285679111826/Empleo;41.652252, -4.724532
ENFERMEROS DE CUIDADOS GENERALES;Valladolid;2026-09-15;"<p>Atención y seguimiento sanitario de las personas usuarias del centro de día. Control de constantes, administración y supervisión de medicación, realización de curas, seguimiento del estado de salud y coordinación con el equipo interdisciplinar y familiares cuando sea necesario. Registro de las actuaciones realizadas y demás funciones propias de su categoría profesional.
Contrato indefinido parcial 10 horas semanales, nos adaptamos al horario entre las 10 y las 17, total flexibilidad, de lunes a viernes. Salario según convenio mas pluses acordadas.</p><p>Para más información acuda a <a href='http://empleocastillayleon.jcyl.es/oficinavirtual/buscoEmpleoPub.do?srvc=ver&scope=reg&cod=394299'>Oficina Virtual</a></p>";;ECYL;1179469311668;Valladolid;41.652252;-4.724532;47;1285679000568;2026-09-15;https://empleo.jcyl.es/web/jcyl/Empleo/es/Plantilla100Detalle/1284216458054/OfertasEmpleo/1285679000568/Empleo;41.652252, -4.724532
TERAPEUTAS OCUPACIONALES;Valladolid;2026-09-15;<p>Valoración y seguimiento de las capacidades funcionales de las personas usuarias. Diseño y realización de actividades de terapia ocupacional dirigidas al mantenimiento y mejora de la autonomía personal y las actividades de la vida diaria. Estimulación cognitiva y funcional. Elaboración y seguimiento de programas individualizados de intervención. Coordinación con el equipo interdisciplinar y demás funciones propias de su categoría profesional.</p><p>Para más información acuda a <a href='http://empleocastillayleon.jcyl.es/oficinavirtual/buscoEmpleoPub.do?srvc=ver&scope=reg&cod=387147'>Oficina Virtual</a></p>;;ECYL;1179469311668;Valladolid;41.652252;-4.724532;47;1285679000707;2026-09-15;https://empleo.jcyl.es/web/jcyl/Empleo/es/Plantilla100Detalle/1284216458054/OfertasEmpleo/1285679000707/Empleo;41.652252, -4.724532
COCINEROS, EN GENERAL;Zamora;2026-09-15;"<p>Oferta Núm. 19507 COCINERO/A para Centro Residencial de Morales del Vino (Zamora).
Los interesados/as deben enviar su CV a (ecyldoctorfleming.ofertas@jcyl.es) indicando en el asunto el Núm. de la oferta.
FUNCIONES: Preparación y cocinado de menus planificados, gestión de higiene y seguridad alimentaria de las materias primas, así como control del almacen.
CONDICIONES LABORALES: Contrato temporal de 6 meses ampliables. Jornada completa.
REQUISITOS: Titulación Superior en Dirección de Cocina, Técnico Grado Medio en Cocina y Gastronomía. Permiso de circulación.</p><p>Para más información acuda a <a href='http://empleocastillayleon.jcyl.es/oficinavirtual/buscoEmpleoPub.do?srvc=ver&scope=reg&cod=394323'>Oficina Virtual</a></p>";;ECYL;1179469398892;Morales del Vino;41.446526;-5.730482;49;1285679029048;2026-09-15;https://empleo.jcyl.es/web/jcyl/Empleo/es/Plantilla100Detalle/1284216458054/OfertasEmpleo/1285679029048/Empleo;41.446526, -5.730482
CUIDADORES DE PERSONAS CON DISCAPACIDAD Y/O DEPENDENCIA, EN INSTITUCIONES;Zamora;2026-09-15;<p>Oferta 19494 Gerocultor/a para residencia en Benavente. Contrato temporal prorrogable a indefinido. Interesados mandar mail a: orientacion@mejorabenavente.com</p><p>Para más información acuda a <a href='http://empleocastillayleon.jcyl.es/oficinavirtual/buscoEmpleoPub.do?srvc=ver&scope=reg&cod=394310'>Oficina Virtual</a></p>;;ECYL;1179469338450;Benavente;42.002884;-5.678469;49;1285679029489;2026-09-15;https://empleo.jcyl.es/web/jcyl/Empleo/es/Plantilla100Detalle/1284216458054/OfertasEmpleo/1285679029489/Empleo;42.002884, -5.678469
TRABAJADORES SOCIALES;Zamora;2026-09-15;"<p>Oferta Núm. 19520 TRABAJADOR/A SOCIAL para Centro Residencial de Villalcampo (Zamora).
Los interesados/as deben enviar su CV a (ecyldoctorfleming.ofertas@jcyl.es) indicando en el asunto el Núm. de la oferta.
FUNCIONES: Atención a residentes del Centro.
CONDICIONES LABORALES: Contrato indefinido. Jornada parcial de 20 horas semanales.
REQUISITOS: Diplomatura o Grado en Trabajo Social.</p><p>Para más información acuda a <a href='http://empleocastillayleon.jcyl.es/oficinavirtual/buscoEmpleoPub.do?srvc=ver&scope=reg&cod=394336'>Oficina Virtual</a></p>";;ECYL;1179469483164;Villalcampo;41.52211;-6.045514;49;1285679070650;2026-09-15;https://empleo.jcyl.es/web/jcyl/Empleo/es/Plantilla100Detalle/1284216458054/OfertasEmpleo/1285679070650/Empleo;41.52211, -6.045514
COCINEROS, EN GENERAL;Zamora;2026-09-15;"<p>Oferta Núm. 19498 COCINERO/A para Centro Residencial de Muga de Sayago (Zamora).
Los interesados/as deben enviar su CV a (ecyldoctorfleming.ofertas@jcyl.es) indicando en el asunto el Núm. de la oferta.
FUNCIONES: Cocinar los platos, elaborar los menús diarios adaptados a las necesidades nutricionales y de salud de los mayores, garantizando las normas de higiene y seguridad alimentaria.
CONDICIONES LABORALES: Contrato indefinido a jornada completa.
REQUISITOS: Permiso de circulación.</p><p>Para más información acuda a <a href='http://empleocastillayleon.jcyl.es/oficinavirtual/buscoEmpleoPub.do?srvc=ver&scope=reg&cod=394314'>Oficina Virtual</a></p>";;ECYL;1179469402432;Muga de Sayago;41.388268;-6.1991115;49;1285679029077;2026-09-15;https://empleo.jcyl.es/web/jcyl/Empleo/es/Plantilla100Detalle/1284216458054/OfertasEmpleo/1285679029077/Empleo;41.388268, -6.1991115
CAMAREROS, EN GENERAL;Zamora;2026-09-15;"<p>Oferta Núm 19499 de AYUDANTE DE CAMARERO para empresa FONFRIA (Zamora).
Los interesados/as deben enviar su CV a (ecyldoctorfleming.ofertas@jcyl.es) indicando en el asunto el Núm. de la oferta.
FUNCIONES: Propias de la ocupación.
CONDICIONES: Contrato indefinido a jornada completa.
REQUISITOS. Permiso de conducir.</p><p>Para más información acuda a <a href='http://empleocastillayleon.jcyl.es/oficinavirtual/buscoEmpleoPub.do?srvc=ver&scope=reg&cod=394315'>Oficina Virtual</a></p>";;ECYL;1179469363785;Fonfría;41.640385;-6.138013;49;1285679029180;2026-09-15;https://empleo.jcyl.es/web/jcyl/Empleo/es/Plantilla100Detalle/1284216458054/OfertasEmpleo/1285679029180/Empleo;41.640385, -6.138013
VETERINARIOS;Zamora;2026-09-15;"<p>Oferta N.16562 de 1 VETERINARIO para clínica de pequeños animales en Toro (Zamora)
Los interesados/as deben enviar su CV a (ecyltoro@jcyl.es), indicando en el asunto el N. de la oferta.
FUNCIONES: Las labores propias del puesto.
CONDICIONES: Contrato indefinido a jornada completa. Flexibilidad en función de la experiencia. El horario de la clínica es de 10 a 20 horas. Se uniría a un equipo formado por 3 veterinarios y 2 auxiliares clínicos.
REQUISITOS: Licenciatura/Grado en Veterinaria.</p><p>Para más información acuda a <a href='http://empleocastillayleon.jcyl.es/oficinavirtual/buscoEmpleoPub.do?srvc=ver&scope=reg&cod=391378'>Oficina Virtual</a></p>";;ECYL;1179469472195;Toro;41.52475;-5.394138;49;1285678963572;2026-09-15;https://empleo.jcyl.es/web/jcyl/Empleo/es/Plantilla100Detalle/1284216458054/OfertasEmpleo/1285678963572/Empleo;41.52475, -5.394138
TRABAJADORES DE GANADO OVINO Y CAPRINO;Zamora;2026-09-15;"<p>Se necesitan 3 TRABAJADORES DE GANADO OVINO Y CAPRINO para VILLALOBOS (ZAMORA), con permiso de conducir.
Contrato indefinido a jornada completa.
Funciones:
Alimentación y nutrición: Mezclar piensos, forrajes, aditivos y medicamentos según las pautas establecidas y suministrarlos a los animales.
Ordeño: Realizar el ordeño de las cabras y ovejas de forma manual o mediante máquinas especializadas.
Manejo y reproducción: Vigilar el celo, colaborar en la cubrición o inseminación artificial y asistir en los partos y cuidado de las crías.
Cuidado sanitario: Vigilar el estado de salud del rebaño, administrar tratamientos recetados y colaborar con el servicio veterinario.
Pastoreo y movimiento: Sacar a pastar al ganado o trasladarlo entre los establos, corrales y vehículos de transporte.
Mantenimiento: Limpiar y desinfectar las naves, establos, bebederos, comederos y la maquinaria de la explotación.
Interesados llamar a Oficina de empleo del Ecyl de Benavente, pregurtar por oferta 08/2026/19432</p><p>Para más información acuda a <a href='http://empleocastillayleon.jcyl.es/oficinavirtual/buscoEmpleoPub.do?srvc=ver&scope=reg&cod=394248'>Oficina Virtual</a></p>";;ECYL;1179469483765;Villalobos;41.94659;-5.4764705;49;1285678903586;2026-09-15;https://empleo.jcyl.es/web/jcyl/Empleo/es/Plantilla100Detalle/1284216458054/OfertasEmpleo/1285678903586/Empleo;41.94659, -5.4764705
Operario/a de Servicios Múltiples para Ayto. de Cubillos (Zamora);Zamora;2026-09-15;"<p><strong>Convoca:</strong> Ayuntamiento de Cubillos</p>
<p><strong>Cuerpo: </strong> OPERARIO/A DE SERVICIOS MULTIPLES</p>
<p><strong>Plazas:</strong> 1</p>
<p><strong>Acceso: </strong> Concurso-Oposición</p>
<p><strong>Titulación: </strong> Graduado en ESO, Graduado escolar, Formación Profesional de Grado básico o un equivalente</p>
<p><strong>Plazo:</strong> 6 de octubre de 2026</p>
<p><strong>Observaciones:</strong> Se requiere permiso de conducir clase B</p><p><strong>Información obtenida de: </strong>Empleo público. BOP Zamora 04/09/ 2026; BOCYL 03/09/2026; BOE 15/09/2026</p><p><strong>Enlaces relacionados:</strong><ul><li><a href='https://www.boe.es/boe/dias/2026/09/15/pdfs/BOE-A-2026-19228.pdf' target='_blank'>Consulte anuncio en BOE 15/09/2026</a></li><li><a href='https://bocyl.jcyl.es/boletines/2026/09/03/pdf/BOCYL-D-03092026-171-17.pdf' target='_blank'>Consulte bases en BOCYL 03/09/2026</a></li></ul></p>";;Organismo oficial;1179469356777;Cubillos;41.573597;-5.739641;49;1285678977676;2026-09-15;https://empleo.jcyl.es/web/jcyl/Empleo/es/Plantilla100Detalle/1284216458054/OfertasEmpleo/1285678977676/Empleo;41.573597, -5.739641
COCINEROS, EN GENERAL;Burgos;2026-09-14;<p>INCORPORACIÓN INMEDIATA DE COCINERO/A CON EXPERIENCIA EN COLECTIVIDAD, CONOCIMIENTO EN ELEBARORACIONES DE GUISOS, HORNO, PLANCHA...BUENAS PRÁCTICAS DE MANIPULACIÓN Y REGISTROS DE APPCC</p><p>Para más información acuda a <a href='http://empleocastillayleon.jcyl.es/oficinavirtual/buscoEmpleoPub.do?srvc=ver&scope=reg&cod=394235'>Oficina Virtual</a></p>;;ECYL;1179297447246;Burgos;42.3408235575;-3.70205869083;09;1285678697944;2026-09-14;https://empleo.jcyl.es/web/jcyl/Empleo/es/Plantilla100Detalle/1284216458054/OfertasEmpleo/1285678697944/Empleo;42.3408235575, -3.70205869083
AUXILIARES DE ENFERMERÍA;Burgos;2026-09-14;<p>GEROCULTORA</p><p>Para más información acuda a <a href='http://empleocastillayleon.jcyl.es/oficinavirtual/buscoEmpleoPub.do?srvc=ver&scope=reg&cod=391062'>Oficina Virtual</a></p>;;ECYL;1179297562001;Miranda de Ebro;42.679066;-2.9675572;09;1285678581681;2026-09-14;https://empleo.jcyl.es/web/jcyl/Empleo/es/Plantilla100Detalle/1284216458054/OfertasEmpleo/1285678581681/Empleo;42.679066, -2.9675572
COCINEROS, EN GENERAL;Burgos;2026-09-14;<p>PREPARAR MENÚS DIARIOS Y ALGO DE CARTA</p><p>Para más información acuda a <a href='http://empleocastillayleon.jcyl.es/oficinavirtual/buscoEmpleoPub.do?srvc=ver&scope=reg&cod=394193'>Oficina Virtual</a></p>;;ECYL;1182753756884;Estepar;42.267822;-3.8929548;09;1285678581653;2026-09-14;https://empleo.jcyl.es/web/jcyl/Empleo/es/Plantilla100Detalle/1284216458054/OfertasEmpleo/1285678581653/Empleo;42.267822, -3.8929548
AUXILIARES DE ENFERMERÍA;Burgos;2026-09-14;"<p>Se precisa TÉCNICO ATENCIÓN DIRECTA para Residencia de Personas Mayores de Cortes, dependiente de Gerencia Territorial de Servicios Sociales de Burgos. Contrato temporal a jornada completa horario continuado para cubrir vacaciones.
Oferta dirigida a personas inscritas en los Servicios Públicos de Empleo. 
Nivel formativo: Título de técnico en atención a personas en situación de dependencia o título equivalente de técnico de atención sociosanitaria, o bien título de técnico en cuidados auxiliares de enfermería, o los títulos equivalentes a este segundo de técnico auxiliar clínica, técnico auxiliar psiquiatría y técnico auxiliar de enfermería, o en su caso, cualquier otro título que se publique con los mismos efectos.
No se contestarán candidaturas sin los requisitos pedidos. 
INTERESADOS contactar con nombre completo y DNI/NIE a ecyljuandepadilla.ofertas@jcyl.es con referencia ?OFERTA 18049 TAD?.</p><p>Para más información acuda a <a href='http://empleocastillayleon.jcyl.es/oficinavirtual/buscoEmpleoPub.do?srvc=ver&scope=reg&cod=392865'>Oficina Virtual</a></p>";;ECYL;1179297447246;Burgos;42.3408235575;-3.70205869083;09;1285678698012;2026-09-14;https://empleo.jcyl.es/web/jcyl/Empleo/es/Plantilla100Detalle/1284216458054/OfertasEmpleo/1285678698012/Empleo;42.3408235575, -3.70205869083
PELUQUEROS UNISEX;Burgos;2026-09-14;<p>Atención a clientes en labores de peluquería unisex y atención a clientes en labores de estética.</p><p>Para más información acuda a <a href='http://empleocastillayleon.jcyl.es/oficinavirtual/buscoEmpleoPub.do?srvc=ver&scope=reg&cod=394176'>Oficina Virtual</a></p>;;ECYL;1179297447246;Burgos;42.3408235575;-3.70205869083;09;1285678737583;2026-09-14;https://empleo.jcyl.es/web/jcyl/Empleo/es/Plantilla100Detalle/1284216458054/OfertasEmpleo/1285678737583/Empleo;42.3408235575, -3.70205869083
AUXILIARES DE ENFERMERÍA;Burgos;2026-09-14;"<p>Se precisa TÉCNICO ATENCIÓN DIRECTA para Residencia de Personas Mayores de Cortes, dependiente de Gerencia Territorial de Servicios Sociales de Burgos. Contrato temporal a jornada completa horario continuado para cubrir vacaciones.
Oferta dirigida a personas inscritas en los Servicios Públicos de Empleo. 
Nivel formativo: Título de técnico en atención a personas en situación de dependencia o título equivalente de técnico de atención sociosanitaria, o bien título de técnico en cuidados auxiliares de enfermería, o los títulos equivalentes a este segundo de técnico auxiliar clínica, técnico auxiliar psiquiatría y técnico auxiliar de enfermería, o en su caso, cualquier otro título que se publique con los mismos efectos.
No se contestarán candidaturas sin los requisitos pedidos. 
INTERESADOS contactar con nombre completo y DNI/NIE a ecyljuandepadilla.ofertas@jcyl.es con referencia ?OFERTA 18939 TAD?.</p><p>Para más información acuda a <a href='http://empleocastillayleon.jcyl.es/oficinavirtual/buscoEmpleoPub.do?srvc=ver&scope=reg&cod=393755'>Oficina Virtual</a></p>";;ECYL;1179297447246;Burgos;42.3408235575;-3.70205869083;09;1285678698040;2026-09-14;https://empleo.jcyl.es/web/jcyl/Empleo/es/Plantilla100Detalle/1284216458054/OfertasEmpleo/1285678698040/Empleo;42.3408235575, -3.70205869083
ENFERMEROS DE CUIDADOS GENERALES;León;2026-09-14;<p>Para más información acuda a <a href='http://empleocastillayleon.jcyl.es/oficinavirtual/buscoEmpleoPub.do?srvc=ver&scope=reg&cod=394261'>Oficina Virtual</a></p>;;ECYL;1179297860755;León;42.59873;-5.5670958;24;1285678791546;2026-09-14;https://empleo.jcyl.es/web/jcyl/Empleo/es/Plantilla100Detalle/1284216458054/OfertasEmpleo/1285678791546/Empleo;42.59873, -5.5670958
AUXILIARES DE ENFERMERÍA HOSPITALARIA, EN GENERAL;León;2026-09-14;"<p>SE NECESITA CUBRIR 5 PUESTOS DE GEROCULTOR/A PARA RESIDENCIA DE MAYORES EN NOCEDA
SE OFRECE CONTRATO LABORAL INDEFINIDO A JORNADA COMPLETA
SE REQUIERE FORMACION EN AUXILIAR ENFERMERIA, TECNICO EN ATENCION A PERSONAS EN SITUACION DE DEPENDENCIA, TECNICO DE ATENCION SOCIOSANITARIA, CERTIFICADO DE PROFESIONALIDAD CORRESPONDIENTE
IMPRESCINDIBLE CARNET DE CONDUCIR
PERSONAS INTERESADAS CONTACTAR CON LA OFICINA DE EMPLEO DE BEMBIBRE ( 987511461) EN HORARIO DE 9:00 A 14:00 INDICANDO OFERTA Nª 19338</p><p>Para más información acuda a <a href='http://empleocastillayleon.jcyl.es/oficinavirtual/buscoEmpleoPub.do?srvc=ver&scope=reg&cod=394154'>Oficina Virtual</a></p>";;ECYL;1179297873285;Noceda del Bierzo;42.711914;-6.3985662;24;1285678737977;2026-09-14;https://empleo.jcyl.es/web/jcyl/Empleo/es/Plantilla100Detalle/1284216458054/OfertasEmpleo/1285678737977/Empleo;42.711914, -6.3985662
MECÁNICOS-AJUSTADORES DE MOTORES DE GASOLINA EN VEHÍCULOS;León;2026-09-14;<p>Para más información acuda a <a href='http://empleocastillayleon.jcyl.es/oficinavirtual/buscoEmpleoPub.do?srvc=ver&scope=reg&cod=394166'>Oficina Virtual</a></p>;;ECYL;1179297888504;Ponferrada;42.549995;-6.598259;24;1285678738005;2026-09-14;https://empleo.jcyl.es/web/jcyl/Empleo/es/Plantilla100Detalle/1284216458054/OfertasEmpleo/1285678738005/Empleo;42.549995, -6.598259
Auxiliar Administrativo/a para Ayto. de Villanueva de las Manzanas (León);León;2026-09-14;"<p><strong>Convoca:</strong> Ayuntamiento de Villanueva de las Manzanas</p>
<p><strong>Cuerpo:</strong> AUXILIAR ADMINISTRATIVO/A</p>
<p><strong>Plazas: </strong>1+Bolsa</p>
<p><strong>Acceso:</strong> Concurso-oposición</p>
<p><strong>Titulación:</strong> Graduado en ESO o equivalente</p>
<p><strong>Plazo:</strong> 4 de octubre de 2026</p><p><strong>Información obtenida de: </strong>Empleo público. BOCYL 11/09/2026; BOP 14/09/2026</p><p><strong>Enlaces relacionados:</strong><ul><li><a href='https://bocyl.jcyl.es/boletines/2026/09/11/pdf/BOCYL-D-11092026-177-22.pdf' target='_blank'>Enlace a Convocatoria en Bocyl</a></li><li><a href='https://bop.dipuleon.es/export/sites/bop/.galleries/Documentos-Anuncios-en-PDF/firmado-1789361169197-final-7298f4d8.pdf' target='_blank'>Enlace a Convocatoria en BOP</a></li></ul></p>";;Organismo oficial;1179298021427;Villanueva de las Manzanas;42.471004;-5.481058;24;1285678611633;2026-09-14;https://empleo.jcyl.es/web/jcyl/Empleo/es/Plantilla100Detalle/1284216458054/OfertasEmpleo/1285678611633/Empleo;42.471004, -5.481058
FONTANEROS;León;2026-09-14;"<p>Oferta 19389: Instalador de contador de agua para Villadangos del Paramo.
Contrato indefinido a jornada completa. 
Se requiere carnet de conducir B.
Interesados llamar a Oficina Empleo Serna al tflno 987215200</p><p>Para más información acuda a <a href='http://empleocastillayleon.jcyl.es/oficinavirtual/buscoEmpleoPub.do?srvc=ver&scope=reg&cod=394205'>Oficina Virtual</a></p>";;ECYL;1179298009177;Villadangos del Páramo;42.516865;-5.7671404;24;1285678621408;2026-09-14;https://empleo.jcyl.es/web/jcyl/Empleo/es/Plantilla100Detalle/1284216458054/OfertasEmpleo/1285678621408/Empleo;42.516865, -5.7671404
CONDUCTORES DE AUTOBÚS INTERURBANO;León;2026-09-14;<p>Realización de transporte escolar en ruta asignada ZONA DE SAHAGÚN-EL BURGO RANERO. Contrato temporal, 10 horas/semana hasta la finalización del curso.</p><p>Para más información acuda a <a href='http://empleocastillayleon.jcyl.es/oficinavirtual/buscoEmpleoPub.do?srvc=ver&scope=reg&cod=394186'>Oficina Virtual</a></p>;;ECYL;1179297923354;Sahagún;42.37096;-5.029949;24;1285678581830;2026-09-14;https://empleo.jcyl.es/web/jcyl/Empleo/es/Plantilla100Detalle/1284216458054/OfertasEmpleo/1285678581830/Empleo;42.37096, -5.029949
Industria cárnica;León;2026-09-14;"<p>Se necesita personal para industria cárnica con experiencia previa demostrable como carnicero, charcutero, despiezador o maestro cecinero.</p>
<p>Tfno. 653565093.</p>
Oferta publicada en el Diario de León.";;Internet / Prensa;;;;;;1285678562224;2026-09-14;https://empleo.jcyl.es/web/jcyl/Empleo/es/Plantilla100Detalle/1284216458054/OfertasEmpleo/1285678562224/Empleo;
DEPENDIENTES DE CARNICERÍA Y/O CHARCUTERÍA;León;2026-09-14;"<p>OFERTA nº 08/2026/19371.
Se busca dependiente para carnicería en Cacabelos. Se ofrece un contrato de 3 meses a 39 horas semanales (de lunes a sábado).
INTERESADOS CONTACTAR O.E. PONFERRADA tfno. 987410859 ? EXT.2</p><p>Para más información acuda a <a href='http://empleocastillayleon.jcyl.es/oficinavirtual/buscoEmpleoPub.do?srvc=ver&scope=reg&cod=394187'>Oficina Virtual</a></p>";;ECYL;1179297794667;Cacabelos;42.598667;-6.725914;24;1285678545416;2026-09-14;https://empleo.jcyl.es/web/jcyl/Empleo/es/Plantilla100Detalle/1284216458054/OfertasEmpleo/1285678545416/Empleo;42.598667, -6.725914
Bolsa de Empleo de Técnico/a Especialista de Oficios de Climatización para Universidad de Valladolid;Otra;2026-09-14;"<p><strong>Convoca: </strong>Universidad de Valladolid</p>
<p><strong>Cuerpo: </strong>TÉCNICO/A ESPECIALISTA DE OFICIOS DE CLIMATIZACIÓN</p>
<p><strong>Plazas: </strong>Bolsa de Empleo</p>
<p><strong>Acceso: </strong>Oposición</p>
<p><strong>Titulación: </strong>Título de Bachiller, Técnico Superior o equivalente</p>
<p><strong>Plazo: </strong>23 de septiembre 2026</p><p><strong>Información obtenida de: </strong>Empleo público. BOCYL 14/09/2026</p><p><strong>Enlaces relacionados:</strong><ul><li><a href='https://bocyl.jcyl.es/boletines/2026/09/14/pdf/BOCYL-D-14092026-178-11.pdf' target='_blank'>Consulte bases y plazo en BOCYL</a></li></ul></p>";España;Organismo oficial;;;;;;1285678584239;2026-09-14;https://empleo.jcyl.es/web/jcyl/Empleo/es/Plantilla100Detalle/1284216458054/OfertasEmpleo/1285678584239/Empleo;
FISIOTERAPEUTAS, EN GENERAL;Palencia;2026-09-14;<p>Residencia de ancianos Becerril de Campos. Contrato indefinido, jornada parcial de 10:00 a 14:00 horas</p><p>Para más información acuda a <a href='http://empleocastillayleon.jcyl.es/oficinavirtual/buscoEmpleoPub.do?srvc=ver&scope=reg&cod=389164'>Oficina Virtual</a></p>;;ECYL;1179298064356;Becerril de Campos;42.110935;-4.641436;34;1285678791799;2026-09-14;https://empleo.jcyl.es/web/jcyl/Empleo/es/Plantilla100Detalle/1284216458054/OfertasEmpleo/1285678791799/Empleo;42.110935, -4.641436
PROFESORES DE EDUCACIÓN DE ADULTOS;Palencia;2026-09-14;"<p>DOCENTE talleres de OCIO INCLUSIVO y AUTONOMIA PERSONAL para personas con problemas de salud mental, con discapacidad o en situación de dependencia, por zonas rurales de Palencia.
Objetivos de los talleres:
Promover la calidad de vida a través del desarrollo personal y el bienestar físico, psicológico y emocional, que permita a la persona desarrollar sus potencialidades.
Estimulación cognitiva y estimulación psicomotriz.
Potenciar la adaptación e integración social de los participantes, potenciando los recursos personales y el interés por su entorno más inmediato.
Requisitos:
Licen./Grado Psicologia
Carnet de conducir B y vehículo propio</p><p>Para más información acuda a <a href='http://empleocastillayleon.jcyl.es/oficinavirtual/buscoEmpleoPub.do?srvc=ver&scope=reg&cod=394245'>Oficina Virtual</a></p>";;ECYL;1179298060901;Venta de Baños;41.920933;-4.4887385;34;1285678699916;2026-09-14;https://empleo.jcyl.es/web/jcyl/Empleo/es/Plantilla100Detalle/1284216458054/OfertasEmpleo/1285678699916/Empleo;41.920933, -4.4887385
Interna hogar;Palencia;2026-09-14;"<p>Se necesita empleada de hogar en régimen interno para vivienda en Madrid. Importante experiencia y referencias contrastables. Salario 1700 netos más pagas.</p>
<p>Interesados enviar curriculum a empleadainterna2025@gmail.com o mandar mensaje al 659 745 973.</p>
Oferta publicada en El Norte de Castilla";;Internet / Prensa;;;;;;1285678525410;2026-09-14;https://empleo.jcyl.es/web/jcyl/Empleo/es/Plantilla100Detalle/1284216458054/OfertasEmpleo/1285678525410/Empleo;
CONDUCTORES DE FURGONETA, HASTA 3,5 T.;Palencia;2026-09-14;<p>Oferta 08/2026/19348 2 puestos indefinidos Repartidor-conductor furgoneta para PANADERIA SALAZAR S.L Fromista (Palencia). Carnet de Conducir B, experiencia 12 meses. Contacto info@panaderiasalazar.es 677670732</p><p>Para más información acuda a <a href='http://empleocastillayleon.jcyl.es/oficinavirtual/buscoEmpleoPub.do?srvc=ver&scope=reg&cod=394164'>Oficina Virtual</a></p>;;ECYL;1179298083362;Frómista;42.2675793969;-4.40616428395;34;1285678738182;2026-09-14;https://empleo.jcyl.es/web/jcyl/Empleo/es/Plantilla100Detalle/1284216458054/OfertasEmpleo/1285678738182/Empleo;42.2675793969, -4.40616428395
DEPENDIENTES DE COMERCIO, EN GENERAL;Palencia;2026-09-14;"<p>Para Supermercado en Venta de Baños, 
SE NECESITA DEPENDIENTA SUPERMERCADO
SE OFRECE:
CONTRATO DE 6 MESES A JORNADA PARCIAL.
Interesados:
Presentarse en 
AVDA PRIMERO DE JUNIO 86 (AUTOSERVICIO JOSE DELGADO)
de 18:30 a 19:30</p><p>Para más información acuda a <a href='http://empleocastillayleon.jcyl.es/oficinavirtual/buscoEmpleoPub.do?srvc=ver&scope=reg&cod=394175'>Oficina Virtual</a></p>";;ECYL;1179298060901;Venta de Baños;41.920933;-4.4887385;34;1285678511310;2026-09-14;https://empleo.jcyl.es/web/jcyl/Empleo/es/Plantilla100Detalle/1284216458054/OfertasEmpleo/1285678511310/Empleo;41.920933, -4.4887385
EMPLEADOS ADMINISTRATIVOS, EN GENERAL;Salamanca;2026-09-14;"<p>ADMINISTRATIVO MEDIA JORNADA EN VITIGUDINO.
PRESENTARSE EN POLÍGONO VITIGUDINO CALLE CUATRO 'RUEDA OCASION' DE 16:00 A 20:00 HORAS</p><p>Para más información acuda a <a href='http://empleocastillayleon.jcyl.es/oficinavirtual/buscoEmpleoPub.do?srvc=ver&scope=reg&cod=394126'>Oficina Virtual</a></p>";;ECYL;1179298385746;Vitigudino;41.01143;-6.434204;37;1285678621643;2026-09-14;https://empleo.jcyl.es/web/jcyl/Empleo/es/Plantilla100Detalle/1284216458054/OfertasEmpleo/1285678621643/Empleo;41.01143, -6.434204
Auxiliar de Biblioteca Municipal para Ayto. de Guijuelo (Salamanca);Salamanca;2026-09-14;"<p><strong>Convoca:</strong> Ayuntamiento de Guijuelo</p>
<p><strong>Cuerpo:</strong> AUXILIAR DE BIBLIOTECA MUNICIPAL (C2)</p>
<p><strong>Plazas:</strong> 1</p>
<p><strong>Acceso:</strong> Concurso (Valoración de experiencia y formación) y Entrevista</p>
<p><strong>Titulación:</strong> Graduado en Educación Secundaria Obligatoria o equivalente</p>
<p><strong>Plazo:</strong> 22 de septiembre de 2026</p>
<p><strong>Observaciones: </strong></p>
<ul>
<li>Jornada parcial</li>
<li>Contrato de sustitución</li>
</ul><p><strong>Información obtenida de: </strong>Empleo público. <a href='https://guijuelo.sedelectronica.es/' target='_blank'>https://guijuelo.sedelectronica.es/</a></p><p><strong>Enlaces relacionados:</strong><ul><li><a href='https://guijuelo.sedelectronica.es/preview-document/d1565ccb-770d-46b6-a55b-bacdd8a17b2b/' target='_blank'>Enlace a Convocatoria en Sede Electrónica</a></li></ul></p>";;Organismo oficial;1179298254513;Guijuelo;40.560574;-5.676764;37;1285678577948;2026-09-14;https://empleo.jcyl.es/web/jcyl/Empleo/es/Plantilla100Detalle/1284216458054/OfertasEmpleo/1285678577948/Empleo;40.560574, -5.676764
Cocinero/a;Salamanca;2026-09-14;"<p>Se necesita COCINERO/A para residencia en Villamayor.</p>
<p>Interesados enviar currículum s.villamayor@sergesa.com o llamar al 923289825.</p>
Oferta publicada en La Gaceta de Salamanca.";;Internet / Prensa;;;;;;1285678513031;2026-09-14;https://empleo.jcyl.es/web/jcyl/Empleo/es/Plantilla100Detalle/1284216458054/OfertasEmpleo/1285678513031/Empleo;
Controlador de operaciones;Salamanca;2026-09-14;"<p>Buscamos personal: CONTROLADOR DE OPERACIONES. Valorable experiencia en control de flota y flujo de operaciones. Manejo de entornos digitales y plataformas de software. Responsabilidad, trabajo en equipo y trato con clientes. Fluidez en la expresión verbal. Inglés nivel medio. Formación a cargo de la empresa. Estudios mínimos FP o superior.</p>
<p>En Villamayor (Salamanca). Enviar CV a: empleo@aracnocoptero.com.</p>
Oferta publicada en La Gaceta de Salamanca.";;Internet / Prensa;;;;;;1285678512587;2026-09-14;https://empleo.jcyl.es/web/jcyl/Empleo/es/Plantilla100Detalle/1284216458054/OfertasEmpleo/1285678512587/Empleo;
Chófer;Salamanca;2026-09-14;"<p>Se necesita CHÓFER de tráiler para reparto en Salamanca. Buen horario.</p>
<p>Teléfono: 625449337.</p>
Oferta publicada en La Gaceta de Salamanca.";;Internet / Prensa;;;;;;1285678518165;2026-09-14;https://empleo.jcyl.es/web/jcyl/Empleo/es/Plantilla100Detalle/1284216458054/OfertasEmpleo/1285678518165/Empleo;
Personal de mantenimiento;Salamanca;2026-09-14;"<p>Se necesita PERSONA/EMPRESA DE MANTENIMIENTO.</p>
<p>Jornada completa. Imprescindible carnet de electricista, documentación en regla y vehículo propio.</p>
<p>Enviar CV, contactar WhatsApp 606310827.</p>
Oferta publicada en La Gaceta de Salamanca.";;Internet / Prensa;;;;;;1285678511859;2026-09-14;https://empleo.jcyl.es/web/jcyl/Empleo/es/Plantilla100Detalle/1284216458054/OfertasEmpleo/1285678511859/Empleo;
FISIOTERAPEUTAS, EN GENERAL;Segovia;2026-09-14;<p>Para más información acuda a <a href='http://empleocastillayleon.jcyl.es/oficinavirtual/buscoEmpleoPub.do?srvc=ver&scope=reg&cod=394116'>Oficina Virtual</a></p>;;ECYL;1179298428248;Cuéllar;41.401096;-4.314916;40;1285678621474;2026-09-14;https://empleo.jcyl.es/web/jcyl/Empleo/es/Plantilla100Detalle/1284216458054/OfertasEmpleo/1285678621474/Empleo;41.401096, -4.314916
DELINEANTES, EN GENERAL;Segovia;2026-09-14;<p>DELINEANTE O ARQUITECTO/A O APAREJADOR/A</p><p>Para más información acuda a <a href='http://empleocastillayleon.jcyl.es/oficinavirtual/buscoEmpleoPub.do?srvc=ver&scope=reg&cod=394209'>Oficina Virtual</a></p>;;ECYL;1179298554631;Real Sitio de San Ildefonso;40.902122;-4.00729;40;1285678621502;2026-09-14;https://empleo.jcyl.es/web/jcyl/Empleo/es/Plantilla100Detalle/1284216458054/OfertasEmpleo/1285678621502/Empleo;40.902122, -4.00729
AUXILIARES DE ENFERMERÍA DE GERIATRÍA;Soria;2026-09-14;<p>Indespensable estar en posesión del titulo de Fp rama sociosanitaria / Certificado de profesionalidad SSCS0208 Atención sociosanitaria a personas dependientes / Habilitacion excepcional. Los candidatos han de enviar el cv a sanblas@residenciareal.com con copia a ecylempleosoria@jcyl.es</p><p>Para más información acuda a <a href='http://empleocastillayleon.jcyl.es/oficinavirtual/buscoEmpleoPub.do?srvc=ver&scope=reg&cod=394107'>Oficina Virtual</a></p>;;ECYL;1179469193435;San Leonardo de Yagüe;41.829224;-3.0669725;42;1285678581999;2026-09-14;https://empleo.jcyl.es/web/jcyl/Empleo/es/Plantilla100Detalle/1284216458054/OfertasEmpleo/1285678581999/Empleo;41.829224, -3.0669725
VIGILANTES, EN GENERAL;Soria;2026-09-14;<p>Para más información acuda a <a href='http://empleocastillayleon.jcyl.es/oficinavirtual/buscoEmpleoPub.do?srvc=ver&scope=reg&cod=394146'>Oficina Virtual</a></p>;;ECYL;1179469107806;Almazán;41.485928;-2.5331845;42;1285678652349;2026-09-14;https://empleo.jcyl.es/web/jcyl/Empleo/es/Plantilla100Detalle/1284216458054/OfertasEmpleo/1285678652349/Empleo;41.485928, -2.5331845
CONDUCTORES DE CAMIÓN, EN GENERAL;Soria;2026-09-14;<p>Para más información acuda a <a href='http://empleocastillayleon.jcyl.es/oficinavirtual/buscoEmpleoPub.do?srvc=ver&scope=reg&cod=394087'>Oficina Virtual</a></p>;;ECYL;1179469107806;Almazán;41.485928;-2.5331845;42;1285678545515;2026-09-14;https://empleo.jcyl.es/web/jcyl/Empleo/es/Plantilla100Detalle/1284216458054/OfertasEmpleo/1285678545515/Empleo;41.485928, -2.5331845
CONDUCTORES DE CAMIÓN, EN GENERAL;Valladolid;2026-09-14;<p>CONDUCTOR CAMIÓN para transporte de material de construcción por la provincia de Valladolid, contrato temporal, jornada completa.</p><p>Para más información acuda a <a href='http://empleocastillayleon.jcyl.es/oficinavirtual/buscoEmpleoPub.do?srvc=ver&scope=reg&cod=391488'>Oficina Virtual</a></p>;;ECYL;1179469311668;Valladolid;41.652252;-4.724532;47;1285678792415;2026-09-14;https://empleo.jcyl.es/web/jcyl/Empleo/es/Plantilla100Detalle/1284216458054/OfertasEmpleo/1285678792415/Empleo;41.652252, -4.724532
PAVIMENTADORES CON ADOQUINES;Valladolid;2026-09-14;<p>Para más información acuda a <a href='http://empleocastillayleon.jcyl.es/oficinavirtual/buscoEmpleoPub.do?srvc=ver&scope=reg&cod=394233'>Oficina Virtual</a></p>;;ECYL;1179469311668;Valladolid;41.652252;-4.724532;47;1285678700494;2026-09-14;https://empleo.jcyl.es/web/jcyl/Empleo/es/Plantilla100Detalle/1284216458054/OfertasEmpleo/1285678700494/Empleo;41.652252, -4.724532
PEONES GANADEROS, EN GENERAL;Valladolid;2026-09-14;"<p>Oferta 08/2026/19400 de PEON GANADERO para trabajar con Ovejas en la localidad de Pollos (Valladolid).
Se oferece Contrato Indefinido.
Interesados ponerse en contacto con la Oficina de Empleo de Tordesillas. 983770471.</p><p>Para más información acuda a <a href='http://empleocastillayleon.jcyl.es/oficinavirtual/buscoEmpleoPub.do?srvc=ver&scope=reg&cod=394216'>Oficina Virtual</a></p>";;ECYL;1179469277311;Pollos;41.443535;-5.126269;47;1285678621708;2026-09-14;https://empleo.jcyl.es/web/jcyl/Empleo/es/Plantilla100Detalle/1284216458054/OfertasEmpleo/1285678621708/Empleo;41.443535, -5.126269
MARMITONES;Valladolid;2026-09-14;<p>FREGADOR/A OFFICE COCINA para hotel en Valladolid, contrato temporal. jornada completa.</p><p>Para más información acuda a <a href='http://empleocastillayleon.jcyl.es/oficinavirtual/buscoEmpleoPub.do?srvc=ver&scope=reg&cod=394265'>Oficina Virtual</a></p>;;ECYL;1179469311668;Valladolid;41.652252;-4.724532;47;1285678792387;2026-09-14;https://empleo.jcyl.es/web/jcyl/Empleo/es/Plantilla100Detalle/1284216458054/OfertasEmpleo/1285678792387/Empleo;41.652252, -4.724532
TÉCNICOS EN PREVENCIÓN DE INCENDIOS, EN GENERAL;Valladolid;2026-09-14;"<p>TÉCNICO EN PREVENCIÓN DE INCENDIOS. Funciones: Realizar el mantenimiento preventivo y correctivo de instalaciones de Sistemas manuales de alarmas de incendios, comunicación de alarmas, abastecimiento de agua contra incendios, hidrantes exteriores, manuales de extinción de incendios (extintores y BIEs), automáticos de extinción de incendios.
Formación: Ciclo formativo de grado medio vinculado al área de electricidad y electrónica/Certificado de Profesionalidad de Mantenimineto/Formación específica del sector de PCI (Protección contra incenidos). 
Carnet de conducir y disponibilidad de vehículo. Experiencia previa relacionada con el sector de Protección contra incendios.
Jornada completa. Turnos rotativos de mañana, tarde y noche. 6 semanas. Interesados vincularse a través de la Oficina virtual en el número de Oferta 08/2026/19415 o llamando a la Oficina de empleo San Pablo Tlf: 983 25 98 54 - Opción 2.</p><p>Para más información acuda a <a href='http://empleocastillayleon.jcyl.es/oficinavirtual/buscoEmpleoPub.do?srvc=ver&scope=reg&cod=394231'>Oficina Virtual</a></p>";;ECYL;1179469311668;Valladolid;41.652252;-4.724532;47;1285678652528;2026-09-14;https://empleo.jcyl.es/web/jcyl/Empleo/es/Plantilla100Detalle/1284216458054/OfertasEmpleo/1285678652528/Empleo;41.652252, -4.724532
ALBAÑILES;Valladolid;2026-09-14;<p>ALBAÑIL OF 1ª O 2ª Contrato tempral en Valladolid a jornada completa</p><p>Para más información acuda a <a href='http://empleocastillayleon.jcyl.es/oficinavirtual/buscoEmpleoPub.do?srvc=ver&scope=reg&cod=391493'>Oficina Virtual</a></p>;;ECYL;1179469311668;Valladolid;41.652252;-4.724532;47;1285678792443;2026-09-14;https://empleo.jcyl.es/web/jcyl/Empleo/es/Plantilla100Detalle/1284216458054/OfertasEmpleo/1285678792443/Empleo;41.652252, -4.724532
CUIDADORES DE PERSONAS CON DISCAPACIDAD Y/O DEPENDENCIA, EN INSTITUCIONES;Valladolid;2026-09-14;<p>Para más información acuda a <a href='http://empleocastillayleon.jcyl.es/oficinavirtual/buscoEmpleoPub.do?srvc=ver&scope=reg&cod=393339'>Oficina Virtual</a></p>;;ECYL;1179469259624;Laguna de Duero;41.582397;-4.7215266;47;1285678738512;2026-09-14;https://empleo.jcyl.es/web/jcyl/Empleo/es/Plantilla100Detalle/1284216458054/OfertasEmpleo/1285678738512/Empleo;41.582397, -4.7215266
Interna hogar;Zamora;2026-09-14;"<p>Se necesita empleada de hogar en régimen interno para vivienda en Madrid. Importante experiencia y referencias contrastables. Salario 1700 netos más pagas.</p>
<p>Interesados enviar curriculum a empleadainterna2025@gmail.com o mandar mensaje al 659 745 973.</p>
Oferta publicada en La Opinión de Zamora";;Internet / Prensa;;;;;;1285678519223;2026-09-14;https://empleo.jcyl.es/web/jcyl/Empleo/es/Plantilla100Detalle/1284216458054/OfertasEmpleo/1285678519223/Empleo;
Ingeniero/a técnico/a industrial rama eléctrica para Diputación Provincial de Zamora;Zamora;2026-09-14;"<p><strong>Convoca:</strong> Diputación Provincial de Zamora</p>
<p><strong>Cuerpo:</strong> INGENIERO/A TÉCNICO/A INDUSTRIAL RAMA ELÉCTRICA</p>
<p><strong>Plazas:</strong> Bolsa de Empleo</p>
<p><strong>Acceso: </strong>Oposición</p>
<p><strong>Titulación:</strong> Graduado en ingeniería industrial, ingeniero técnico industrial o equivalente</p>
<p><strong>Plazo:</strong> 25 de septiembre de 2026</p><p><strong>Información obtenida de: </strong>Empleo público. BOP Zamora 11/09/2026</p><p><strong>Enlaces relacionados:</strong><ul><li><a href='https://www.diputaciondezamora.es/opencms/export/sites/dipu-zamora/servicios/BOP/.Archivos/documentos/BOP/anuncios/2026/106/202602151.pdf' target='_blank'>Consulta BOP Zamora 11/09/2026</a></li></ul></p>";;Organismo oficial;;;;;;1285678536856;2026-09-14;https://empleo.jcyl.es/web/jcyl/Empleo/es/Plantilla100Detalle/1284216458054/OfertasEmpleo/1285678536856/Empleo;
ENFERMEROS DE CUIDADOS GENERALES;Zamora;2026-09-14;"<p>Oferta Núm 19450 de ENFERMERO/A para MONTAMARTA (Zamora).
Los interesados/as deben enviar su CV a (ecyldoctorfleming.ofertas@jcyl.es) indicando en el asunto el Núm. de la oferta.
FUNCIONES: Las propias de la profesión
CONDICIONES: Laboral temporal a jornada parcial a convenir 21 horas semanales. 
REQUISITOS: Grado en Enfermería.</p><p>Para más información acuda a <a href='http://empleocastillayleon.jcyl.es/oficinavirtual/buscoEmpleoPub.do?srvc=ver&scope=reg&cod=394266'>Oficina Virtual</a></p>";;ECYL;1179469397778;Montamarta;41.6479;-5.805062;49;1285678792508;2026-09-14;https://empleo.jcyl.es/web/jcyl/Empleo/es/Plantilla100Detalle/1284216458054/OfertasEmpleo/1285678792508/Empleo;41.6479, -5.805062
CONDUCTORES-OPERADORES DE MAQUINARIA DE TRANSPORTE DE TIERRAS, EN GENERAL;Zamora;2026-09-14;<p>Oferta 19446 Conductor-Operador de maquinaria de transporte de tierras. Oficial de 2ª. Valorable curso de movimiento de tierras y distintos tipos de carnet.Para San Cristobal de Entreviñas. Interesados contactar al 640245223 (David/Jose).</p><p>Para más información acuda a <a href='http://empleocastillayleon.jcyl.es/oficinavirtual/buscoEmpleoPub.do?srvc=ver&scope=reg&cod=394262'>Oficina Virtual</a></p>;;ECYL;1179469435125;San Cristóbal de Entreviñas;42.048084;-5.634313;49;1285678792574;2026-09-14;https://empleo.jcyl.es/web/jcyl/Empleo/es/Plantilla100Detalle/1284216458054/OfertasEmpleo/1285678792574/Empleo;42.048084, -5.634313
Ingeniero/a técnico/a forestal para Diputación de Zamora;Zamora;2026-09-14;"<p><strong>Convoca:</strong> Diputación Provincial de Zamora.</p>
<p><strong>Cuerpo:</strong> INGENIERO TÉCNICO FORESTAL</p>
<p><strong>Plazas:</strong> Bolsa de Empleo</p>
<p><strong>Acceso: </strong>Oposición</p>
<p><strong>Titulación:</strong> Grado en ingeniería Forestal, Grado en ingeniería Forestal y del medio natural o Grado en ingeniería Forestal: industrias Forestales</p>
<p><strong>Plazo:</strong> 25 de septiembre de 2026</p><p><strong>Información obtenida de: </strong>Empleo público. BOP Zamora 11/09/2026</p><p><strong>Enlaces relacionados:</strong><ul><li><a href='https://www.diputaciondezamora.es/opencms/export/sites/dipu-zamora/servicios/BOP/.Archivos/documentos/BOP/anuncios/2026/106/202602154.pdf' target='_blank'>Consulta BOP Zamora 11/09/2026</a></li></ul></p>";;Organismo oficial;;;;;;1285678528711;2026-09-14;https://empleo.jcyl.es/web/jcyl/Empleo/es/Plantilla100Detalle/1284216458054/OfertasEmpleo/1285678528711/Empleo;
COCINEROS, EN GENERAL;Zamora;2026-09-14;"<p>Oferta Núm. 08-2026-19411. COCINERO/A OFICIAL DE 1ª con conocimientos específicos en COCINA ARABE para empresa en el Puente de Sanabria- Zamora.
Los interesados/as deben enviar su CV a acha.zakaria6@gmail.com.
FUNCIONES: Cocinero/a en bar restaurante La Tosta - Puente de Sanabria
CONDICIONES: Contrato indefinido. Jornada Completa.</p><p>Para más información acuda a <a href='http://empleocastillayleon.jcyl.es/oficinavirtual/buscoEmpleoPub.do?srvc=ver&scope=reg&cod=394227'>Oficina Virtual</a></p>";;ECYL;1179469367844;Galende;42.10532;-6.6618075;49;1285678652556;2026-09-14;https://empleo.jcyl.es/web/jcyl/Empleo/es/Plantilla100Detalle/1284216458054/OfertasEmpleo/1285678652556/Empleo;42.10532, -6.6618075
TÉCNICOS EN GESTIÓN DE STOCKS Y/O ALMACÉN;Burgos;2026-09-13;"<p>Se ofrece puesto de Mozo de almacén con manejo de carretilla en Fresnillo de las Dueñas (Zona Aranda de Duero - Burgos)
-Recepción y gestión de pedidos y mercancías.
-Organización, limpieza y mantenimiento del almacén.
-Control de stock e inventario.
-Preparación y entrega de materiales al personal de producción.
-Gestión, control y entrega de EPIs.
-Registro de entradas y salidas de material.
-Traslado y ubicación de mercancías mediante carretilla elevadora.
-Apoyo en las tareas logísticas necesarias para garantizar el correcto abastecimiento interno.
-Carnet de conducir y conocimientos de gestión de almacén
-Valorable carnet de carretilla</p><p>Para más información acuda a <a href='http://empleocastillayleon.jcyl.es/oficinavirtual/buscoEmpleoPub.do?srvc=ver&scope=reg&cod=394029'>Oficina Virtual</a></p>";;ECYL;1182753760473;Fresnillo de las Dueñas;41.6479343023;-3.64602334467;09;1285678511226;2026-09-14;https://empleo.jcyl.es/web/jcyl/Empleo/es/Plantilla100Detalle/1284216458054/OfertasEmpleo/1285678511226/Empleo;41.6479343023, -3.64602334467
FISIOTERAPEUTAS, EN GENERAL;León;2026-09-13;<p>Para más información acuda a <a href='http://empleocastillayleon.jcyl.es/oficinavirtual/buscoEmpleoPub.do?srvc=ver&scope=reg&cod=394078'>Oficina Virtual</a></p>;;ECYL;1179297794667;Cacabelos;42.598667;-6.725914;24;1285678511563;2026-09-14;https://empleo.jcyl.es/web/jcyl/Empleo/es/Plantilla100Detalle/1284216458054/OfertasEmpleo/1285678511563/Empleo;42.598667, -6.725914
AUXILIARES DE ENFERMERÍA DE GERIATRÍA;Palencia;2026-09-13;<p>Oferta laboral indefinido cuidador personas mayores en Residencia de Ancianos de Villoldo (Palencia) Contacto con SERVICIOS RESIDENCIALES VAZFER SL 979880101 699984901 magguicita01@hotmail.com L a V de 9 a 14.h.</p><p>Para más información acuda a <a href='http://empleocastillayleon.jcyl.es/oficinavirtual/buscoEmpleoPub.do?srvc=ver&scope=reg&cod=394061'>Oficina Virtual</a></p>;;ECYL;1179298155580;Villoldo;42.246044;-4.5953355;34;1285678511339;2026-09-14;https://empleo.jcyl.es/web/jcyl/Empleo/es/Plantilla100Detalle/1284216458054/OfertasEmpleo/1285678511339/Empleo;42.246044, -4.5953355
COCINEROS, EN GENERAL;Salamanca;2026-09-13;<p>Para más información acuda a <a href='http://empleocastillayleon.jcyl.es/oficinavirtual/buscoEmpleoPub.do?srvc=ver&scope=reg&cod=394033'>Oficina Virtual</a></p>;;ECYL;1179298254513;Guijuelo;40.560574;-5.676764;37;1285678511254;2026-09-14;https://empleo.jcyl.es/web/jcyl/Empleo/es/Plantilla100Detalle/1284216458054/OfertasEmpleo/1285678511254/Empleo;40.560574, -5.676764
TRABAJADORES DE GANADO VACUNO, EN GENERAL;Salamanca;2026-09-13;<p>Para más información acuda a <a href='http://empleocastillayleon.jcyl.es/oficinavirtual/buscoEmpleoPub.do?srvc=ver&scope=reg&cod=394025'>Oficina Virtual</a></p>;;ECYL;1179298302578;Paradinas de San Juan;40.98361;-5.1549363;37;1285678511395;2026-09-14;https://empleo.jcyl.es/web/jcyl/Empleo/es/Plantilla100Detalle/1284216458054/OfertasEmpleo/1285678511395/Empleo;40.98361, -5.1549363
ALBAÑILES;Soria;2026-09-13;"<p>Funciones:
Las propias del puesto.
Condiciones del puesto:
Contrato indefinido.
Jornada completa.</p><p>Para más información acuda a <a href='http://empleocastillayleon.jcyl.es/oficinavirtual/buscoEmpleoPub.do?srvc=ver&scope=reg&cod=394000'>Oficina Virtual</a></p>";;ECYL;1179469197687;Soria;41.76443;-2.463772;42;1285678511451;2026-09-14;https://empleo.jcyl.es/web/jcyl/Empleo/es/Plantilla100Detalle/1284216458054/OfertasEmpleo/1285678511451/Empleo;41.76443, -2.463772
ENCARGADOS O CAPATACES DE GANADERÍA EN GENERAL;Soria;2026-09-13;<p>Contrato laboral indefinido, jornada completa en horario continuado. Valorable experiencia en cuidado de animales, formación reglada y/o cursos relacionados con el sector (ganadería/veterinaria). Indispensable permiso de conducir y vehículo para desplazarse al centro de trabajo. Interesados enviar currículum a la dirección email ecylempleosoria@jcyl.es, indicando en el asunto 'Oferta 19246 Encargado granja porcina Alconaba'.</p><p>Para más información acuda a <a href='http://empleocastillayleon.jcyl.es/oficinavirtual/buscoEmpleoPub.do?srvc=ver&scope=reg&cod=394062'>Oficina Virtual</a></p>;;ECYL;1179469141868;Cubo de la Solana;41.602585;-2.421489;42;1285678511507;2026-09-14;https://empleo.jcyl.es/web/jcyl/Empleo/es/Plantilla100Detalle/1284216458054/OfertasEmpleo/1285678511507/Empleo;41.602585, -2.421489
COCINEROS, EN GENERAL;Soria;2026-09-13;<p>Para más información acuda a <a href='http://empleocastillayleon.jcyl.es/oficinavirtual/buscoEmpleoPub.do?srvc=ver&scope=reg&cod=394060'>Oficina Virtual</a></p>;;ECYL;1179469107806;Almazán;41.485928;-2.5331845;42;1285678511282;2026-09-14;https://empleo.jcyl.es/web/jcyl/Empleo/es/Plantilla100Detalle/1284216458054/OfertasEmpleo/1285678511282/Empleo;41.485928, -2.5331845
PEONES DE LA CONSTRUCCIÓN DE EDIFICIOS;Soria;2026-09-13;<p>Para más información acuda a <a href='http://empleocastillayleon.jcyl.es/oficinavirtual/buscoEmpleoPub.do?srvc=ver&scope=reg&cod=393995'>Oficina Virtual</a></p>;;ECYL;1179469197687;Soria;41.76443;-2.463772;42;1285678511535;2026-09-14;https://empleo.jcyl.es/web/jcyl/Empleo/es/Plantilla100Detalle/1284216458054/OfertasEmpleo/1285678511535/Empleo;41.76443, -2.463772
ALBAÑILES;León;2026-09-12;"<p>SE VALORARA MANEJO DE MINI RETRO.
IMPRESCINDIBLE CURSO DE ALBAÑILERIA Y DE PREVENCIÓN DE RIESGOS LABORALES, PERMISO DE CONDUCIR Y COCHE PROPIO.
HORARIO DE LUNES A VIERNES DE LAS 8:00 H. A LAS 10:00 H., DE 10:30 H. A LAS 13:30 H. Y DE LAS 14:30 H. A LAS 17:30 H.</p><p>Para más información acuda a <a href='http://empleocastillayleon.jcyl.es/oficinavirtual/buscoEmpleoPub.do?srvc=ver&scope=reg&cod=393976'>Oficina Virtual</a></p>";;ECYL;1179297860755;León;42.59873;-5.5670958;24;1285678511479;2026-09-14;https://empleo.jcyl.es/web/jcyl/Empleo/es/Plantilla100Detalle/1284216458054/OfertasEmpleo/1285678511479/Empleo;42.59873, -5.5670958
AUXILIARES DE ENFERMERÍA;Salamanca;2026-09-12;<p>Para más información acuda a <a href='http://empleocastillayleon.jcyl.es/oficinavirtual/buscoEmpleoPub.do?srvc=ver&scope=reg&cod=393928'>Oficina Virtual</a></p>;;ECYL;1179298261775;Ituero de Azaba;40.485268;-6.691254;37;1285678511367;2026-09-14;https://empleo.jcyl.es/web/jcyl/Empleo/es/Plantilla100Detalle/1284216458054/OfertasEmpleo/1285678511367/Empleo;40.485268, -6.691254
TRABAJADORES DE GANADO PORCINO EN INTENSIVO;Soria;2026-09-12;"<p>CONDICIONES LABORALES:
- Jornada completa en horario de 07:00 horas a 15:00 horas.
- 10 días de trabajo y 4 de descanso.
Se atenderá a los candidatos en c/ J s/n, VIVERO DE EMPRESAS Despacho 1 previa cita en el teléfono 649044965 en horario de 09:00 a 13:00 horas</p><p>Para más información acuda a <a href='http://empleocastillayleon.jcyl.es/oficinavirtual/buscoEmpleoPub.do?srvc=ver&scope=reg&cod=393924'>Oficina Virtual</a></p>";;ECYL;1179469141868;Cubo de la Solana;41.602585;-2.421489;42;1285678511423;2026-09-14;https://empleo.jcyl.es/web/jcyl/Empleo/es/Plantilla100Detalle/1284216458054/OfertasEmpleo/1285678511423/Empleo;41.602585, -2.421489
ENCOFRADORES;Burgos;2026-09-11;"<p>Se ofertan varios puestos en Zona Aranda de Duero (Burgos) en Fresnillo de las Dueñas.
Montaje, desmontaje y adaptación de moldes metálicos para la fabricación de prefabricados de hormigón.
Modificación y ajuste de moldes de hierro según planos y especificaciones técnicas.
Interpretación de planos de fabricación y construcción.
Realización de trabajos de soldadura para preparación, reparación y adaptación de moldes.
Colocación de elementos auxiliares, insertos y accesorios en los moldes.
Verificación de medidas y control dimensional de las piezas fabricadas.
Mantenimiento preventivo y correctivo de moldes y utillajes.
Cumplimiento de los estándares de calidad y seguridad establecidos por la empresa.
VALORABLE LA FP de CALDERERIA Y SOLDADURA
Interesados acudir a la oficina de empleo para poder vincularos a la oferta.</p><p>Para más información acuda a <a href='http://empleocastillayleon.jcyl.es/oficinavirtual/buscoEmpleoPub.do?srvc=ver&scope=reg&cod=394156'>Oficina Virtual</a></p>";;ECYL;1182753760473;Fresnillo de las Dueñas;41.6479343023;-3.64602334467;09;1285678169540;2026-09-11;https://empleo.jcyl.es/web/jcyl/Empleo/es/Plantilla100Detalle/1284216458054/OfertasEmpleo/1285678169540/Empleo;41.6479343023, -3.64602334467
OPERADORES DE MÁQUINAS EN PLANTA DE HORMIGONES;Burgos;2026-09-11;"<p>Varios puestos en Fresnillo de las Dueñas - Zona Aranda de Duero (Burgos)
Participar en el proceso de fabricación de elementos prefabricados de hormigón.
Preparar y acondicionar moldes para la producción.
Colocar armaduras, insertos y elementos auxiliares.
Realizar tareas de vertido, acabado y revisión de piezas.
Desencofrar y manipular productos terminados.
Manejar herramientas manuales y equipos de producción.
Apoyar en el movimiento y organización de materiales.
Realizar controles visuales de calidad.
Mantener el orden y la limpieza en el puesto de trabajo.
Cumplir con los procedimientos de seguridad y calidad establecidos.</p><p>Para más información acuda a <a href='http://empleocastillayleon.jcyl.es/oficinavirtual/buscoEmpleoPub.do?srvc=ver&scope=reg&cod=394148'>Oficina Virtual</a></p>";;ECYL;1182753760473;Fresnillo de las Dueñas;41.6479343023;-3.64602334467;09;1285678169643;2026-09-11;https://empleo.jcyl.es/web/jcyl/Empleo/es/Plantilla100Detalle/1284216458054/OfertasEmpleo/1285678169643/Empleo;41.6479343023, -3.64602334467
CONDUCTORES DE CAMIÓN, EN GENERAL;Burgos;2026-09-11;<p>OFERTA ECYL 19329-CONDUCTOR DE CAMION. Indefinido. Jornada completa. Rutas de transporte nacional. Se requiere C+E-TARJETA TACOGRAFO-CAP. Si está interesado debe enviar un CV a laboral@felixdemiguel.com con copia para ecyljuandepadilla.ofertas@jcyl.es (REF CAMION 19329)</p><p>Para más información acuda a <a href='http://empleocastillayleon.jcyl.es/oficinavirtual/buscoEmpleoPub.do?srvc=ver&scope=reg&cod=394145'>Oficina Virtual</a></p>;;ECYL;1179297447246;Burgos;42.3408235575;-3.70205869083;09;1285678169738;2026-09-11;https://empleo.jcyl.es/web/jcyl/Empleo/es/Plantilla100Detalle/1284216458054/OfertasEmpleo/1285678169738/Empleo;42.3408235575, -3.70205869083
2 Enfermero/a para Centro de Hemoterapia y Hemodonación de Castilla y León en Burgos;Burgos;2026-09-11;"<p><strong>Convoca:</strong> Centro de Hemoterapia y Hemodonación de Castilla y León</p>
<p><strong>Cuerpo:</strong> ENFERMERO/A</p>
<p><strong>Plazas:</strong> 2 (contrato de relevo)</p>
<p><strong>Acceso:</strong> Valoración de méritos y entrevista y/o prueba escrita</p>
<p><strong>Titulación:</strong> Diplomatura o Grado en Enfermería</p>
<p><strong>Plazo: </strong>22 de septiembre 2026</p>
<p><strong>Observaciones:</strong></p>
<ul>
<li>Convocatoria enfermería 2026 Burgos - Centro de Hemoterapia y Hemodonación de Castilla y León</li>
</ul><p><strong>Información obtenida de: </strong>Empleo público. <a href='http://www.centrodehemoterapiacyl.es' target='_blank'>http://www.centrodehemoterapiacyl.es</a></p><p><strong>Enlaces relacionados:</strong><ul><li><a href='https://www.centrodehemoterapiacyl.es/bolsa-enfermeria-2026-burgos/' target='_blank'>Enlace a convocatoria</a></li></ul></p>";;Organismo oficial;;;;;;1285678056763;2026-09-11;https://empleo.jcyl.es/web/jcyl/Empleo/es/Plantilla100Detalle/1284216458054/OfertasEmpleo/1285678056763/Empleo;
FISIOTERAPEUTAS, EN GENERAL;Burgos;2026-09-11;<p>rehabilitación para personas mayores</p><p>Para más información acuda a <a href='http://empleocastillayleon.jcyl.es/oficinavirtual/buscoEmpleoPub.do?srvc=ver&scope=reg&cod=394106'>Oficina Virtual</a></p>;;ECYL;1179297544045;Melgar de Fernamental;42.403416;-4.2444806;09;1285678103834;2026-09-11;https://empleo.jcyl.es/web/jcyl/Empleo/es/Plantilla100Detalle/1284216458054/OfertasEmpleo/1285678103834/Empleo;42.403416, -4.2444806
ENFERMEROS DE CUIDADOS GENERALES;Burgos;2026-09-11;"<p>Realizar curas, extracciones sanguíneas, control de constantes
Acompañamiento médico
Información a las familias</p><p>Para más información acuda a <a href='http://empleocastillayleon.jcyl.es/oficinavirtual/buscoEmpleoPub.do?srvc=ver&scope=reg&cod=394089'>Oficina Virtual</a></p>";;ECYL;1179297707000;Villagonzalo Pedernales;42.301407;-3.7365916;09;1285678034426;2026-09-11;https://empleo.jcyl.es/web/jcyl/Empleo/es/Plantilla100Detalle/1284216458054/OfertasEmpleo/1285678034426/Empleo;42.301407, -3.7365916
MANTENEDORES DE EDIFICIOS;Burgos;2026-09-11;"<p>Se precisa OFICIAL MANTENIMIENTO de EDIFICIOS para RESIDENCIA HH ANGELICAS, para realizar, entre otras funciones, el mantenimiento preventivo y correctivo de las instalaciones (fontanería, electricidad básica, albañilería, carpintería y pintura), gestionar incidencias diarias, controlar y mantener stock de herramientas y materiales y coordinar-supervisar a empresas externas.
Se ofrece contrato laboral de sustitución por baja de larga duración. Jornada completa (horario 08:00-15:00).
Se precisa Formación Profesional en ramas técnicas (Electricidad y Electrónica, Instalación y Mantenimiento, Mantenimiento Electromecánico, etc.) o experiencia demostrable en puestos similares.
Oferta dirigida a personas inscritas en los servicios públicos de empleo. 
No se contestarán candidaturas que no reúnan los requisitos exigidos. 
INTERESADOS contactar con nombre+apellidos+DNI a direccion.burgos@angelicas.es con copia a ecyljuandepadilla.ofertas@jcyl.es con asunto ?OFERTA 19339 MANTENIMIENTO?.</p><p>Para más información acuda a <a href='http://empleocastillayleon.jcyl.es/oficinavirtual/buscoEmpleoPub.do?srvc=ver&scope=reg&cod=394155'>Oficina Virtual</a></p>";;ECYL;1179297447246;Burgos;42.3408235575;-3.70205869083;09;1285678212966;2026-09-11;https://empleo.jcyl.es/web/jcyl/Empleo/es/Plantilla100Detalle/1284216458054/OfertasEmpleo/1285678212966/Empleo;42.3408235575, -3.70205869083
AUXILIARES DE ENFERMERÍA;Burgos;2026-09-11;"<p>Atención y apoyo directo a las personas usuarias del centro de día.
Apoyo en las actividades básicas de la vida diaria: higiene, aseo, vestido, alimentación y uso del baño.
Ayuda y supervisión durante las comidas, atendiendo a las necesidades individuales de cada persona.
Realización puntual de traslados de personas usuarias en los vehículos/furgonetas de la entidad.
Apoyo en movilizaciones, transferencias, cambios posturales y desplazamientos, utilizando correctamente las ayudas técnicas disponibles.
Acompañamiento y supervisión de las personas usuarias durante su estancia en el centro.
Apoyo en la prevención de caídas y mantenimiento de un entorno seguro.
Colaboración en actividades de estimulación, ocio, participación y convivencia desarrolladas en el centro.
Observación del estado general de las personas usuarias y comunicación al equipo profesional de cualquier cambio o incidencia relevante.</p><p>Para más información acuda a <a href='http://empleocastillayleon.jcyl.es/oficinavirtual/buscoEmpleoPub.do?srvc=ver&scope=reg&cod=394163'>Oficina Virtual</a></p>";;ECYL;1179297447246;Burgos;42.3408235575;-3.70205869083;09;1285678212684;2026-09-11;https://empleo.jcyl.es/web/jcyl/Empleo/es/Plantilla100Detalle/1284216458054/OfertasEmpleo/1285678212684/Empleo;42.3408235575, -3.70205869083
CONDUCTORES-OPERADORES DE GRÚA PUENTE;Burgos;2026-09-11;"<p>Se ofrecen puestos de Conductor de puente grúa en la zona de Aranda de Duero (Burgos) en Fresnillo de las dueñas. 
Manejo de puente grúa y polipastos para el movimiento de piezas y materiales.
Preparación y organización de materiales en fábrica.
Apoyo en los procesos de fabricación de prefabricados de hormigón.
Verificación del correcto posicionamiento y manipulación de cargas.
Colaboración con el equipo de producción para garantizar el cumplimiento de los plazos y estándares de calidad.
Cumplimiento de las normas de seguridad y prevención de riesgos laborales.
Permiso conducir B</p><p>Para más información acuda a <a href='http://empleocastillayleon.jcyl.es/oficinavirtual/buscoEmpleoPub.do?srvc=ver&scope=reg&cod=394139'>Oficina Virtual</a></p>";;ECYL;1182753760473;Fresnillo de las Dueñas;41.6479343023;-3.64602334467;09;1285678137736;2026-09-11;https://empleo.jcyl.es/web/jcyl/Empleo/es/Plantilla100Detalle/1284216458054/OfertasEmpleo/1285678137736/Empleo;41.6479343023, -3.64602334467
ALBAÑILES;Burgos;2026-09-11;"<p>PUESTO SOLICITADO: Peón de albañileria 
LOCALIDAD: Burgos. 
SE OFRECE: Jornada completa de 7:00 a 15:00. Contrato indefinido.</p><p>Para más información acuda a <a href='http://empleocastillayleon.jcyl.es/oficinavirtual/buscoEmpleoPub.do?srvc=ver&scope=reg&cod=394133'>Oficina Virtual</a></p>";;ECYL;1179297447246;Burgos;42.3408235575;-3.70205869083;09;1285678137567;2026-09-11;https://empleo.jcyl.es/web/jcyl/Empleo/es/Plantilla100Detalle/1284216458054/OfertasEmpleo/1285678137567/Empleo;42.3408235575, -3.70205869083
FISIOTERAPEUTAS, EN GENERAL;Burgos;2026-09-11;<p>REALIZACION DE TERAPIAS GRUPALES E INDIVIDUALES , ASI COMO LA EVALUACION DE SU ESTADO, EVOLUCION Y PRACTICAS DESARROYADAS DE CADA RESIDENTE, EN EL AMBITO DE SU COMPETENCIA.</p><p>Para más información acuda a <a href='http://empleocastillayleon.jcyl.es/oficinavirtual/buscoEmpleoPub.do?srvc=ver&scope=reg&cod=394122'>Oficina Virtual</a></p>;;ECYL;1179297618480;Santa María del Campo;42.13185;-3.973813;09;1285678103806;2026-09-11;https://empleo.jcyl.es/web/jcyl/Empleo/es/Plantilla100Detalle/1284216458054/OfertasEmpleo/1285678103806/Empleo;42.13185, -3.973813
CUIDADORES DE PERSONAS CON DISCAPACIDAD Y/O DEPENDENCIA, EN INSTITUCIONES;Burgos;2026-09-11;"<p>CUIDADO PERSONAL Y ASISTENCIA EN ACTIVIDADES DIARIAS, ALIMENTACIÓN, CUIDADOS DE SALUD BÁSICOS, APOYO EMOCIONAL Y SOCIAL, MANTENIMIENTO DEL ENTORNO, DOCUMENTACIÓN Y REGISTRO, COLABORACIÓN CON EL EQUIPO,
CARNÉ DE MANIPULADOR DE ALIMENTOS.</p><p>Para más información acuda a <a href='http://empleocastillayleon.jcyl.es/oficinavirtual/buscoEmpleoPub.do?srvc=ver&scope=reg&cod=393919'>Oficina Virtual</a></p>";;ECYL;1179297462047;Condado de Treviño;42.368336;-3.7283413;09;1285678103445;2026-09-11;https://empleo.jcyl.es/web/jcyl/Empleo/es/Plantilla100Detalle/1284216458054/OfertasEmpleo/1285678103445/Empleo;42.368336, -3.7283413
ENFERMEROS ESPECIALISTAS EN ENFERMERÍA GERIÁTRICA;León;2026-09-11;"<p>Oferta 19304: Enfermero/a par Residencia en La Robla
Contrato indefinido a media jornada.
Interesados/as llamar a la Oficina Empleo Serna al tlfno 987215200</p><p>Para más información acuda a <a href='http://empleocastillayleon.jcyl.es/oficinavirtual/buscoEmpleoPub.do?srvc=ver&scope=reg&cod=394120'>Oficina Virtual</a></p>";;ECYL;1179297920221;Robla (La);42.801434;-5.628399;24;1285678103890;2026-09-11;https://empleo.jcyl.es/web/jcyl/Empleo/es/Plantilla100Detalle/1284216458054/OfertasEmpleo/1285678103890/Empleo;42.801434, -5.628399
ENFERMEROS DE CUIDADOS GENERALES;León;2026-09-11;"<p>OFERTA nº 08/2026/19297.
Se buscan enfermeros/as para residencia de mayores en para realizar sustituciones. Se ofrece contrato temporal a jornada completa. REQUISITOS: titulación (si es extranjera homologada) y experiencia mínima de tres meses.
INTERESADOS CONTACTAR O.E. PONFERRADA tfno. 987410859 ? EXT.2.</p><p>Para más información acuda a <a href='http://empleocastillayleon.jcyl.es/oficinavirtual/buscoEmpleoPub.do?srvc=ver&scope=reg&cod=394113'>Oficina Virtual</a></p>";;ECYL;1179297958332;Toreno;42.69927;-6.51315;24;1285678103778;2026-09-11;https://empleo.jcyl.es/web/jcyl/Empleo/es/Plantilla100Detalle/1284216458054/OfertasEmpleo/1285678103778/Empleo;42.69927, -6.51315
MONITORES SOCIO-CULTURALES;León;2026-09-11;"<p>Empresa de servicios asistenciales, en Cistierna, solicita:
Animador sociocultural, para impartir talleres en Centro de personas mayores en Cisjtierna.
Contrato indefinido a jornada parcial.
Interesados/as enviar CV a gestion@formacal.com. A la atencion de Carmen.
Mas info. Oficina de empleo de Cistierna. 987701387</p><p>Para más información acuda a <a href='http://empleocastillayleon.jcyl.es/oficinavirtual/buscoEmpleoPub.do?srvc=ver&scope=reg&cod=394038'>Oficina Virtual</a></p>";;ECYL;1179297821881;Cistierna;42.80451;-5.125196;24;1285678062691;2026-09-11;https://empleo.jcyl.es/web/jcyl/Empleo/es/Plantilla100Detalle/1284216458054/OfertasEmpleo/1285678062691/Empleo;42.80451, -5.125196
CONDUCTORES DE CAMIÓN, EN GENERAL;León;2026-09-11;<p>Para más información acuda a <a href='http://empleocastillayleon.jcyl.es/oficinavirtual/buscoEmpleoPub.do?srvc=ver&scope=reg&cod=394152'>Oficina Virtual</a></p>;;ECYL;1179297950769;Santovenia de la Valdoncina;42.54364;-5.622796;24;1285678169774;2026-09-11;https://empleo.jcyl.es/web/jcyl/Empleo/es/Plantilla100Detalle/1284216458054/OfertasEmpleo/1285678169774/Empleo;42.54364, -5.622796
MÉDICOS, MEDICINA GENERAL;León;2026-09-11;<p>Para más información acuda a <a href='http://empleocastillayleon.jcyl.es/oficinavirtual/buscoEmpleoPub.do?srvc=ver&scope=reg&cod=394134'>Oficina Virtual</a></p>;;ECYL;1179297919687;Rioseco de Tapia;42.729404;-5.788325;24;1285678103709;2026-09-11;https://empleo.jcyl.es/web/jcyl/Empleo/es/Plantilla100Detalle/1284216458054/OfertasEmpleo/1285678103709/Empleo;42.729404, -5.788325
COCINEROS, EN GENERAL;León;2026-09-11;"<p>OFERTA nº 08/2026/19308.
Se requiere cocinero/a para residencia de mayores. Se ofrece contrato temporal de sustitución a jornada parcial (20 horas semanales).
REQUISITOS: experiencia mínima de cuatro meses y titulación FP en el área de cocina y gastronomía, restauración, dirección de cocina o similares.
INTERESADOS CONTACTAR O.E. PONFERRADA tfno. 987410859 ? EXT.2</p><p>Para más información acuda a <a href='http://empleocastillayleon.jcyl.es/oficinavirtual/buscoEmpleoPub.do?srvc=ver&scope=reg&cod=394124'>Oficina Virtual</a></p>";;ECYL;1179297958332;Toreno;42.69927;-6.51315;24;1285678103286;2026-09-11;https://empleo.jcyl.es/web/jcyl/Empleo/es/Plantilla100Detalle/1284216458054/OfertasEmpleo/1285678103286/Empleo;42.69927, -6.51315
Técnico/a Medio de Turismo para Patronato de Turismo del Bierzo (León);León;2026-09-11;"<p><strong>Convoca:</strong> Patronato de Turismo de la Comarca del Bierzo</p>
<p><strong>Cuerpo:</strong> TÉCNICO/A MEDIO DE TURISMO</p>
<p><strong>Plazas:</strong> Bolsa</p>
<p><strong>Acceso:</strong> Oposición</p>
<p><strong>Titulación:</strong> Título de Grado o Diplomatura en Turismo o asimilado</p>
<p><strong>Plazo:</strong> 25 de septiembre de 2026</p>
<p><strong>Observaciones: </strong></p>
<ul>
<li>Habilitación como Guía de Turismo</li>
<li>Competencia lingística en lengua inglesa de nivel B2</li>
<li>Permiso de conducir B2</li>
</ul><p><strong>Información obtenida de: </strong>Empleo público. BOP León 11/09/2026</p><p><strong>Enlaces relacionados:</strong><ul><li><a href='https://bop.dipuleon.es/export/sites/bop/.galleries/Documentos-Anuncios-en-PDF/firmado-1789101955838-final-701426e5.pdf' target='_blank'>Consulte bases BOP León</a></li></ul></p>";;Organismo oficial;;;;;;1285678063031;2026-09-11;https://empleo.jcyl.es/web/jcyl/Empleo/es/Plantilla100Detalle/1284216458054/OfertasEmpleo/1285678063031/Empleo;
PEONES GANADEROS, EN GENERAL;Palencia;2026-09-11;<p>Para más información acuda a <a href='http://empleocastillayleon.jcyl.es/oficinavirtual/buscoEmpleoPub.do?srvc=ver&scope=reg&cod=394042'>Oficina Virtual</a></p>;;ECYL;1179298069025;Calzada de los Molinos;42.3287;-4.651399;34;1285678008016;2026-09-11;https://empleo.jcyl.es/web/jcyl/Empleo/es/Plantilla100Detalle/1284216458054/OfertasEmpleo/1285678008016/Empleo;42.3287, -4.651399
EXPENDEDORES DE COMBUSTIBLE;Palencia;2026-09-11;<p>Contrato de 2 meses como expendedor de gasolina en Dueñas</p><p>Para más información acuda a <a href='http://empleocastillayleon.jcyl.es/oficinavirtual/buscoEmpleoPub.do?srvc=ver&scope=reg&cod=394169'>Oficina Virtual</a></p>;;ECYL;1179298081851;Dueñas;41.8773156697;-4.54675515213;34;1285678212425;2026-09-11;https://empleo.jcyl.es/web/jcyl/Empleo/es/Plantilla100Detalle/1284216458054/OfertasEmpleo/1285678212425/Empleo;41.8773156697, -4.54675515213
Coordinador/a de Cultura para Ayto. de Castellanos de Moriscos (Salamanca);Salamanca;2026-09-11;"<p><strong>Convoca: </strong>Ayuntamiento de Castellanos de Moriscos</p>
<p><strong>Cuerpo:</strong> COORDINADOR/A DE CULTURA</p>
<p><strong>Plazas:</strong> 1 + Bolsa</p>
<p><strong>Acceso:</strong> Concurso-Oposición</p>
<p><strong>Titulación:</strong> Bachiller o Técnico, o titulación declarada legalmente equivalente</p>
<p><strong>Plazo: </strong>25 de septiembre de 2026</p><p><strong>Información obtenida de: </strong>Empleo público. BOP Salamanca 11/09/2026</p><p><strong>Enlaces relacionados:</strong><ul><li><a href='https://sede.diputaciondesalamanca.gob.es/documentacion/bop/2026/20260911/BOP-SA-20260911-004.pdf' target='_blank'>Consulte convocatoria en BOP</a></li></ul></p>";;Organismo oficial;1179298217604;Castellanos de Moriscos;41.01925;-5.591269;37;1285678109830;2026-09-11;https://empleo.jcyl.es/web/jcyl/Empleo/es/Plantilla100Detalle/1284216458054/OfertasEmpleo/1285678109830/Empleo;41.01925, -5.591269
Conductor/a Peón de Recogida y Transporte de Residuos Sólidos Urbanos para Mancomunidad Rutas de Alba (Salamanca);Salamanca;2026-09-11;"<p><strong>Convoca:</strong> Mancomunidad Rutas de Alba</p>
<p><strong>Cuerpo:</strong> CONDUCTOR/A PEÓN DEL SERVICIO DE RECOGIDA Y TRANSPORTE DE RESIDUOS SÓLIDOS URBANOS</p>
<p><strong>Plazas: </strong>2 + Bolsa</p>
<p><strong>Acceso:</strong> Concurso-Oposición</p>
<p><strong>Titulación:</strong> No se requiere titulación específica</p>
<p><strong>Plazo:</strong> 9 de octubre de 2026</p>
<p><strong>Observaciones:</strong></p>
<ul>
<li>Estar en posesión del permiso de conducción de la clase C y del Certificado de Aptitud Profesional (CAP)</li>
</ul><p><strong>Información obtenida de: </strong>Empleo público. BOCYL 03/07/2026; BOP 06/07/2026</p><p><strong>Enlaces relacionados:</strong><ul><li><a href='https://sede.diputaciondesalamanca.gob.es/documentacion/bop/2026/20260706/BOP-SA-20260706-016.pdf' target='_blank'>Consulte convocatoria en BOP</a></li><li><a href='https://bocyl.jcyl.es/boletines/2026/07/03/pdf/BOCYL-D-03072026-127-85.pdf' target='_blank'>Consulte convocatoria en BOCYL</a></li><li><a href='https://www.boe.es/boe/dias/2026/09/11/pdfs/BOE-A-2026-19018.pdf' target='_blank'>Consulte plazo en BOE</a></li></ul></p>";;Organismo oficial;1179298177187;Alba de Tormes;40.8271496057;-5.51451226893;37;1285678078450;2026-09-11;https://empleo.jcyl.es/web/jcyl/Empleo/es/Plantilla100Detalle/1284216458054/OfertasEmpleo/1285678078450/Empleo;40.8271496057, -5.51451226893
Peón Operario/a de Recogida y Transporte de Residuos Sólidos Urbanos para Mancomunidad Rutas de Alba (Salamanca);Salamanca;2026-09-11;"<p><strong>Convoca:</strong> Mancomunidad Rutas de Alba</p>
<p><strong>Cuerpo: </strong>PEÓN OPERARIO/A DEL SERVICIO DE RECOGIDA Y TRANSPORTE DE RESIDUOS SÓLIDOS URBANOS</p>
<p><strong>Plazas:</strong> 2 + Bolsa</p>
<p><strong>Acceso:</strong> Concurso-Oposición</p>
<p><strong>Titulación: </strong>No se requiere titulación específica</p>
<p><strong>Plazo: </strong>9 de octubre de 2026</p><p><strong>Información obtenida de: </strong>Empleo público. BOCYL 03/07/2026; BOP 06/07/2026</p><p><strong>Enlaces relacionados:</strong><ul><li><a href='https://www.boe.es/boe/dias/2026/09/11/pdfs/BOE-A-2026-19018.pdf' target='_blank'>Consulte plazo en BOE</a></li><li><a href='https://sede.diputaciondesalamanca.gob.es/documentacion/bop/2026/20260706/BOP-SA-20260706-015.pdf' target='_blank'>Consulte convocatoria en BOP</a></li><li><a href='https://bocyl.jcyl.es/boletines/2026/07/03/pdf/BOCYL-D-03072026-127-84.pdf' target='_blank'>Consulte convocatoria en BOCYL</a></li></ul></p>";;Organismo oficial;1179298177187;Alba de Tormes;40.8271496057;-5.51451226893;37;1285678072780;2026-09-11;https://empleo.jcyl.es/web/jcyl/Empleo/es/Plantilla100Detalle/1284216458054/OfertasEmpleo/1285678072780/Empleo;40.8271496057, -5.51451226893
TRABAJADORES SOCIALES;Segovia;2026-09-11;<p>Para más información acuda a <a href='http://empleocastillayleon.jcyl.es/oficinavirtual/buscoEmpleoPub.do?srvc=ver&scope=reg&cod=394130'>Oficina Virtual</a></p>;;ECYL;1179298428248;Cuéllar;41.401096;-4.314916;40;1285678103862;2026-09-11;https://empleo.jcyl.es/web/jcyl/Empleo/es/Plantilla100Detalle/1284216458054/OfertasEmpleo/1285678103862/Empleo;41.401096, -4.314916
ALBAÑILES;Soria;2026-09-11;"<p>SE NECESITAN ALBAÑILES PARA EMPRESA DE CONSTRUCCIÓN DE SORIA
Nº DE PUESTOS: 4
CATEGORÍA PROFESIONAL: OFICIAL DE PRIMERA
CONTRATO INDEFINIDO A JORNADA COMPLETA
HORARIO: DE 8 A 16 HORAS
INTERESADOS LLAMAR AL 639279203 EN HORARIO DE 8 A 20 HORAS PARA CONCERTAR CITA</p><p>Para más información acuda a <a href='http://empleocastillayleon.jcyl.es/oficinavirtual/buscoEmpleoPub.do?srvc=ver&scope=reg&cod=393873'>Oficina Virtual</a></p>";;ECYL;1179469197687;Soria;41.76443;-2.463772;42;1285678103562;2026-09-11;https://empleo.jcyl.es/web/jcyl/Empleo/es/Plantilla100Detalle/1284216458054/OfertasEmpleo/1285678103562/Empleo;41.76443, -2.463772
COCINEROS, EN GENERAL;Soria;2026-09-11;<p>Funciones de gestión de pedidos y almacén, creación de carta y elaboración de platos y mantenimiento de instalaciones. Se ofrece contrato laboral indefinido, jornada completa. Indispensable estar en posesión de Grado Superior de Hostelería. Se valorará conocimientos en ofimática e inglés. Interesados enviar currículum vitae a la dirección de correo electrónico contacto@baluarte.info CON COPIA a ecylempleosoria@jcyl.es, indicando en el asunto 'OFERTA 19363 COCINEROS EL QUINTANAREJO'</p><p>Para más información acuda a <a href='http://empleocastillayleon.jcyl.es/oficinavirtual/buscoEmpleoPub.do?srvc=ver&scope=reg&cod=394179'>Oficina Virtual</a></p>;;ECYL;1179469222209;Vinuesa;41.910107;-2.761803;42;1285678261759;2026-09-11;https://empleo.jcyl.es/web/jcyl/Empleo/es/Plantilla100Detalle/1284216458054/OfertasEmpleo/1285678261759/Empleo;41.910107, -2.761803
2 Peón de usos múltiples ara el Ayto. de El Burgo de Osma (Soria);Soria;2026-09-11;"<p><strong>Convoca:</strong> Ayuntamiento de El Burgo de Osma - Ciudad de Osma (Soria)</p>
<p><strong>Cuerpo:</strong> PEÓN DE USOS MÚLTIPLES</p>
<p><strong>Plazas: </strong>2 + Bolsa</p>
<p><strong>Acceso:</strong> Concurso</p>
<p><strong>Titulación:</strong> Certificado de escolaridad o equivalente</p>
<p><strong>Plazo:</strong> Hasta el 22 de septiembre a las 14:00 horas</p><p><strong>Información obtenida de: </strong>Empleo público. <a href='https://burgodeosma.sedelectronica.es/' target='_blank'>https://burgodeosma.sedelectronica.es/</a></p><p><strong>Enlaces relacionados:</strong><ul><li><a href='https://burgodeosma.sedelectronica.es/preview-document/b67f89e5-a0fa-40e7-8d23-07391bd98ba5/' target='_blank'>Consulte las bases</a></li></ul></p>";;Organismo oficial;1179469126353;Burgo de Osma-Ciudad de Osma;41.588287;-3.0754032;42;1285678042095;2026-09-11;https://empleo.jcyl.es/web/jcyl/Empleo/es/Plantilla100Detalle/1284216458054/OfertasEmpleo/1285678042095/Empleo;41.588287, -3.0754032
PERSONAL DE LIMPIEZA O LIMPIADORES EN GENERAL;Soria;2026-09-11;<p>Para más información acuda a <a href='http://empleocastillayleon.jcyl.es/oficinavirtual/buscoEmpleoPub.do?srvc=ver&scope=reg&cod=393891'>Oficina Virtual</a></p>;;ECYL;1179469107806;Almazán;41.485928;-2.5331845;42;1285678169873;2026-09-11;https://empleo.jcyl.es/web/jcyl/Empleo/es/Plantilla100Detalle/1284216458054/OfertasEmpleo/1285678169873/Empleo;41.485928, -2.5331845
Guía de Turismo para el Ayto. de El Burgo de Osma (Soria);Soria;2026-09-11;"<p><strong>Convoca: </strong>Ayuntamiento de El Burgo de Osma - Ciudad de Osma (Soria)</p>
<p><strong>Cuerpo:</strong> GUÍA DE TURISMO</p>
<p><strong>Plazas:</strong> 1 + bolsa</p>
<p><strong>Acceso:</strong> Concurso</p>
<p><strong>Titulación</strong>: Auxiliar/Guía de Información turística</p>
<p><strong>Plazo:</strong> Hasta el 22 de septiembre a las 14:00 horas</p><p><strong>Información obtenida de: </strong>Empleo público. <a href='https://burgodeosma.sedelectronica.es/' target='_blank'>https://burgodeosma.sedelectronica.es/</a></p><p><strong>Enlaces relacionados:</strong><ul><li><a href='https://burgodeosma.sedelectronica.es/preview-document/341a0b8d-5f7a-4b60-a039-dd6866d980b0/' target='_blank'>Consulte las bases</a></li></ul></p>";;Organismo oficial;1179469126353;Burgo de Osma-Ciudad de Osma;41.588287;-3.0754032;42;1285678042067;2026-09-11;https://empleo.jcyl.es/web/jcyl/Empleo/es/Plantilla100Detalle/1284216458054/OfertasEmpleo/1285678042067/Empleo;41.588287, -3.0754032
Socorrista Acuático para el Ayto. de El Burgo de Osma (Soria);Soria;2026-09-11;"<p><strong>Convoca: </strong>Ayuntamiento de El Burgo de Osma - Ciudad de Osma (Soria)</p>
<p><strong>Cuerpo: </strong>SOCORRISTA ACUÁTICO</p>
<p><strong>Plazas:</strong> 1 + Bolsa</p>
<p><strong>Acceso: </strong>Concurso</p>
<p><strong>Titulación</strong>: E.S.O. y título de socorrismo y salvamento / Técnico/a Superior en enseñanza y animación socio deportiva, Técnico/a Deportivo/a en Salvamento y Socorrismo</p>
<p><strong>Plazo:</strong> Hasta el 22 de septiembre a las 14:00 horas</p><p><strong>Información obtenida de: </strong>Empleo público. <a href='https://burgodeosma.sedelectronica.es/' target='_blank'>https://burgodeosma.sedelectronica.es/</a></p><p><strong>Enlaces relacionados:</strong><ul><li><a href='https://burgodeosma.sedelectronica.es/preview-document/f09835ca-f85c-471a-bc6d-492aaba864b7/' target='_blank'>Consulte las bases</a></li></ul></p>";;Organismo oficial;1179469126353;Burgo de Osma-Ciudad de Osma;41.588287;-3.0754032;42;1285678042039;2026-09-11;https://empleo.jcyl.es/web/jcyl/Empleo/es/Plantilla100Detalle/1284216458054/OfertasEmpleo/1285678042039/Empleo;41.588287, -3.0754032
ENFERMEROS DE CUIDADOS GENERALES;Soria;2026-09-11;<p>Contrato laboral indefinido de 4 horas semanales</p><p>Para más información acuda a <a href='http://empleocastillayleon.jcyl.es/oficinavirtual/buscoEmpleoPub.do?srvc=ver&scope=reg&cod=393854'>Oficina Virtual</a></p>;;ECYL;1179469208393;Tardelcuende;41.59433;-2.641346;42;1285678034454;2026-09-11;https://empleo.jcyl.es/web/jcyl/Empleo/es/Plantilla100Detalle/1284216458054/OfertasEmpleo/1285678034454/Empleo;41.59433, -2.641346
CAMAREROS DE BARRA Y/O DEPENDIENTES DE CAFETERÍA;Valladolid;2026-09-11;<p>JORNADA FINES DE SEMANA . HORARIO DE 11:00 A 15: 00 H. DURACIÓN 3 MESES</p><p>Para más información acuda a <a href='http://empleocastillayleon.jcyl.es/oficinavirtual/buscoEmpleoPub.do?srvc=ver&scope=reg&cod=394112'>Oficina Virtual</a></p>;;ECYL;1179469259367;Iscar;41.36359;-4.532956;47;1285678103314;2026-09-11;https://empleo.jcyl.es/web/jcyl/Empleo/es/Plantilla100Detalle/1284216458054/OfertasEmpleo/1285678103314/Empleo;41.36359, -4.532956
PEONES DE LA CONSTRUCCIÓN DE EDIFICIOS;Valladolid;2026-09-11;<p>Para más información acuda a <a href='http://empleocastillayleon.jcyl.es/oficinavirtual/buscoEmpleoPub.do?srvc=ver&scope=reg&cod=394159'>Oficina Virtual</a></p>;;ECYL;1179469311668;Valladolid;41.652252;-4.724532;47;1285678170013;2026-09-11;https://empleo.jcyl.es/web/jcyl/Empleo/es/Plantilla100Detalle/1284216458054/OfertasEmpleo/1285678170013/Empleo;41.652252, -4.724532
CONDUCTORES DE CAMIÓN CON REMOLQUE Y/O DE TRACTOCAMIÓN;Valladolid;2026-09-11;<p>Para más información acuda a <a href='http://empleocastillayleon.jcyl.es/oficinavirtual/buscoEmpleoPub.do?srvc=ver&scope=reg&cod=394153'>Oficina Virtual</a></p>;;ECYL;1179469311668;Valladolid;41.652252;-4.724532;47;1285678169671;2026-09-11;https://empleo.jcyl.es/web/jcyl/Empleo/es/Plantilla100Detalle/1284216458054/OfertasEmpleo/1285678169671/Empleo;41.652252, -4.724532
CONDUCTORES-OPERADORES DE MAQUINARIA DE TRANSPORTE DE TIERRAS, EN GENERAL;Valladolid;2026-09-11;<p>Para más información acuda a <a href='http://empleocastillayleon.jcyl.es/oficinavirtual/buscoEmpleoPub.do?srvc=ver&scope=reg&cod=394151'>Oficina Virtual</a></p>;;ECYL;1179469311668;Valladolid;41.652252;-4.724532;47;1285678169815;2026-09-11;https://empleo.jcyl.es/web/jcyl/Empleo/es/Plantilla100Detalle/1284216458054/OfertasEmpleo/1285678169815/Empleo;41.652252, -4.724532
ESQUILADORES;Zamora;2026-09-11;"<p>Se necesitan esquiladores en Vezdemarbán. Contrato indefinido con jornada completa. Interesados envíar CV a ecyltoro@jcyl.es
Asunto: esquilador 19252</p><p>Para más información acuda a <a href='http://empleocastillayleon.jcyl.es/oficinavirtual/buscoEmpleoPub.do?srvc=ver&scope=reg&cod=394068'>Oficina Virtual</a></p>";;ECYL;1179469479518;Vezdemarbán;41.655945;-5.365443;49;1285678212864;2026-09-11;https://empleo.jcyl.es/web/jcyl/Empleo/es/Plantilla100Detalle/1284216458054/OfertasEmpleo/1285678212864/Empleo;41.655945, -5.365443
CONDUCTORES DE CAMIÓN CON REMOLQUE Y/O DE TRACTOCAMIÓN;Zamora;2026-09-11;"<p>Oferta nº19285 conductor profesional de trailer para empresa de Toro. Interesados/as enviar CV a ecyltoro@jcyl.es indicando en el asunto el número de oferta.FUNCIONES: Conductor de trailer para transporte de mercancias nacional e internacional.
Contrato indefinido.Jornada completa. Carnés C1 E. CAP. Se valora la experiencia.</p><p>Para más información acuda a <a href='http://empleocastillayleon.jcyl.es/oficinavirtual/buscoEmpleoPub.do?srvc=ver&scope=reg&cod=394101'>Oficina Virtual</a></p>";;ECYL;1179469472195;Toro;41.52475;-5.394138;49;1285678062942;2026-09-11;https://empleo.jcyl.es/web/jcyl/Empleo/es/Plantilla100Detalle/1284216458054/OfertasEmpleo/1285678062942/Empleo;41.52475, -5.394138
AUXILIARES DE ENFERMERÍA DE GERIATRÍA;Ávila;2026-09-10;<p>Para más información acuda a <a href='http://empleocastillayleon.jcyl.es/oficinavirtual/buscoEmpleoPub.do?srvc=ver&scope=reg&cod=393819'>Oficina Virtual</a></p>;;ECYL;1179297274110;San Vicente de Arévalo;40.9677;-4.799979;05;1285677848176;2026-09-10;https://empleo.jcyl.es/web/jcyl/Empleo/es/Plantilla100Detalle/1284216458054/OfertasEmpleo/1285677848176/Empleo;40.9677, -4.799979
CONDUCTORES DE CAMIÓN, EN GENERAL;Burgos;2026-09-10;<p>OFERTA ECYL 19163-CONDUCTOR DE CAMION con 12 meses de experiencia. Si reúne el perfil y está interesad@ debe enviar un mail a ecylcalzadas.ofertas@jcyl.es (REF 19163 CONDUCTOR) indicando su nombre, apellidos y DNI/NIE. SOLO SE ATENDERÁN LAS CANDIDATURAS DE LAS PERSONAS QUE REUNIENDO LOS REQUISITOS ESTEN INSCRITAS EN UNA OFICINA DE EMPLEO.</p><p>Para más información acuda a <a href='http://empleocastillayleon.jcyl.es/oficinavirtual/buscoEmpleoPub.do?srvc=ver&scope=reg&cod=393979'>Oficina Virtual</a></p>;;ECYL;1179297447246;Burgos;42.3408235575;-3.70205869083;09;1285677812673;2026-09-10;https://empleo.jcyl.es/web/jcyl/Empleo/es/Plantilla100Detalle/1284216458054/OfertasEmpleo/1285677812673/Empleo;42.3408235575, -3.70205869083
INJERTADORES Y/O PODADORES;Burgos;2026-09-10;"<p>Se ofrece puesto en Gumiel de mercado (Zona Aranda de Duero- Burgos) de oficial de 1 de poda agricola.
.
Para realizar trabajos agricolas y poda en general, tambien manejo de maquinaria agricola.</p><p>Para más información acuda a <a href='http://empleocastillayleon.jcyl.es/oficinavirtual/buscoEmpleoPub.do?srvc=ver&scope=reg&cod=393996'>Oficina Virtual</a></p>";;ECYL;1182753765454;Gumiel de Mercado;41.75898;-3.80003;09;1285677673343;2026-09-10;https://empleo.jcyl.es/web/jcyl/Empleo/es/Plantilla100Detalle/1284216458054/OfertasEmpleo/1285677673343/Empleo;41.75898, -3.80003
ALBAÑILES;Burgos;2026-09-10;"<p>PUESTO SOLICITADO: Albañil- Oficial de Primera
LOCALIDAD: Burgos
SE OFRECE: Contrato laboral indiefinido
Jornada continua de lunes a viernes de 7:00 a 15:00 h</p><p>Para más información acuda a <a href='http://empleocastillayleon.jcyl.es/oficinavirtual/buscoEmpleoPub.do?srvc=ver&scope=reg&cod=393799'>Oficina Virtual</a></p>";;ECYL;1179297447246;Burgos;42.3408235575;-3.70205869083;09;1285677781631;2026-09-10;https://empleo.jcyl.es/web/jcyl/Empleo/es/Plantilla100Detalle/1284216458054/OfertasEmpleo/1285677781631/Empleo;42.3408235575, -3.70205869083
FISIOTERAPEUTAS, EN GENERAL;León;2026-09-10;"<p>N.º OFERTA 19259 DOS PUESTOS DE FISIOTERAPEUTA para Residencia de personas mayores en Cacabelos.
REQUISTOS: contar con titulación de diplomatura o grado en fisioterapia.
CONDICIONES: Contrato Indefinido a jornada completa
PERSONAS INTERESADAS CONTACTAR O.E DE PONFERRADA TEFL.: 987 410 859 EXT-2</p><p>Para más información acuda a <a href='http://empleocastillayleon.jcyl.es/oficinavirtual/buscoEmpleoPub.do?srvc=ver&scope=reg&cod=394075'>Oficina Virtual</a></p>";;ECYL;1179297794667;Cacabelos;42.598667;-6.725914;24;1285677885938;2026-09-10;https://empleo.jcyl.es/web/jcyl/Empleo/es/Plantilla100Detalle/1284216458054/OfertasEmpleo/1285677885938/Empleo;42.598667, -6.725914
MONITORES Y/O ANIMADORES DEPORTIVOS;León;2026-09-10;<p>Oferta nº 19206 monitor deportivo o monitor social para impartir talleres de 1 hora de duración, varios dias a la semana y varias horas al día, en centros cívicos y casas de cultura del municipio de Villaquilambre durante el curso 2026/2027. Horario de mañana y tarde , Contrato a tiempo parcial.Interesados/as llamar a la Oficina de Empleo León Serna tfn:987215200.</p><p>Para más información acuda a <a href='http://empleocastillayleon.jcyl.es/oficinavirtual/buscoEmpleoPub.do?srvc=ver&scope=reg&cod=394022'>Oficina Virtual</a></p>;;ECYL;1179298023568;Villaquilambre;42.641293;-5.557725;24;1285677750669;2026-09-10;https://empleo.jcyl.es/web/jcyl/Empleo/es/Plantilla100Detalle/1284216458054/OfertasEmpleo/1285677750669/Empleo;42.641293, -5.557725
TERAPEUTAS OCUPACIONALES;León;2026-09-10;<p>Para más información acuda a <a href='http://empleocastillayleon.jcyl.es/oficinavirtual/buscoEmpleoPub.do?srvc=ver&scope=reg&cod=394003'>Oficina Virtual</a></p>;;ECYL;1179297939654;Santa María de Ordás;42.72667;-5.8231874;24;1285677705685;2026-09-10;https://empleo.jcyl.es/web/jcyl/Empleo/es/Plantilla100Detalle/1284216458054/OfertasEmpleo/1285677705685/Empleo;42.72667, -5.8231874
AUXILIARES DE ENFERMERÍA DE GERIATRÍA;León;2026-09-10;"<p>N.º OFERTA 19264 CINCO PUESTOS DE AUXILIAR DE ENFERMERIA para Residencia de personas mayores en CACABELOS.
CONDICIONES: Contrato Indefinido a jornada completa, turno rotativo.
PERSONAS INTERESADAS CONTACTAR O.E DE PONFERRADA TEFL.: 987 410 859 EXT-2</p><p>Para más información acuda a <a href='http://empleocastillayleon.jcyl.es/oficinavirtual/buscoEmpleoPub.do?srvc=ver&scope=reg&cod=394080'>Oficina Virtual</a></p>";;ECYL;1179297794667;Cacabelos;42.598667;-6.725914;24;1285677884992;2026-09-10;https://empleo.jcyl.es/web/jcyl/Empleo/es/Plantilla100Detalle/1284216458054/OfertasEmpleo/1285677884992/Empleo;42.598667, -6.725914
ESTETICISTAS;León;2026-09-10;"<p>ESTETICISTA, CON EXPERIENCIA DE, AL MENOS, 1 AÑO. CONTRATO INDEFINIDO. JORNADA COMPLETA (horario continuo, de lunes a viernes)
INTERESADOS LLAMAR AL 987 249530 (SECCIÓN DE OFERTAS - OFICINA DE EMPLEO DE RAMÓN Y CAJAL)</p><p>Para más información acuda a <a href='http://empleocastillayleon.jcyl.es/oficinavirtual/buscoEmpleoPub.do?srvc=ver&scope=reg&cod=394056'>Oficina Virtual</a></p>";;ECYL;1179297860755;León;42.59873;-5.5670958;24;1285677847993;2026-09-10;https://empleo.jcyl.es/web/jcyl/Empleo/es/Plantilla100Detalle/1284216458054/OfertasEmpleo/1285677847993/Empleo;42.59873, -5.5670958
ENFERMEROS DE CUIDADOS GENERALES;León;2026-09-10;"<p>N.º OFERTA 19250 UN PUESTO DE ENFERMERO/A para residencia de personas mayores en Puente de Domingo Florez.
REQUISTOS: contar con titulación de diplomatura o grado en enfermería.
CONDICIONES: Contrato temporal a jornada completa
PERSONAS INTERESADAS CONTACTAR O.E DE PONFERRADA TEFL.: 987 410 859 EXT-2</p><p>Para más información acuda a <a href='http://empleocastillayleon.jcyl.es/oficinavirtual/buscoEmpleoPub.do?srvc=ver&scope=reg&cod=394066'>Oficina Virtual</a></p>";;ECYL;1179297906307;Puente de Domingo Flórez;42.41178;-6.819932;24;1285677849082;2026-09-10;https://empleo.jcyl.es/web/jcyl/Empleo/es/Plantilla100Detalle/1284216458054/OfertasEmpleo/1285677849082/Empleo;42.41178, -6.819932
ALBAÑILES;León;2026-09-10;<p>Para más información acuda a <a href='http://empleocastillayleon.jcyl.es/oficinavirtual/buscoEmpleoPub.do?srvc=ver&scope=reg&cod=393821'>Oficina Virtual</a></p>;;ECYL;1179297888504;Ponferrada;42.549995;-6.598259;24;1285677848413;2026-09-10;https://empleo.jcyl.es/web/jcyl/Empleo/es/Plantilla100Detalle/1284216458054/OfertasEmpleo/1285677848413/Empleo;42.549995, -6.598259
AUXILIARES DE ENFERMERÍA DE GERIATRÍA;León;2026-09-10;<p>Atender personas mayores en RESIDENCIA GERIÁTRICA</p><p>Para más información acuda a <a href='http://empleocastillayleon.jcyl.es/oficinavirtual/buscoEmpleoPub.do?srvc=ver&scope=reg&cod=394020'>Oficina Virtual</a></p>;;ECYL;1179297939654;Santa María de Ordás;42.72667;-5.8231874;24;1285677705358;2026-09-10;https://empleo.jcyl.es/web/jcyl/Empleo/es/Plantilla100Detalle/1284216458054/OfertasEmpleo/1285677705358/Empleo;42.72667, -5.8231874
ANIMADORES SOCIOCULTURALES;León;2026-09-10;"<p>N.º OFERTA 19263 DOS PUESTOS DE ANIMADORES SOCIOCULTURALES para Residencia de personas mayores en CACABELOS.
CONDICIONES: Contrato Indefinido a jornada completa
PERSONAS INTERESADAS CONTACTAR O.E DE PONFERRADA TEFL.: 987 410 859 EXT-2</p><p>Para más información acuda a <a href='http://empleocastillayleon.jcyl.es/oficinavirtual/buscoEmpleoPub.do?srvc=ver&scope=reg&cod=394079'>Oficina Virtual</a></p>";;ECYL;1179297794667;Cacabelos;42.598667;-6.725914;24;1285677884566;2026-09-10;https://empleo.jcyl.es/web/jcyl/Empleo/es/Plantilla100Detalle/1284216458054/OfertasEmpleo/1285677884566/Empleo;42.598667, -6.725914
MÉDICOS, MEDICINA GENERAL;León;2026-09-10;"<p>N.º OFERTA 19260 DOS PUESTOS DE MÉDICO para Residencia de personas mayores en CACABELOS.
CONDICIONES: Contrato Indefinido a jornada completa y turnos rotativos.
PERSONAS INTERESADAS CONTACTAR O.E DE PONFERRADA TEFL.: 987 410 859 EXT-2</p><p>Para más información acuda a <a href='http://empleocastillayleon.jcyl.es/oficinavirtual/buscoEmpleoPub.do?srvc=ver&scope=reg&cod=394076'>Oficina Virtual</a></p>";;ECYL;1179297794667;Cacabelos;42.598667;-6.725914;24;1285677885836;2026-09-10;https://empleo.jcyl.es/web/jcyl/Empleo/es/Plantilla100Detalle/1284216458054/OfertasEmpleo/1285677885836/Empleo;42.598667, -6.725914
TERAPEUTAS OCUPACIONALES;León;2026-09-10;"<p>N.º OFERTA 19258 UN PUESTO DE TERAPEUTA OCUPACIONAL para residencia de personas mayores en Puente de Domingo Florez.
REQUISTOS: contar con titulación de diplomatura o grado en terapia ocupacional.
CONDICIONES: Contrato temporal a jornada completa
PERSONAS INTERESADAS CONTACTAR O.E DE PONFERRADA TEFL.: 987 410 859 EXT-2 OA24115910</p><p>Para más información acuda a <a href='http://empleocastillayleon.jcyl.es/oficinavirtual/buscoEmpleoPub.do?srvc=ver&scope=reg&cod=394074'>Oficina Virtual</a></p>";;ECYL;1179297906307;Puente de Domingo Flórez;42.41178;-6.819932;24;1285677886040;2026-09-10;https://empleo.jcyl.es/web/jcyl/Empleo/es/Plantilla100Detalle/1284216458054/OfertasEmpleo/1285677886040/Empleo;42.41178, -6.819932
MATARIFES-CARNICEROS, EN GENERAL;León;2026-09-10;"<p>OFERTA nº08/2026/19239.
Se requiere ayudante de carnicería para Toral de los Vados y Camponaraya. Contrato indefinido a jornada completa (mañana y tarde).
REQUISITOS: carné de conducir B.
INTERESADOS CONTACTAR O.E. PONFERRADA tfno. 987410859 ? EXT.2</p><p>Para más información acuda a <a href='http://empleocastillayleon.jcyl.es/oficinavirtual/buscoEmpleoPub.do?srvc=ver&scope=reg&cod=394055'>Oficina Virtual</a></p>";;ECYL;1179298009865;Toral de los Vados;42.57988;-6.7594366;24;1285677812608;2026-09-10;https://empleo.jcyl.es/web/jcyl/Empleo/es/Plantilla100Detalle/1284216458054/OfertasEmpleo/1285677812608/Empleo;42.57988, -6.7594366
SOLDADORES DE ESTRUCTURAS METÁLICAS LIGERAS;León;2026-09-10;"<p>Oferta 19234 de soldador de carpinteria metalica para empresa en Villaquilambre
Se requiere formación relacionada con la materia , experiencia minima de 6 meses y carnet de conducir
Interesados/as ponerse en contacto con la oficina de empleo Serna.Tf.987215200</p><p>Para más información acuda a <a href='http://empleocastillayleon.jcyl.es/oficinavirtual/buscoEmpleoPub.do?srvc=ver&scope=reg&cod=394050'>Oficina Virtual</a></p>";;ECYL;1179298023568;Villaquilambre;42.641293;-5.557725;24;1285677812394;2026-09-10;https://empleo.jcyl.es/web/jcyl/Empleo/es/Plantilla100Detalle/1284216458054/OfertasEmpleo/1285677812394/Empleo;42.641293, -5.557725
FISIOTERAPEUTAS, EN GENERAL;León;2026-09-10;<p>Para más información acuda a <a href='http://empleocastillayleon.jcyl.es/oficinavirtual/buscoEmpleoPub.do?srvc=ver&scope=reg&cod=394011'>Oficina Virtual</a></p>;;ECYL;1179297939654;Santa María de Ordás;42.72667;-5.8231874;24;1285677705629;2026-09-10;https://empleo.jcyl.es/web/jcyl/Empleo/es/Plantilla100Detalle/1284216458054/OfertasEmpleo/1285677705629/Empleo;42.72667, -5.8231874
PERSONAL DE LIMPIEZA O LIMPIADORES EN GENERAL;Palencia;2026-09-10;"<p>OPERARIO DE LIMPIEZA INDUSTRIAL EN FABRICA DE CEMENTO. 
Funciones: LIMPIEZA Y MANTENIMIENTO DE INSTALACIONES DE FÁBRICA DE CEMENTO CON HERRAMIENTAS MANUALES Y ACCESORIOS DE LIMPIEZA, EN ENTORNO DE FÁBRICA DE CEMENTO.
Condiciones: CONTRATO TEMPORAL + POSTERIORMENTE INDEFINIDO.
JORNADA COMPLETA A TURNOS (TARDE - MAÑANA).</p><p>Para más información acuda a <a href='http://empleocastillayleon.jcyl.es/oficinavirtual/buscoEmpleoPub.do?srvc=ver&scope=reg&cod=394036'>Oficina Virtual</a></p>";;ECYL;1179298060901;Venta de Baños;41.920933;-4.4887385;34;1285677781947;2026-09-10;https://empleo.jcyl.es/web/jcyl/Empleo/es/Plantilla100Detalle/1284216458054/OfertasEmpleo/1285677781947/Empleo;41.920933, -4.4887385
PERSONAL DE LIMPIEZA O LIMPIADORES EN GENERAL;Palencia;2026-09-10;<p>Limpieza en oficina y tienda-exposición de vehículos. Opción a contrato indefinido.</p><p>Para más información acuda a <a href='http://empleocastillayleon.jcyl.es/oficinavirtual/buscoEmpleoPub.do?srvc=ver&scope=reg&cod=393998'>Oficina Virtual</a></p>;;ECYL;1179298051138;Aguilar de Campoo;42.79319;-4.262214;34;1285677673464;2026-09-10;https://empleo.jcyl.es/web/jcyl/Empleo/es/Plantilla100Detalle/1284216458054/OfertasEmpleo/1285677673464/Empleo;42.79319, -4.262214
DEPENDIENTES DE CARNICERÍA Y/O CHARCUTERÍA;Salamanca;2026-09-10;<p>Para más información acuda a <a href='http://empleocastillayleon.jcyl.es/oficinavirtual/buscoEmpleoPub.do?srvc=ver&scope=reg&cod=393818'>Oficina Virtual</a></p>;;ECYL;1179298309252;Peñaranda de Bracamonte;40.902077;-5.196565;37;1285677848095;2026-09-10;https://empleo.jcyl.es/web/jcyl/Empleo/es/Plantilla100Detalle/1284216458054/OfertasEmpleo/1285677848095/Empleo;40.902077, -5.196565
FONTANEROS;Salamanca;2026-09-10;<p>Para más información acuda a <a href='http://empleocastillayleon.jcyl.es/oficinavirtual/buscoEmpleoPub.do?srvc=ver&scope=reg&cod=394034'>Oficina Virtual</a></p>;;ECYL;1179298212791;Carbajosa de la Sagrada;40.933918;-5.652571;37;1285677781603;2026-09-10;https://empleo.jcyl.es/web/jcyl/Empleo/es/Plantilla100Detalle/1284216458054/OfertasEmpleo/1285677781603/Empleo;40.933918, -5.652571
PEONES DE LA INDUSTRIA DE LA ALIMENTACIÓN, BEBIDAS Y TABACO;Salamanca;2026-09-10;<p>Para más información acuda a <a href='http://empleocastillayleon.jcyl.es/oficinavirtual/buscoEmpleoPub.do?srvc=ver&scope=reg&cod=393766'>Oficina Virtual</a></p>;;ECYL;1179298360209;Valdelacasa;40.505882;-5.7622414;37;1285677705527;2026-09-10;https://empleo.jcyl.es/web/jcyl/Empleo/es/Plantilla100Detalle/1284216458054/OfertasEmpleo/1285677705527/Empleo;40.505882, -5.7622414
TÉCNICOS EN PREVENCIÓN DE INCENDIOS, EN GENERAL;Salamanca;2026-09-10;<p>EMPRESA UBICADA EN VILLARES DE LA REINA (SALAMANCA) PRECISA CONTRATAR A UN TECNICO EN PREVENCION CONTRA INCENDIOS, CON ESTUDIOS MINIMOS DE FORMACION PROFESIONAL SUPERIOR RELACIONADA CON EL TEMA. LAS PERSONAS INTERESADAS DEBEN PONERSE EN CONTACTO CON LA OFICINA DE SAN QUINTIN MESA 20, TELEFONO 923216709 EXT 852340.</p><p>Para más información acuda a <a href='http://empleocastillayleon.jcyl.es/oficinavirtual/buscoEmpleoPub.do?srvc=ver&scope=reg&cod=393949'>Oficina Virtual</a></p>;;ECYL;1179298378212;Villares de la Reina;41.01053;-5.648107;37;1285677673520;2026-09-10;https://empleo.jcyl.es/web/jcyl/Empleo/es/Plantilla100Detalle/1284216458054/OfertasEmpleo/1285677673520/Empleo;41.01053, -5.648107
CONDUCTORES DE CAMIÓN, EN GENERAL;Salamanca;2026-09-10;<p>Para más información acuda a <a href='http://empleocastillayleon.jcyl.es/oficinavirtual/buscoEmpleoPub.do?srvc=ver&scope=reg&cod=393798'>Oficina Virtual</a></p>;;ECYL;1179298176876;Alaraz;40.74813;-5.288037;37;1285677781808;2026-09-10;https://empleo.jcyl.es/web/jcyl/Empleo/es/Plantilla100Detalle/1284216458054/OfertasEmpleo/1285677781808/Empleo;40.74813, -5.288037
Operario/a de Servicios Múltiples en Ayto. de Ledrada (Salamanca);Salamanca;2026-09-10;"<p><strong>Convoca:</strong> Ayuntamiento de Ledrada</p>
<p><strong>Cuerpo:</strong> OPERARIO/A DE SERVICIOS MÚLTIPLES</p>
<p><strong>Plazas:</strong> 1</p>
<p><strong>Acceso:</strong> Concurso-Oposición</p>
<p><strong>Titulación:</strong> Título de Graduado escolar o Graduado en ESO</p>
<p><strong>Plazo:</strong> 24 de septiembre de 2026</p>
<p><strong>Observaciones: </strong></p>
<ul>
<li>Permiso de conducir B</li>
</ul><p><strong>Información obtenida de: </strong>Empleo público. BOCYL 26/08/2026; BOP 27/08/2026</p><p><strong>Enlaces relacionados:</strong><ul><li><a href='https://bocyl.jcyl.es/boletines/2026/08/26/pdf/BOCYL-D-26082026-165-9.pdf' target='_blank'>Consulte convocatoria en BOCYL</a></li><li><a href='https://www.boe.es/boe/dias/2026/09/10/pdfs/BOE-A-2026-18944.pdf' target='_blank'>Consulte plazo en BOE</a></li><li><a href='https://sede.diputaciondesalamanca.gob.es/documentacion/bop/2026/20260827/BOP-SA-20260827-007.pdf' target='_blank'>Consulte convocatoria en BOP</a></li></ul></p>";;Organismo oficial;1179298266466;Ledrada;40.469257;-5.7207685;37;1285677679146;2026-09-10;https://empleo.jcyl.es/web/jcyl/Empleo/es/Plantilla100Detalle/1284216458054/OfertasEmpleo/1285677679146/Empleo;40.469257, -5.7207685
ESTETICISTAS;Segovia;2026-09-10;<p>TÉCNICO SUPERIOR DE ESTÉTICA CON EXPERIENCIA . HORARIO DE TARDES Y SÁBADOS MAÑANA.INDEFINIDO</p><p>Para más información acuda a <a href='http://empleocastillayleon.jcyl.es/oficinavirtual/buscoEmpleoPub.do?srvc=ver&scope=reg&cod=394027'>Oficina Virtual</a></p>;;ECYL;1179298563848;Segovia;40.94356;-4.1130023;40;1285677750734;2026-09-10;https://empleo.jcyl.es/web/jcyl/Empleo/es/Plantilla100Detalle/1284216458054/OfertasEmpleo/1285677750734/Empleo;40.94356, -4.1130023
EMPLEADOS ADMINISTRATIVOS DE CONTABILIDAD, EN GENERAL;Segovia;2026-09-10;<p>DEPARTAMENTO CONTABILIDAD/FISCAL</p><p>Para más información acuda a <a href='http://empleocastillayleon.jcyl.es/oficinavirtual/buscoEmpleoPub.do?srvc=ver&scope=reg&cod=394013'>Oficina Virtual</a></p>;;ECYL;1179298563848;Segovia;40.94356;-4.1130023;40;1285677705330;2026-09-10;https://empleo.jcyl.es/web/jcyl/Empleo/es/Plantilla100Detalle/1284216458054/OfertasEmpleo/1285677705330/Empleo;40.94356, -4.1130023
ALBAÑILES;Soria;2026-09-10;"<p>SE OFRECE TRABAJO DE PEON DE LA CONTRUCCIÓN EN SORIA
CONTRATO POR OBRA DE 14 VIVIENDAS
JORNADA COMPLETA
INTERESADOS LLAMAR AL 686485334</p><p>Para más información acuda a <a href='http://empleocastillayleon.jcyl.es/oficinavirtual/buscoEmpleoPub.do?srvc=ver&scope=reg&cod=393842'>Oficina Virtual</a></p>";;ECYL;1179469197687;Soria;41.76443;-2.463772;42;1285677848369;2026-09-10;https://empleo.jcyl.es/web/jcyl/Empleo/es/Plantilla100Detalle/1284216458054/OfertasEmpleo/1285677848369/Empleo;41.76443, -2.463772
CONDUCTORES-OPERADORES DE MAQUINARIA AGRÍCOLA CON MOTOR, EN GENERAL;Valladolid;2026-09-10;<p>Para más información acuda a <a href='http://empleocastillayleon.jcyl.es/oficinavirtual/buscoEmpleoPub.do?srvc=ver&scope=reg&cod=393881'>Oficina Virtual</a></p>;;ECYL;1179469299664;Seca (La);41.415596;-4.907835;47;1285677673492;2026-09-10;https://empleo.jcyl.es/web/jcyl/Empleo/es/Plantilla100Detalle/1284216458054/OfertasEmpleo/1285677673492/Empleo;41.415596, -4.907835
TRACTORISTAS-MANIPULADORES AGRÍCOLAS;Valladolid;2026-09-10;"<p>TRACTORISTA para arar, sembrar en Pedrajas de San Esteban.
Se requiere carnet fitosanitario.</p><p>Para más información acuda a <a href='http://empleocastillayleon.jcyl.es/oficinavirtual/buscoEmpleoPub.do?srvc=ver&scope=reg&cod=394045'>Oficina Virtual</a></p>";;ECYL;1179469271961;Pedrajas de San Esteban;41.34258;-4.582621;47;1285677781975;2026-09-10;https://empleo.jcyl.es/web/jcyl/Empleo/es/Plantilla100Detalle/1284216458054/OfertasEmpleo/1285677781975/Empleo;41.34258, -4.582621
PEONES GANADEROS, EN GENERAL;Zamora;2026-09-10;"<p>Oferta Núm 7312 de PEÓN GANADERO para TORRES DEL CARRIZAL(Zamora).
Los interesados/as deben enviar su CV a (ecyldoctorfleming.ofertas@jcyl.es) indicando en el asunto el Núm. de la oferta.
FUNCIONES: Tareas relacionadas con la ganadería de ovejas como ordeñar, dar de comer, limpieza de sala, etc.
CONDICIONES: Contrato indefinido a jornada completa. 
REQUISITOS: Permiso de conducir.</p><p>Para más información acuda a <a href='http://empleocastillayleon.jcyl.es/oficinavirtual/buscoEmpleoPub.do?srvc=ver&scope=reg&cod=382128'>Oficina Virtual</a></p>";;ECYL;1179469474337;Torres del Carrizal;41.61817;-5.669901;49;1285677812887;2026-09-10;https://empleo.jcyl.es/web/jcyl/Empleo/es/Plantilla100Detalle/1284216458054/OfertasEmpleo/1285677812887/Empleo;41.61817, -5.669901
PINTORES-DECORADORES DE RÓTULOS;Zamora;2026-09-10;"<p>Oferta Núm 11594 de ROTULISTA PARA INDUSTRIA GRÁFICA para empresa de ZAMORA.
Los interesados/as deben enviar su CV a (ecyldoctorfleming.ofertas@jcyl.es) indicando en el asunto el Núm. de la oferta.
FUNCIONES: Diseño, selección de materiales, aplicación de vinilos, fabricación de rótulos y luminosos e impresión de gran formato
CONDICIONES: Contrato indefinido a jornada completa. 
REQUISITOS: Permiso de conducir.</p><p>Para más información acuda a <a href='http://empleocastillayleon.jcyl.es/oficinavirtual/buscoEmpleoPub.do?srvc=ver&scope=reg&cod=386410'>Oficina Virtual</a></p>";;ECYL;1179469491795;Zamora;41.507324;-5.745313;49;1285677673408;2026-09-10;https://empleo.jcyl.es/web/jcyl/Empleo/es/Plantilla100Detalle/1284216458054/OfertasEmpleo/1285677673408/Empleo;41.507324, -5.745313
COCINEROS, EN GENERAL;Zamora;2026-09-10;"<p>Oferta Núm 14224 de COCINERO/A para MONFARRACINOS (Zamora).
Los interesados/as deben enviar su CV a (ecyldoctorfleming.ofertas@jcyl.es) indicando en el asunto el Núm. de la oferta.
FUNCIONES: Las propias del puesto.
CONDICIONES: Contrato indefinido a jornada completa. 
REQUISITOS: Formación Profesional Grado Medio en Cocina o Experiencia 12 meses. Permiso de conducir recomendable.</p><p>Para más información acuda a <a href='http://empleocastillayleon.jcyl.es/oficinavirtual/buscoEmpleoPub.do?srvc=ver&scope=reg&cod=389040'>Oficina Virtual</a></p>";;ECYL;1179469397550;Monfarracinos;41.553284;-5.707608;49;1285677812042;2026-09-10;https://empleo.jcyl.es/web/jcyl/Empleo/es/Plantilla100Detalle/1284216458054/OfertasEmpleo/1285677812042/Empleo;41.553284, -5.707608
PELUQUEROS DE SEÑORAS;Zamora;2026-09-10;"<p>Oferta Núm 19212 de PELUQUERA para empresa de ZAMORA.
Los interesados/as deben enviar su CV a (ecyldoctorfleming.ofertas@jcyl.es) indicando en el asunto el Núm. de la oferta.
FUNCIONES: Propias de la ocupación.
CONDICIONES: Contrato temporal a jornada parcial de 10:00 a 14:00 h. 
REQUISITOS: Experiencia 12 meses.</p><p>Para más información acuda a <a href='http://empleocastillayleon.jcyl.es/oficinavirtual/buscoEmpleoPub.do?srvc=ver&scope=reg&cod=394028'>Oficina Virtual</a></p>";;ECYL;1179469491795;Zamora;41.507324;-5.745313;49;1285677750873;2026-09-10;https://empleo.jcyl.es/web/jcyl/Empleo/es/Plantilla100Detalle/1284216458054/OfertasEmpleo/1285677750873/Empleo;41.507324, -5.745313
EMPLEADOS ADMINISTRATIVOS DE CONTABILIDAD, EN GENERAL;Zamora;2026-09-10;"<p>Oferta Núm 19254 de CONTABLE para empresa de ZAMORA.
Los interesados/as deben enviar su CV a (ecyldoctorfleming.ofertas@jcyl.es) indicando en el asunto el Núm. de la oferta.
FUNCIONES: Albaranes, facturas, presupuestos, correo electrónico, contabilidad y administración. 
CONDICIONES: Contrato indefinido a jornada completa. Horario de 9:00 a 13:30 y de 15:30 a 19:00 de lunes a viernes.
REQUISITOS: Grado Superior en administración y finanzas o titulación relacionada con la ocupación. Permiso de conducir B. Experiencia 12 meses.</p><p>Para más información acuda a <a href='http://empleocastillayleon.jcyl.es/oficinavirtual/buscoEmpleoPub.do?srvc=ver&scope=reg&cod=394070'>Oficina Virtual</a></p>";;ECYL;1179469476851;Valcabado;41.5485813501;-5.74864127629;49;1285677884927;2026-09-10;https://empleo.jcyl.es/web/jcyl/Empleo/es/Plantilla100Detalle/1284216458054/OfertasEmpleo/1285677884927/Empleo;41.5485813501, -5.74864127629
Mecánico de coche y/o camión para Burgos;Burgos;2026-09-09;"<p><em>Euromaster </em>selecciona un/a <strong>MECÁNICO/A DE COCHE Y/O CAMIÓN</strong> para su centro ubicado en Villafría (Burgos).</p>
<p><strong>Funciones:</strong></p>
<ul>
<li>Cambios de filtros, frenos, neumáticos, latiguillos y balonas de suspensión de camión.</li>
</ul>
<p><strong>Requisitos:</strong></p>
<ul>
<li>Al menos 2 años de experiencia en el sector. Experiencia valorable en vehículo ligero con actitud de aprender sobre camión.</li>
<li>Conocimientos en mecánica de taller, coches, camiones, embragues, culatas, mecánica rápida, neumáticos y ruedas.</li>
<li>Motivación, iniciativa y orientación al cliente.</li>
</ul>
<p><strong>Se ofrece:</strong></p>
<ul>
<li>Contrato indefinido.</li>
<li>Jornada completa.</li>
<li>Salario: 21.000euros - 25.000euros Bruto/año.</li>
<li>Fines de semana libres.</li>
<li>Seguro de vida, de accidentes y de jubilación.</li>
<li>Acceso a sistemas de retribución flexible con beneficios fiscales.</li>
<li>Formación a cargo de la empresa.</li>
<li>Opciones de desarrollo de carrera profesional.</li>
</ul>
<p><strong>Para solicitar:</strong></p>
<ul>
<li>En el enlace adjunto se puede acceder a la solicitud para el puesto. <strong>Se recuerda que, para poder presentar su candidatura, debe estar inscrito en el portal de empleo que publica la oferta.</strong></li>
</ul><p><strong>Información obtenida de: </strong>Internet/Prensa. <a href='https://www.infojobs.net' target='_blank'>https://www.infojobs.net</a></p><p><strong>Enlaces relacionados:</strong><ul><li><a href='https://www.infojobs.net/villafria-burgos/mecanico-coche-camion-burgos/of-i98374c613c4d43b91253949f4bc1dd?applicationOrigin=search-new&page=2&sortBy=PUBLICATION_DATE' target='_blank'>Más información e inscripción a la oferta</a></li></ul></p><p>Información procedente de: <a href='https://servicios3.jcyl.es/enbo/siau/webapp/boletinEmpleoCyL/boletin/dEt6MnoycXc2M1lobGk2N0hiWjlPUG5wUEpycGNpaVVXYkFDWHhXMTFkQT0%3D/EMPLEO-INTERNET-PRENSA/148673' target='_blank'><strong>Boletín de Empleo de Castilla y León (Ecyl)</strong>.</a></p>";;Internet / Prensa;1179297447246;Burgos;42.3408235575;-3.70205869083;09;1285677490806;2026-09-09;https://empleo.jcyl.es/web/jcyl/Empleo/es/Plantilla100Detalle/1284216458054/OfertasEmpleo/1285677490806/Empleo;42.3408235575, -3.70205869083
2 Carniceros/as para Miranda de Ebro (Burgos);Burgos;2026-09-09;"<p><em>Supermercados Tifer</em> selecciona <strong>2 CARNICEROS/AS </strong>para su tienda de Miranda de Ebro (Burgos).</p>
<p><strong>Funciones:</strong></p>
<ul>
<li>Montaje del mostrador.</li>
<li>Despacho y corte de producto.</li>
<li>Asesoramiento y atención al cliente en la sección correspondiente.</li>
<li>Realización de pedidos.</li>
<li>Gestión de documentación (APPCC, Higiene alimentaria, Trazabilidad).</li>
<li>Limpieza de la sección y utillaje.</li>
<li>Realización de inventarios.</li>
<li>Reposición.</li>
</ul>
<p><strong>Requisitos:</strong></p>
<ul>
<li>Educación Secundaria Obligatoria.</li>
<li>Experiencia mínima de al menos 1 año.</li>
<li>Experiencia en supermercados.</li>
<li>Disponibilidad horaria para trabajar en turnos rotativos (mañana/tarde).</li>
<li>Orientación al cliente.</li>
<li>Capacidad para trabajar en equipo.</li>
</ul>
<p><strong>Se ofrece:</strong></p>
<ul>
<li>Contrato indefinido.</li>
<li>Jornada completa.</li>
<li>Salario según convenio.</li>
</ul>
<p><strong>Para participar:</strong></p>
<ul>
<li>En el enlace adjunto se puede acceder a la solicitud para el puesto. <strong>Se recuerda que, para poder presentar su candidatura, debe estar inscrito/a en el portal de empleo que publica la oferta.</strong></li>
</ul><p><strong>Información obtenida de: </strong>Internet/Prensa. <a href='https://www.infojobs.net' target='_blank'>https://www.infojobs.net</a></p><p><strong>Enlaces relacionados:</strong><ul><li><a href='https://www.infojobs.net/miranda-de-ebro/carnicero-supermercados-tifer-miranda-ebro/of-icfbc8c19a246eb9c94263a471f14da?applicationOrigin=search-new&page=1&sortBy=PUBLICATION_DATE' target='_blank'>Más información e inscripción a la oferta</a></li></ul></p><p>Información procedente de: <a href='https://servicios3.jcyl.es/enbo/siau/webapp/boletinEmpleoCyL/boletin/dEt6MnoycXc2M1lobGk2N0hiWjlPUG5wUEpycGNpaVVXYkFDWHhXMTFkQT0%3D/EMPLEO-INTERNET-PRENSA/148667' target='_blank'><strong>Boletín de Empleo de Castilla y León (Ecyl)</strong>.</a></p>";;Internet / Prensa;1179297562001;Miranda de Ebro;42.679066;-2.9675572;09;1285677490078;2026-09-09;https://empleo.jcyl.es/web/jcyl/Empleo/es/Plantilla100Detalle/1284216458054/OfertasEmpleo/1285677490078/Empleo;42.679066, -2.9675572
ASISTENTES DOMICILIARIOS;Burgos;2026-09-09;"<p>Contrato indefinido de lunes a viernes, 20h/s.
Enviar CV a phernandor@seniorsi.es</p><p>Para más información acuda a <a href='http://empleocastillayleon.jcyl.es/oficinavirtual/buscoEmpleoPub.do?srvc=ver&scope=reg&cod=393961'>Oficina Virtual</a></p>";;ECYL;1182753770460;Huerta de Rey;41.834423;-3.3459716;09;1285677479795;2026-09-09;https://empleo.jcyl.es/web/jcyl/Empleo/es/Plantilla100Detalle/1284216458054/OfertasEmpleo/1285677479795/Empleo;41.834423, -3.3459716
Jefe/a de cocina para Burgos;Burgos;2026-09-09;"<p><em>Robert Walters </em>selecciona un/a<strong> JEFE/A DE COCINA</strong> para trabajar en Burgos.</p>
<p><strong>Funciones:</strong></p>
<ul>
<li>Definir y liderar el nuevo concepto gastronómico.</li>
<li>Crear menús y diseñar propuestas innovadoras, estéticas y adaptadas a tendencias actuales.</li>
<li>Gestionar la cocina de forma integral: organizar el equipo, controlar costes (escandallos) y seleccionar proveedores.</li>
<li>Liderar, formar y desarrollar al equipo de cocina.</li>
<li>Coordinar con el equipo de eventos y sala para asegurar una experiencia integral.</li>
<li>Supervisar la operativa durante los eventos.</li>
</ul>
<p><strong>Requisitos:</strong></p>
<ul>
<li>Estudios mínimos: Ciclo Formativo Grado Medio.</li>
<li>Experiencia mínima de al menos 4 años como jefe/a de cocina o segundo de cocina.</li>
<li>Experiencia en eventos de gran volumen, catering premium o restaurantes.</li>
<li>Conocimientos en higiene, montaje de platos, elaboración de menús, control de calidad y cocina internacional.</li>
<li>Alta sensibilidad por la presentación, el detalle y la experiencia del cliente.</li>
<li>Perfil creativo, con capacidad para crear conceptos gastronómicos desde cero.</li>
<li>Experiencia liderando equipos amplios.</li>
<li>Capacidad de trabajar en entornos dinámicos y exigentes.</li>
<li>Se valorará experiencia en reposicionamiento o apertura de proyectos.</li>
</ul>
<p><strong>Se ofrece:</strong></p>
<ul>
<li>Contrato indefinido.</li>
<li>Jornada completa.</li>
<li>Condiciones competitivas acordes al nivel de responsabilidad.</li>
<li>Posible apoyo en vivienda o reubicación (a valorar).</li>
</ul>
<p><strong>Para solicitar:</strong></p>
<ul>
<li>En el enlace adjunto se puede acceder a la solicitud para el puesto. <strong>Se recuerda que, para poder presentar su candidatura, debe estar inscrito en el portal de empleo que publica la oferta.</strong></li>
</ul><p><strong>Información obtenida de: </strong>Internet/Prensa. <a href='https://www.infojobs.net' target='_blank'>https://www.infojobs.net</a></p><p><strong>Enlaces relacionados:</strong><ul><li><a href='https://www.infojobs.net/burgos/jefe-cocina/of-ice56c49b9c4c24a418172e60b0fb34?applicationOrigin=search-new&page=1&sortBy=PUBLICATION_DATE' target='_blank'>Más información e inscripción a la oferta</a></li></ul></p><p>Información procedente de: <a href='https://servicios3.jcyl.es/enbo/siau/webapp/boletinEmpleoCyL/boletin/dEt6MnoycXc2M1lobGk2N0hiWjlPUG5wUEpycGNpaVVXYkFDWHhXMTFkQT0%3D/EMPLEO-INTERNET-PRENSA/148853' target='_blank'><strong>Boletín de Empleo de Castilla y León (Ecyl)</strong>.</a></p>";;Internet / Prensa;1179297447246;Burgos;42.3408235575;-3.70205869083;09;1285677490582;2026-09-09;https://empleo.jcyl.es/web/jcyl/Empleo/es/Plantilla100Detalle/1284216458054/OfertasEmpleo/1285677490582/Empleo;42.3408235575, -3.70205869083
Dependiente/a para Burgos;Burgos;2026-09-09;"<p><em>Vilux Inversiones</em> selecciona un/a <strong>DEPENDIENTE/A</strong> para Burgos.</p>
<p><strong>Funciones:</strong></p>
<ul>
<li>Atención al público: Dar la bienvenida a los clientes, escuchar atentamente sus necesidades y ofrecer un servicio personalizado y de calidad.</li>
<li>Venta y asesoramiento de gafa graduada, sol y lentes de contacto: Ayudar a los clientes a encontrar los productos adecuados, proporcionando información detallada y recomendaciones personalizadas.</li>
<li>Fidelización de clientes: Establecer relaciones a largo plazo con los clientes, anticipando sus necesidades y ofreciendo un servicio excepcional que los mantenga satisfechos y fieles a la marca.</li>
</ul>
<p><strong>Requisitos:</strong></p>
<ul>
<li>No es necesaria experiencia previa nosotros te enseñamos.</li>
<li>Buenas habilidades de comunicación y servicio al cliente.</li>
<li>Capacidad para trabajar en equipo y contribuir al logro de los objetivos comunes.</li>
<li>Interés por la moda y los productos que ofrecemos.</li>
<li>Actitud positiva, proactiva, siempre a sumar.</li>
</ul>
<p><strong>Se ofrece:</strong></p>
<ul>
<li>Ambiente de trabajo agradable y de crecimiento profesional.</li>
<li>Oportunidades de desarrollo y formación continua.</li>
<li>Jornada parcial - tarde.</li>
</ul>
<p><strong>Para solicitar:</strong></p>
<ul>
<li>En el enlace adjunto se puede acceder a la solicitud para el puesto. <strong>Se recuerda que, para presentar su candidatura, deberá estar inscrito/a en el portal que publica la oferta.</strong></li>
</ul><p><strong>Información obtenida de: </strong>Internet/Prensa. <a href='https://www.infojobs.net/' target='_blank'>https://www.infojobs.net/</a></p><p><strong>Enlaces relacionados:</strong><ul><li><a href='https://www.infojobs.net/burgos/dependiente/of-i52c15ceff6443a8b93a3217fd432fc?applicationOrigin=search-new&page=1&sortBy=PUBLICATION_DATE' target='_blank'>Más información e inscripción a la oferta</a></li></ul></p><p>Información procedente de: <a href='https://servicios3.jcyl.es/enbo/siau/webapp/boletinEmpleoCyL/boletin/dEt6MnoycXc2M1lobGk2N0hiWjlPUG5wUEpycGNpaVVXYkFDWHhXMTFkQT0%3D/EMPLEO-INTERNET-PRENSA/148707' target='_blank'><strong>Boletín de Empleo de Castilla y León (Ecyl)</strong>.</a></p>";;Internet / Prensa;1179297447246;Burgos;42.3408235575;-3.70205869083;09;1285677490190;2026-09-09;https://empleo.jcyl.es/web/jcyl/Empleo/es/Plantilla100Detalle/1284216458054/OfertasEmpleo/1285677490190/Empleo;42.3408235575, -3.70205869083
Vendedor/a colchones y descanso para Burgos;Burgos;2026-09-09;"<p><em>AC Sueños y Confort S.L. </em>selecciona un/a<strong> VENDEDOR/A DE COLCHONES Y DESCANSO CON RESPONSABILIDAD DE TIENDA </strong>para Burgos.</p>
<p><strong>Funciones:</strong></p>
<ul>
<li>Atender a clientes, detectar sus necesidades y asesorar sobre productos de descanso (colchones, canapés, bases, camas articuladas, almohadas y complementos).</li>
<li>Explicar características técnicas de los productos y guiar la prueba y comparación de los mismos.</li>
<li>Resolver dudas y objeciones, y conducir la conversación hacia el cierre de la venta, proponiendo productos complementarios.</li>
<li>Elaborar presupuestos y pedidos, y realizar su seguimiento comercial.</li>
<li>Informar sobre medidas, mantenimiento y condiciones de entrega de los productos.</li>
<li>Realizar la apertura y el cierre del establecimiento según los procedimientos de la empresa.</li>
<li>Mantener la tienda limpia, ordenada y preparada para recibir a los clientes, cuidando la exposición, el etiquetado y la presentación de los productos.</li>
<li>Gestionar cobros, caja y la documentación de las ventas.</li>
<li>Controlar las existencias, recibir y comprobar la mercancía, y comunicar las necesidades de reposición.</li>
<li>Coordinar y hacer seguimiento de pedidos, entregas y montajes con los equipos correspondientes.</li>
<li>Atender consultas e incidencias posventa, tramitarlas y realizar su seguimiento hasta su resolución.</li>
<li>Detectar necesidades de mantenimiento y ocuparse de las tareas cotidianas del establecimiento dentro de su ámbito de responsabilidad.</li>
</ul>
<p><strong>Requisitos:</strong></p>
<ul>
<li>Estudios mínimos: Bachillerato.</li>
<li>Conocimientos y habilidades en: Customer service, venta personalizada, manejo de TPV, reposición, control de tienda, habilidades comerciales, cierre de ventas y orientación a resultados.</li>
<li>Experiencia en venta presencial y trato directo con clientes.</li>
<li>Capacidad para preguntar, escuchar y adaptar la conversación a cada situación de compra.</li>
<li>Iniciativa comercial y orientación a resultados, cuidando la satisfacción del cliente.</li>
<li>Seguridad para gestionar objeciones y proponer el cierre de una venta.</li>
<li>Facilidad para estudiar y recordar características de producto y explicarlas con palabras sencillas.</li>
<li>Organización, responsabilidad, autonomía y atención al detalle.</li>
<li>Disposición para aprender y aplicar el método de venta de Camastock.</li>
<li>Incorporación inmediata.</li>
</ul>
<p><strong>Se ofrece:</strong></p>
<ul>
<li>Contrato indefinido.</li>
<li>Jornada completa.</li>
<li>Retribución: 1.400euros - 2.400euros Bruto/mes (Según Convenio + atractivas comisiones).</li>
<li>Formación específica en producto, detección de necesidades, argumentación y técnicas de cierre.</li>
<li>Materiales de consulta y un método de venta estructurado para desarrollar el trabajo en tienda.</li>
</ul>
<p><strong>Para solicitar:</strong></p>
<ul>
<li>En el enlace adjunto se puede acceder a la solicitud para el puesto. <strong>Se recuerda que, para poder presentar su candidatura, debe estar inscrito en el portal de empleo que publica la oferta.</strong></li>
</ul><p><strong>Información obtenida de: </strong>Internet/Prensa. <a href='https://www.infojobs.net' target='_blank'>https://www.infojobs.net</a></p><p><strong>Enlaces relacionados:</strong><ul><li><a href='https://www.infojobs.net/burgos/vendedor-colchones-descanso-con-responsabilidad-tienda-camastock/of-if0b88ac6c34528b4ff396a8901cd1c?applicationOrigin=search-new&page=1&sortBy=PUBLICATION_DATE' target='_blank'>Más información e inscripción a la oferta</a></li></ul></p><p>Información procedente de: <a href='https://servicios3.jcyl.es/enbo/siau/webapp/boletinEmpleoCyL/boletin/dEt6MnoycXc2M1lobGk2N0hiWjlPUG5wUEpycGNpaVVXYkFDWHhXMTFkQT0%3D/EMPLEO-INTERNET-PRENSA/148665' target='_blank'><strong>Boletín de Empleo de Castilla y León (Ecyl)</strong>.</a></p>";;Internet / Prensa;1179297447246;Burgos;42.3408235575;-3.70205869083;09;1285677489658;2026-09-09;https://empleo.jcyl.es/web/jcyl/Empleo/es/Plantilla100Detalle/1284216458054/OfertasEmpleo/1285677489658/Empleo;42.3408235575, -3.70205869083
3 Delineantes proyectistas para Burgos;Burgos;2026-09-09;"<p><em>Faster Empleo Ett </em>selecciona 3 <strong>DELINEANTES PROYECTISTAS</strong> para Burgos.</p>
<p><strong>Funciones:</strong></p>
<ul>
<li>Elaborar planos de conjunto, despiece y detalle constructivo.</li>
<li>Desarrollar planos para fabricación y montaje.</li>
<li>Revisar y actualizar la documentación técnica según avance cada proyecto.</li>
<li>Gestionar versiones y realizar el control documental de planos.</li>
<li>Dar apoyo gráfico al Técnico de Oficina Técnica y al área de cálculo estructural.</li>
<li>Colaborar con los equipos implicados para facilitar la correcta interpretación y ejecución de las soluciones técnicas.</li>
</ul>
<p><strong>Requisitos:</strong></p>
<ul>
<li>Ciclo Formativo Grado Superior.</li>
<li>Experiencia mínima de al menos 1 año.</li>
</ul>
<p><strong>Se ofrece:</strong></p>
<ul>
<li>Jornada completa.</li>
</ul>
<p><strong>Para solicitar:</strong></p>
<ul>
<li>En el enlace adjunto se puede acceder a la solicitud para el puesto. <strong>Se recuerda que, para poder presentar su candidatura, debe estar inscrito/a en el portal de empleo que publica la oferta.</strong></li>
</ul><p><strong>Información obtenida de: </strong>Internet/Prensa. <a href='https://www.infojobs.net/' target='_blank'>https://www.infojobs.net/</a></p><p><strong>Enlaces relacionados:</strong><ul><li><a href='https://www.infojobs.net/burgos/delineante-proyectista/of-i4af6d1d7f74ff288855bd9972ba32d?applicationOrigin=search-new&page=1&sortBy=PUBLICATION_DATE' target='_blank'>Más información e inscripción a la oferta</a></li></ul></p><p>Información procedente de: <a href='https://servicios3.jcyl.es/enbo/siau/webapp/boletinEmpleoCyL/boletin/dEt6MnoycXc2M1lobGk2N0hiWjlPUG5wUEpycGNpaVVXYkFDWHhXMTFkQT0%3D/EMPLEO-INTERNET-PRENSA/148669' target='_blank'><strong>Boletín de Empleo de Castilla y León (Ecyl)</strong>.</a></p>";;Internet / Prensa;1179297447246;Burgos;42.3408235575;-3.70205869083;09;1285677489770;2026-09-09;https://empleo.jcyl.es/web/jcyl/Empleo/es/Plantilla100Detalle/1284216458054/OfertasEmpleo/1285677489770/Empleo;42.3408235575, -3.70205869083
CARPINTEROS DE ARMAR, EN CONSTRUCCIÓN;Burgos;2026-09-09;"<p>Se precisa MONTADOR/A DE MUEBLES DE COCINA para STUDIO 12 COCINAS, para armar muebles de cocina en taller. Se requiere persona responsable y cuidadosa, con manejo de herramientas y carnet de conducir. Experiencia valorable.
Se ofrece contrato laboral temporal jornada completa (horario 07:00-15:00).
Oferta dirigida a personas inscritas en los servicios públicos de empleo. 
No se contestarán candidaturas que no reúnan los requisitos exigidos. 
INTERESADOS contactar con nombre+apellidos+DNI a studio12cocinas@gmail.com con copia a ecyljuandepadilla.ofertas@jcyl.es con asunto ?OFERTA 19169 M.COCINA?.</p><p>Para más información acuda a <a href='http://empleocastillayleon.jcyl.es/oficinavirtual/buscoEmpleoPub.do?srvc=ver&scope=reg&cod=393985'>Oficina Virtual</a></p>";;ECYL;1179297447246;Burgos;42.3408235575;-3.70205869083;09;1285677526334;2026-09-09;https://empleo.jcyl.es/web/jcyl/Empleo/es/Plantilla100Detalle/1284216458054/OfertasEmpleo/1285677526334/Empleo;42.3408235575, -3.70205869083
TERAPEUTAS OCUPACIONALES;Burgos;2026-09-09;"<p>PUESTO SOLICITADO: Terapeuta ocupacional 
LOCALIDAD: Belorado (Burgos). 
REQUISITOS: 
. Grado Terapia ocupacional. 
. Permiso de conducir. 
. Conocimientos de informática. 
SE OFRECE: Jornada parcial de tarde (20h/s). Contrato indefinido.</p><p>Para más información acuda a <a href='http://empleocastillayleon.jcyl.es/oficinavirtual/buscoEmpleoPub.do?srvc=ver&scope=reg&cod=393972'>Oficina Virtual</a></p>";;ECYL;1179297442141;Belorado;42.344475;-3.6919074;09;1285677480620;2026-09-09;https://empleo.jcyl.es/web/jcyl/Empleo/es/Plantilla100Detalle/1284216458054/OfertasEmpleo/1285677480620/Empleo;42.344475, -3.6919074
ENFERMEROS DE CUIDADOS GENERALES;Burgos;2026-09-09;"<p>CONTACTAR CON LA OFICINA DE EMPLEO DE MIRANDA DE EBRO
TFNO. 947320408
NO ENVIAR CV</p><p>Para más información acuda a <a href='http://empleocastillayleon.jcyl.es/oficinavirtual/buscoEmpleoPub.do?srvc=ver&scope=reg&cod=391063'>Oficina Virtual</a></p>";;ECYL;1179297562001;Miranda de Ebro;42.679066;-2.9675572;09;1285677353489;2026-09-09;https://empleo.jcyl.es/web/jcyl/Empleo/es/Plantilla100Detalle/1284216458054/OfertasEmpleo/1285677353489/Empleo;42.679066, -2.9675572
ENFERMEROS DE CUIDADOS GENERALES;Burgos;2026-09-09;"<p>CONTACTAR CON LA OFICINA DE EMPLEO DE MIRANDA DE EBRO.
TFNO. 947320408
NO ENVIAR CV</p><p>Para más información acuda a <a href='http://empleocastillayleon.jcyl.es/oficinavirtual/buscoEmpleoPub.do?srvc=ver&scope=reg&cod=384849'>Oficina Virtual</a></p>";;ECYL;1179297562001;Miranda de Ebro;42.679066;-2.9675572;09;1285677353577;2026-09-09;https://empleo.jcyl.es/web/jcyl/Empleo/es/Plantilla100Detalle/1284216458054/OfertasEmpleo/1285677353577/Empleo;42.679066, -2.9675572
PSICÓLOGOS, EN GENERAL;Burgos;2026-09-09;"<p>PSICÓLOGA/O, en una Fundación de la ciudad de Burgos. 
FUNCIONES: Estudio y valoración de casos en coordinación con la persona Trabajadora Social del CEAS, y toma de decisiones sobre la intervención a efectuar.
Determinación de la línea de intervención, los recursos a emplear y los cambios necesarios para una adecuada evolución del tratamiento.
Valoración de la situación psicológica de la familia y de la dinámica familiar, identificando necesidades y recursos.
Diseño y desarrollo de terapias e intervenciones específicas de mediación y apoyo psicológico personal a los miembros de la familia?
CONDICIONES: Contrato temporal (4 meses). Jornada completa. Horario de lunes a viernes de 9:00 a 15:00, con tardes según las necesidades de entrevistas con familias. Salario: 26.284euros</p><p>Para más información acuda a <a href='http://empleocastillayleon.jcyl.es/oficinavirtual/buscoEmpleoPub.do?srvc=ver&scope=reg&cod=393921'>Oficina Virtual</a></p>";;ECYL;1179297447246;Burgos;42.3408235575;-3.70205869083;09;1285677325821;2026-09-09;https://empleo.jcyl.es/web/jcyl/Empleo/es/Plantilla100Detalle/1284216458054/OfertasEmpleo/1285677325821/Empleo;42.3408235575, -3.70205869083
Oficial 1ª electricista industrial - electromecánico/a para Burgos;Burgos;2026-09-09;"<p><em>Madic Iberia S.L</em> selecciona un/a <strong>OFICIAL 1 ELECTRICISTA INDUSTRIAL - ELECTROMECÁNICO/A</strong> con desplazamientos nacionales para su centro ubicado en Burgos. </p>
<p><strong>Funciones: </strong></p>
<ul>
<li>Instalación, cableado y conexión de equipos eléctricos y de control en Estaciones de Servicio (aparatos surtidores, bombas sumergidas, sistemas de detección).</li>
<li>Interpretación ágil de esquemas eléctricos unifilares sobre el terreno.</li>
<li>Anclaje y conexión de cuadros eléctricos de potencia y maniobra (previamente fabricados).</li>
<li>Realización de pruebas de funcionamiento y puesta en marcha final entregando el proyecto al cliente.</li>
</ul>
<p><strong>Requisitos: </strong></p>
<ul>
<li>Formación o conocimientos en electricidad, electrónica o electromecánica.</li>
<li>Experiencia real tirando mangueras, conectando cuadros y realizando instalaciones eléctricas industriales o comerciales a pie de obra.</li>
<li>Movilidad geográfica absoluta: Obligatorio disponibilidad para salir de casa el lunes y pernoctar fuera hasta el viernes.</li>
<li>Carnet de conducir B en vigor.</li>
</ul>
<p><strong>Se ofrece: </strong></p>
<ul>
<li>Contrato indefinido.</li>
<li>Jornada completa.</li>
<li>Salario negociable según la autonomía y experiencia aportada (más de 25.000euros).</li>
<li>Dietas de desplazamiento: 95euros por cada día de viaje para la gestión personal de alojamiento y manutención.</li>
<li>Vehículo de empresa equipado con herramienta profesional para los desplazamientos desde la base a la obra.</li>
<li>Formación técnica continua a cargo de la empresa para dominar nuestros equipos de hidrocarburos.</li>
</ul>
<p><strong>Para solicitar: </strong></p>
<ul>
<li>En el enlace adjunto se puede acceder a la solicitud para el puesto. <strong>Se recuerda que, para presentar su candidatura, deberá estar inscrito/a en el portal que publica la oferta.</strong></li>
</ul><p><strong>Información obtenida de: </strong>Internet/Prensa. <a href='https://www.infojobs.net' target='_blank'>https://www.infojobs.net</a></p><p><strong>Enlaces relacionados:</strong><ul><li><a href='https://www.infojobs.net/burgos/oficial-1-electricista-industrial-electromecanico-desplazamientos-nacionales/of-i992c58fcbc4b918490675372a3f332?applicationOrigin=search-new&page=1&sortBy=PUBLICATION_DATE' target='_blank'>Más información e inscripción a la oferta</a></li></ul></p><p>Información procedente de: <a href='https://servicios3.jcyl.es/enbo/siau/webapp/boletinEmpleoCyL/boletin/dEt6MnoycXc2M1lobGk2N0hiWjlPUG5wUEpycGNpaVVXYkFDWHhXMTFkQT0%3D/EMPLEO-INTERNET-PRENSA/148850' target='_blank'><strong>Boletín de Empleo de Castilla y León (Ecyl)</strong>.</a></p>";;Internet / Prensa;1179297447246;Burgos;42.3408235575;-3.70205869083;09;1285677490554;2026-09-09;https://empleo.jcyl.es/web/jcyl/Empleo/es/Plantilla100Detalle/1284216458054/OfertasEmpleo/1285677490554/Empleo;42.3408235575, -3.70205869083
Pescadero/a para Burgos;Burgos;2026-09-09;"<p><em>Supermercados Tifer </em>selecciona un/a<strong> PESCADERO/A </strong>para Burgos.</p>
<p><strong>Funciones</strong>:</p>
<ul>
<li>Montaje del mostrador.</li>
<li>Despacho y corte de producto.</li>
<li>Asesoramiento y atención al cliente en la sección correspondiente.</li>
<li>Realización de pedidos.</li>
<li>Gestión de documentación (APPCC, Higiene alimentaria, Trazabilidad).</li>
<li>Limpieza de la sección y utillaje.</li>
<li>Realización de inventarios.</li>
</ul>
<p><strong>Requisitos:</strong></p>
<ul>
<li>Educación Secundaria Obligatoria.</li>
<li>Experiencia mínima de al menos 1 año en la sección.</li>
<li>Disponibilidad horaria para trabajar en turnos rotativos (L-S mañana o tarde).</li>
<li>Orientación al cliente.</li>
<li>Capacidad para trabajar en equipo.</li>
</ul>
<p><strong>Se ofrece:</strong></p>
<ul>
<li>Contrato indefinido.</li>
<li>Jornada completa.</li>
<li>Salario según convenio.</li>
</ul>
<p><strong>Para solicitar:</strong></p>
<ul>
<li>En el enlace adjunto se puede acceder a la solicitud para el puesto. <strong>Se recuerda que, para presentar su candidatura, deberá estar inscrito/a en el portal que publica la oferta.</strong></li>
</ul><p><strong>Información obtenida de: </strong>Internet/Prensa. <a href='https://www.infojobs.net' target='_blank'>https://www.infojobs.net</a></p><p><strong>Enlaces relacionados:</strong><ul><li><a href='https://www.infojobs.net/burgos/pescadero-supermercados-tifer-burgos/of-icc512195cc4b4bb2d01388c5cdc271?applicationOrigin=search-new&page=1&sortBy=PUBLICATION_DATE' target='_blank'>Más información e inscripción a la oferta</a></li></ul></p><p>Información procedente de: <a href='https://servicios3.jcyl.es/enbo/siau/webapp/boletinEmpleoCyL/boletin/dEt6MnoycXc2M1lobGk2N0hiWjlPUG5wUEpycGNpaVVXYkFDWHhXMTFkQT0%3D/EMPLEO-INTERNET-PRENSA/148703' target='_blank'><strong>Boletín de Empleo de Castilla y León (Ecyl)</strong>.</a></p>";;Internet / Prensa;1179297447246;Burgos;42.3408235575;-3.70205869083;09;1285677490134;2026-09-09;https://empleo.jcyl.es/web/jcyl/Empleo/es/Plantilla100Detalle/1284216458054/OfertasEmpleo/1285677490134/Empleo;42.3408235575, -3.70205869083
Jefe/a de tráfico & transporte-cliente final para Burgos;Burgos;2026-09-09;"<p><em>Hubtalent</em> selecciona un/a <strong>JEFE /A DE TRÁFICO & TRANSPORTE- CLIENTE FINAL </strong>para Burgos.</p>
<p><strong>Funciones:</strong></p>
<ul>
<li>Coordinación entre Supply Chain y comercial, liderando la gestión y automatización de procesos de transporte, proyectos de mejora continua y optimización de rutas, cargas y KPIs de servicio y eficiencia:
<ul>
<li>Gestión de transporte y distribución capilar.</li>
<li>Planificación y control de rutas, cargas y entregas.</li>
<li>Gestión de incidencias y devoluciones.</li>
<li>Coordinación con Supply Chain, almacén, transporte y comercial.</li>
<li>Control de costes, servicio y operaciones.</li>
<li>Manejo de herramientas de gestión y planificación del transporte.</li>
</ul>
</li>
</ul>
<p><strong>Requisitos:</strong></p>
<ul>
<li>Estudios mínimos: Ingeniería Técnica.</li>
<li>Experiencia mínima de al menos 2 años.</li>
</ul>
<p><strong>Se ofrece:</strong></p>
<ul>
<li>Contrato indefinido.</li>
<li>Jornada completa.</li>
<li>Salario + variable.</li>
<li>Horario: centrada y salida flexible.</li>
<li>Posibilidad de teletrabajo.</li>
</ul>
<p><strong>Para solicitar:</strong></p>
<ul>
<li>En el enlace adjunto se puede acceder a la solicitud para el puesto. <strong>Se recuerda que, para presentar su candidatura, deberá estar inscrito/a en el portal que publica la oferta.</strong></li>
</ul><p><strong>Información obtenida de: </strong>Internet/Prensa. <a href='https://www.infojobs.net' target='_blank'>https://www.infojobs.net</a></p><p><strong>Enlaces relacionados:</strong><ul><li><a href='https://www.infojobs.net/burgos/jefe-trafico-transporte-cliente-final/of-i92e99017504c91b1f629e268563623?applicationOrigin=search-new&page=1&sortBy=PUBLICATION_DATE' target='_blank'>Más información e inscripción a la oferta</a></li></ul></p><p>Información procedente de: <a href='https://servicios3.jcyl.es/enbo/siau/webapp/boletinEmpleoCyL/boletin/dEt6MnoycXc2M1lobGk2N0hiWjlPUG5wUEpycGNpaVVXYkFDWHhXMTFkQT0%3D/EMPLEO-INTERNET-PRENSA/148704' target='_blank'><strong>Boletín de Empleo de Castilla y León (Ecyl)</strong>.</a></p>";;Internet / Prensa;1179297447246;Burgos;42.3408235575;-3.70205869083;09;1285677489462;2026-09-09;https://empleo.jcyl.es/web/jcyl/Empleo/es/Plantilla100Detalle/1284216458054/OfertasEmpleo/1285677489462/Empleo;42.3408235575, -3.70205869083
Cajero/a para Melgar de Fernamental (Burgos);Burgos;2026-09-09;"<p><em>Lupa Supermercados </em>selecciona un/a <strong>CAJERO/A </strong>para Melgar de Fernamental (Burgos).</p>
<p><strong>Funciones:</strong></p>
<ul>
<li>Cobro en caja.</li>
<li>Reposición de tienda.</li>
<li>Limpieza del puesto de trabajo.</li>
</ul>
<p><strong>Requisitos:</strong></p>
<ul>
<li>Educación Secundaria Obligatoria.</li>
<li>Experiencia mínima no requerida, pero se valora experiencia en el sector.</li>
<li>Disponibilidad horaria para trabajar en turnos rotativos y flexibilidad para partir la jornada en momentos puntuales, por necesidades de la tienda.</li>
<li>Orientación al cliente.</li>
<li>Capacidad para trabajar en equipo.</li>
<li>Disponibilidad inmediata de incorporación en el puesto de trabajo.</li>
</ul>
<p><strong>Se ofrece:</strong></p>
<ul>
<li>Contrato por interinidad.</li>
<li>Jornada completa.</li>
<li>Salario 17.000euros - 18.000euros Bruto/año.</li>
</ul>
<p><strong>Para solicitar:</strong></p>
<ul>
<li>En el enlace adjunto se puede acceder a la solicitud para el puesto. <strong>Se recuerda que, para poder presentar su candidatura, debe estar inscrito/a en el portal de empleo que publica la oferta.</strong></li>
</ul><p><strong>Información obtenida de: </strong>Internet/Prensa. <a href='https://www.infojobs.net' target='_blank'>https://www.infojobs.net</a></p><p><strong>Enlaces relacionados:</strong><ul><li><a href='https://www.infojobs.net/melgar-de-fernamental/cajero-melgar-fernamental/of-i0db21c466c4444ac97d80f1eb6c8d6?applicationOrigin=search-new&page=1&sortBy=PUBLICATION_DATE' target='_blank'>Más información e inscripción a la oferta</a></li></ul></p><p>Información procedente de: <a href='https://servicios3.jcyl.es/enbo/siau/webapp/boletinEmpleoCyL/boletin/dEt6MnoycXc2M1lobGk2N0hiWjlPUG5wUEpycGNpaVVXYkFDWHhXMTFkQT0%3D/EMPLEO-INTERNET-PRENSA/148671' target='_blank'><strong>Boletín de Empleo de Castilla y León (Ecyl)</strong>.</a></p>";;Internet / Prensa;1179297544045;Melgar de Fernamental;42.403416;-4.2444806;09;1285677490022;2026-09-09;https://empleo.jcyl.es/web/jcyl/Empleo/es/Plantilla100Detalle/1284216458054/OfertasEmpleo/1285677490022/Empleo;42.403416, -4.2444806
ENFERMEROS DE CUIDADOS GENERALES;Burgos;2026-09-09;"<p>CONTACTAR CON LA OFICINA DE EMPLEO DE MIRANDA DE EBRO
TFNO. 947320408
NO ENVIAR CV</p><p>Para más información acuda a <a href='http://empleocastillayleon.jcyl.es/oficinavirtual/buscoEmpleoPub.do?srvc=ver&scope=reg&cod=384834'>Oficina Virtual</a></p>";;ECYL;1179297562001;Miranda de Ebro;42.679066;-2.9675572;09;1285677353460;2026-09-09;https://empleo.jcyl.es/web/jcyl/Empleo/es/Plantilla100Detalle/1284216458054/OfertasEmpleo/1285677353460/Empleo;42.679066, -2.9675572
ENFERMEROS DE CUIDADOS GENERALES;Burgos;2026-09-09;"<p>CONTACTAR CON LA OFICINA DE EMPLEO DE MIRANDA DE EBRO
TFNO. 947320408
NO ENVIAR CV</p><p>Para más información acuda a <a href='http://empleocastillayleon.jcyl.es/oficinavirtual/buscoEmpleoPub.do?srvc=ver&scope=reg&cod=382933'>Oficina Virtual</a></p>";;ECYL;1179297562001;Miranda de Ebro;42.679066;-2.9675572;09;1285677353545;2026-09-09;https://empleo.jcyl.es/web/jcyl/Empleo/es/Plantilla100Detalle/1284216458054/OfertasEmpleo/1285677353545/Empleo;42.679066, -2.9675572
15 Operarios/as de producción sector alimentación en La Antigua (León);León;2026-09-09;"<p><em>Randstad</em> selecciona <strong>15 OPERARIOS/AS DE PRODUCCIÓN SECTOR ALIMENTACIÓN</strong> para La Antigua (León)</p>
<p><strong>Funciones:</strong></p>
<ul>
<li>Preparación y despiece de materia prima (limpieza y fileteado preciso del producto).</li>
<li>Tareas del proceso de salado y ahumado según los estándares de calidad.</li>
<li>Envasado, etiquetado y preparación de pedidos para su posterior distribución.</li>
<li>Mantener las condiciones óptimas de higiene y seguridad en el área de trabajo.</li>
</ul>
<p><strong>Requisitos:</strong></p>
<ul>
<li>Conocimientos de operario en cadena de producción</li>
<li>Valorable experiencia en entornos de fábrica, sector industrial o trabajos de campo.</li>
<li>Disponibilidad para trabajar en turnos rotativos de mañana y tarde de lunes a sábado.</li>
<li>Vehículo propio para desplazarse al centro de trabajo en La Antigua (León).</li>
<li>Dominio fluido del idioma castellano.</li>
<li>Interés por los puestos de manipulado detallado y compromiso con proyectos estables.</li>
</ul>
<p><strong>Se ofrece:</strong></p>
<ul>
<li>Contrato de larga duración con opción real de continuidad y desarrollo profesional continuo.</li>
<li>Jornada completa,</li>
<li>Horario de lunes a sábado con turnos rotativos de mañana y tarde.</li>
<li>Salario competitivo: 10,69 euros hora /bruta.</li>
<li>Formación continua en planta y excelente ambiente de trabajo.</li>
</ul>
<p><strong>Para solicitar:</strong></p>
<ul>
<li>En el enlace adjunto se puede acceder a la solicitud para el puesto. <strong>Se recuerda que, para poder presentar su candidatura, debe estar inscrito en el portal de empleo que publica la oferta.</strong></li>
</ul><p><strong>Información obtenida de: </strong>Internet/Prensa. <a href='https://www.randstad.es' target='_blank'>https://www.randstad.es</a></p><p><strong>Enlaces relacionados:</strong><ul><li><a href='https://www.randstad.es/candidatos/ofertas-empleo/oferta/operario-a-produccion-sector-alimentacion-puesto-estable-antigua-3004678/' target='_blank'>Más información e inscripción a la oferta</a></li></ul></p><p>Información procedente de: <a href='https://servicios3.jcyl.es/enbo/siau/webapp/boletinEmpleoCyL/boletin/dEt6MnoycXc2M1lobGk2N0hiWjlPUG5wUEpycGNpaVVXYkFDWHhXMTFkQT0%3D/EMPLEO-INTERNET-PRENSA/148668' target='_blank'><strong>Boletín de Empleo de Castilla y León (Ecyl)</strong>.</a></p>";;Internet / Prensa;1179297763557;Antigua (La);42.178825;-5.6908336;24;1285677489574;2026-09-09;https://empleo.jcyl.es/web/jcyl/Empleo/es/Plantilla100Detalle/1284216458054/OfertasEmpleo/1285677489574/Empleo;42.178825, -5.6908336
Analista de Ciberseguridad N1 Junior para León;León;2026-09-09;"<p><em>AgioGlobal Technology</em> selecciona un/a A<strong>NALISTA DE CIBERSEGURIDAD N1 JUNIOR</strong> para su centro de León.</p>
<p><strong>Funciones:</strong></p>
<ul>
<li>Supervisar, analizar y gestionar alertas e incidentes de seguridad.</li>
<li>Analizar y gestionar alertas de ciberseguridad mediante herramientas de monitorización SIEM, EDR y UEBA, centralizadas a través de un sistema de ticketing.</li>
<li>Gestionar y dar seguimiento a incidentes de ciberseguridad de baja complejidad.</li>
<li>Mantener interlocución con el cliente y los diferentes equipos implicados durante la gestión de alertas e incidentes.</li>
<li>Realizar cambios básicos en las configuraciones de las herramientas de ciberseguridad.</li>
<li>Realizar seguimiento y actualizar tickets asociados a alertas e incidentes.</li>
<li>Colaborar con otros equipos dentro de un entorno multidisciplinar.</li>
</ul>
<p><strong>Requisitos:</strong></p>
<ul>
<li>Formación mínima de Ciclo Formativo de Grado Superior.</li>
<li>Capacidad de trabajo en equipo.</li>
<li>Buenas capacidades de comunicación e interacción.</li>
<li>Conocimiento de herramientas de ticketing (ServiceNow, OTRS, Freshdesk, Remedy, HPSM).</li>
<li>Conocimiento de herramientas de ciberseguridad SIEM, EDR y/o UEBA (Elastic, QRadar, Cytomic, CrowdStrike, Microsoft Defender, Sentinel).</li>
<li>Conocimiento en gestión de incidentes de baja complejidad.</li>
<li>Nivel medio de herramientas ofimáticas.</li>
<li>Conocimientos en: Ciberseguridad, Gestión de riesgos informáticos, ISO 27001, ISO 27002, Auditoría de seguridad informática, Seguridad de la información, Política de seguridad informática, RGPD.</li>
<li>Disponibilidad para trabajar en turnos 24X7</li>
</ul>
<p><strong>Se ofrece:</strong></p>
<ul>
<li>Contrato indefinido.</li>
<li>Jornada completa.</li>
<li>Horario a turnos 24x7.</li>
<li>Salario bruto anual de 17.000euros - 18.000euros.</li>
</ul>
<p><strong>Para solicitar:</strong></p>
<ul>
<li>En el enlace adjunto se puede acceder a la solicitud para el puesto. <strong>Se recuerda que, para poder presentar su candidatura, debe estar inscrito en el portal de empleo que publica la oferta.</strong></li>
</ul><p><strong>Información obtenida de: </strong>Internet/Prensa. <a href='https://www.infojobs.net' target='_blank'>https://www.infojobs.net</a></p><p><strong>Enlaces relacionados:</strong><ul><li><a href='https://www.infojobs.net/leon/analista-ciberseguridad-n1-junior.-turnos-24x7/of-i66b43a94f34bb7af1e0b89cd0624cb?applicationOrigin=search-new&page=1&sortBy=PUBLICATION_DATE' target='_blank'>Más información e inscripción a la oferta</a></li></ul></p><p>Información procedente de: <a href='https://servicios3.jcyl.es/enbo/siau/webapp/boletinEmpleoCyL/boletin/dEt6MnoycXc2M1lobGk2N0hiWjlPUG5wUEpycGNpaVVXYkFDWHhXMTFkQT0%3D/EMPLEO-INTERNET-PRENSA/148881' target='_blank'><strong>Boletín de Empleo de Castilla y León (Ecyl)</strong>.</a></p>";;Internet / Prensa;1179297860755;León;42.59873;-5.5670958;24;1285677490050;2026-09-09;https://empleo.jcyl.es/web/jcyl/Empleo/es/Plantilla100Detalle/1284216458054/OfertasEmpleo/1285677490050/Empleo;42.59873, -5.5670958
ENFERMEROS DE CUIDADOS GENERALES;León;2026-09-09;<p>OFERTA DE ENFERMERO/A PARA EL CENTRO RESIDENCIAL DEL PARAMO UBICADO EN AVDA ASTURIAS, 45 24240 SANTA MARIA DEL PARAMO. ENTREVISTA PARA SELECCION DEFINITVA LLAMAR AL TELEFONO 647109857</p><p>Para más información acuda a <a href='http://empleocastillayleon.jcyl.es/oficinavirtual/buscoEmpleoPub.do?srvc=ver&scope=reg&cod=393955'>Oficina Virtual</a></p>;;ECYL;1179297939426;Santa María del Páramo;42.355877;-5.748098;24;1285677438115;2026-09-09;https://empleo.jcyl.es/web/jcyl/Empleo/es/Plantilla100Detalle/1284216458054/OfertasEmpleo/1285677438115/Empleo;42.355877, -5.748098
3 Técnicos/as mecánicos/as para León;León;2026-09-09;"<p><em>Oca global </em>selecciona un/a <strong>TÉCNICO/A MECÁNICO/A</strong> para realizar inspecciones reglamentarias en la zona norte peninsular (Galicia, Asturias, Cantabria, País Vasco y Castilla y León) con base preferente en León.</p>
<p><strong>Funciones:</strong></p>
<ul>
<li>Realizar pruebas y controles de emisiones acústicas en depósitos de gas, asegurando el cumplimiento de los estándares de calidad y seguridad.</li>
<li>Diseñar y autogestionar las rutas de inspección semanal junto con un compañero/a para cubrir las inspecciones programadas en zonas del norte peninsular (Galicia, Asturias, Cantabria, País Vasco y Castilla y León).</li>
<li>Asimilar la metodología de trabajo mediante formación inicial continua para adquirir autonomía en campo.</li>
</ul>
<p><strong>Requisitos:</strong></p>
<ul>
<li>Formación Técnica: Ciclo Formativo de Grado Superior en Mecánica, Mecatrónica o área similar.</li>
<li>Experiencia mínima de al menos 1 año (no se requiere experiencia previa específica en inspección reglamentaria).</li>
<li>Permiso de conducir en vigor.</li>
<li>Disponibilidad para viajar y pernoctar fuera de casa varios días a la semana.</li>
<li>Base geográfica preferente: León, Bilbao, Santander o zonas con buena conexión en Castilla y León, Cantabria, Asturias o País Vasco.</li>
</ul>
<p><strong>Se ofrece:</strong></p>
<ul>
<li>Contrato indefinido.</li>
<li>Jornada completa.</li>
<li>Furgoneta de empresa equipada y cobertura de gastos de pernoctación y desplazamientos.</li>
<li>Horario: De lunes a jueves de 8:30 a 18:00. Viernes, vísperas de festivos, julio y agosto en jornada intensiva de 8:30 a 15:30. Días 24 y 31 de diciembre libres.</li>
<li>Incorporación prevista para el mes de septiembre.</li>
</ul>
<p><strong>Para solicitar:</strong></p>
<ul>
<li>En el enlace adjunto se puede acceder a la solicitud para el puesto. <strong>Se recuerda que, para poder presentar su candidatura, debe estar inscrito en el portal de empleo que publica la oferta.</strong></li>
</ul><p><strong>Información obtenida de: </strong>Internet/Prensa. <a href='https://www.infojobs.net' target='_blank'>https://www.infojobs.net</a></p><p><strong>Enlaces relacionados:</strong><ul><li><a href='https://www.infojobs.net/leon/tecnico-mecanico-inspecciones-reglamentarias/of-i5469985e36405eb5d7105136059e03?applicationOrigin=search-new&page=2&sortBy=PUBLICATION_DATE' target='_blank'>Más información e inscripción a la oferta</a></li></ul></p><p>Información procedente de: <a href='https://servicios3.jcyl.es/enbo/siau/webapp/boletinEmpleoCyL/boletin/dEt6MnoycXc2M1lobGk2N0hiWjlPUG5wUEpycGNpaVVXYkFDWHhXMTFkQT0%3D/EMPLEO-INTERNET-PRENSA/148885' target='_blank'><strong>Boletín de Empleo de Castilla y León (Ecyl)</strong>.</a></p>";;Internet / Prensa;1179297860755;León;42.59873;-5.5670958;24;1285677490890;2026-09-09;https://empleo.jcyl.es/web/jcyl/Empleo/es/Plantilla100Detalle/1284216458054/OfertasEmpleo/1285677490890/Empleo;42.59873, -5.5670958
2 Personal de limpieza para León;León;2026-09-09;"<p>Randsad selecciona <strong>2 PERSONAL DE LIMPIEZA </strong>para la zona del polígono de Onzonilla (León).</p>
<p><strong>Funciones:</strong></p>
<ul>
<li>Actividades de limpieza de edificios.</li>
<li>Actividades en comunidades</li>
</ul>
<p><strong>Requisitos:</strong></p>
<ul>
<li>Experiencia previa en limpieza</li>
<li>Imprescindible vehículo propio</li>
<li>Persona puntual, detallista y con buena actitud</li>
</ul>
<p><strong>Se ofrece:</strong></p>
<ul>
<li>Contrato temporal</li>
<li>Posibilidad media jornada o jornada completa</li>
<li>salario: 9,55-10 euros/hora</li>
</ul>
<p><strong>Para solicitar:</strong></p>
<ul>
<li>En el enlace adjunto se puede acceder a la solicitud para el puesto. <strong>Se recuerda que, para poder presentar su candidatura, debe estar inscrito en el portal de empleo que publica la oferta.</strong></li>
</ul><p><strong>Información obtenida de: </strong>Internet/Prensa. <a href='https://www.randstad.es' target='_blank'>https://www.randstad.es</a></p><p><strong>Enlaces relacionados:</strong><ul><li><a href='https://www.randstad.es/candidatos/ofertas-empleo/oferta/personal-limpieza-con-vehiculo-3004239/' target='_blank'>Más información e inscripción a la oferta</a></li></ul></p><p>Información procedente de: <a href='https://servicios3.jcyl.es/enbo/siau/webapp/boletinEmpleoCyL/boletin/dEt6MnoycXc2M1lobGk2N0hiWjlPUG5wUEpycGNpaVVXYkFDWHhXMTFkQT0%3D/EMPLEO-INTERNET-PRENSA/148666' target='_blank'><strong>Boletín de Empleo de Castilla y León (Ecyl)</strong>.</a></p>";;Internet / Prensa;1179297860755;León;42.59873;-5.5670958;24;1285677490862;2026-09-09;https://empleo.jcyl.es/web/jcyl/Empleo/es/Plantilla100Detalle/1284216458054/OfertasEmpleo/1285677490862/Empleo;42.59873, -5.5670958
Enfermero/a asistencial para León;León;2026-09-09;"<p><em>MC Mutual</em> selecciona un/a <strong>ENFERMERO/A ASISTENCIAL</strong> para su centro ubicado en León.</p>
<p><strong>Funciones:</strong></p>
<ul>
<li>Atender urgencias y visitas concertadas.</li>
<li>Realizar tratamiento y seguimiento de patologías de origen laboral hasta el alta.</li>
<li>Apoyo al personal médico en consultas y urgencias.</li>
<li>Realización de curas y extracciones.</li>
<li>Gestión de documentación y tareas administrativas asociadas.</li>
<li>Realización de placas Rx y mantenimiento del equipo.</li>
<li>Control del material sanitario y pedidos de farmacia.</li>
<li>Gestión del dispensario y kits de urgencias.</li>
</ul>
<p><strong>Requisitos:</strong></p>
<ul>
<li>Diplomatura o Grado en Enfermería.</li>
<li>Manejo de herramientas ofimáticas.</li>
<li>Habilidades comunicativas y trato empático con pacientes.</li>
<li>Trabajo en equipo.</li>
<li>Capacidad de toma de decisiones y resolución de problemas.</li>
<li>Flexibilidad y adaptabilidad.</li>
<li>Se valorará título de operador/a de Rayos X.</li>
</ul>
<p><strong>Se ofrece:</strong></p>
<ul>
<li>Contrato temporal para cobertura de baja de larga duración.</li>
<li>Jornada de 30 horas semanales, de lunes a viernes de 8 a 15 h.</li>
<li>Beneficios sociales y retribución flexible.</li>
</ul>
<p><strong>Para solicitar:</strong></p>
<ul>
<li>En el enlace adjunto se puede acceder a la solicitud para el puesto. <strong>Se recuerda que, para poder presentar su candidatura, debe estar inscrito en el portal de empleo que publica la oferta.</strong></li>
</ul><p><strong>Información obtenida de: </strong>Internet/Prensa. <a href='https://www.infojobs.net' target='_blank'>https://www.infojobs.net</a></p><p><strong>Enlaces relacionados:</strong><ul><li><a href='https://www.infojobs.net/leon/enfermero-asistencial-leon/of-i6dd4279e3149b284a1587f9ca71252?applicationOrigin=search-new&page=1&sortBy=PUBLICATION_DATE' target='_blank'>Más información e inscripción a la oferta</a></li></ul></p><p>Información procedente de: <a href='https://servicios3.jcyl.es/enbo/siau/webapp/boletinEmpleoCyL/boletin/dEt6MnoycXc2M1lobGk2N0hiWjlPUG5wUEpycGNpaVVXYkFDWHhXMTFkQT0%3D/EMPLEO-INTERNET-PRENSA/148879' target='_blank'><strong>Boletín de Empleo de Castilla y León (Ecyl)</strong>.</a></p>";;Internet / Prensa;1179297860755;León;42.59873;-5.5670958;24;1285677490414;2026-09-09;https://empleo.jcyl.es/web/jcyl/Empleo/es/Plantilla100Detalle/1284216458054/OfertasEmpleo/1285677490414/Empleo;42.59873, -5.5670958
Personal de limpieza para León;León;2026-09-09;"<p><em>Clínicas Dorsia</em> selecciona un/a <strong>PERSONAL DE LIMPIEZA</strong> para sus instalaciones de León.</p>
<p><strong>Funciones:</strong></p>
<ul>
<li>Limpieza de gabinetes y despachos diariamente.</li>
<li>Limpieza de cocina y baños de la clínica.</li>
</ul>
<p><strong>Requisitos:</strong></p>
<ul>
<li>Educación Secundaria Obligatoria.</li>
<li>Disponibilidad inmediata.</li>
</ul>
<p><strong>Se ofrece:</strong></p>
<ul>
<li>Contrato indefinido.</li>
<li>Jornada parcial, 10 horas semanales.</li>
<li>Salario según convenio.</li>
</ul>
<p><strong>Para solicitar:</strong></p>
<ul>
<li>En el enlace adjunto se puede acceder a la solicitud para el puesto. <strong>Se recuerda que, para poder presentar su candidatura, debe estar inscrito en el portal de empleo que publica la oferta.</strong></li>
</ul><p><strong>Información obtenida de: </strong>Internet/Prensa. <a href='https://www.infojobs.net' target='_blank'>https://www.infojobs.net</a></p><p><strong>Enlaces relacionados:</strong><ul><li><a href='https://www.infojobs.net/leon/personal-limpieza-clinicas-dorsia-leon-fray-luis/of-ie5f69e8a8a450f88610b8a80e28cb9?applicationOrigin=search-new&page=2&sortBy=PUBLICATION_DATE' target='_blank'>Más información e inscripción a la oferta</a></li></ul></p><p>Información procedente de: <a href='https://servicios3.jcyl.es/enbo/siau/webapp/boletinEmpleoCyL/boletin/dEt6MnoycXc2M1lobGk2N0hiWjlPUG5wUEpycGNpaVVXYkFDWHhXMTFkQT0%3D/EMPLEO-INTERNET-PRENSA/148882' target='_blank'><strong>Boletín de Empleo de Castilla y León (Ecyl)</strong>.</a></p>";;Internet / Prensa;1179297860755;León;42.59873;-5.5670958;24;1285677490358;2026-09-09;https://empleo.jcyl.es/web/jcyl/Empleo/es/Plantilla100Detalle/1284216458054/OfertasEmpleo/1285677490358/Empleo;42.59873, -5.5670958
Integrador/a social para León;León;2026-09-09;"<p><em>ACCEM</em> selecciona un/a <strong>INTEGRADOR/A SOCIAL</strong> para su programa de atención humanitaria en San Andrés del Rabanedo (León).</p>
<p><strong>Funciones:</strong></p>
<ul>
<li>Apoyo en la coordinación, planificación, desarrollo y seguimiento de las acciones del centro.</li>
<li>Apoyo en el seguimiento, evaluación y justificación técnica y económica del programa.</li>
<li>Apoyo en la elaboración de informes, material y documentación.</li>
<li>Tareas administrativas vinculadas al servicio.</li>
<li>Orientación, asesoramiento y apoyo técnico y metodológico al equipo de trabajo.</li>
<li>Seguimiento y supervisión de la atención a usuarios/as.</li>
<li>Control, gestión, seguimiento y reporte a través de aplicaciones informáticas.</li>
<li>Organización y participación en reuniones de coordinación y seguimiento del programa.</li>
<li>Coordinación interna con otros servicios del centro.</li>
<li>Participación en acciones formativas, jornadas, seminarios y redes.</li>
<li>Otras tareas que pueda requerir el programa.</li>
</ul>
<p><strong>Requisitos:</strong></p>
<ul>
<li>Titulación CFGS Integración Social o titulación del ámbito Social.</li>
<li>Experiencia mínima de al menos 1 año en el tercer sector.</li>
<li>Conocimientos sobre intervención con población migrante.</li>
<li>Nivel de conversación alto en al menos uno de los siguientes idiomas: inglés, francés, árabe o ucraniano.</li>
<li>Manejo avanzado de Word y Excel.</li>
<li>Habilidades para la resolución y manejo de conflictos.</li>
<li>Capacidad organizativa y resolutiva.</li>
<li>Habilidad para trabajar en equipo y para la comunicación oral y escrita.</li>
</ul>
<p><strong>Se ofrece:</strong></p>
<ul>
<li>Contrato de sustitución de 3 meses.</li>
<li>Jornada completa en turnos de mañana y tarde.</li>
<li>Salario: 23.700 euros brutos anuales.</li>
</ul>
<p><strong>Para solicitar:</strong></p>
<ul>
<li>En el enlace adjunto se puede acceder a la solicitud para el puesto. <strong>Se recuerda que, para poder presentar su candidatura, debe estar inscrito en el portal de empleo que publica la oferta.</strong></li>
</ul><p><strong>Información obtenida de: </strong>Internet/Prensa. <a href='https://www.hacesfalta.org' target='_blank'>https://www.hacesfalta.org</a></p><p><strong>Enlaces relacionados:</strong><ul><li><a href='https://www.hacesfalta.org/oportunidades/remuneradas/detalle/-integradora-social--atencion-humanitaria-san-andres-del-rabanedo-leon/276603' target='_blank'>Más información e inscripción a la oferta</a></li></ul></p><p>Información procedente de: <a href='https://servicios3.jcyl.es/enbo/siau/webapp/boletinEmpleoCyL/boletin/dEt6MnoycXc2M1lobGk2N0hiWjlPUG5wUEpycGNpaVVXYkFDWHhXMTFkQT0%3D/EMPLEO-INTERNET-PRENSA/148887' target='_blank'><strong>Boletín de Empleo de Castilla y León (Ecyl)</strong>.</a></p>";;Internet / Prensa;1179297925340;San Andrés del Rabanedo;42.611267;-5.617545;24;1285677490302;2026-09-09;https://empleo.jcyl.es/web/jcyl/Empleo/es/Plantilla100Detalle/1284216458054/OfertasEmpleo/1285677490302/Empleo;42.611267, -5.617545
Vendedor/a para León;León;2026-09-09;"<p><em>Parfois</em> selecciona <strong>VENDEDOR/A </strong>para su tienda del Corte Inglés de León.</p>
<p><strong>Funciones:</strong></p>
<ul>
<li>Asesoramiento personalizado y fidelización de clientes.</li>
<li>Consecución de los objetivos de la tienda mediante una venta efectiva y optimización de la atención al cliente.</li>
<li>Gestión de caja (apertura, arqueo y cierre).</li>
<li>Gestión de stock, recepción de mercancía y reposición.</li>
<li>Realización de los cambios de Visual Merchandising.</li>
<li>Mantenimiento y limpieza de tienda acorde a la imagen de la empresa.</li>
</ul>
<p><strong>Requisitos:</strong></p>
<ul>
<li>Estudios: Educación Secundaria Obligatoria</li>
<li>Orientación al cliente con atención personalizada.</li>
<li>Pasión por la moda.</li>
<li>Proactividad y responsabilidad.</li>
</ul>
<p><strong>Se ofrece:</strong></p>
<ul>
<li>Contrato temporal por interinidad</li>
<li>Jornada parcial de 30 horas semanales</li>
<li>Oportunidades de carrera profesional en función de tu desempeño.</li>
<li>Formación continua.</li>
<li>Plan de incentivos según los objetivos alcanzados.</li>
<li>Descuento de empleado.</li>
</ul>
<p><strong>Para solicitar:</strong></p>
<ul>
<li>En el enlace adjunto se puede acceder a la solicitud para el puesto. <strong>Se recuerda que, para poder presentar su candidatura, debe estar inscrito en el portal de empleo que publica la oferta.</strong></li>
</ul><p><strong>Información obtenida de: </strong>Internet/Prensa. <a href='https://www.infojobs.net' target='_blank'>https://www.infojobs.net</a></p><p><strong>Enlaces relacionados:</strong><ul><li><a href='https://www.infojobs.net/leon/vendedor-30-horas-interinidad-eci-leon/of-ia12fa43d144769959bfa19f7867033?applicationOrigin=search-new&page=1&sortBy=PUBLICATION_DATE' target='_blank'>Más información e inscripción a la oferta</a></li></ul></p><p>Información procedente de: <a href='https://servicios3.jcyl.es/enbo/siau/webapp/boletinEmpleoCyL/boletin/dEt6MnoycXc2M1lobGk2N0hiWjlPUG5wUEpycGNpaVVXYkFDWHhXMTFkQT0%3D/EMPLEO-INTERNET-PRENSA/148670' target='_blank'><strong>Boletín de Empleo de Castilla y León (Ecyl)</strong>.</a></p>";;Internet / Prensa;1179297860755;León;42.59873;-5.5670958;24;1285677490694;2026-09-09;https://empleo.jcyl.es/web/jcyl/Empleo/es/Plantilla100Detalle/1284216458054/OfertasEmpleo/1285677490694/Empleo;42.59873, -5.5670958
Auxiliar social para León;León;2026-09-09;"<p><em>Fundación Feclem</em> selecciona un/a <strong>AUXILIAR SOCIAL</strong> para trabajo en León.</p>
<p><strong>Funciones:</strong></p>
<ul>
<li>Llevar a cabo actuaciones socio-asistenciales en el servicio de atención personalizada.</li>
<li>Mantener contacto regular e intercambio de información con la red de profesionales y familiares de referencia.</li>
<li>Actuar bajo la supervisión del/de la referente social de Feclem.</li>
<li>Seguir las resoluciones judiciales de apoyo al ejercicio de la capacidad jurídica.</li>
<li>Velar por el cuidado de las personas curateladas.</li>
</ul>
<p><strong>Requisitos:</strong></p>
<ul>
<li>Formación mínima: Ciclo Formativo Superior de la familia profesional Servicios Socioculturales y a la Comunidad.</li>
<li>Experiencia mínima de al menos 1 año.</li>
<li>Conocimientos informáticos.</li>
<li>Carnet de conducir.</li>
<li>Se valorará experiencia con el colectivo de personas con problemas de salud mental.</li>
<li>Competencias: Análisis y resolución de problemas, iniciativa y autonomía, organización y planificación, comunicación interpersonal, trabajo en equipo.</li>
</ul>
<p><strong>Se ofrece:</strong></p>
<ul>
<li>Tipo de contrato con una duración de hasta 6 meses.</li>
<li>:Jornada completa</li>
<li>Salario bruto anual: Entre 12.000 y 18.000 euros.</li>
</ul>
<p><strong>Para solicitar: </strong></p>
<ul>
<li>En el enlace adjunto se puede acceder a la solicitud para el puesto. <strong>Se recuerda que, para poder presentar su candidatura, debe estar inscrito en el portal de empleo que publica la oferta.</strong></li>
</ul><p><strong>Información obtenida de: </strong>Internet/Prensa. <a href='https://www.hacesfalta.org' target='_blank'>https://www.hacesfalta.org</a></p><p><strong>Enlaces relacionados:</strong><ul><li><a href='https://www.hacesfalta.org/oportunidades/remuneradas/detalle/auxiliar-social/276775' target='_blank'>Más información e inscripción a la oferta</a></li></ul></p><p>Información procedente de: <a href='https://servicios3.jcyl.es/enbo/siau/webapp/boletinEmpleoCyL/boletin/dEt6MnoycXc2M1lobGk2N0hiWjlPUG5wUEpycGNpaVVXYkFDWHhXMTFkQT0%3D/EMPLEO-INTERNET-PRENSA/148890' target='_blank'><strong>Boletín de Empleo de Castilla y León (Ecyl)</strong>.</a></p>";;Internet / Prensa;1179297860755;León;42.59873;-5.5670958;24;1285677490526;2026-09-09;https://empleo.jcyl.es/web/jcyl/Empleo/es/Plantilla100Detalle/1284216458054/OfertasEmpleo/1285677490526/Empleo;42.59873, -5.5670958
Cocinero/a en Santa Elena de Jamuz (León);León;2026-09-09;"<p><em>Gordon Ferrero, SL</em> selecciona <strong>COCINERO/A </strong>para Santa Elena de Jamuz (León)</p>
<p><strong>Funciones:</strong></p>
<ul>
<li>Elaboraciones cárnicas con una materia prima de vacuno mayor de muy alta calidad, cocina tradicional, línea de pastas frescas, rebozados, etc.</li>
</ul>
<p><strong>Requisitos:</strong></p>
<ul>
<li>Experiencia mínima de al menos 4 años.</li>
<li>Ciclo Formativo Grado Medio.</li>
</ul>
<p><strong>Se ofrece: </strong></p>
<ul>
<li>Contrato indefinido</li>
<li>Jornada completa</li>
<li>Salario: 18.000euros - 22.000euros Bruto/año</li>
</ul>
<p><strong>Para solicitar:</strong></p>
<ul>
<li>En el enlace adjunto se puede acceder a la solicitud para el puesto. <strong>Se recuerda que, para poder presentar su candidatura, debe estar inscrito en el portal de empleo que publica la oferta.</strong></li>
</ul><p><strong>Información obtenida de: </strong>Internet/Prensa. <a href='https://www.infojobs.net' target='_blank'>https://www.infojobs.net</a></p><p><strong>Enlaces relacionados:</strong><ul><li><a href='https://www.infojobs.net/santa-elena-de-jamuz/cocinero/of-i7a4d0dce444c3b934141f5b141b0dc?applicationOrigin=search-new&page=1&sortBy=PUBLICATION_DATE' target='_blank'>Más información e inscripción a la oferta</a></li></ul></p><p>Información procedente de: <a href='https://servicios3.jcyl.es/enbo/siau/webapp/boletinEmpleoCyL/boletin/dEt6MnoycXc2M1lobGk2N0hiWjlPUG5wUEpycGNpaVVXYkFDWHhXMTFkQT0%3D/EMPLEO-INTERNET-PRENSA/148672' target='_blank'><strong>Boletín de Empleo de Castilla y León (Ecyl)</strong>.</a></p>";;Internet / Prensa;1179297937671;Santa Elena de Jamuz;42.2599;-5.8871646;24;1285677490274;2026-09-09;https://empleo.jcyl.es/web/jcyl/Empleo/es/Plantilla100Detalle/1284216458054/OfertasEmpleo/1285677490274/Empleo;42.2599, -5.8871646
Farmacéutico/a para Ponferrada (León);León;2026-09-09;"<p>Se selecciona un/a <strong>FARMACÉUTICA/O </strong>para farmacia situada en Ponferrada (León).</p>
<p><strong>Funciones:</strong></p>
<ul>
<li>Realizar las funciones habituales de farmacéutico.</li>
<li>Elaborar formulación magistral.</li>
<li>Gestionar SPD (Sistema Personalizado de Dosificación).</li>
<li>Realizar perfiles lipídicos.</li>
<li>Impartir talleres al público.</li>
</ul>
<p><strong>Requisitos:</strong></p>
<ul>
<li>Grado o Licenciatura en Farmacia.</li>
<li>Con o sin experiencia.</li>
<li>Proactividad e iniciativa.</li>
<li>Buena capacidad de trabajo en equipo.</li>
<li>Gusto por el trato y atención al paciente.</li>
<li>Disponibilidad para incorporación inmediata</li>
</ul>
<p><strong>Se ofrece:</strong></p>
<ul>
<li>Contrato indefinido.</li>
<li>Jornada completa.</li>
<li>Horario a elegir entre dos opciones:
<ul>
<li>Opción A: Tres de cada cuatro semanas trabajando de lunes a sábado en turno intensivo de mañana (08:30h a 15:30h) y librando la cuarta semana entera (de lunes a domingo).</li>
<li>Opción B: Una semana de lunes a sábados (14:00h a 22:00h) y domingos (09:00h a 22:00h), seguida de una semana completa libre.</li>
</ul>
</li>
<li>Salario: 35.200euros brutos/año (convenio más un plus fijo de 300euros brutos/mes).</li>
<li>Formación continua (interna y de laboratorios).</li>
</ul>
<p><strong>Para solicitar:</strong></p>
<ul>
<li>En el enlace adjunto se puede acceder a la solicitud para el puesto. <strong>Se recuerda que, para poder presentar su candidatura, debe estar inscrito en el portal de empleo que publica la oferta.</strong></li>
</ul><p><strong>Información obtenida de: </strong>Internet/Prensa. <a href='https://www.farmatalent.com' target='_blank'>https://www.farmatalent.com</a></p><p><strong>Enlaces relacionados:</strong><ul><li><a href='https://www.farmatalent.com/ver-vacante/2385' target='_blank'>Más información e inscripción a la oferta</a></li></ul></p><p>Información procedente de: <a href='https://servicios3.jcyl.es/enbo/siau/webapp/boletinEmpleoCyL/boletin/dEt6MnoycXc2M1lobGk2N0hiWjlPUG5wUEpycGNpaVVXYkFDWHhXMTFkQT0%3D/EMPLEO-INTERNET-PRENSA/148892' target='_blank'><strong>Boletín de Empleo de Castilla y León (Ecyl)</strong>.</a></p>";;Internet / Prensa;1179297888504;Ponferrada;42.549995;-6.598259;24;1285677489518;2026-09-09;https://empleo.jcyl.es/web/jcyl/Empleo/es/Plantilla100Detalle/1284216458054/OfertasEmpleo/1285677489518/Empleo;42.549995, -6.598259
Camarero/a de pisos para San Martin del Camino (León);León;2026-09-09;"<p><em>Randstad</em> selecciona <strong>CAMARERO/A DE PISOS </strong>para albergue ubicado en San Martin del Camino (León).</p>
<p><strong>Funciones:</strong></p>
<ul>
<li>Atención en barra</li>
<li>Atención en mesas para comidas y cenas</li>
<li>Registros de huéspedes alojados</li>
<li>Limpieza de la zona de trabajo</li>
<li>Reposición de productos de la barra</li>
</ul>
<p><strong>Requisitos:</strong></p>
<ul>
<li>Conocimientos de limpieza</li>
<li>Disponibilidad inmediata para el puesto</li>
<li>Experiencia como camarera de piso en hoteles</li>
<li>Experiencia como personal de limpieza</li>
<li>Trabajo temporal para días sueltos</li>
</ul>
<p><strong>Se ofrece:</strong></p>
<ul>
<li>Horario rotativo de mañana y tarde</li>
<li>Jornada de lunes a viernes</li>
<li>salario: 10-11 euros/hora</li>
<li>Trabajar en un ambiente agradable y dinámico</li>
</ul>
<p><strong>Para solicitar:</strong></p>
<ul>
<li>En el enlace adjunto se puede acceder a la solicitud para el puesto. <strong>Se recuerda que, para poder presentar su candidatura, debe estar inscrito en el portal de empleo que publica la oferta.</strong></li>
</ul><p><strong>Información obtenida de: </strong>Internet/Prensa. <a href='https://www.randstad.es' target='_blank'>https://www.randstad.es</a></p><p><strong>Enlaces relacionados:</strong><ul><li><a href='https://www.randstad.es/candidatos/ofertas-empleo/oferta/camarero-a-pisos-horario-rotativo-3003158/' target='_blank'>Más información e inscripción a la oferta</a></li></ul></p><p>Información procedente de: <a href='https://servicios3.jcyl.es/enbo/siau/webapp/boletinEmpleoCyL/boletin/dEt6MnoycXc2M1lobGk2N0hiWjlPUG5wUEpycGNpaVVXYkFDWHhXMTFkQT0%3D/EMPLEO-INTERNET-PRENSA/148664' target='_blank'><strong>Boletín de Empleo de Castilla y León (Ecyl)</strong>.</a></p>";;Internet / Prensa;1179297985730;Valverde de la Virgen;42.57029;-5.679403;24;1285677489966;2026-09-09;https://empleo.jcyl.es/web/jcyl/Empleo/es/Plantilla100Detalle/1284216458054/OfertasEmpleo/1285677489966/Empleo;42.57029, -5.679403
AUXILIARES DE ENFERMERÍA DE GERIATRÍA;León;2026-09-09;<p>OFERTA GESTIONADA POR LA OFICINA DE EMPLEO DE LA BAÑEZA. PUESTO DE TRABJAO DE GEROCULTORA PARA PALACIOS DE LA VALDUERNA. JORANADA COMPLETA Y LABORAL INDEFINIDO.</p><p>Para más información acuda a <a href='http://empleocastillayleon.jcyl.es/oficinavirtual/buscoEmpleoPub.do?srvc=ver&scope=reg&cod=393910'>Oficina Virtual</a></p>;;ECYL;1179297879405;Palacios de la Valduerna;42.328873;-5.936669;24;1285677353679;2026-09-09;https://empleo.jcyl.es/web/jcyl/Empleo/es/Plantilla100Detalle/1284216458054/OfertasEmpleo/1285677353679/Empleo;42.328873, -5.936669
Cad technician - stone fabrication (Noruega);Otra;2026-09-09;"<p>What we're looking for</p>
<ul>
<li style='text-align: justify;'>Experience with CAD or technical drawing (specific software experience is not required -- we provide training on our systems)</li>
<li style='text-align: justify;'>A background in stone, kitchen, or similar production is an advantage</li>
<li style='text-align: justify;'>High attention to detail and precision</li>
<li style='text-align: justify;'>Fluent in English and/or Norwegian</li>
<li style='text-align: justify;'>Comfortable working closely with both production and installation teams</li>
</ul>
<p>To apply:</p>
<p>Send an email: <a href='mailto:lars@scangranitt.no'>lars@scangranitt.no</a> (con copia a <a href='mailto:eures.nordicos@sepe.es'>eures.nordicos@sepe.es </a>)</p><p><strong>Información obtenida de: </strong>EURES. <a href='http://www.sepe.es/redEURES' target='_blank'>http://www.sepe.es/redEURES</a></p><p><strong>Enlaces relacionados:</strong><ul><li><a href='https://servicios3.jcyl.es/enbo/siau/contenido/dlF4b1NnWWFicUFUYWg2QkRRSFgyTzFFYWZ5Z1RUeVpxNCs3Z0ZjSnNITT0%3D' target='_blank'>Cad technician - stone fabrication</a></li><li><a href='https://www.sepe.es/HomeSepe/encontrar-trabajo/empleo-europa/Ofertas-empleo-destacadas-informacion-paises/empleo-noruega.html' target='_blank'>Ofertas en Noruega</a></li></ul></p><p>Información procedente de: <a href='https://servicios3.jcyl.es/enbo/siau/webapp/boletinEmpleoCyL/boletin/dEt6MnoycXc2M1lobGk2N0hiWjlPUG5wUEpycGNpaVVXYkFDWHhXMTFkQT0%3D/EMPLEO-EURES/148862' target='_blank'><strong>Boletín de Empleo de Castilla y León (Ecyl)</strong>.</a></p>";Europa;Red EURES;;;;;;1285677489238;2026-09-09;https://empleo.jcyl.es/web/jcyl/Empleo/es/Plantilla100Detalle/1284216458054/OfertasEmpleo/1285677489238/Empleo;
Assistant manager (jefe/a de tienda) para Salamanca;Otra;2026-09-09;"<p><em>Primark</em> selecciona <strong>ASSISTANT MANAGER - JEFE/A DE TIENDA</strong> para Salamanca.</p>
<p><strong>Funciones:</strong></p>
<ul>
<li>Impulsar ventas y optimizar el desempeño.</li>
<li>Gestión de stock y presentación visual de los productos.</li>
<li>Colaboración en la planificación de tareas y horarios.</li>
<li>Colaboración y apoyo al Store Manager.</li>
</ul>
<p><strong>Requisitos:</strong></p>
<ul>
<li>Estudios universitarios de ADE, Marketing e investigación de mercados, MBA o similar.</li>
<li>Experiencia en gestión de equipos, especialmente en entornos dinámicos.</li>
<li>Buen nivel de inglés (se valorarán otros idiomas, incluyendo la lengua de signos).</li>
<li>Capacidad de organización y planificación.</li>
<li>Habilidades de liderazgo y de gestión de situaciones complejas.</li>
</ul>
<p><strong>Se ofrece:</strong></p>
<ul>
<li>Contrato indefinido.</li>
<li>Jornada de 5 días de promedio semana con turnos continuos.</li>
<li>Formación continuada en diversas áreas.</li>
<li>Oportunidad de desarrollo profesional a nivel nacional e internacional.</li>
<li>Descuentos de empleado/a.</li>
</ul>
<p><strong>Para solicitar:</strong></p>
<ul>
<li>En el enlace adjunto se puede acceder a la solicitud para el puesto. <strong>Se recuerda que, para presentar su candidatura, deberá estar inscrito/a en el portal que publica la oferta.</strong></li>
</ul><p><strong>Información obtenida de: </strong>Internet/Prensa. <a href='http://careers.primark.com/es' target='_blank'>http://careers.primark.com/es</a></p><p><strong>Enlaces relacionados:</strong><ul><li><a href='https://careers.primark.com/es/trabajo/salamanca/assistant-manager/8171/99966016544' target='_blank'>Más información e inscripción a la oferta</a></li></ul></p><p>Información procedente de: <a href='https://servicios3.jcyl.es/enbo/siau/webapp/boletinEmpleoCyL/boletin/dEt6MnoycXc2M1lobGk2N0hiWjlPUG5wUEpycGNpaVVXYkFDWHhXMTFkQT0%3D/EMPLEO-INTERNET-PRENSA/148583' target='_blank'><strong>Boletín de Empleo de Castilla y León (Ecyl)</strong>.</a></p>";España;Internet / Prensa;;;;;;1285677490330;2026-09-09;https://empleo.jcyl.es/web/jcyl/Empleo/es/Plantilla100Detalle/1284216458054/OfertasEmpleo/1285677490330/Empleo;
Conductores de autobús (Noruega);Otra;2026-09-09;"<p><strong>Requisitos:</strong></p>
<ul>
<li style='text-align: justify;'>Carnet de conducir D + CAP en vigor.</li>
<li style='text-align: justify;'>6 meses de experiencia, preferentemente.</li>
<li style='text-align: justify;'>Buena atención al cliente e integración en equipo de trabajo.</li>
<li style='text-align: justify;'>Realización de Curso previo a la incorporación, de idioma y cultura noruega. El curso de idioma puede obtener financiación EURES.</li>
<li style='text-align: justify;'>Con conocimiento del idioma inglés, no será necesario hacer un curso previo de noruego.</li>
<li style='text-align: justify;'>Nacionalidad UE, o Islandia, Liechtenstein, Noruega, Suiza.</li>
</ul>
<p style='text-align: justify;'><strong>Solicitudes:</strong></p>
<p style='text-align: justify;'>Enviar CV en inglés o castellano a <a href='mailto:eures.nordicos@sepe.es'>eures.nordicos@sepe.es</a>.</p>
<p style='text-align: justify;'>En el asunto del correo debe figurar la referencia: Conductor Bus Stavanger</p><p><strong>Información obtenida de: </strong>EURES. <a href='http://www.sepe.es/redEURES' target='_blank'>http://www.sepe.es/redEURES</a></p><p><strong>Enlaces relacionados:</strong><ul><li><a href='https://servicios3.jcyl.es/enbo/siau/contenido/Q2lLa2twRmduQThVK0FSamRObEVIR0s0M0F5Tk1HZmd2Z2dIRnpRczMwST0%3D' target='_blank'>Conductores de autobús</a></li><li><a href='https://www.sepe.es/HomeSepe/encontrar-trabajo/empleo-europa/Ofertas-empleo-destacadas-informacion-paises/empleo-noruega.html' target='_blank'>Ofertas en Noruega</a></li></ul></p><p>Información procedente de: <a href='https://servicios3.jcyl.es/enbo/siau/webapp/boletinEmpleoCyL/boletin/dEt6MnoycXc2M1lobGk2N0hiWjlPUG5wUEpycGNpaVVXYkFDWHhXMTFkQT0%3D/EMPLEO-EURES/148867' target='_blank'><strong>Boletín de Empleo de Castilla y León (Ecyl)</strong>.</a></p>";Europa;Red EURES;;;;;;1285677489266;2026-09-09;https://empleo.jcyl.es/web/jcyl/Empleo/es/Plantilla100Detalle/1284216458054/OfertasEmpleo/1285677489266/Empleo;
Chefs (Suecia);Otra;2026-09-09;"<p style='text-align: justify;'><strong>Chefs - Krog Restaurant</strong></p>
<p style='text-align: justify;'><span style='text-decoration: underline;'><em>We are looking for you with:</em></span></p>
<p style='text-align: justify;'>&bull; Vocational training as a Chef</p>
<p style='text-align: justify;'>&bull; At least two years&rsquo; experience as a Chef</p>
<p style='text-align: justify;'>&bull; Good eye for details and a passion for quality</p>
<p style='text-align: justify;'>&bull; Good English communication skills</p>
<p style='text-align: justify;'>&bull; The right to work in Sweden without requiring a work permit or visa sponsorship</p>
<p style='text-align: justify;'><span style='color: rgb(0, 0, 0);'><em><span style='text-decoration: underline;'>How to apply?</span> </em></span></p>
<p style='text-align: justify;'>Send a CV in English till <a href='mailto:magdalena72forsman@gmail.com'>magdalena72forsman@gmail.com</a>. (con copia a <a href='mailto:eures.nordicos@sepe.es'>eures.nordicos@sepe.es</a> )</p>
<p style='text-align: justify;'> </p>
<p style='text-align: justify;'><strong>Chefs - Hestraviken</strong></p>
<p style='text-align: justify;'><span style='text-decoration: underline;'><span style='color: rgb(0, 0, 0); text-decoration: underline;'><em>Personal Profile and Skills</em></span></span></p>
<ul style='text-align: justify;'>
<li>You have at least 3 years of professional experience working as a Chef</li>
<li>You have a genuine passion for cooking</li>
<li>You enjoy working as part of a team and understanding the importance of making a positive contribution to the group, while also being able to work independently</li>
<li>You are a careful and responsible person who is accustomed to working at a fast pace</li>
<li>You have a good eye for details</li>
<li>You have good English communication skills</li>
<li>You also have the right to work in Sweden without requiring a work permit or visa sponsorship</li>
</ul>
<p style='text-align: justify;'><em><span style='text-decoration: underline;'>To apply:</span></em></p>
<p style='text-align: justify;'>Send your CV and a cover letter in English, preferably including a photo, to <a href='mailto:malin.tallback@hestraviken.se'>malin.tallback@hestraviken.se</a> or <a href='mailto:Joakim.tallback@hestraviken.se'>Joakim.tallback@hestraviken.se</a> (con copia a <a href='mailto:eures.nordicos@sepe.es'>eures.nordicos@sepe.es </a>)</p>
<p> </p><p><strong>Información obtenida de: </strong>EURES. <a href='http://www.sepe.es/redEURES' target='_blank'>http://www.sepe.es/redEURES</a></p><p><strong>Enlaces relacionados:</strong><ul><li><a href='https://servicios3.jcyl.es/enbo/siau/contenido/RzNHZHM2U3kwaWhmRHNhVFZab2ZkWmZDaVdCV1J6ZEF5TFpUUmMrcDcyTT0%3D' target='_blank'>Chefs - Krog Restaurant</a></li><li><a href='https://servicios3.jcyl.es/enbo/siau/contenido/MjZoR09JU3dWZGhsQVJKSXJUeHFSZkZicFFNcU5nVHZKT3B2WU1GbGZtRT0%3D' target='_blank'>Chefs - Hestraviken</a></li><li><a href='https://www.sepe.es/HomeSepe/encontrar-trabajo/empleo-europa/Ofertas-empleo-destacadas-informacion-paises/empleo-suecia.html' target='_blank'>Ofertas en Suecia</a></li></ul></p><p>Información procedente de: <a href='https://servicios3.jcyl.es/enbo/siau/webapp/boletinEmpleoCyL/boletin/dEt6MnoycXc2M1lobGk2N0hiWjlPUG5wUEpycGNpaVVXYkFDWHhXMTFkQT0%3D/EMPLEO-EURES/148869' target='_blank'><strong>Boletín de Empleo de Castilla y León (Ecyl)</strong>.</a></p>";Europa;Red EURES;;;;;;1285677489294;2026-09-09;https://empleo.jcyl.es/web/jcyl/Empleo/es/Plantilla100Detalle/1284216458054/OfertasEmpleo/1285677489294/Empleo;
Counter installer - Instalador de encimeras (Noruega);Otra;2026-09-09;"<p>We're looking for someone who:</p>
<ul>
<li style='text-align: justify;'>Has hands-on experience in kitchen installation, countertop installation, carpentry, or cabinetmaking</li>
<li style='text-align: justify;'>Is in good physical condition and comfortable with physically demanding work</li>
<li style='text-align: justify;'>Holds a Class B driving license</li>
<li style='text-align: justify;'>Is precise and quality-focused</li>
<li style='text-align: justify;'>Enjoys a varied workday with several things going on at once</li>
<li style='text-align: justify;'>Communicates well with customers, in Norwegian and/or English</li>
<li style='text-align: justify;'>Is comfortable using digital tools for reporting and communication</li>
</ul>
<p>To apply:</p>
<p>Send your CV <a href='mailto:chris@scangranitt.no'>chris@scangranitt.no</a> con copia a <a href='mailto:eures.nordicos@sepe.es'>eures.nordicos@sepe.es</a> </p>
<p> </p><p><strong>Información obtenida de: </strong>EURES. <a href='http://www.sepe.es/redEURES' target='_blank'>http://www.sepe.es/redEURES</a></p><p><strong>Enlaces relacionados:</strong><ul><li><a href='https://servicios3.jcyl.es/enbo/siau/contenido/SEF0bFp4ci9IS01nRzZxUUZaMTMrT3JYYjF6bE4xZ3doVmR6R3lsMlViaz0%3D' target='_blank'>Counter installer</a></li><li><a href='https://www.sepe.es/HomeSepe/encontrar-trabajo/empleo-europa/Ofertas-empleo-destacadas-informacion-paises/empleo-noruega.html' target='_blank'>Ofertas en Noruega</a></li></ul></p><p>Información procedente de: <a href='https://servicios3.jcyl.es/enbo/siau/webapp/boletinEmpleoCyL/boletin/dEt6MnoycXc2M1lobGk2N0hiWjlPUG5wUEpycGNpaVVXYkFDWHhXMTFkQT0%3D/EMPLEO-EURES/148865' target='_blank'><strong>Boletín de Empleo de Castilla y León (Ecyl)</strong>.</a></p>";Europa;Red EURES;;;;;;1285677489322;2026-09-09;https://empleo.jcyl.es/web/jcyl/Empleo/es/Plantilla100Detalle/1284216458054/OfertasEmpleo/1285677489322/Empleo;
Operario/a de limpieza para Palencia;Palencia;2026-09-09;"<p><em>Fundación Osga Reintegra </em>selecciona un/a <strong>OPERARIO/A LIMPIEZA </strong>para centros de salud de Palencia.</p>
<p><strong>Funciones:</strong></p>
<ul>
<li>Limpieza y desinfección de zonas comunes de edificios y oficinas.</li>
</ul>
<p><strong>Requisitos:</strong></p>
<ul>
<li>Capacidad de trabajar de manera independiente y como parte de un equipo.</li>
<li>Conocimientos de protocolos y productos de limpieza, desinfección y maquinaria.</li>
<li>Experiencia previa y continuada en trabajos de limpieza.</li>
<li>Valorable estar en posesión del Certificado de Discapacidad igual o superior al 33%</li>
</ul>
<p><strong>Se ofrece:</strong></p>
<ul>
<li>Contrato temporal con posibilidad de continuidad según valía.</li>
<li>Turno rotativo, mañana o tarde.</li>
<li>Salario según convenio.</li>
</ul>
<p><strong>Para solicitar:</strong></p>
<ul>
<li>En el enlace adjunto se puede acceder a la solicitud para el puesto. <strong>Se recuerda que, para presentar su candidatura, deberá estar inscrito/a en el portal que publica la oferta.</strong></li>
</ul><p><strong>Información obtenida de: </strong>Internet/Prensa. <a href='http://grupoosga.com' target='_blank'>http://grupoosga.com</a></p><p><strong>Enlaces relacionados:</strong><ul><li><a href='https://grupoosga.com/job/index.php/empleo/operario-a-limpieza-centros-de-salud-palencia/' target='_blank'>Más información e inscripción a la oferta</a></li></ul></p><p>Información procedente de: <a href='https://servicios3.jcyl.es/enbo/siau/webapp/boletinEmpleoCyL/boletin/dEt6MnoycXc2M1lobGk2N0hiWjlPUG5wUEpycGNpaVVXYkFDWHhXMTFkQT0%3D/EMPLEO-INTERNET-PRENSA/148695' target='_blank'><strong>Boletín de Empleo de Castilla y León (Ecyl)</strong>.</a></p>";;Internet / Prensa;1179298103860;Palencia;42.01112;-4.532032;34;1285677490638;2026-09-09;https://empleo.jcyl.es/web/jcyl/Empleo/es/Plantilla100Detalle/1284216458054/OfertasEmpleo/1285677490638/Empleo;42.01112, -4.532032
EDUCADORES SOCIALES;Palencia;2026-09-09;<p>Fundación dedicada a la rehabilitación de drogodependientes ubicada en Vañes (Cervera de Pisuerga). Se trabaja fines de semana alternos y dos o tres noches al mes.</p><p>Para más información acuda a <a href='http://empleocastillayleon.jcyl.es/oficinavirtual/buscoEmpleoPub.do?srvc=ver&scope=reg&cod=383681'>Oficina Virtual</a></p>;;ECYL;1179298073960;Cervera de Pisuerga;42.86689;-4.499293;34;1285677353782;2026-09-09;https://empleo.jcyl.es/web/jcyl/Empleo/es/Plantilla100Detalle/1284216458054/OfertasEmpleo/1285677353782/Empleo;42.86689, -4.499293
Agente de persona con movilidad reducida (PMR) para Palencia;Palencia;2026-09-09;"<p><em>Asociación Inserta Empleo</em> selecciona un/a <strong>AGENTE DE PERSONA CON MOVILIDAD REDUCIDA (PMR)</strong> para Palencia.</p>
<p><strong>Funciones:</strong></p>
<ul>
<li>Encargado de brindar atención, acompañamiento y asistencia a las Personas con Movilidad Reducida o necesidades especiales desde que llegan a una estación de tren hasta que se acomodan de forma segura en su vagón.</li>
<li>En la estación: Recibir al viajero en los puntos de encuentro designados. Guiarlo e informarlo a través de los controles de seguridad, el check-in y el tránsito por las instalaciones de la terminal.</li>
<li>En el acceso al tren: Ayudar al pasajero a subir y bajar de los vagones utilizando medios mecánicos y herramientas de accesibilidad (como rampas móviles o plataformas elevadoras) en caso de ser necesario.</li>
<li>Acomodo y equipaje: Llevar y colocar de forma adecuada el equipaje del pasajero en las áreas habilitadas dentro del coche. Asegurar al viajero en su asiento o en el espacio específico reservado para sillas de ruedas en el tren.</li>
<li>Coordinación: Mantener comunicación constante mediante dispositivos móviles (PDA o apps internas) con el personal de a bordo del tren y de las estaciones de destino para garantizar que el relevo de la asistencia sea impecable.</li>
</ul>
<p><strong>Se ofrece:</strong></p>
<ul>
<li>Horarios están comprendidos entre las 09-.18 y 22:50 en diferentes franjas horarias. Se le da la persona un cuadrante mensual.</li>
<li>Contrato de duración determinada, jornada parcial.</li>
</ul>
<p><strong>Para solicitar:</strong></p>
<ul>
<li>En el enlace adjunto se puede acceder a la solicitud para el puesto. <strong>Se recuerda que, para presentar su candidatura, deberá estar inscrito/a en el portal que publica la oferta.</strong></li>
</ul><p><strong>Información obtenida de: </strong>Internet/Prensa. <a href='http://infojobs.net' target='_blank'>http://infojobs.net</a></p><p><strong>Enlaces relacionados:</strong><ul><li><a href='https://www.infojobs.net/palencia/agente-persona-con-movilidad-reducida-pmr/of-i97074d94d34693a7b7dc5f58d5f14b?applicationOrigin=search-new&page=1&sortBy=PUBLICATION_DATE' target='_blank'>Más información e inscripción a la oferta</a></li></ul></p><p>Información procedente de: <a href='https://servicios3.jcyl.es/enbo/siau/webapp/boletinEmpleoCyL/boletin/dEt6MnoycXc2M1lobGk2N0hiWjlPUG5wUEpycGNpaVVXYkFDWHhXMTFkQT0%3D/EMPLEO-INTERNET-PRENSA/148692' target='_blank'><strong>Boletín de Empleo de Castilla y León (Ecyl)</strong>.</a></p>";;Internet / Prensa;1179298103860;Palencia;42.01112;-4.532032;34;1285677489938;2026-09-09;https://empleo.jcyl.es/web/jcyl/Empleo/es/Plantilla100Detalle/1284216458054/OfertasEmpleo/1285677489938/Empleo;42.01112, -4.532032
Dependiente/a para Salamanca;Salamanca;2026-09-09;"<p><em>Primark</em> selecciona un/a <strong>RETAIL ASSISTANT - DEPENDIENTE/A</strong> para su tienda de Salamanca.</p>
<p><strong>Funciones:</strong></p>
<ul>
<li>Responder consultas de los clientes sobre tallas o estilos, compras o devoluciones.</li>
<li>Preparar la sala de ventas, reponer las estanterías y organizar los probadores.</li>
<li>Exponer las últimas tendencias y mantener el almacén ordenado y bien organizado.</li>
<li>Ofrecer una experiencia rápida, amable y eficiente en las cajas.</li>
<li>Recibir, procesar y comprobar las nuevas entregas.</li>
</ul>
<p><strong>Requisitos:</strong></p>
<ul>
<li>Se valorará experiencia profesional en entornos muy dinámicos.</li>
<li>Se valorarán idiomas, incluyendo la lengua de signos.</li>
<li>Capacidad de organización y atención a los detalles.</li>
<li>Habilidad de comunicación y capacidad para escuchar y compartir ideas.</li>
<li>Interés por la moda y las últimas tendencias.</li>
</ul>
<p><strong>Se ofrece:</strong></p>
<ul>
<li>Contrato indefinido.</li>
<li>Jornada parcial.</li>
<li>Turnos continuos de mañana y tarde.</li>
<li>Oportunidad de desarrollo profesional a nivel nacional e internacional</li>
<li>Descuentos de empleado/a.</li>
</ul>
<p><strong>Para solicitar:</strong></p>
<ul>
<li>En el enlace adjunto se puede acceder a la solicitud para el puesto. <strong>Se recuerda que, para presentar su candidatura, deberá estar inscrito/a en el portal que publica la oferta.</strong></li>
</ul><p><strong>Información obtenida de: </strong>Internet/Prensa. <a href='http://careers.primark.com/es' target='_blank'>http://careers.primark.com/es</a></p><p><strong>Enlaces relacionados:</strong><ul><li><a href='https://careers.primark.com/es/trabajo/salamanca/retail-assistant-dependiente-a/8171/99966016608' target='_blank'>Más información e inscripción a la oferta</a></li></ul></p><p>Información procedente de: <a href='https://servicios3.jcyl.es/enbo/siau/webapp/boletinEmpleoCyL/boletin/dEt6MnoycXc2M1lobGk2N0hiWjlPUG5wUEpycGNpaVVXYkFDWHhXMTFkQT0%3D/EMPLEO-INTERNET-PRENSA/148585' target='_blank'><strong>Boletín de Empleo de Castilla y León (Ecyl)</strong>.</a></p>";;Internet / Prensa;1179298323669;Salamanca;40.9650951373;-5.66404069586;37;1285677490386;2026-09-09;https://empleo.jcyl.es/web/jcyl/Empleo/es/Plantilla100Detalle/1284216458054/OfertasEmpleo/1285677490386/Empleo;40.9650951373, -5.66404069586
PERSONAL DE LIMPIEZA O LIMPIADORES EN GENERAL;Segovia;2026-09-09;<p>Para más información acuda a <a href='http://empleocastillayleon.jcyl.es/oficinavirtual/buscoEmpleoPub.do?srvc=ver&scope=reg&cod=393903'>Oficina Virtual</a></p>;;ECYL;1179298551147;Sacramenia;41.49383;-3.9616995;40;1285677353875;2026-09-09;https://empleo.jcyl.es/web/jcyl/Empleo/es/Plantilla100Detalle/1284216458054/OfertasEmpleo/1285677353875/Empleo;41.49383, -3.9616995
Técnico/a de calidad para Cuéllar (Segovia);Segovia;2026-09-09;"<p><em>Uvesa</em> selecciona un/a <strong>TÉCNICO/A DE CALIDAD</strong> para Cuéllar (Segovia).</p>
<p><strong>Funciones:</strong></p>
<ul>
<li>Gestión de especificaciones de clientes.</li>
<li>Seguimiento de la vida útil del producto.</li>
<li>Tomas de muestras, colaboración en formación Buenas prácticas de higiene.</li>
</ul>
<p><strong>Requisitos:</strong></p>
<ul>
<li>Estudios mínimos formación profesional de calidad o estudios superiores.</li>
<li>Experiencia mínima 12 meses.</li>
<li>Carnet de conducir y vehículo propio.</li>
</ul>
<p><strong>Se ofrece:</strong></p>
<ul>
<li>Contrato indefinido.</li>
<li>Jornada completa.</li>
</ul>
<p><strong>Para solicitar:</strong></p>
<ul>
<li>En el enlace adjunto se puede acceder a la solicitud para el puesto. <strong>Se recuerda que, para presentar su candidatura, deberá estar inscrito/a en el portal que publica la oferta.</strong></li>
</ul><p><strong>Información obtenida de: </strong>Internet/Prensa. <a href='https://www.infojobs.net' target='_blank'>https://www.infojobs.net</a></p><p><strong>Enlaces relacionados:</strong><ul><li><a href='https://www.infojobs.net/cuellar/tecnico-calidad-cuellar/of-iccf83e876c4f76bfd3b11f65dc6e37?applicationOrigin=search-new&page=1&sortBy=PUBLICATION_DATE' target='_blank'>Más información e inscripción a la oferta</a></li></ul></p><p>Información procedente de: <a href='https://servicios3.jcyl.es/enbo/siau/webapp/boletinEmpleoCyL/boletin/dEt6MnoycXc2M1lobGk2N0hiWjlPUG5wUEpycGNpaVVXYkFDWHhXMTFkQT0%3D/EMPLEO-INTERNET-PRENSA/148863' target='_blank'><strong>Boletín de Empleo de Castilla y León (Ecyl)</strong>.</a></p>";;Internet / Prensa;1179298428248;Cuéllar;41.401096;-4.314916;40;1285677489350;2026-09-09;https://empleo.jcyl.es/web/jcyl/Empleo/es/Plantilla100Detalle/1284216458054/OfertasEmpleo/1285677489350/Empleo;41.401096, -4.314916
MECÁNICOS-AJUSTADORES DE CAMIONES Y AUTOBUSES, EN GENERAL;Valladolid;2026-09-09;<p>Para más información acuda a <a href='http://empleocastillayleon.jcyl.es/oficinavirtual/buscoEmpleoPub.do?srvc=ver&scope=reg&cod=393969'>Oficina Virtual</a></p>;;ECYL;1179469311668;Valladolid;41.652252;-4.724532;47;1285677479830;2026-09-09;https://empleo.jcyl.es/web/jcyl/Empleo/es/Plantilla100Detalle/1284216458054/OfertasEmpleo/1285677479830/Empleo;41.652252, -4.724532
FORMADORES DE FORMACIÓN PARA EL EMPLEO;Valladolid;2026-09-09;<p>FORMADOR DE FORMACIÓN PARA EL EMPLEO. Impatir el curso ' Limpieza de superficies y mobiliario en edificios y locales' Requisitos imprescindibles: Capacitación docente y Técnico superior de la familia profesional de Servicios socioculturales y a la comunidad, área profesional de Asistencia social y servicios al consumidor o Certificado de profesionalidad de nivel 3 de la familia profesional de Servicios socioculturales y a la comunidad, área profesional de Asistencia social y servicios al consumidor. ES NECESARIO QUE TENGA TITULACIÓN O EXPERIENCIA EN LIMPIEZA ( 2 años) PORQUE TIENE QUE IMPARTIR PARTE PRÁCTICA</p><p>Para más información acuda a <a href='http://empleocastillayleon.jcyl.es/oficinavirtual/buscoEmpleoPub.do?srvc=ver&scope=reg&cod=393967'>Oficina Virtual</a></p>;;ECYL;1179469311668;Valladolid;41.652252;-4.724532;47;1285677480555;2026-09-14;https://empleo.jcyl.es/web/jcyl/Empleo/es/Plantilla100Detalle/1284216458054/OfertasEmpleo/1285677480555/Empleo;41.652252, -4.724532
PEONES DE LA INDUSTRIA MANUFACTURERA, EN GENERAL;Zamora;2026-09-09;"<p>Oferta Núm 19154 de PEÓN DE MANTENIMIENTO para empresa de ZAMORA.
Los interesados/as deben enviar su CV a (ecyldoctorfleming.ofertas@jcyl.es) indicando en el asunto el Núm. de la oferta.
FUNCIONES: Mantenimiento y reparaciones básicas de instalaciones, colaborar orden y limpieza taller, lavado y traslado de vehículos
CONDICIONES: Laboral temporal a jornada completa. 
REQUISITOS: Permiso de conducir B. Operador-conductor carretilla elevadora.</p><p>Para más información acuda a <a href='http://empleocastillayleon.jcyl.es/oficinavirtual/buscoEmpleoPub.do?srvc=ver&scope=reg&cod=393970'>Oficina Virtual</a></p>";;ECYL;1179469491795;Zamora;41.507324;-5.745313;49;1285677479974;2026-09-09;https://empleo.jcyl.es/web/jcyl/Empleo/es/Plantilla100Detalle/1284216458054/OfertasEmpleo/1285677479974/Empleo;41.507324, -5.745313
CUIDADORES DE PERSONAS CON DISCAPACIDAD Y/O DEPENDENCIA, EN INSTITUCIONES;Zamora;2026-09-09;"<p>Oferta número: 18.993 GEROCULTOR-A / AUXILIAR DE ENFERMERÍA en ARGUJILLO (Zamora).
FUNCIONES: Se precisa personal para cuidado básico y diario de personas mayores, ayuda con alimentación, apoyo sanitario, apoyo a la movilidad de los residentes, en la localidad de Argujillo (Zamora)
CONDICIONES: se ofrece contrato laboral Indefinido, jornada completa.
REQUISITOS: Enseñanzas de Grado Medio de Formación Profesional Específica. Permiso de conducir.
Los interesados/as deberán remitir su CV al email: ecyltoro@jcyl.es Indicando en el asunto: número de oferta: 18.993 - Gerocultor/a - Auxiliar de enfermería.</p><p>Para más información acuda a <a href='http://empleocastillayleon.jcyl.es/oficinavirtual/buscoEmpleoPub.do?srvc=ver&scope=reg&cod=393809'>Oficina Virtual</a></p>";;ECYL;1179469335308;Argujillo;41.31154;-5.5873294;49;1285677437509;2026-09-09;https://empleo.jcyl.es/web/jcyl/Empleo/es/Plantilla100Detalle/1284216458054/OfertasEmpleo/1285677437509/Empleo;41.31154, -5.5873294
ASISTENTES DOMICILIARIOS;Zamora;2026-09-09;"<p>Oferta Núm. 19119 AUXILIAR DE AYUDA A DOMICILIO para SAN CIPRIAN DE SANABRIA (Zamora).
FUNCIONES: Las propias del puesto.
CONDICIONES LABORALES: Laboral Tndefinido. Jornada de mañana en horarios: lunes, miercoles y viernes de 9 a 13:15 h y martes y jueves de 10 a 11:30.
REQUISITOS: Preferiblemente formación en SAD o similar y vehículo para desplazarse.
Interesados/as llamar a 980638487 o enviar C.V. a gpr@intras.es con copia ecylpueblasa@jcyl.es</p><p>Para más información acuda a <a href='http://empleocastillayleon.jcyl.es/oficinavirtual/buscoEmpleoPub.do?srvc=ver&scope=reg&cod=393935'>Oficina Virtual</a></p>";;ECYL;1179469435964;San Justo;42.133327;-6.6244;49;1285677437574;2026-09-09;https://empleo.jcyl.es/web/jcyl/Empleo/es/Plantilla100Detalle/1284216458054/OfertasEmpleo/1285677437574/Empleo;42.133327, -6.6244
HIGIENISTAS BUCODENTALES;Zamora;2026-09-09;"<p>Oferta Núm 19143 de HIGIENISTA BUCODENTAL para ZAMORA.
Los interesados/as deben enviar su CV a (ecyldoctorfleming.ofertas@jcyl.es) indicando en el asunto el Núm. de la oferta.
FUNCIONES: Las propias del puesto.
CONDICIONES: Contrato temporal a jornada completa. 
REQUISITOS: Técnico Superior en Higiene Bucodental.</p><p>Para más información acuda a <a href='http://empleocastillayleon.jcyl.es/oficinavirtual/buscoEmpleoPub.do?srvc=ver&scope=reg&cod=393959'>Oficina Virtual</a></p>";;ECYL;1179469491795;Zamora;41.507324;-5.745313;49;1285677416915;2026-09-09;https://empleo.jcyl.es/web/jcyl/Empleo/es/Plantilla100Detalle/1284216458054/OfertasEmpleo/1285677416915/Empleo;41.507324, -5.745313
2 Vaquero/a-Tractorista para Diputación de Ávila;Ávila;2026-09-08;"<p><strong>Convoca: </strong> Diputación de Ávila</p>
<p><strong>Cuerpo: </strong>VAQUERO/A-TRACTORISTA</p>
<p><strong>Plazas: </strong>2+Bolsa</p>
<p><strong>Acceso:</strong> Concurso-oposición</p>
<p><strong>Titulación:</strong> Educación Secundaria Obligatoria o equivalente</p>
<p><strong>Plazo:</strong> 6 de octubre de 2026</p>
<p><strong>Observaciones:</strong> Se requiere permiso de conducir clase B</p><p><strong>Información obtenida de: </strong>Empleo público. BOP Ávila 17/07/2026; BOCYL 05/08/2026; BOE 08/09/2026</p><p><strong>Enlaces relacionados:</strong><ul><li><a href='https://www.boe.es/boe/dias/2026/09/08/pdfs/BOE-A-2026-18804.pdf' target='_blank'>Consulte anuncio en BOE 08/09/2026</a></li><li><a href='https://bocyl.jcyl.es/boletines/2026/08/05/pdf/BOCYL-D-05082026-150-20.pdf' target='_blank'>Consulte bases en BOCYL 05/08/2026</a></li></ul></p>";;Organismo oficial;;;;;;1285677142075;2026-09-08;https://empleo.jcyl.es/web/jcyl/Empleo/es/Plantilla100Detalle/1284216458054/OfertasEmpleo/1285677142075/Empleo;
TERAPEUTAS OCUPACIONALES;Burgos;2026-09-08;<p>Oferta de Empleo de TERAPEUTA OCUPACONAL para Residencia de Mayores en la localidad de Soncillo (Valle de Valdebezana - Burgos). Necesaria Titulación. Se ofrece contrato Indefinido a Jornada Parcial flexible.</p><p>Para más información acuda a <a href='http://empleocastillayleon.jcyl.es/oficinavirtual/buscoEmpleoPub.do?srvc=ver&scope=reg&cod=393867'>Oficina Virtual</a></p>;;ECYL;1179297686841;Valle de Valdebezana;42.36336;-3.6453202;09;1285677147048;2026-09-08;https://empleo.jcyl.es/web/jcyl/Empleo/es/Plantilla100Detalle/1284216458054/OfertasEmpleo/1285677147048/Empleo;42.36336, -3.6453202
ENFERMEROS DE CUIDADOS GENERALES;Burgos;2026-09-08;<p>Oferta de Empleo de ENFERMERO/A para Residencia de Mayores en la localidad de Soncillo (Valle de Valdebezana - Burgos). Necesaria Titulación. Se ofrece contrato Indefinido a Jornada Parcial flexible.</p><p>Para más información acuda a <a href='http://empleocastillayleon.jcyl.es/oficinavirtual/buscoEmpleoPub.do?srvc=ver&scope=reg&cod=393865'>Oficina Virtual</a></p>;;ECYL;1179297686841;Valle de Valdebezana;42.36336;-3.6453202;09;1285677147020;2026-09-08;https://empleo.jcyl.es/web/jcyl/Empleo/es/Plantilla100Detalle/1284216458054/OfertasEmpleo/1285677147020/Empleo;42.36336, -3.6453202
MÉDICOS, MEDICINA GENERAL;Burgos;2026-09-08;<p>Oferta de Empleo de MÉDICO para Residencia de Mayores en la localidad de Soncillo (Valle de Valdebezana - Burgos). Necesaria Titulación. Se ofrece contrato Indefinido a Jornada Parcial flexible.</p><p>Para más información acuda a <a href='http://empleocastillayleon.jcyl.es/oficinavirtual/buscoEmpleoPub.do?srvc=ver&scope=reg&cod=393864'>Oficina Virtual</a></p>;;ECYL;1179297686841;Valle de Valdebezana;42.36336;-3.6453202;09;1285677146992;2026-09-08;https://empleo.jcyl.es/web/jcyl/Empleo/es/Plantilla100Detalle/1284216458054/OfertasEmpleo/1285677146992/Empleo;42.36336, -3.6453202
AUXILIARES DE ENFERMERÍA DE GERIATRÍA;Burgos;2026-09-08;<p>Oferta de Empleo de GEROCULTOR para Residencia de Mayores en la localidad de Espinosa de los Monteros (Burgos). Necesaria Titulación de FP de Auxiliar de Enfermería o FP atención a la Dependencia, o tambien Certificado de Profesionalidad en Atención Sociosanitaria. Se ofrece contrato temporal a jornada completa</p><p>Para más información acuda a <a href='http://empleocastillayleon.jcyl.es/oficinavirtual/buscoEmpleoPub.do?srvc=ver&scope=reg&cod=393874'>Oficina Virtual</a></p>;;ECYL;1182753755452;Espinosa de los Monteros;43.076225;-3.551615;09;1285677156279;2026-09-08;https://empleo.jcyl.es/web/jcyl/Empleo/es/Plantilla100Detalle/1284216458054/OfertasEmpleo/1285677156279/Empleo;43.076225, -3.551615
EMPLEADOS ADMINISTRATIVOS COMERCIALES, EN GENERAL;Burgos;2026-09-08;"<p>PUESTO SOLICITADO: Responsable de oficina de seguros. 
LOCALIDAD: Burgos. 
REQUISITOS: 
. Grado medio de administración. 
FUNCIONES:
. Tareas administrativas y comerciales. 
SE OFRECE: Jornada completa. Contrato indefinido.</p><p>Para más información acuda a <a href='http://empleocastillayleon.jcyl.es/oficinavirtual/buscoEmpleoPub.do?srvc=ver&scope=reg&cod=393863'>Oficina Virtual</a></p>";;ECYL;1179297447246;Burgos;42.3408235575;-3.70205869083;09;1285677146964;2026-09-08;https://empleo.jcyl.es/web/jcyl/Empleo/es/Plantilla100Detalle/1284216458054/OfertasEmpleo/1285677146964/Empleo;42.3408235575, -3.70205869083
AUXILIARES DE ENFERMERÍA DE GERIATRÍA;León;2026-09-08;<p>TRABAJO A TURNOS ROTATIVOS</p><p>Para más información acuda a <a href='http://empleocastillayleon.jcyl.es/oficinavirtual/buscoEmpleoPub.do?srvc=ver&scope=reg&cod=393900'>Oficina Virtual</a></p>;;ECYL;1179297951609;Sariegos;42.6525;-5.6343865;24;1285677208666;2026-09-08;https://empleo.jcyl.es/web/jcyl/Empleo/es/Plantilla100Detalle/1284216458054/OfertasEmpleo/1285677208666/Empleo;42.6525, -5.6343865
TERAPEUTAS OCUPACIONALES;León;2026-09-08;<p>Para más información acuda a <a href='http://empleocastillayleon.jcyl.es/oficinavirtual/buscoEmpleoPub.do?srvc=ver&scope=reg&cod=393902'>Oficina Virtual</a></p>;;ECYL;1179297951609;Sariegos;42.6525;-5.6343865;24;1285677195968;2026-09-08;https://empleo.jcyl.es/web/jcyl/Empleo/es/Plantilla100Detalle/1284216458054/OfertasEmpleo/1285677195968/Empleo;42.6525, -5.6343865
DIETISTAS Y NUTRICIONISTAS;León;2026-09-08;<p>PARA EMPRESA EN SOTO DE LA VEGA, DEBE TENER GRADO UNIVERSITARIO, NO VALE TÉCNICO SUPERIOR. LAS PERSONAS INTERESADAS DEBEN ENVIA CV A administrativo@lecaser.com CON COPIA A ecylbaneza@jcyl.es EN ASUNTO PONER DIETISTA NUTRICIONISTA</p><p>Para más información acuda a <a href='http://empleocastillayleon.jcyl.es/oficinavirtual/buscoEmpleoPub.do?srvc=ver&scope=reg&cod=393904'>Oficina Virtual</a></p>;;ECYL;1179297955047;Soto de la Vega;42.33227;-5.882215;24;1285677208768;2026-09-08;https://empleo.jcyl.es/web/jcyl/Empleo/es/Plantilla100Detalle/1284216458054/OfertasEmpleo/1285677208768/Empleo;42.33227, -5.882215
ENFERMEROS DE CUIDADOS GENERALES;León;2026-09-08;<p>Para más información acuda a <a href='http://empleocastillayleon.jcyl.es/oficinavirtual/buscoEmpleoPub.do?srvc=ver&scope=reg&cod=393901'>Oficina Virtual</a></p>;;ECYL;1179297951609;Sariegos;42.6525;-5.6343865;24;1285677195940;2026-09-08;https://empleo.jcyl.es/web/jcyl/Empleo/es/Plantilla100Detalle/1284216458054/OfertasEmpleo/1285677195940/Empleo;42.6525, -5.6343865
TRABAJADORES DE GANADO PORCINO EN EXTENSIVO;Segovia;2026-09-08;<p>SE OFRECE VIVIENDA. INDEFINIDO. CUIDADO DE CERDOS,CON EXERIENCIA Y CARNÉ B</p><p>Para más información acuda a <a href='http://empleocastillayleon.jcyl.es/oficinavirtual/buscoEmpleoPub.do?srvc=ver&scope=reg&cod=393885'>Oficina Virtual</a></p>;;ECYL;1179298567207;Sequera de Fresno;41.36566;-3.544469;40;1285677181918;2026-09-08;https://empleo.jcyl.es/web/jcyl/Empleo/es/Plantilla100Detalle/1284216458054/OfertasEmpleo/1285677181918/Empleo;41.36566, -3.544469
ENCARGADOS DE OBRA DE EDIFICACIÓN, EN GENERAL;Soria;2026-09-08;"<p>SE NECESITA ENCARGADO/A DE OBRA PARA SORIA
CONTRATO POR OBRA PARA LA CONSTRUCCIÓN DE 14 VIVIENDAS
JORNADA COMPLETA
SE REQUIERE EXPERIENCIA EN LA OCUPACIÓN
INTERESADOS LLAMAR AL 686485334</p><p>Para más información acuda a <a href='http://empleocastillayleon.jcyl.es/oficinavirtual/buscoEmpleoPub.do?srvc=ver&scope=reg&cod=393857'>Oficina Virtual</a></p>";;ECYL;1179469197687;Soria;41.76443;-2.463772;42;1285677147076;2026-09-08;https://empleo.jcyl.es/web/jcyl/Empleo/es/Plantilla100Detalle/1284216458054/OfertasEmpleo/1285677147076/Empleo;41.76443, -2.463772
ALBAÑILES;Soria;2026-09-08;<p>Puesto ubicado en Soria capital. Se ofrece contrato laboral temporal, jornada completa. Intesados enviar currículum a la dirección de correo electróinico asesoriamdb@gmail.com, CON COPIA a asesoriamgdb@gmail.com.</p><p>Para más información acuda a <a href='http://empleocastillayleon.jcyl.es/oficinavirtual/buscoEmpleoPub.do?srvc=ver&scope=reg&cod=393825'>Oficina Virtual</a></p>;;ECYL;1179469197687;Soria;41.76443;-2.463772;42;1285677134514;2026-09-08;https://empleo.jcyl.es/web/jcyl/Empleo/es/Plantilla100Detalle/1284216458054/OfertasEmpleo/1285677134514/Empleo;41.76443, -2.463772
CONDUCTORES-OPERADORES DE GRÚA TORRE;Soria;2026-09-08;<p>Se ofrece contrato laboral temporal, jornada completa. Interesados enviar currículum vitae a la dirección de correo electrónico: asesoriamgdb@gmail.com, CON COPIA a ecylempleosoria@jcyl.es</p><p>Para más información acuda a <a href='http://empleocastillayleon.jcyl.es/oficinavirtual/buscoEmpleoPub.do?srvc=ver&scope=reg&cod=393839'>Oficina Virtual</a></p>;;ECYL;1179469197687;Soria;41.76443;-2.463772;42;1285677134486;2026-09-08;https://empleo.jcyl.es/web/jcyl/Empleo/es/Plantilla100Detalle/1284216458054/OfertasEmpleo/1285677134486/Empleo;41.76443, -2.463772
MECÁNICOS-AJUSTADORES DEL AUTOMÓVIL, EN GENERAL (TURISMOS Y FURGONETAS);Soria;2026-09-08;"<p>Laboral indefinido.
Jornada completa en horario de 09:00 a 13:00 y de 15:00 a 19:00 horas</p><p>Para más información acuda a <a href='http://empleocastillayleon.jcyl.es/oficinavirtual/buscoEmpleoPub.do?srvc=ver&scope=reg&cod=393812'>Oficina Virtual</a></p>";;ECYL;1179469197687;Soria;41.76443;-2.463772;42;1285677134458;2026-09-08;https://empleo.jcyl.es/web/jcyl/Empleo/es/Plantilla100Detalle/1284216458054/OfertasEmpleo/1285677134458/Empleo;41.76443, -2.463772
MANTENEDORES DE EDIFICIOS;Zamora;2026-09-08;"<p>MANTENIMIENTO Y REPARACIÓN DE LAS INSTALACIONES DEL CENTRO RESIDENCIAL Y ASISTENCIAL LOS ÁLAMOS, EN QUIRUELAS DE VIDRIALES (ZAMORA)
Enviar CV: amara@grupomatellanes.com</p><p>Para más información acuda a <a href='http://empleocastillayleon.jcyl.es/oficinavirtual/buscoEmpleoPub.do?srvc=ver&scope=reg&cod=393888'>Oficina Virtual</a></p>";;ECYL;1179469422644;Quiruelas de Vidriales;42.01753;-5.82945;49;1285677182160;2026-09-08;https://empleo.jcyl.es/web/jcyl/Empleo/es/Plantilla100Detalle/1284216458054/OfertasEmpleo/1285677182160/Empleo;42.01753, -5.82945
PROFESORES DE INSTRUMENTOS MUSICALES, EN GENERAL;Zamora;2026-09-08;"<p>Oferta Núm 19028 de PROFESOR DE ACORDEÓN para el Conservatorio de ZAMORA. 
Los interesados/as deben enviar su CV a (ecyldoctorfleming.ofertas@jcyl.es) indicando en el asunto el Núm. de la oferta. 
FUNCIONES: Las propias de la profesión. 
CONDICIONES: Contrato temporal a jornada parcial de 9 h semanales.
REQUISITOS: Título Superior de Música o titulaciones equivalentes especialidad acordeón.</p><p>Para más información acuda a <a href='http://empleocastillayleon.jcyl.es/oficinavirtual/buscoEmpleoPub.do?srvc=ver&scope=reg&cod=393844'>Oficina Virtual</a></p>";;ECYL;1179469491795;Zamora;41.507324;-5.745313;49;1285677156529;2026-09-08;https://empleo.jcyl.es/web/jcyl/Empleo/es/Plantilla100Detalle/1284216458054/OfertasEmpleo/1285677156529/Empleo;41.507324, -5.745313
PEONES DE OBRAS PUBLICAS, EN GENERAL;Ávila;2026-09-07;<p>Para más información acuda a <a href='http://empleocastillayleon.jcyl.es/oficinavirtual/buscoEmpleoPub.do?srvc=ver&scope=reg&cod=393107'>Oficina Virtual</a></p>;;ECYL;1179297278985;Sotillo de la Adrada;40.29404;-4.585647;05;1285676911839;2026-09-07;https://empleo.jcyl.es/web/jcyl/Empleo/es/Plantilla100Detalle/1284216458054/OfertasEmpleo/1285676911839/Empleo;40.29404, -4.585647
2 Administrativo/a para Ayto. El Barraco (Ávila);Ávila;2026-09-07;"<p><strong>Convoca: </strong>Ayuntamiento de El Barraco</p>
<p><strong>Cuerpo: </strong> ADMINISTRATIVO/A</p>
<p><strong>Plazas:</strong> 2+Bolsa</p>
<p><strong>Acceso: </strong> Concurso-Oposición</p>
<p><strong>Titulación: </strong> Bachiller, Técnico (Ciclo Formativo de Grado Medio) o equivalente</p>
<p><strong>Plazo:</strong> 2 de octubre de 2026</p><p><strong>Información obtenida de: </strong>Empleo público. BOP Ávila 25/08/2026; BOE 05/09/2026</p><p><strong>Enlaces relacionados:</strong><ul><li><a href='https://www.diputacionavila.es/bops/2026/27-08-2026/27-08-2026_174326.pdf' target='_blank'>Corrección errores 27/08/2026</a></li><li><a href='https://www.boe.es/boe/dias/2026/09/05/pdfs/BOE-A-2026-18653.pdf' target='_blank'>Consulte anuncio en BOE 05/09/2026</a></li><li><a href='https://www.diputacionavila.es/bops/2026/25-08-2026/25-08-2026_173026.pdf' target='_blank'>Consulte bases en BOP Ávila 25/08/2026</a></li></ul></p>";;Organismo oficial;1179297194015;Barraco (El);40.47881;-4.638284;05;1285676858622;2026-09-07;https://empleo.jcyl.es/web/jcyl/Empleo/es/Plantilla100Detalle/1284216458054/OfertasEmpleo/1285676858622/Empleo;40.47881, -4.638284
PEONES DE LA CONSTRUCCIÓN DE EDIFICIOS;Burgos;2026-09-07;"<p>PUESTO SOLICITADO: Peón construcción (ayuda en construcción y reparto de materiales con camión pequeño)
LOCALIDAD: Burgos.
REQUISITOS:
. Permiso de conducir B
. Curso prevención riesgos laborales construcción
SE OFRECE: 
. Contrato indefinido
. Jornada completa (lunes a viernes)</p><p>Para más información acuda a <a href='http://empleocastillayleon.jcyl.es/oficinavirtual/buscoEmpleoPub.do?srvc=ver&scope=reg&cod=393827'>Oficina Virtual</a></p>";;ECYL;1179297447246;Burgos;42.3408235575;-3.70205869083;09;1285677006446;2026-09-07;https://empleo.jcyl.es/web/jcyl/Empleo/es/Plantilla100Detalle/1284216458054/OfertasEmpleo/1285677006446/Empleo;42.3408235575, -3.70205869083
TRACTORISTAS-MANIPULADORES AGRÍCOLAS;Burgos;2026-09-07;"<p>Tractorista Especializado / Trabajos Agrícolas ? Cooperativa Vitivinícola (Zona Aranda de Duero)
Cooperativa vitivinícola ubicada en Villanueva de gumiel, muy cercano a Aranda de Duero busca un Tractorista Especializado para incorporarse a su equipo de campo.
Buscamos a alguien con ganas para manejo y conducción de tractores agrícolas en viñedo 
Carnet de conducir B,
Manejo de Tractores / Maquinaria Agrícola.</p><p>Para más información acuda a <a href='http://empleocastillayleon.jcyl.es/oficinavirtual/buscoEmpleoPub.do?srvc=ver&scope=reg&cod=393712'>Oficina Virtual</a></p>";;ECYL;1179297711841;Villanueva de Gumiel;41.73778;-3.624579;09;1285676911867;2026-09-07;https://empleo.jcyl.es/web/jcyl/Empleo/es/Plantilla100Detalle/1284216458054/OfertasEmpleo/1285676911867/Empleo;41.73778, -3.624579
PROFESORES TÉCNICOS DE FORMACIÓN PROFESIONAL, EN GENERAL;Burgos;2026-09-07;"<p>PUESTO SOLICITADO: Profesor de Formación Profesional en Centro Privado
(Profesor mecanizado: Diseño Cad y Control Númerico).
LOCALIDAD: Burgos
REQUISITOS: Grado en Ingeniería Mecánica
Master en Formación del Profesorado o CAP.
Funciones propias de profesor/a de Formación Profesional en la rama de Mecanizado con concocimientos de software de diseño.
Dominio sobre herramientas CAD y maquinaria CNC.
SE OFRECE: Contrato laboral temporal
Jornada parcial de lunes a Viernes.</p><p>Para más información acuda a <a href='http://empleocastillayleon.jcyl.es/oficinavirtual/buscoEmpleoPub.do?srvc=ver&scope=reg&cod=393826'>Oficina Virtual</a></p>";;ECYL;1179297447246;Burgos;42.3408235575;-3.70205869083;09;1285677006585;2026-09-07;https://empleo.jcyl.es/web/jcyl/Empleo/es/Plantilla100Detalle/1284216458054/OfertasEmpleo/1285677006585/Empleo;42.3408235575, -3.70205869083
AUXILIARES DE ENFERMERÍA;Burgos;2026-09-07;"<p>PUESTO SOLICITADO: Auxiliar de enfermería 
LOCALIDAD: Lerma (Burgos). 
SE OFRECE: Jornada completa (7 a 15/ 15 a 22). Contrato indefinido.</p><p>Para más información acuda a <a href='http://empleocastillayleon.jcyl.es/oficinavirtual/buscoEmpleoPub.do?srvc=ver&scope=reg&cod=393828'>Oficina Virtual</a></p>";;ECYL;1182753783538;Lerma;42.026592;-3.7567337;09;1285676984575;2026-09-07;https://empleo.jcyl.es/web/jcyl/Empleo/es/Plantilla100Detalle/1284216458054/OfertasEmpleo/1285676984575/Empleo;42.026592, -3.7567337
LIMPIADORES EN INSTITUCIONES SANITARIAS;León;2026-09-07;<p>FUNCIONES: Limpieza de pasillo, zonas comunes, aseos, quirófanos y urgencis utilizando herramientas tradicionales o elementos electomecánicos o de fácil manejo</p><p>Para más información acuda a <a href='http://empleocastillayleon.jcyl.es/oficinavirtual/buscoEmpleoPub.do?srvc=ver&scope=reg&cod=393761'>Oficina Virtual</a></p>;;ECYL;1179297845863;Gradefes;42.624645;-5.22732;24;1285677006307;2026-09-07;https://empleo.jcyl.es/web/jcyl/Empleo/es/Plantilla100Detalle/1284216458054/OfertasEmpleo/1285677006307/Empleo;42.624645, -5.22732
DELINEANTES, EN GENERAL;León;2026-09-07;"<p>SE NECESITA CUBRIR 1 PUESTO DE RESPONSABLE DE EQUIPO 
SE OFRECE CONTRATO LABORAL INDEFINIDO A JORNADA COMPLETA
REQUISITOS:
- IMPRESCINDIBLE MANEJO DE PROGRAMA AUTOCAD 
- TITULACION MINIMA FP DELINEANTE O EDIFICACION Y OBRA CIVIL
PERSONAS INTERESADAS CONTACTAR CON LA OFICINA DE EMPLEO DE BEMBIBRE (987511461) EN HORARIO DE 9:00A 14:00 INDICANDO OFERTA N 18926</p><p>Para más información acuda a <a href='http://empleocastillayleon.jcyl.es/oficinavirtual/buscoEmpleoPub.do?srvc=ver&scope=reg&cod=393742'>Oficina Virtual</a></p>";;ECYL;1179297775135;Bembibre;42.617176;-6.4186482;24;1285676985487;2026-09-07;https://empleo.jcyl.es/web/jcyl/Empleo/es/Plantilla100Detalle/1284216458054/OfertasEmpleo/1285676985487/Empleo;42.617176, -6.4186482
ENFERMEROS DE CUIDADOS GENERALES;León;2026-09-07;<p>Para más información acuda a <a href='http://empleocastillayleon.jcyl.es/oficinavirtual/buscoEmpleoPub.do?srvc=ver&scope=reg&cod=393746'>Oficina Virtual</a></p>;;ECYL;1179297888504;Ponferrada;42.549995;-6.598259;24;1285676959747;2026-09-07;https://empleo.jcyl.es/web/jcyl/Empleo/es/Plantilla100Detalle/1284216458054/OfertasEmpleo/1285676959747/Empleo;42.549995, -6.598259
CONDUCTORES-OPERADORES DE PALA CARGADORA (MOVIMIENTO DE TIERRAS);León;2026-09-07;"<p>Empresa de ganado vacuno, en el Polígono de Vidanes- Cistierna (León),
Solicita: 2 conductor operador de pala cargadora, oficial 3ª.
Experiencia: 12 meses.
Funciones: Manejo de maquinaria pesada, para alimentación de ganado vacuno, para trabajar en finca ganadera.
Ofrece: Contrato indefinido a jornada completa.
Interesados/as: Enviar CV a tramitaciones@grupolagon.com, con copia a ecylcistierna@jcyl.es. Poniendo en el asunto: Oferta nº 18975 conductor operador de pala cargadora</p><p>Para más información acuda a <a href='http://empleocastillayleon.jcyl.es/oficinavirtual/buscoEmpleoPub.do?srvc=ver&scope=reg&cod=393791'>Oficina Virtual</a></p>";;ECYL;1179297821881;Cistierna;42.80451;-5.125196;24;1285676934777;2026-09-07;https://empleo.jcyl.es/web/jcyl/Empleo/es/Plantilla100Detalle/1284216458054/OfertasEmpleo/1285676934777/Empleo;42.80451, -5.125196
CAMAREROS, EN GENERAL;León;2026-09-07;<p>Para más información acuda a <a href='http://empleocastillayleon.jcyl.es/oficinavirtual/buscoEmpleoPub.do?srvc=ver&scope=reg&cod=393802'>Oficina Virtual</a></p>;;ECYL;1179297930620;San Justo de la Vega;42.453346;-6.0163145;24;1285676959078;2026-09-07;https://empleo.jcyl.es/web/jcyl/Empleo/es/Plantilla100Detalle/1284216458054/OfertasEmpleo/1285676959078/Empleo;42.453346, -6.0163145
CUIDADORES DE PERSONAS CON DISCAPACIDAD Y/O DEPENDENCIA, EN INSTITUCIONES;León;2026-09-07;"<p>Para residencia de mayores en León. Experiencia mínima de 3 meses. FORMACIÓN: Técnico en Cuidados Auxiliares de Enfermería, Técnico Auxiliar de Clínica, Técnico en Atención a Personas en Situación de Dependencia, Técnico de Atención Sociosanitaria o Certificado de Profesionalidad de Atención Sociosanitaria a Personas Dependientes en Instituciones sociales
Contrato temporal por sustitución IT. Jornada completa. Contactar con Oficina de Empleo León Centro, teléfono 987249530 (Ofertas)</p><p>Para más información acuda a <a href='http://empleocastillayleon.jcyl.es/oficinavirtual/buscoEmpleoPub.do?srvc=ver&scope=reg&cod=393780'>Oficina Virtual</a></p>";;ECYL;1179297860755;León;42.59873;-5.5670958;24;1285676911625;2026-09-07;https://empleo.jcyl.es/web/jcyl/Empleo/es/Plantilla100Detalle/1284216458054/OfertasEmpleo/1285676911625/Empleo;42.59873, -5.5670958
TÉCNICOS EN INTEGRACIÓN SOCIAL;León;2026-09-07;"<p>TÉCNICO EN INTEGRACIÓN SOCIAL, CON EXPERIENCIA DE 1 AÑO. TÍTULO de Técnico Superior en Integración Social, así como formación y experiencia en atención a personas con discapacidad con enfermedad mental, permiso de conducir y conocimientos informáticos. CONTRATO TEMPORAL (SUSTITUCIÓN INCAPACIDAD TEMPORAL), A JORNADA COMPLETA DE MAÑANAS. 
INTERESADOS LLAMAR AL 987 249530 (SECCIÓN DE OFERTAS - OFICINA DE EMPLEO DE RAMÓN Y CAJAL)</p><p>Para más información acuda a <a href='http://empleocastillayleon.jcyl.es/oficinavirtual/buscoEmpleoPub.do?srvc=ver&scope=reg&cod=393774'>Oficina Virtual</a></p>";;ECYL;1179297860755;León;42.59873;-5.5670958;24;1285676911811;2026-09-07;https://empleo.jcyl.es/web/jcyl/Empleo/es/Plantilla100Detalle/1284216458054/OfertasEmpleo/1285676911811/Empleo;42.59873, -5.5670958
ANIMADORES SOCIOCULTURALES;León;2026-09-07;<p>Para más información acuda a <a href='http://empleocastillayleon.jcyl.es/oficinavirtual/buscoEmpleoPub.do?srvc=ver&scope=reg&cod=393688'>Oficina Virtual</a></p>;;ECYL;1179297888504;Ponferrada;42.549995;-6.598259;24;1285676857544;2026-09-07;https://empleo.jcyl.es/web/jcyl/Empleo/es/Plantilla100Detalle/1284216458054/OfertasEmpleo/1285676857544/Empleo;42.549995, -6.598259
FISIOTERAPEUTAS, EN GENERAL;León;2026-09-07;<p>Para más información acuda a <a href='http://empleocastillayleon.jcyl.es/oficinavirtual/buscoEmpleoPub.do?srvc=ver&scope=reg&cod=393685'>Oficina Virtual</a></p>;;ECYL;1179297888504;Ponferrada;42.549995;-6.598259;24;1285676857572;2026-09-07;https://empleo.jcyl.es/web/jcyl/Empleo/es/Plantilla100Detalle/1284216458054/OfertasEmpleo/1285676857572/Empleo;42.549995, -6.598259
Profesor/a de Centros de Formación Agraria para Junta de Castilla y León;Otra;2026-09-07;"<p><strong>Convoca: </strong> Junta de Castilla y León. Consejería de la Presidencia</p>
<p><strong>Cuerpo: </strong> PROFESOR/A DE CENTROS DE FORMACIÓN AGRARIA</p>
<p><strong>Plazas:</strong> Bolsa de empleo</p>
<p><strong>Acceso: </strong> Baremo de méritos</p>
<p><strong>Titulación: </strong> Ingeniería Superior (Agrónomos, Montes), Ingeniería Técnica (Agrícolas, Forestales), Veterinaria, más máster de profesorado</p>
<p><strong>Plazo:</strong> 30 de septiembre de 2026</p><p><strong>Información obtenida de: </strong>Empleo público. BOCYL 07/09/2026</p><p><strong>Enlaces relacionados:</strong><ul><li><a href='https://bocyl.jcyl.es/boletines/2026/09/07/pdf/BOCYL-D-07092026-173-3.pdf' target='_blank'>Consulte plazo y bases en BOCYL 07/09/2026</a></li></ul></p>";Castilla y León;Organismo oficial;;;;;;1285676944677;2026-09-07;https://empleo.jcyl.es/web/jcyl/Empleo/es/Plantilla100Detalle/1284216458054/OfertasEmpleo/1285676944677/Empleo;
COCINEROS, EN GENERAL;Palencia;2026-09-07;<p>Colegio Alar del Rey. Plaza vacante hasta su cobertura definitiva por concurso o procedimiento selectivo. Necesario FP Cocina y Gastronomía o contratos como cocinero-a con la Junta de Castilla y León anteriores a 1 de julio de 2023.</p><p>Para más información acuda a <a href='http://empleocastillayleon.jcyl.es/oficinavirtual/buscoEmpleoPub.do?srvc=ver&scope=reg&cod=392604'>Oficina Virtual</a></p>;;ECYL;1179298055413;Alar del Rey;42.65862;-4.307391;34;1285676934349;2026-09-07;https://empleo.jcyl.es/web/jcyl/Empleo/es/Plantilla100Detalle/1284216458054/OfertasEmpleo/1285676934349/Empleo;42.65862, -4.307391
COCINEROS, EN GENERAL;Palencia;2026-09-07;<p>Colegio de Herrera de Pisuerga. Plaza vacante. Duración del contrato hasta su cobertura definitiva por concurso o procedimiento selectivo. Necesario FP Cocina y Gastronomía o contratos como cocinero-a con la Junta de Castilla y León, anteriores al 01 de julio de 2023.</p><p>Para más información acuda a <a href='http://empleocastillayleon.jcyl.es/oficinavirtual/buscoEmpleoPub.do?srvc=ver&scope=reg&cod=392600'>Oficina Virtual</a></p>;;ECYL;1179298086424;Herrera de Pisuerga;42.595364;-4.3321114;34;1285676959050;2026-09-07;https://empleo.jcyl.es/web/jcyl/Empleo/es/Plantilla100Detalle/1284216458054/OfertasEmpleo/1285676959050/Empleo;42.595364, -4.3321114
FISIOTERAPEUTAS, EN GENERAL;Salamanca;2026-09-07;<p>RESIDENCIA DE PERSONAS MAYORES UBICADA EN SALAMANCA PRECISA CONTRATAR A UN/A FISIOTERAPEUTA CON CARACTER INDEFINIDO Y A TIEMPO COMPLETO. LAS PERSONAS INTERESADAS CONTACTEN CON LA OFICINA DE SAN QUINTIN 923216707 EXT 852340</p><p>Para más información acuda a <a href='http://empleocastillayleon.jcyl.es/oficinavirtual/buscoEmpleoPub.do?srvc=ver&scope=reg&cod=393769'>Oficina Virtual</a></p>;;ECYL;1179298323669;Salamanca;40.9650951373;-5.66404069586;37;1285676884079;2026-09-07;https://empleo.jcyl.es/web/jcyl/Empleo/es/Plantilla100Detalle/1284216458054/OfertasEmpleo/1285676884079/Empleo;40.9650951373, -5.66404069586
PEONES DE LA CONSTRUCCIÓN DE EDIFICIOS;Segovia;2026-09-07;<p>Para más información acuda a <a href='http://empleocastillayleon.jcyl.es/oficinavirtual/buscoEmpleoPub.do?srvc=ver&scope=reg&cod=393817'>Oficina Virtual</a></p>;;ECYL;1179298563848;Segovia;40.94356;-4.1130023;40;1285676985245;2026-09-07;https://empleo.jcyl.es/web/jcyl/Empleo/es/Plantilla100Detalle/1284216458054/OfertasEmpleo/1285676985245/Empleo;40.94356, -4.1130023
Alguacil/a Municipal para Ayto. de Ólvega (Soria);Soria;2026-09-07;"<p><strong>Convoca: </strong> Ayuntamiento de Ólvega</p>
<p><strong>Cuerpo: </strong> ALGUACIL/A MUNICIPAL</p>
<p><strong>Plazas: </strong> 1+Bolsa</p>
<p><strong>Acceso: </strong>Concurso-oposición</p>
<p><strong>Titulación: </strong>Graduado Escolar, Graduado E.S.O., F.P.I o equivalente</p>
<p><strong>Plazo: </strong> 5 de octubre de 2026</p>
<p><strong>Observaciones:</strong> Se requiere permiso de conducir clase B</p><p><strong>Información obtenida de: </strong>Empleo público. BOCYL 19/08/2026; BOP 21/08/2026; BOE 01/09/2026</p><p><strong>Enlaces relacionados:</strong><ul><li><a href='https://bocyl.jcyl.es/boletines/2026/08/19/pdf/BOCYL-D-19082026-160-28.pdf' target='_blank'>Consulte bases en BOCYL 19/08/2026</a></li><li><a href='https://www.boe.es/boe/dias/2026/09/07/pdfs/BOE-A-2026-18735.pdf' target='_blank'>Consulte nuevo plazo en BOE 07/09/2026</a></li><li><a href='https://www.boe.es/boe/dias/2026/09/01/pdfs/BOE-A-2026-18399.pdf' target='_blank'>Consulte anuncio en BOE 01/09/2026</a></li></ul></p>";;Organismo oficial;1179469175695;Olvega;41.77993;-1.98159;42;1285676930011;2026-09-07;https://empleo.jcyl.es/web/jcyl/Empleo/es/Plantilla100Detalle/1284216458054/OfertasEmpleo/1285676930011/Empleo;41.77993, -1.98159
Conserje-Limpiador/a para Ayto. de Ólvega (Soria);Soria;2026-09-07;"<p><strong>Convoca: </strong> Ayuntamiento de Ólvega</p>
<p><strong>Cuerpo: </strong> CONSERJE-LIMPIADOR/A</p>
<p><strong>Plazas:</strong> 1+Bolsa</p>
<p><strong>Acceso: </strong> Concurso-oposición</p>
<p><strong>Titulación: </strong> Certificado de escolaridad o equivalente</p>
<p><strong>Plazo: </strong> 5 de octubre de 2026</p><p><strong>Información obtenida de: </strong>Empleo público. BOCYL 19/08/2026; BOP 21/08/2026; BOE 01/09/2026</p><p><strong>Enlaces relacionados:</strong><ul><li><a href='https://bocyl.jcyl.es/boletines/2026/08/19/pdf/BOCYL-D-19082026-160-30.pdf' target='_blank'>Consulte bases en BOCYL 19/08/2026</a></li><li><a href='https://www.boe.es/boe/dias/2026/09/01/pdfs/BOE-A-2026-18399.pdf' target='_blank'>Consulte anuncio en BOE 01/09/2026</a></li><li><a href='https://www.boe.es/boe/dias/2026/09/07/pdfs/BOE-A-2026-18735.pdf' target='_blank'>Consulte nuevo plazo en BOE 07/09/2026</a></li></ul></p>";;Organismo oficial;1179469175695;Olvega;41.77993;-1.98159;42;1285676929929;2026-09-07;https://empleo.jcyl.es/web/jcyl/Empleo/es/Plantilla100Detalle/1284216458054/OfertasEmpleo/1285676929929/Empleo;41.77993, -1.98159
Limpiador/a de Edificios Municipales para Ayto. de Ólvega (Soria);Soria;2026-09-07;"<p><strong>Convoca:</strong> Ayuntamiento de Ólvega</p>
<p><strong>Cuerpo:</strong> LIMPIADOR/A DE EDIFICIOS MUNICIPALES</p>
<p><strong>Plazas: </strong> 1+Bolsa</p>
<p><strong>Acceso: </strong> Concurso-oposición</p>
<p><strong>Titulación: </strong> Certificado de escolaridad o equivalente</p>
<p><strong>Plazo: </strong> 5 de octubre de 2026</p>
<p><strong>Observaciones:</strong> Jornada de trabajo de 26 horas semanales</p><p><strong>Información obtenida de: </strong>Empleo público. BOCYL 19/08/2026; BOP 21/08/2026; BOE 01/09/2026</p><p><strong>Enlaces relacionados:</strong><ul><li><a href='https://www.boe.es/boe/dias/2026/09/07/pdfs/BOE-A-2026-18735.pdf' target='_blank'>Consulte nuevo plazo en BOE 07/09/2026</a></li><li><a href='https://www.boe.es/boe/dias/2026/09/01/pdfs/BOE-A-2026-18399.pdf' target='_blank'>Consulte anuncio en BOE 01/09/2026</a></li><li><a href='https://bocyl.jcyl.es/boletines/2026/08/19/pdf/BOCYL-D-19082026-160-29.pdf' target='_blank'>Consulte bases en BOCYL 19/08/2026</a></li></ul></p>";;Organismo oficial;1179469175695;Olvega;41.77993;-1.98159;42;1285676929970;2026-09-07;https://empleo.jcyl.es/web/jcyl/Empleo/es/Plantilla100Detalle/1284216458054/OfertasEmpleo/1285676929970/Empleo;41.77993, -1.98159
Enfermero/a Especialista en enfermería del trabajo;Valladolid;2026-09-07;"<p><strong>Convoca:</strong> Ayuntamiento de Valladolid</p>
<p><strong>Cuerpo:</strong> Enfermero/a Especialista en Enfermería del Trabajo</p>
<p><strong>Plazas:</strong> 1 + Lista de reserva</p>
<p><strong>Acceso: </strong>concurso-oposición</p>
<p><strong>Titulación:</strong> Enfermero/a Especialista en Enfermería del Trabajo</p>
<p><strong>Plazo:</strong> 22/09/2026</p><p><strong>Información obtenida de: </strong>Empleo público. BOP Valladolid 02/09/2026</p><p><strong>Enlaces relacionados:</strong><ul><li><a href='https://bop.sede.diputaciondevalladolid.es/boletines/2026/septiembre/02/BOPVA-A-2026-02603.pdf' target='_blank'>consulta BOP (Valladolid)</a></li></ul></p>";;Organismo oficial;1179469311668;Valladolid;41.652252;-4.724532;47;1285676859457;2026-09-07;https://empleo.jcyl.es/web/jcyl/Empleo/es/Plantilla100Detalle/1284216458054/OfertasEmpleo/1285676859457/Empleo;41.652252, -4.724532
AUXILIARES DE ENFERMERÍA DE GERIATRÍA;Valladolid;2026-09-07;"<p>Oferta de Empleo 08/2026/19016 de GEROCULTOR/A para Residencia de Mayores en Tordesillas.
Contrato Indefinido. Jornada Completa turnos rotativos.
Interesados ponerse en contacto con la Oficina de Empleo de Tordesillas. 983770471</p><p>Para más información acuda a <a href='http://empleocastillayleon.jcyl.es/oficinavirtual/buscoEmpleoPub.do?srvc=ver&scope=reg&cod=393832'>Oficina Virtual</a></p>";;ECYL;1179469304512;Tordesillas;41.5009043718;-5.0005372557;47;1285677005684;2026-09-07;https://empleo.jcyl.es/web/jcyl/Empleo/es/Plantilla100Detalle/1284216458054/OfertasEmpleo/1285677005684/Empleo;41.5009043718, -5.0005372557
CONDUCTORES DE CAMIÓN CON REMOLQUE Y/O DE TRACTOCAMIÓN;Valladolid;2026-09-07;<p>CONDUCTOR DE CAMIÓN CON REMOLQUE con al menos 12 meses de experiencia. Contrato indefinido. Jornada completa. Carnet C+E y CAP. Ruta por Castilla y Léon, de Lunes a Viernes. Cada día se regresa a casa tras la jornada. Interesados vincularse a través de la Oficina virtual en el número de Oferta 08/2026/18971 o llamando a la Oficina de empleo San Pablo Tlf: 983 25 98 54 - Opción 2.</p><p>Para más información acuda a <a href='http://empleocastillayleon.jcyl.es/oficinavirtual/buscoEmpleoPub.do?srvc=ver&scope=reg&cod=393787'>Oficina Virtual</a></p>;;ECYL;1179469311668;Valladolid;41.652252;-4.724532;47;1285676911783;2026-09-07;https://empleo.jcyl.es/web/jcyl/Empleo/es/Plantilla100Detalle/1284216458054/OfertasEmpleo/1285676911783/Empleo;41.652252, -4.724532
ASISTENTES DOMICILIARIOS;Zamora;2026-09-07;"<p>Asistente personal-ayuda a domicilio para zona de Benavente y Tábara.
Contrato indefinido de 20 h/sem
Enviar CV: albalg@intras.es</p><p>Para más información acuda a <a href='http://empleocastillayleon.jcyl.es/oficinavirtual/buscoEmpleoPub.do?srvc=ver&scope=reg&cod=393833'>Oficina Virtual</a></p>";;ECYL;1179469484225;Villalpando;41.864044;-5.414234;49;1285676984752;2026-09-07;https://empleo.jcyl.es/web/jcyl/Empleo/es/Plantilla100Detalle/1284216458054/OfertasEmpleo/1285676984752/Empleo;41.864044, -5.414234
PROFESORES DEL ÁREA DE LENGUA CASTELLANA, AUTONÓMICA Y LITERATURA (ENSEÑANZA SECUNDARIA);Zamora;2026-09-07;"<p>Profesor/a de español para extranjeros. Contrato de 22,5 horas semanales.
Enviar CV: info@doctusonline.es</p><p>Para más información acuda a <a href='http://empleocastillayleon.jcyl.es/oficinavirtual/buscoEmpleoPub.do?srvc=ver&scope=reg&cod=393783'>Oficina Virtual</a></p>";;ECYL;1179469338450;Benavente;42.002884;-5.678469;49;1285676911923;2026-09-07;https://empleo.jcyl.es/web/jcyl/Empleo/es/Plantilla100Detalle/1284216458054/OfertasEmpleo/1285676911923/Empleo;42.002884, -5.678469
PERSONAL DE LIMPIEZA O LIMPIADORES EN GENERAL;Zamora;2026-09-07;"<p>Oferta Núm 19020 de LIMPIADOR-A para CORRALES (Zamora).
Los interesados/as deben enviar su CV a (ecyldoctorfleming.ofertas@jcyl.es) indicando en el asunto el Núm. de la oferta.
FUNCIONES: Limpieza oficina bancaria.
CONDICIONES: Contrato indefinido a jornada parcial de hora y media semanal.</p><p>Para más información acuda a <a href='http://empleocastillayleon.jcyl.es/oficinavirtual/buscoEmpleoPub.do?srvc=ver&scope=reg&cod=393836'>Oficina Virtual</a></p>";;ECYL;1179469355997;Corrales del Vino;41.357876;-5.7256117;49;1285676985217;2026-09-07;https://empleo.jcyl.es/web/jcyl/Empleo/es/Plantilla100Detalle/1284216458054/OfertasEmpleo/1285676985217/Empleo;41.357876, -5.7256117
ASISTENTES DOMICILIARIOS;Zamora;2026-09-07;"<p>Oferta número: 12.293 ASISTENTE PERSONAL - AUX.AYUDA DOMICILIO en BELVER DE LOS MONTES.
FUNCIONES: se precisa personal para desarrollar las intervenciones de atención física, psicosocial, de acompañamiento y apoyo a personas dependientes en su domicilio:
- apoyo en la gestión y funcionamiento de la unidad convivencial.
- intervención directa con la persona, a través del apoyo en higiene y atención domiciliaria.
- gestión y elaboración de alimentos y comidas, mantenimiento, limpieza y organización en el domicilio.
- apoyo y acompañamiento en desplazamientos y actividades comunitarias.
CONDICIONES: se ofrece contrato indefinido, jornada parcial de mañana10,5 h/semanales, de lunes a viernes de 11:00 a 12:30 h.
REQUISITOS: imprescindible coche para trasladarse a domicilios. valorable titulación relacionada o certificado de profesionalidad de atención sociosanitaria.
Los interesados/as deberán remitir su CV al email: ecyltoro@jcyl.es Indicando en el asunto: número de oferta: 12.293.</p><p>Para más información acuda a <a href='http://empleocastillayleon.jcyl.es/oficinavirtual/buscoEmpleoPub.do?srvc=ver&scope=reg&cod=387109'>Oficina Virtual</a></p>";;ECYL;1179469338222;Belver de los Montes;41.722916;-5.4522276;49;1285676911653;2026-09-07;https://empleo.jcyl.es/web/jcyl/Empleo/es/Plantilla100Detalle/1284216458054/OfertasEmpleo/1285676911653/Empleo;41.722916, -5.4522276
MONITORES Y/O ANIMADORES DEPORTIVOS;Zamora;2026-09-07;"<p>Impartición y dinamización de actividades físicas dirigidas para población adulta y personas mayores: gimnasia de mantenimiento, gerontogimnasia, fitness, zumba, yoga, combo gym y sesiones de intensidad suave, media y alta. Preparación y desarrollo de las sesiones, adaptación de los ejercicios a las características y nivel de los participantes, control de los grupos y utilización adecuada del material deportivo.
Teléfono de contacto 689208920</p><p>Para más información acuda a <a href='http://empleocastillayleon.jcyl.es/oficinavirtual/buscoEmpleoPub.do?srvc=ver&scope=reg&cod=393776'>Oficina Virtual</a></p>";;ECYL;1179469338450;Benavente;42.002884;-5.678469;49;1285676883995;2026-09-07;https://empleo.jcyl.es/web/jcyl/Empleo/es/Plantilla100Detalle/1284216458054/OfertasEmpleo/1285676883995/Empleo;42.002884, -5.678469
CANTEROS DE CONSTRUCCIÓN;León;2026-09-06;<p>Para más información acuda a <a href='http://empleocastillayleon.jcyl.es/oficinavirtual/buscoEmpleoPub.do?srvc=ver&scope=reg&cod=393595'>Oficina Virtual</a></p>;;ECYL;1179297888504;Ponferrada;42.549995;-6.598259;24;1285676831819;2026-09-07;https://empleo.jcyl.es/web/jcyl/Empleo/es/Plantilla100Detalle/1284216458054/OfertasEmpleo/1285676831819/Empleo;42.549995, -6.598259
ASISTENTES, ACOMPAÑANTES DE PERSONAS;Salamanca;2026-09-06;<p>Para más información acuda a <a href='http://empleocastillayleon.jcyl.es/oficinavirtual/buscoEmpleoPub.do?srvc=ver&scope=reg&cod=393587'>Oficina Virtual</a></p>;;ECYL;1179298352776;Tamames;40.657223;-6.1063204;37;1285676831651;2026-09-07;https://empleo.jcyl.es/web/jcyl/Empleo/es/Plantilla100Detalle/1284216458054/OfertasEmpleo/1285676831651/Empleo;40.657223, -6.1063204
ALBAÑILES;Soria;2026-09-06;<p>Para más información acuda a <a href='http://empleocastillayleon.jcyl.es/oficinavirtual/buscoEmpleoPub.do?srvc=ver&scope=reg&cod=393661'>Oficina Virtual</a></p>;;ECYL;1179469126353;Burgo de Osma-Ciudad de Osma;41.588287;-3.0754032;42;1285676831791;2026-09-07;https://empleo.jcyl.es/web/jcyl/Empleo/es/Plantilla100Detalle/1284216458054/OfertasEmpleo/1285676831791/Empleo;41.588287, -3.0754032
TERAPEUTAS OCUPACIONALES;Soria;2026-09-06;<p>Contrato laboral indefinido, jornada parcial. Interesados enviar CV a pilarmodrego@residenciadealmarza.es, CON COPIA a ecylempleosoria@jcyl.es, indicando en el asunto 'OFERTA 18812'</p><p>Para más información acuda a <a href='http://empleocastillayleon.jcyl.es/oficinavirtual/buscoEmpleoPub.do?srvc=ver&scope=reg&cod=393628'>Oficina Virtual</a></p>;;ECYL;1179469105145;Almarza;41.947132;-2.4684508;42;1285676832043;2026-09-07;https://empleo.jcyl.es/web/jcyl/Empleo/es/Plantilla100Detalle/1284216458054/OfertasEmpleo/1285676832043/Empleo;41.947132, -2.4684508
PEONES DE LA CONSTRUCCIÓN DE EDIFICIOS;Soria;2026-09-06;<p>LAS PROPIAS A DESEMPEÑAR POR UN PEON EN CONSTRUCCIÓN</p><p>Para más información acuda a <a href='http://empleocastillayleon.jcyl.es/oficinavirtual/buscoEmpleoPub.do?srvc=ver&scope=reg&cod=393665'>Oficina Virtual</a></p>;;ECYL;1179469126353;Burgo de Osma-Ciudad de Osma;41.588287;-3.0754032;42;1285676831875;2026-09-07;https://empleo.jcyl.es/web/jcyl/Empleo/es/Plantilla100Detalle/1284216458054/OfertasEmpleo/1285676831875/Empleo;41.588287, -3.0754032
AUXILIARES DE ENFERMERÍA DE GERIATRÍA;Soria;2026-09-06;<p>Contrato laboral temporal, jornada completa. Interesados enviar CV a la dirección de correo electrónico: pilarmodrego@residenciadealmarza.es, CON COPIA a ecylempleosoria@jcyl.es, indicando en el asunto 'Oferta 18807'</p><p>Para más información acuda a <a href='http://empleocastillayleon.jcyl.es/oficinavirtual/buscoEmpleoPub.do?srvc=ver&scope=reg&cod=393623'>Oficina Virtual</a></p>;;ECYL;1179469105145;Almarza;41.947132;-2.4684508;42;1285676831623;2026-09-07;https://empleo.jcyl.es/web/jcyl/Empleo/es/Plantilla100Detalle/1284216458054/OfertasEmpleo/1285676831623/Empleo;41.947132, -2.4684508
MÉDICOS, MEDICINA GENERAL;Soria;2026-09-06;<p>Para más información acuda a <a href='http://empleocastillayleon.jcyl.es/oficinavirtual/buscoEmpleoPub.do?srvc=ver&scope=reg&cod=393607'>Oficina Virtual</a></p>;;ECYL;1179469105145;Almarza;41.947132;-2.4684508;42;1285676831931;2026-09-07;https://empleo.jcyl.es/web/jcyl/Empleo/es/Plantilla100Detalle/1284216458054/OfertasEmpleo/1285676831931/Empleo;41.947132, -2.4684508
ENTRENADORES DEPORTIVOS;Soria;2026-09-06;"<p>SE OFRECE TRABAJO COMO ENTRENADOR DEPORTIVO/MONITOR DE MANTENIMIENTO FISICO EN AGREDA (SORIA)
CONTRATO LABORAL TEMPORAL EN JORNADA PARCIAL DE TARDE (20 H/SEMANA)
DURACIÓN: De octubre a mayo/junio con poisibilidad de continuidad y amplición de jornada.
FORMACIÓN: 
- GRADO EN CIENCIAS DE LA ACTIVIDAD FISICA Y DEL DEPORTE
- TECNICO SUPERIOR DE ACTIVIDADES FISICAS Y DEPORTIVAS
TAREAS A REALIZAR: - Impartir y supervisar sesión de Pilaes en grupos reducidos.
- Planificación y relaización de sesiones de entrenamiento funcional.
- Preparación y organización de material y espacio de trabajo
INTERESADOS ENVIAR CV A: tomascamposfisio@gmail.com</p><p>Para más información acuda a <a href='http://empleocastillayleon.jcyl.es/oficinavirtual/buscoEmpleoPub.do?srvc=ver&scope=reg&cod=393591'>Oficina Virtual</a></p>";;ECYL;1179469097200;Ágreda;41.85346;-1.920245;42;1285676831567;2026-09-07;https://empleo.jcyl.es/web/jcyl/Empleo/es/Plantilla100Detalle/1284216458054/OfertasEmpleo/1285676831567/Empleo;41.85346, -1.920245
ASISTENTES DOMICILIARIOS;Soria;2026-09-06;<p>Para más información acuda a <a href='http://empleocastillayleon.jcyl.es/oficinavirtual/buscoEmpleoPub.do?srvc=ver&scope=reg&cod=393610'>Oficina Virtual</a></p>;;ECYL;1179469107806;Almazán;41.485928;-2.5331845;42;1285676831707;2026-09-07;https://empleo.jcyl.es/web/jcyl/Empleo/es/Plantilla100Detalle/1284216458054/OfertasEmpleo/1285676831707/Empleo;41.485928, -2.5331845
TRABAJADORES SOCIALES;Zamora;2026-09-06;"<p>Oferta número: 18.790 TRABAJADOR-A SOCIAL en Toro.
FUNCIONES: se precisa personal para el puesto de Trabajador/a Social en la residencia de salud mental situada en Toro (Zamora).
CONDICIONES: Se ofrece contrato laboral Temporal, duracion 7 meses, jornada completa, horario a determinar.
REQUISITOS: Grado Universitario en Trabajo Social. Permiso de conducir y vehículo propio. 
Conocimiento práctico sobre enfermedad mental y trabajo comunitario. Conocimiento teórico sobre la legislación vigente en discapacidad y dependencia. Experiencia laboral con personas con discapacidad y/o dependencia y enfermedad mental.
Conocimiento del tejido socio-sanitario de la zona. Habilidades comunicativas, resolución de conflictos, dinamización de grupos.
Los interesados/as deberán remitir su CV al email: ecyltoro@jcyl.es Indicando en el asunto: Oferta: 18.790.</p><p>Para más información acuda a <a href='http://empleocastillayleon.jcyl.es/oficinavirtual/buscoEmpleoPub.do?srvc=ver&scope=reg&cod=393606'>Oficina Virtual</a></p>";;ECYL;1179469472195;Toro;41.52475;-5.394138;49;1285676832071;2026-09-07;https://empleo.jcyl.es/web/jcyl/Empleo/es/Plantilla100Detalle/1284216458054/OfertasEmpleo/1285676832071/Empleo;41.52475, -5.394138
ASISTENTES DOMICILIARIOS;Burgos;2026-09-05;"<p>vacante para Santa maría y Mahamud
1 vacante para Peral de Arlanza y Villahoz
Atención en el propio domicilio, a las personas usuarias, siguiendo las pautas de actuación y atendiendo a lo establecido por los/as técnicos/as responsables del servicio:
Ayuda y/o supervisión en el aseo e higiene personal.
Ayuda y/o supervisión para el vestido, calzado y la alimentación.
Actividades relacionadas con la atención del domicilio, vigilancia y mantenimiento del orden del hogar (preparación de alimentos, compra, lavado, planchado?).
Transferencias, traslados y movilización dentro del hogar.
Actividades de ocio dentro del hogar.
Ayuda para levantarse, acostarse y/o realizar cambios posturales.
Acompañamiento externo a la vivienda (paseos, acompañamiento a vistas médicas, ?)</p><p>Para más información acuda a <a href='http://empleocastillayleon.jcyl.es/oficinavirtual/buscoEmpleoPub.do?srvc=ver&scope=reg&cod=393550'>Oficina Virtual</a></p>";;ECYL;1179297618480;Santa María del Campo;42.13185;-3.973813;09;1285676831679;2026-09-07;https://empleo.jcyl.es/web/jcyl/Empleo/es/Plantilla100Detalle/1284216458054/OfertasEmpleo/1285676831679/Empleo;42.13185, -3.973813
TRABAJADORES EN CENTROS DE JARDINERÍA;Burgos;2026-09-05;<p>Para más información acuda a <a href='http://empleocastillayleon.jcyl.es/oficinavirtual/buscoEmpleoPub.do?srvc=ver&scope=reg&cod=393089'>Oficina Virtual</a></p>;;ECYL;1179297447246;Burgos;42.3408235575;-3.70205869083;09;1285676831763;2026-09-07;https://empleo.jcyl.es/web/jcyl/Empleo/es/Plantilla100Detalle/1284216458054/OfertasEmpleo/1285676831763/Empleo;42.3408235575, -3.70205869083
CONDUCTORES DE COCHE FÚNEBRE;Burgos;2026-09-05;<p>Para más información acuda a <a href='http://empleocastillayleon.jcyl.es/oficinavirtual/buscoEmpleoPub.do?srvc=ver&scope=reg&cod=393575'>Oficina Virtual</a></p>;;ECYL;1179297447246;Burgos;42.3408235575;-3.70205869083;09;1285676831903;2026-09-07;https://empleo.jcyl.es/web/jcyl/Empleo/es/Plantilla100Detalle/1284216458054/OfertasEmpleo/1285676831903/Empleo;42.3408235575, -3.70205869083
MECÁNICOS-AJUSTADORES DE MAQUINARIA AGRÍCOLA, EN GENERAL;Burgos;2026-09-05;<p>Para más información acuda a <a href='http://empleocastillayleon.jcyl.es/oficinavirtual/buscoEmpleoPub.do?srvc=ver&scope=reg&cod=393118'>Oficina Virtual</a></p>;;ECYL;1179297707000;Villagonzalo Pedernales;42.301407;-3.7365916;09;1285676831847;2026-09-07;https://empleo.jcyl.es/web/jcyl/Empleo/es/Plantilla100Detalle/1284216458054/OfertasEmpleo/1285676831847/Empleo;42.301407, -3.7365916
ENFERMEROS DE CUIDADOS GENERALES;León;2026-09-05;<p>Para más información acuda a <a href='http://empleocastillayleon.jcyl.es/oficinavirtual/buscoEmpleoPub.do?srvc=ver&scope=reg&cod=393491'>Oficina Virtual</a></p>;;ECYL;1179297815620;Castrocontrigo;42.18355;-6.186261;24;1285676831959;2026-09-07;https://empleo.jcyl.es/web/jcyl/Empleo/es/Plantilla100Detalle/1284216458054/OfertasEmpleo/1285676831959/Empleo;42.18355, -6.186261
FISIOTERAPEUTAS, EN GENERAL;León;2026-09-05;<p>Para más información acuda a <a href='http://empleocastillayleon.jcyl.es/oficinavirtual/buscoEmpleoPub.do?srvc=ver&scope=reg&cod=393518'>Oficina Virtual</a></p>;;ECYL;1179297815620;Castrocontrigo;42.18355;-6.186261;24;1285676832015;2026-09-07;https://empleo.jcyl.es/web/jcyl/Empleo/es/Plantilla100Detalle/1284216458054/OfertasEmpleo/1285676832015/Empleo;42.18355, -6.186261
FISIOTERAPEUTAS, EN GENERAL;Salamanca;2026-09-05;<p>FISIOTERAPEUTA PARA RESIDENCIA DE MAYORES EN BÉJAR. CONTRATO INDEFINIDO A JORNADA PARCIAL</p><p>Para más información acuda a <a href='http://empleocastillayleon.jcyl.es/oficinavirtual/buscoEmpleoPub.do?srvc=ver&scope=reg&cod=393533'>Oficina Virtual</a></p>;;ECYL;1179298197469;Béjar;40.388638;-5.76888;37;1285676831987;2026-09-07;https://empleo.jcyl.es/web/jcyl/Empleo/es/Plantilla100Detalle/1284216458054/OfertasEmpleo/1285676831987/Empleo;40.388638, -5.76888
Oficial de Obras para Ayto. de Piedrahíta (Ávila);Ávila;2026-09-04;"<p><strong>Convoca:</strong> Ayuntamiento de Piedrahíta</p>
<p><strong>Cuerpo: </strong>OFICIAL DE OBRAS</p>
<p><strong>Plazas:</strong> 1 + Bolsa</p>
<p><strong>Acceso:</strong> Concurso - Oposición</p>
<p><strong>Titulación: </strong> Graduado en ESO o equivalente</p>
<p><strong>Plazo:</strong> 24 de septiembre de 2026</p><p><strong>Información obtenida de: </strong>Empleo público. BOP de Ávila 13/08/2026; BOCYL 24/08/2026; BOE 04/09/2026</p><p><strong>Enlaces relacionados:</strong><ul><li><a href='https://bocyl.jcyl.es/boletines/2026/08/24/pdf/BOCYL-D-24082026-163-22.pdf' target='_blank'>Consulte bases en BOCYL 24/08/2026</a></li><li><a href='https://www.boe.es/boe/dias/2026/09/04/pdfs/BOE-A-2026-18612.pdf' target='_blank'>Consulte anuncio en BOE 04/09/2026</a></li></ul></p>";;Organismo oficial;1179297256823;Piedrahíta;40.46339;-5.328194;05;1285676386387;2026-09-04;https://empleo.jcyl.es/web/jcyl/Empleo/es/Plantilla100Detalle/1284216458054/OfertasEmpleo/1285676386387/Empleo;40.46339, -5.328194
CAMAREROS DE BARRA Y/O DEPENDIENTES DE CAFETERÍA;Burgos;2026-09-04;"<p>PUESTO SOLICITADO: AYUDANTE DE CAMARERO/A
LOCALIDAD: BURGOS
REQUISITOS: EXPERIENCIA EN BARRA
SE OFRECE: CONTRATO LABORAL INDEFINIDO
JORNADA PARCIAL MAÑANA (de lunes a sabado de 9:45 h a 12:15 h.)</p><p>Para más información acuda a <a href='http://empleocastillayleon.jcyl.es/oficinavirtual/buscoEmpleoPub.do?srvc=ver&scope=reg&cod=393397'>Oficina Virtual</a></p>";;ECYL;1179297447246;Burgos;42.3408235575;-3.70205869083;09;1285676365276;2026-09-04;https://empleo.jcyl.es/web/jcyl/Empleo/es/Plantilla100Detalle/1284216458054/OfertasEmpleo/1285676365276/Empleo;42.3408235575, -3.70205869083
FISIOTERAPEUTAS, EN GENERAL;Burgos;2026-09-04;"<p>Se precisa FISIOTERAPEUTA para CLECE VITAM para realizar funciones: restablecer, rehabilitar, mantener y mejorar la condición física de los/as usuarios/as, con el fin de que puedan disfrutar de la máxima autonomía y calidad de vida.
Se ofrece contrato indefinido parcial tarde 20h/s. Horario: L-V de 16:30 a 20:30h (flexible).
Se precisa formación universitaria en Fisioterapia y experiencia demostrable de 3 meses.
Oferta dirigida a personas inscritas en los servicios públicos de empleo. 
No se contestarán candidaturas que no reúnan los requisitos exigidos. 
INTERESADOS contactar con nombre+apellidos+DNI a phernandor@seniorsi.es con copia a ecyljuandepadilla.ofertas@jcyl.es con asunto ?OFERTA 18923 FISIOTERAPEUTA?.</p><p>Para más información acuda a <a href='http://empleocastillayleon.jcyl.es/oficinavirtual/buscoEmpleoPub.do?srvc=ver&scope=reg&cod=393739'>Oficina Virtual</a></p>";;ECYL;1179297447246;Burgos;42.3408235575;-3.70205869083;09;1285676466747;2026-09-04;https://empleo.jcyl.es/web/jcyl/Empleo/es/Plantilla100Detalle/1284216458054/OfertasEmpleo/1285676466747/Empleo;42.3408235575, -3.70205869083
ENFERMEROS DE CUIDADOS GENERALES;León;2026-09-04;<p>Para más información acuda a <a href='http://empleocastillayleon.jcyl.es/oficinavirtual/buscoEmpleoPub.do?srvc=ver&scope=reg&cod=393129'>Oficina Virtual</a></p>;;ECYL;1179297888504;Ponferrada;42.549995;-6.598259;24;1285676466887;2026-09-04;https://empleo.jcyl.es/web/jcyl/Empleo/es/Plantilla100Detalle/1284216458054/OfertasEmpleo/1285676466887/Empleo;42.549995, -6.598259
COCINEROS, EN GENERAL;León;2026-09-04;<p>Se busca cocinero para jornada parcial en Villablino, para desempeñar las tareas propias del puesto.</p><p>Para más información acuda a <a href='http://empleocastillayleon.jcyl.es/oficinavirtual/buscoEmpleoPub.do?srvc=ver&scope=reg&cod=393418'>Oficina Virtual</a></p>;;ECYL;1179298006426;Villablino;42.94157;-6.327653;24;1285676400583;2026-09-04;https://empleo.jcyl.es/web/jcyl/Empleo/es/Plantilla100Detalle/1284216458054/OfertasEmpleo/1285676400583/Empleo;42.94157, -6.327653
PERSONAL DE LIMPIEZA O LIMPIADORES EN GENERAL;León;2026-09-04;<p>Para más información acuda a <a href='http://empleocastillayleon.jcyl.es/oficinavirtual/buscoEmpleoPub.do?srvc=ver&scope=reg&cod=393710'>Oficina Virtual</a></p>;;ECYL;1179297766689;Astorga;42.4547895989;-6.05314829511;24;1285676400908;2026-09-04;https://empleo.jcyl.es/web/jcyl/Empleo/es/Plantilla100Detalle/1284216458054/OfertasEmpleo/1285676400908/Empleo;42.4547895989, -6.05314829511
CAMAREROS, EN GENERAL;León;2026-09-04;<p>Para más información acuda a <a href='http://empleocastillayleon.jcyl.es/oficinavirtual/buscoEmpleoPub.do?srvc=ver&scope=reg&cod=393470'>Oficina Virtual</a></p>;;ECYL;1179298006426;Villablino;42.94157;-6.327653;24;1285676524658;2026-09-04;https://empleo.jcyl.es/web/jcyl/Empleo/es/Plantilla100Detalle/1284216458054/OfertasEmpleo/1285676524658/Empleo;42.94157, -6.327653
TERAPEUTAS OCUPACIONALES;León;2026-09-04;"<p>Se busca 1 TERAPEUTA OCUPACIONAL para Matadeon de los Oteros (León).
Se requiere:
- Titulación de terapeuta ocupacional.
- Conocimientos de informática.
- Carnet de conducir.
Se ofrece:
- Contrato indefinido.
- Jornada parcial (20 horas/semana).
- Horario de mañana.
Las personas interesadas contactar con O. E. Valencia de Don Juan al teléfono 987750975 en horario de 09:00 a 14:00 horas (indicar nº oferta 18912).</p><p>Para más información acuda a <a href='http://empleocastillayleon.jcyl.es/oficinavirtual/buscoEmpleoPub.do?srvc=ver&scope=reg&cod=393728'>Oficina Virtual</a></p>";;ECYL;1179297866863;Matadeón de los Oteros;42.339005;-5.371765;24;1285676428172;2026-09-04;https://empleo.jcyl.es/web/jcyl/Empleo/es/Plantilla100Detalle/1284216458054/OfertasEmpleo/1285676428172/Empleo;42.339005, -5.371765
MONTADORES-INSTALADORES DE ASCENSORES;León;2026-09-04;"<p>TÉCNICO MANTENIMIENTO DE ASCENSORES / TÉCNICO MANTENIMIENTO EQUIPOS ELECTROMECÁNICOS. TITULACIONES REQUERIDAS: GRADO MEDIO TÉCNICO MANTENIMIENTO ELECTROMECÁNICO, GRADO SUPERIOR TÉCNICO MECATRÓNICA INDUSTRIAL O CERTIFICADO CONSERVADOR DE ASCENSORES. CON PERMISO DE CONDUCIR. CONTRATO INDEFINIDO / JORNADA COMPLETA (8:00 A 16:00)
INTERESADOS LLAMAR AL 987 249530 (SECCIÓN DE OFERTAS - OFICINA DE EMPLEO DE RAMÓN Y CAJAL)</p><p>Para más información acuda a <a href='http://empleocastillayleon.jcyl.es/oficinavirtual/buscoEmpleoPub.do?srvc=ver&scope=reg&cod=393729'>Oficina Virtual</a></p>";;ECYL;1179297860755;León;42.59873;-5.5670958;24;1285676428637;2026-09-04;https://empleo.jcyl.es/web/jcyl/Empleo/es/Plantilla100Detalle/1284216458054/OfertasEmpleo/1285676428637/Empleo;42.59873, -5.5670958
ENFERMEROS DE CUIDADOS GENERALES;Palencia;2026-09-04;"<p>Empresa con actividad en la zona de Venta de Baños busca de DOS ENFERMEROS/AS para residencia de mayores ubicada en Venta de Baños, Palencia.
FUNCIONES Y RESPONSABILIDADES:
- Cubrir las necesidades asistenciales y de cuidados de enfermería de los/as usuarios/as.
- Garantizar la seguridad y continuidad de cuidados de los/as usuarios/as.
- Ejecutar los procedimientos de PRL, calidad, medio ambiente y gestión de la plantilla asignada a los centros de trabajo.
NIVEL FORMATIVO: Diplomatura / Grado en Enfermería o Titulación extranjera homologada por el Ministerio de Educación y Formación Profesional.
Valorable disponer de permiso de conducir y vehículo propio para desplazarse
OFRECE:
Jornada: Completa
Horario: De Lunes a Viernes en horario de mañana y tarde, y un fin de semana al mes (horario de mañana)
Contrato: Indefinido
Cuidado en Red - Servicio de atención psicoemocional
Interesados; enviar CV a MMANALAU@SENIORSI.ES</p><p>Para más información acuda a <a href='http://empleocastillayleon.jcyl.es/oficinavirtual/buscoEmpleoPub.do?srvc=ver&scope=reg&cod=393581'>Oficina Virtual</a></p>";;ECYL;1179298060901;Venta de Baños;41.920933;-4.4887385;34;1285676299689;2026-09-04;https://empleo.jcyl.es/web/jcyl/Empleo/es/Plantilla100Detalle/1284216458054/OfertasEmpleo/1285676299689/Empleo;41.920933, -4.4887385
CONDUCTORES DE CAMIÓN, EN GENERAL;Salamanca;2026-09-04;<p>Para más información acuda a <a href='http://empleocastillayleon.jcyl.es/oficinavirtual/buscoEmpleoPub.do?srvc=ver&scope=reg&cod=393079'>Oficina Virtual</a></p>;;ECYL;1179298231776;Ciudad Rodrigo;40.602055;-6.531306;37;1285676428827;2026-09-04;https://empleo.jcyl.es/web/jcyl/Empleo/es/Plantilla100Detalle/1284216458054/OfertasEmpleo/1285676428827/Empleo;40.602055, -6.531306
FISIOTERAPEUTAS, EN GENERAL;Salamanca;2026-09-04;<p>Para más información acuda a <a href='http://empleocastillayleon.jcyl.es/oficinavirtual/buscoEmpleoPub.do?srvc=ver&scope=reg&cod=393409'>Oficina Virtual</a></p>;;ECYL;1179298368331;Vilvestre;41.10619;-6.7239785;37;1285676401213;2026-09-04;https://empleo.jcyl.es/web/jcyl/Empleo/es/Plantilla100Detalle/1284216458054/OfertasEmpleo/1285676401213/Empleo;41.10619, -6.7239785
MÉDICOS, MEDICINA GENERAL;Salamanca;2026-09-04;<p>Para más información acuda a <a href='http://empleocastillayleon.jcyl.es/oficinavirtual/buscoEmpleoPub.do?srvc=ver&scope=reg&cod=393407'>Oficina Virtual</a></p>;;ECYL;1179298368331;Vilvestre;41.10619;-6.7239785;37;1285676401002;2026-09-04;https://empleo.jcyl.es/web/jcyl/Empleo/es/Plantilla100Detalle/1284216458054/OfertasEmpleo/1285676401002/Empleo;41.10619, -6.7239785
PERSONAL DE LIMPIEZA O LIMPIADORES EN GENERAL;Salamanca;2026-09-04;<p>Para más información acuda a <a href='http://empleocastillayleon.jcyl.es/oficinavirtual/buscoEmpleoPub.do?srvc=ver&scope=reg&cod=393192'>Oficina Virtual</a></p>;;ECYL;1179298269635;Martiago;40.453312;-6.4909806;37;1285676466674;2026-09-04;https://empleo.jcyl.es/web/jcyl/Empleo/es/Plantilla100Detalle/1284216458054/OfertasEmpleo/1285676466674/Empleo;40.453312, -6.4909806
TERAPEUTAS OCUPACIONALES;Salamanca;2026-09-04;<p>Para más información acuda a <a href='http://empleocastillayleon.jcyl.es/oficinavirtual/buscoEmpleoPub.do?srvc=ver&scope=reg&cod=393412'>Oficina Virtual</a></p>;;ECYL;1179298368331;Vilvestre;41.10619;-6.7239785;37;1285676401274;2026-09-04;https://empleo.jcyl.es/web/jcyl/Empleo/es/Plantilla100Detalle/1284216458054/OfertasEmpleo/1285676401274/Empleo;41.10619, -6.7239785
MATARIFES-CARNICEROS, EN GENERAL;Salamanca;2026-09-04;<p>Para más información acuda a <a href='http://empleocastillayleon.jcyl.es/oficinavirtual/buscoEmpleoPub.do?srvc=ver&scope=reg&cod=393408'>Oficina Virtual</a></p>;;ECYL;1179298254513;Guijuelo;40.560574;-5.676764;37;1285676400880;2026-09-04;https://empleo.jcyl.es/web/jcyl/Empleo/es/Plantilla100Detalle/1284216458054/OfertasEmpleo/1285676400880/Empleo;40.560574, -5.676764
ELECTRICISTAS Y/O ELECTRÓNICOS DE AUTOMOCIÓN, EN GENERAL;Salamanca;2026-09-04;<p>Para más información acuda a <a href='http://empleocastillayleon.jcyl.es/oficinavirtual/buscoEmpleoPub.do?srvc=ver&scope=reg&cod=393472'>Oficina Virtual</a></p>;;ECYL;1179298254513;Guijuelo;40.560574;-5.676764;37;1285676524629;2026-09-04;https://empleo.jcyl.es/web/jcyl/Empleo/es/Plantilla100Detalle/1284216458054/OfertasEmpleo/1285676524629/Empleo;40.560574, -5.676764
SOLDADORES ALUMINOTERMICOS;Salamanca;2026-09-04;<p>Para más información acuda a <a href='http://empleocastillayleon.jcyl.es/oficinavirtual/buscoEmpleoPub.do?srvc=ver&scope=reg&cod=393451'>Oficina Virtual</a></p>;;ECYL;1179298254513;Guijuelo;40.560574;-5.676764;37;1285676467502;2026-09-04;https://empleo.jcyl.es/web/jcyl/Empleo/es/Plantilla100Detalle/1284216458054/OfertasEmpleo/1285676467502/Empleo;40.560574, -5.676764
MONITORES Y/O ANIMADORES DEPORTIVOS;Salamanca;2026-09-04;<p>Para más información acuda a <a href='http://empleocastillayleon.jcyl.es/oficinavirtual/buscoEmpleoPub.do?srvc=ver&scope=reg&cod=393450'>Oficina Virtual</a></p>;;ECYL;1179298309252;Peñaranda de Bracamonte;40.902077;-5.196565;37;1285676466553;2026-09-04;https://empleo.jcyl.es/web/jcyl/Empleo/es/Plantilla100Detalle/1284216458054/OfertasEmpleo/1285676466553/Empleo;40.902077, -5.196565
PEONES DE LA CONSTRUCCIÓN DE EDIFICIOS;Salamanca;2026-09-04;<p>Para más información acuda a <a href='http://empleocastillayleon.jcyl.es/oficinavirtual/buscoEmpleoPub.do?srvc=ver&scope=reg&cod=393070'>Oficina Virtual</a></p>;;ECYL;1179298231776;Ciudad Rodrigo;40.602055;-6.531306;37;1285676428033;2026-09-04;https://empleo.jcyl.es/web/jcyl/Empleo/es/Plantilla100Detalle/1284216458054/OfertasEmpleo/1285676428033/Empleo;40.602055, -6.531306
EMPLEADOS ADMINISTRATIVOS, EN GENERAL;Salamanca;2026-09-04;<p>Para más información acuda a <a href='http://empleocastillayleon.jcyl.es/oficinavirtual/buscoEmpleoPub.do?srvc=ver&scope=reg&cod=393031'>Oficina Virtual</a></p>;;ECYL;1179298231776;Ciudad Rodrigo;40.602055;-6.531306;37;1285676365220;2026-09-04;https://empleo.jcyl.es/web/jcyl/Empleo/es/Plantilla100Detalle/1284216458054/OfertasEmpleo/1285676365220/Empleo;40.602055, -6.531306
ENFERMEROS DE CUIDADOS GENERALES;Salamanca;2026-09-04;<p>Para más información acuda a <a href='http://empleocastillayleon.jcyl.es/oficinavirtual/buscoEmpleoPub.do?srvc=ver&scope=reg&cod=393398'>Oficina Virtual</a></p>;;ECYL;1179298368331;Vilvestre;41.10619;-6.7239785;37;1285676365499;2026-09-04;https://empleo.jcyl.es/web/jcyl/Empleo/es/Plantilla100Detalle/1284216458054/OfertasEmpleo/1285676365499/Empleo;41.10619, -6.7239785
AUXILIARES DE ENFERMERÍA;Segovia;2026-09-04;<p>Para más información acuda a <a href='http://empleocastillayleon.jcyl.es/oficinavirtual/buscoEmpleoPub.do?srvc=ver&scope=reg&cod=393448'>Oficina Virtual</a></p>;;ECYL;1179298419574;Cantimpalos;41.074047;-4.1603346;40;1285676467474;2026-09-04;https://empleo.jcyl.es/web/jcyl/Empleo/es/Plantilla100Detalle/1284216458054/OfertasEmpleo/1285676467474/Empleo;41.074047, -4.1603346
COCINEROS, EN GENERAL;Segovia;2026-09-04;<p>Para más información acuda a <a href='http://empleocastillayleon.jcyl.es/oficinavirtual/buscoEmpleoPub.do?srvc=ver&scope=reg&cod=393697'>Oficina Virtual</a></p>;;ECYL;1179298563848;Segovia;40.94356;-4.1130023;40;1285676365248;2026-09-04;https://empleo.jcyl.es/web/jcyl/Empleo/es/Plantilla100Detalle/1284216458054/OfertasEmpleo/1285676365248/Empleo;40.94356, -4.1130023
Arquitecto/a para Ayto. de Medina del Campo (Valladolid);Valladolid;2026-09-04;"<p><strong>Convoca: </strong> Ayuntamiento de Medina del Campo</p>
<p><strong>Cuerpo:</strong> ARQUITECTO/A</p>
<p><strong>Plazas: </strong> 1+Bolsa</p>
<p><strong>Acceso:</strong> Concurso-Oposición</p>
<p><strong>Titulación:</strong> Arquitectura más máster habilitante</p>
<p><strong>Plazo: </strong> 24 de septiembre de 2026</p><p><strong>Información obtenida de: </strong>Empleo público. BOCYL 24/08/2026; BOE 04/09/2026</p><p><strong>Enlaces relacionados:</strong><ul><li><a href='https://www.boe.es/boe/dias/2026/09/04/pdfs/BOE-A-2026-18604.pdf' target='_blank'>Consulte anuncio en BOE 04/09/2026</a></li><li><a href='https://bocyl.jcyl.es/boletines/2026/08/24/pdf/BOCYL-D-24082026-163-25.pdf' target='_blank'>Consulte bases en BOCYL 24/08/2026</a></li></ul></p>";;Organismo oficial;1179469263156;Medina del Campo;41.308163;-4.915477;47;1285676372597;2026-09-04;https://empleo.jcyl.es/web/jcyl/Empleo/es/Plantilla100Detalle/1284216458054/OfertasEmpleo/1285676372597/Empleo;41.308163, -4.915477
DEPENDIENTES DE COMERCIO, EN GENERAL;Valladolid;2026-09-04;"<p>Atención al cliente.
Explicar las características, usos o diferencias de los artículos para ayudar en la decisión de compra.
Cobro y caja.
Reposición de stock.
Orden y limpieza.
Gestión de inventario y mercancía.</p><p>Para más información acuda a <a href='http://empleocastillayleon.jcyl.es/oficinavirtual/buscoEmpleoPub.do?srvc=ver&scope=reg&cod=393675'>Oficina Virtual</a></p>";;ECYL;1179469264297;Medina de Rioseco;41.88419;-5.041379;47;1285676318421;2026-09-04;https://empleo.jcyl.es/web/jcyl/Empleo/es/Plantilla100Detalle/1284216458054/OfertasEmpleo/1285676318421/Empleo;41.88419, -5.041379
ALBAÑILES;Zamora;2026-09-04;"<p>-Número de Oferta: 08-2026-18834
-Puesto de trabajo: ALBAÑIL. OFICIAL DE 1ª
-Número de puestos: 10
-Funciones y tareas a desempeñar: Las propias del puesto
-Condiciones laborales: Contrato laboral indefinido. Jornada completa
-Requsitos del puesto: Se lavorará experiencia en el puesto de trabajo.
-Medio de contacto: Los interesados/as deben enviar su CV a gtpsanabria@gmail.com con copia a ecylpueblasa@jcyl.es
o en el teléfono 980621678</p><p>Para más información acuda a <a href='http://empleocastillayleon.jcyl.es/oficinavirtual/buscoEmpleoPub.do?srvc=ver&scope=reg&cod=393650'>Oficina Virtual</a></p>";;ECYL;1179469352853;Cobreros;42.071945;-6.700615;49;1285676365397;2026-09-04;https://empleo.jcyl.es/web/jcyl/Empleo/es/Plantilla100Detalle/1284216458054/OfertasEmpleo/1285676365397/Empleo;42.071945, -6.700615
MÉDICOS, MEDICINA GENERAL;Zamora;2026-09-04;"<p>Oferta Núm. 18874 MÉDICO para Centro Residencial de Zamora.
Los interesados/as deben enviar su CV a (ecyldoctorfleming.ofertas@jcyl.es) indicando en el asunto el Núm. de la oferta.
FUNCIONES: Atención a los usuarios/as del Centro.
CONDICIONES LABORALES: Contrato indefinido. Jornada completa.
REQUISITOS: Licenciatura o Grado en Medicina</p><p>Para más información acuda a <a href='http://empleocastillayleon.jcyl.es/oficinavirtual/buscoEmpleoPub.do?srvc=ver&scope=reg&cod=393690'>Oficina Virtual</a></p>";;ECYL;1179469491795;Zamora;41.507324;-5.745313;49;1285676318450;2026-09-04;https://empleo.jcyl.es/web/jcyl/Empleo/es/Plantilla100Detalle/1284216458054/OfertasEmpleo/1285676318450/Empleo;41.507324, -5.745313
ENFERMEROS DE CUIDADOS GENERALES;Zamora;2026-09-04;"<p>Oferta Núm. 18878 ENFERMERA/O para Centro Residencial de Zamora.
Los interesados/as deben enviar su CV a (ecyldoctorfleming.ofertas@jcyl.es) indicando en el asunto el Núm. de la oferta.
FUNCIONES: Atención a los usuarios/as del Centro.
CONDICIONES LABORALES: Contrato indefinido. Jornada completa.
REQUISITOS: Diplomatura o Grado en Enfermería.</p><p>Para más información acuda a <a href='http://empleocastillayleon.jcyl.es/oficinavirtual/buscoEmpleoPub.do?srvc=ver&scope=reg&cod=393694'>Oficina Virtual</a></p>";;ECYL;1179469491795;Zamora;41.507324;-5.745313;49;1285676365527;2026-09-04;https://empleo.jcyl.es/web/jcyl/Empleo/es/Plantilla100Detalle/1284216458054/OfertasEmpleo/1285676365527/Empleo;41.507324, -5.745313
PEONES DE LA CONSTRUCCIÓN DE EDIFICIOS;Zamora;2026-09-04;"<p>Oferta Núm. 18853. 2 PEONES DE LA CONSTRUCCIÓN para COBREROS (ZAMORA).
FUNCIONES: las propias del puesto.
CONDICIONES LABORALES: Contrato Laboral Indefinido, Jornada Completa (de 8:30 a 13:30 y de 15:00 a 18:00).
DURACIÓN: Indefinido.
REQUISITOS: Experiencia en el puesto 12 meses.
Interesados/as llamar a 980621678 o enviar C.V. a gtpsanabria@gmail.com con copia ecylpueblasa@jcyl.es</p><p>Para más información acuda a <a href='http://empleocastillayleon.jcyl.es/oficinavirtual/buscoEmpleoPub.do?srvc=ver&scope=reg&cod=393669'>Oficina Virtual</a></p>";;ECYL;1179469352853;Cobreros;42.071945;-6.700615;49;1285676400936;2026-09-04;https://empleo.jcyl.es/web/jcyl/Empleo/es/Plantilla100Detalle/1284216458054/OfertasEmpleo/1285676400936/Empleo;42.071945, -6.700615
Oficial/a Primera Administrativo/a para Ayto. de Navarredonda de Gredos (Ávila);Ávila;2026-09-03;"<p><strong>Convoca: </strong> Ayuntamiento de Navarredonda de Gredos</p>
<p><strong>Cuerpo: </strong> OFICIAL/A PRIMERA ADMINISTRATIVO/A</p>
<p><strong>Plazas: </strong> 1 + Bolsa</p>
<p><strong>Acceso:</strong> Concurso-Oposición</p>
<p><strong>Titulación: </strong> Bachiller, Técnico (Ciclo Formativo de Grado Medio) o equivalente</p>
<p><strong>Plazo: </strong>1 de octubre de 2026</p><p><strong>Información obtenida de: </strong>Empleo público. BOP 05/08/2026; BOE 03/09/2026</p><p><strong>Enlaces relacionados:</strong><ul><li><a href='https://www.boe.es/boe/dias/2026/09/03/pdfs/BOE-A-2026-18534.pdf' target='_blank'>Consulte anuncio en BOE 03/09/2026</a></li><li><a href='https://www.diputacionavila.es/bops/2026/05-08-2026/05-08-2026_162626.pdf' target='_blank'>Consulte bases en BOP 05/08/2026</a></li></ul></p>";;Organismo oficial;1179297249254;Navarredonda de Gredos;40.36239;-5.13352;05;1285676072730;2026-09-03;https://empleo.jcyl.es/web/jcyl/Empleo/es/Plantilla100Detalle/1284216458054/OfertasEmpleo/1285676072730/Empleo;40.36239, -5.13352
ENFERMEROS DE CUIDADOS GENERALES;Burgos;2026-09-03;<p>Para más información acuda a <a href='http://empleocastillayleon.jcyl.es/oficinavirtual/buscoEmpleoPub.do?srvc=ver&scope=reg&cod=393674'>Oficina Virtual</a></p>;;ECYL;1179297447246;Burgos;42.3408235575;-3.70205869083;09;1285676168115;2026-09-03;https://empleo.jcyl.es/web/jcyl/Empleo/es/Plantilla100Detalle/1284216458054/OfertasEmpleo/1285676168115/Empleo;42.3408235575, -3.70205869083
AUXILIARES DE ENFERMERÍA;Burgos;2026-09-03;<p>Para más información acuda a <a href='http://empleocastillayleon.jcyl.es/oficinavirtual/buscoEmpleoPub.do?srvc=ver&scope=reg&cod=387950'>Oficina Virtual</a></p>;;ECYL;1179297562001;Miranda de Ebro;42.679066;-2.9675572;09;1285675995633;2026-09-03;https://empleo.jcyl.es/web/jcyl/Empleo/es/Plantilla100Detalle/1284216458054/OfertasEmpleo/1285675995633/Empleo;42.679066, -2.9675572
TÉCNICOS EN INTEGRACIÓN SOCIAL;Burgos;2026-09-03;"<p>AUXILIAR EDUCATIVO DE NOCHES para una Fundación, en el municipio de Burgos (Burgos).
Contrato indefinido. Horario de noches. Se está definiendo el número de noches por semana, lo que puede afectar a ofertar un puesto de jornada completa (38,5h/semana) o dos puestos con reparto. Salario 20.794euros.
Requisitos: Nivel de bachillerato mínimo. Valorable formación en el ámbito social. Experiencia en voluntariado. Deseable permiso de conducir.</p><p>Para más información acuda a <a href='http://empleocastillayleon.jcyl.es/oficinavirtual/buscoEmpleoPub.do?srvc=ver&scope=reg&cod=393590'>Oficina Virtual</a></p>";;ECYL;1179297447246;Burgos;42.3408235575;-3.70205869083;09;1285675933839;2026-09-03;https://empleo.jcyl.es/web/jcyl/Empleo/es/Plantilla100Detalle/1284216458054/OfertasEmpleo/1285675933839/Empleo;42.3408235575, -3.70205869083
CONDUCTORES DE CAMIÓN, EN GENERAL;Burgos;2026-09-03;"<p>onducción y realización de rutas locales en Burgos. Revisión básica y cuidado del vehículo. Gestión de la documentación de transporte. Entrega y control de albaranes y CMR. Cumplimiento de los tiempos de conducción y descanso y de la normativa aplicable al transporte de mercancías.
Contrato indefinido. Jornada completa. Incorporación inmediata. Base en Burgos. Se requiere permiso C+E, CAP y tarjeta de tacógrafo en vigor. Se valorará experiencia con tautliner, conocimiento de ruta
CAP en vigor. Permiso de conducir C+E. Tarjeta de tacógrafo digital en vigor. ADR valorable.</p><p>Para más información acuda a <a href='http://empleocastillayleon.jcyl.es/oficinavirtual/buscoEmpleoPub.do?srvc=ver&scope=reg&cod=393598'>Oficina Virtual</a></p>";;ECYL;1179297748272;Alfoz de Quintanadueñas;42.384876;-3.737296;09;1285675933811;2026-09-03;https://empleo.jcyl.es/web/jcyl/Empleo/es/Plantilla100Detalle/1284216458054/OfertasEmpleo/1285675933811/Empleo;42.384876, -3.737296
COCINEROS, EN GENERAL;Burgos;2026-09-03;"<p>Se precisa TÉCNICO DE COCINA para Residencia Gil de Siloé en Burgos.
Ejecutará las actividades de pre-elaboración, preparación, terminación de elaboraciones culnarias. Siguiendo los protocolos de calidad, higiene y prevención de riesgos laborales.
Contrato temporal a tiempo completo, turnos e incorporación inmediata.
TITULACIÓN: Técnico en Cocina y Gastronomía o, en su caso, haber superado el periodo de prueba en esta Administración en la categoría profesional correspondiente con anterioridad a la entrada en vigor del actual convenio (se exigirá acreditación).
Oferta dirigida a personas inscritas en los Servicios Públicos de Empleo. 
No se contestarán candidaturas sin los requisitos pedidos. 
INTERESADOS contactar con nombre completo y DNI/NIE a ecyljuandepadilla.ofertas@jcyl.es con referencia ?OFERTA 17822 TÉC.COCINA?.</p><p>Para más información acuda a <a href='http://empleocastillayleon.jcyl.es/oficinavirtual/buscoEmpleoPub.do?srvc=ver&scope=reg&cod=392638'>Oficina Virtual</a></p>";;ECYL;1179297447246;Burgos;42.3408235575;-3.70205869083;09;1285676166992;2026-09-03;https://empleo.jcyl.es/web/jcyl/Empleo/es/Plantilla100Detalle/1284216458054/OfertasEmpleo/1285676166992/Empleo;42.3408235575, -3.70205869083
CUIDADORES DE PERSONAS CON DISCAPACIDAD Y/O DEPENDENCIA, EN INSTITUCIONES;Burgos;2026-09-03;<p>Para más información acuda a <a href='http://empleocastillayleon.jcyl.es/oficinavirtual/buscoEmpleoPub.do?srvc=ver&scope=reg&cod=393580'>Oficina Virtual</a></p>;;ECYL;1179297447246;Burgos;42.3408235575;-3.70205869083;09;1285675898009;2026-09-03;https://empleo.jcyl.es/web/jcyl/Empleo/es/Plantilla100Detalle/1284216458054/OfertasEmpleo/1285675898009/Empleo;42.3408235575, -3.70205869083
EMPLEADOS ADMINISTRATIVOS, EN GENERAL;León;2026-09-03;"<p>Se busca 1 AUXILIAR ADMINISTRATIVO para Matadeón de los Oteros (León).
Se requiere:
- Título de formación profesional de grado medio en gestión administrativa.
- Carnet de conducir B.
- Manejo de microsoft office.
Se ofrece:
- Contrato indefinido.
- Jornada completa.
Las personas interesadas contactar con O.E. Valencia de Don Juan al teléfono 987750975 en horario de 09:00 a 14:00 horas (oferta nº 18820)</p><p>Para más información acuda a <a href='http://empleocastillayleon.jcyl.es/oficinavirtual/buscoEmpleoPub.do?srvc=ver&scope=reg&cod=393636'>Oficina Virtual</a></p>";;ECYL;1179297866863;Matadeón de los Oteros;42.339005;-5.371765;24;1285676038819;2026-09-03;https://empleo.jcyl.es/web/jcyl/Empleo/es/Plantilla100Detalle/1284216458054/OfertasEmpleo/1285676038819/Empleo;42.339005, -5.371765
CONDUCTORES DE AUTOBÚS, EN GENERAL;León;2026-09-03;"<p>Se buscan 2 CONDUCTORES DE AUTOBUSES para Valencia de Don Juan (León).
Funciones: 
- Realizar rutas escolares en Valencia de Don Juan y Valderas.
Se requiere: 
- Carnet de conducir D.
- CAP en vigor.
- Español, nivel superior.
Se ofrece:
- Contrato indefinido.
- Jornada parcial.
- Horario partido.
Las personas interesadas póngase en contacto con O. E. Valencia de Don Juan al teléfono 987750975 en horario de 09:00 a 14:00 horas (oferta nº 18803)</p><p>Para más información acuda a <a href='http://empleocastillayleon.jcyl.es/oficinavirtual/buscoEmpleoPub.do?srvc=ver&scope=reg&cod=393619'>Oficina Virtual</a></p>";;ECYL;1179297985349;Valencia de Don Juan;42.29253;-5.5191197;24;1285675995874;2026-09-03;https://empleo.jcyl.es/web/jcyl/Empleo/es/Plantilla100Detalle/1284216458054/OfertasEmpleo/1285675995874/Empleo;42.29253, -5.5191197
TÉCNICOS EN TELECOMUNICACIONES;León;2026-09-03;"<p>Oferta nº08/2026/18840.
Se busca técnico para atención y soporte técnico directo a clientes, resolución de incidencias técnicas sobre sistemas de videvigilancia, videoporteros, control de accesos, sistemas de detección dei ncendios, gases, etc., resolución de incidencias relativas a redes informáticas, sistemas IP y configuraciones de sistemas windows y app, entre otras funciones.
REQUISITOS:
- Formación de Técnico superior en sistemas de telecomunicaciones e informáticos, Ingeniería informática, Ingeniería de tecnologías y servicios de telecomunicación, Especialista en IoT.
-Conocimientos informáticos específicos.
-Inglés.
INTERESADOS CONTACTAR O.E. PONFERRADA tfno. 987410859 ? EXT.2</p><p>Para más información acuda a <a href='http://empleocastillayleon.jcyl.es/oficinavirtual/buscoEmpleoPub.do?srvc=ver&scope=reg&cod=393656'>Oficina Virtual</a></p>";;ECYL;1179297888504;Ponferrada;42.549995;-6.598259;24;1285676130756;2026-09-03;https://empleo.jcyl.es/web/jcyl/Empleo/es/Plantilla100Detalle/1284216458054/OfertasEmpleo/1285676130756/Empleo;42.549995, -6.598259
TERAPEUTAS OCUPACIONALES;León;2026-09-03;<p>Para más información acuda a <a href='http://empleocastillayleon.jcyl.es/oficinavirtual/buscoEmpleoPub.do?srvc=ver&scope=reg&cod=393374'>Oficina Virtual</a></p>;;ECYL;1179297770767;Bañeza (La);42.2972527905;-5.89591028588;24;1285676131768;2026-09-03;https://empleo.jcyl.es/web/jcyl/Empleo/es/Plantilla100Detalle/1284216458054/OfertasEmpleo/1285676131768/Empleo;42.2972527905, -5.89591028588
ALBAÑILES;León;2026-09-03;"<p>OFERTA nº 08/2026/18766.
Se buscan albañiles oficiales de 1ª o 2ª. Se ofrece contrato temporal a jornada completa.
REQUISITOS:
-Cursos de formación homologados de albañilería del sector de la construcción según convenio colectivo y fundación laboral de la construcción.
-Carné de conducir B.
-Disponibilidad para viajar.
INTERESADOS CONTACTAR O.E. PONFERRADA tfno. 987410859 ? EXT.2.</p><p>Para más información acuda a <a href='http://empleocastillayleon.jcyl.es/oficinavirtual/buscoEmpleoPub.do?srvc=ver&scope=reg&cod=393582'>Oficina Virtual</a></p>";;ECYL;1179297888504;Ponferrada;42.549995;-6.598259;24;1285675898037;2026-09-03;https://empleo.jcyl.es/web/jcyl/Empleo/es/Plantilla100Detalle/1284216458054/OfertasEmpleo/1285675898037/Empleo;42.549995, -6.598259
PERSONAL DE LIMPIEZA O LIMPIADORES EN GENERAL;Palencia;2026-09-03;<p>Limpieza de hotel en Venta de Baños. Contrato indefinido. Jornada parcial de mañana.</p><p>Para más información acuda a <a href='http://empleocastillayleon.jcyl.es/oficinavirtual/buscoEmpleoPub.do?srvc=ver&scope=reg&cod=393639'>Oficina Virtual</a></p>;;ECYL;1179298060901;Venta de Baños;41.920933;-4.4887385;34;1285676080052;2026-09-03;https://empleo.jcyl.es/web/jcyl/Empleo/es/Plantilla100Detalle/1284216458054/OfertasEmpleo/1285676080052/Empleo;41.920933, -4.4887385
Técnico/a Superior de Cultura para Diputación de Palencia;Palencia;2026-09-03;"<p><strong>Convoca: </strong>Diputación de Palencia</p>
<p><strong>Cuerpo: </strong> TÉCNICO/A SUPERIOR DE CULTURA</p>
<p><strong>Plazas: </strong> 1+Bolsa</p>
<p><strong>Acceso:</strong> Oposición</p>
<p><strong>Titulación:</strong> Licenciatura o Grado en Historia, Historia del Arte, Arqueología o equivalente</p>
<p><strong>Plazo: </strong>29 de septiembre de 2026</p><p><strong>Información obtenida de: </strong>Empleo público. BOCYL 19/08/2026; BOE 01/09/2026</p><p><strong>Enlaces relacionados:</strong><ul><li><a href='https://bocyl.jcyl.es/boletines/2026/08/19/pdf/BOCYL-D-19082026-160-26.pdf' target='_blank'>Consulte bases en BOCYL 19/08/2026</a></li><li><a href='https://www.boe.es/boe/dias/2026/09/01/pdfs/BOE-A-2026-18395.pdf' target='_blank'>Consulte anuncio en BOE 01/09/2026</a></li></ul></p>";;Organismo oficial;;;;;;1285675996660;2026-09-03;https://empleo.jcyl.es/web/jcyl/Empleo/es/Plantilla100Detalle/1284216458054/OfertasEmpleo/1285675996660/Empleo;
AGENTES DE MANIOBRAS FERROVIARIAS, EN GENERAL;Palencia;2026-09-03;<p>Tramo de la FEVE Guardo-Arija. Se necesita trabajador-a con experiencia en instalaciones eléctricas en obra. Funciones: supervisión de tajos en ejecución, cumplimentación de partes de control y fichas de inspección, reportajes fotográficos y apoyo a la Jefatura de Unidad de Señalización.</p><p>Para más información acuda a <a href='http://empleocastillayleon.jcyl.es/oficinavirtual/buscoEmpleoPub.do?srvc=ver&scope=reg&cod=393618'>Oficina Virtual</a></p>;;ECYL;1179298051138;Aguilar de Campoo;42.79319;-4.262214;34;1285675996047;2026-09-03;https://empleo.jcyl.es/web/jcyl/Empleo/es/Plantilla100Detalle/1284216458054/OfertasEmpleo/1285675996047/Empleo;42.79319, -4.262214
MOZOS DE CARGA Y DESCARGA, ALMACÉN Y/O MERCADO DE ABASTOS;Soria;2026-09-03;<p>Para más información acuda a <a href='http://empleocastillayleon.jcyl.es/oficinavirtual/buscoEmpleoPub.do?srvc=ver&scope=reg&cod=393372'>Oficina Virtual</a></p>;;ECYL;1179469197687;Soria;41.76443;-2.463772;42;1285676131489;2026-09-03;https://empleo.jcyl.es/web/jcyl/Empleo/es/Plantilla100Detalle/1284216458054/OfertasEmpleo/1285676131489/Empleo;41.76443, -2.463772
CAMAREROS, EN GENERAL;Soria;2026-09-03;"<p>SE OFRECEN 2 PUESTOS DE TRABAJO COMO CAMAREROS/AS EN RESTAURANTE DE ABEJAR (SORIA)
CONTRATO LABORAL INDEFINIDO A JORNADA COMPLETA
TURNOS ROTATORIOS DE MAÑANA/TARDE POR SEMANAS (trabaja 7 días y libra 3 y se trabaja 7 días y libra 4).
REQUISITOS: DISPONER DE CARNET DE CONDUCIR Y VEHICULO PARA DESPLAZARSE A ABEJAR
INTERESADOS ACUDIR A: CARRETERA SAGUNTO-BURGOS KM 379 (ABEJAR) PREVIA CITA EN EL 642961953.</p><p>Para más información acuda a <a href='http://empleocastillayleon.jcyl.es/oficinavirtual/buscoEmpleoPub.do?srvc=ver&scope=reg&cod=393535'>Oficina Virtual</a></p>";;ECYL;1179469096371;Abejar;41.80847;-2.786224;42;1285676038875;2026-09-03;https://empleo.jcyl.es/web/jcyl/Empleo/es/Plantilla100Detalle/1284216458054/OfertasEmpleo/1285676038875/Empleo;41.80847, -2.786224
ALBAÑILES;Soria;2026-09-03;<p>2 puestos Albañil en Soria. Contrato indefinido, jornada completa. Se requiere permiso conducir B y cursos PRL construcción. Interesados llamar teléfono 677254670 para concertar entrevista.</p><p>Para más información acuda a <a href='http://empleocastillayleon.jcyl.es/oficinavirtual/buscoEmpleoPub.do?srvc=ver&scope=reg&cod=393357'>Oficina Virtual</a></p>;;ECYL;1179469197687;Soria;41.76443;-2.463772;42;1285676079765;2026-09-03;https://empleo.jcyl.es/web/jcyl/Empleo/es/Plantilla100Detalle/1284216458054/OfertasEmpleo/1285676079765/Empleo;41.76443, -2.463772
ALBAÑILES;Soria;2026-09-03;<p>Oficial de 1ª o 2ª en el municipio de Tejado (Soria). Contrato laboral temporal, jornada completa en horario continuado. Se valorará permiso de conducir B. Interesados enviar CV a la dirección de correo electrónico frelan11@hotmail.es</p><p>Para más información acuda a <a href='http://empleocastillayleon.jcyl.es/oficinavirtual/buscoEmpleoPub.do?srvc=ver&scope=reg&cod=393323'>Oficina Virtual</a></p>;;ECYL;1179469209156;Tejado;41.589504;-2.2673478;42;1285675933735;2026-09-07;https://empleo.jcyl.es/web/jcyl/Empleo/es/Plantilla100Detalle/1284216458054/OfertasEmpleo/1285675933735/Empleo;41.589504, -2.2673478
COCINEROS, EN GENERAL;Soria;2026-09-03;"<p>Restaurante en Abejar (Soria) ofrece un puesto de trabajo como ayudante de cocina.
Interesados acudir a: Carretera Sagunto Burgos (N-234) km 379 - Abejar (SORIA) PREVIA CITA en el 642961953</p><p>Para más información acuda a <a href='http://empleocastillayleon.jcyl.es/oficinavirtual/buscoEmpleoPub.do?srvc=ver&scope=reg&cod=393515'>Oficina Virtual</a></p>";;ECYL;1179469096371;Abejar;41.80847;-2.786224;42;1285675868389;2026-09-03;https://empleo.jcyl.es/web/jcyl/Empleo/es/Plantilla100Detalle/1284216458054/OfertasEmpleo/1285675868389/Empleo;41.80847, -2.786224
Guía de Turismo para Ayto. de Medina de Rioseco (Valladolid);Valladolid;2026-09-03;"<p><strong>Convoca: </strong> Ayuntamiento de Medina de Rioseco</p>
<p><strong>Cuerpo:</strong> GUÍA DE TURISMO</p>
<p><strong>Plazas:</strong> 1+Bolsa</p>
<p><strong>Acceso: </strong> Concurso-Oposición</p>
<p><strong>Titulación:</strong> Graduado en Educación Secundaria o equivalente</p>
<p><strong>Plazo: </strong>23 de septiembre de 2026</p><p><strong>Información obtenida de: </strong>Empleo público. BOPVA 20/08/2026; BOE 03/09/2026</p><p><strong>Enlaces relacionados:</strong><ul><li><a href='https://bop.sede.diputaciondevalladolid.es/boletines/2026/agosto/20/BOPVA-A-2026-02497.pdf' target='_blank'>Consulte bases en BOP 20/08/2026</a></li><li><a href='https://www.boe.es/boe/dias/2026/09/03/pdfs/BOE-A-2026-18549.pdf' target='_blank'>Consulte anuncio en BOE 03/09/2026</a></li></ul></p>";;Organismo oficial;1179469264297;Medina de Rioseco;41.88419;-5.041379;47;1285676092655;2026-09-03;https://empleo.jcyl.es/web/jcyl/Empleo/es/Plantilla100Detalle/1284216458054/OfertasEmpleo/1285676092655/Empleo;41.88419, -5.041379
Operario/a de Servicios-Cementerio para Ayto. de Medina de Rioseco (Valladolid);Valladolid;2026-09-03;"<p><strong>Convoca: </strong> Ayuntamiento de Medina de Rioseco</p>
<p><strong>Cuerpo:</strong> OPERARIO/A DE SERVICIOS-CEMENTERIO</p>
<p><strong>Plazas:</strong> 1+Bolsa</p>
<p><strong>Acceso: </strong> Concurso-Oposición</p>
<p><strong>Titulación:</strong> No se especifica</p>
<p><strong>Plazo: </strong>23 de septiembre de 2026</p><p><strong>Información obtenida de: </strong>Empleo público. BOPVA 20/08/2026; BOE 03/09/2026</p><p><strong>Enlaces relacionados:</strong><ul><li><a href='https://www.boe.es/boe/dias/2026/09/03/pdfs/BOE-A-2026-18549.pdf' target='_blank'>Consulte anuncio en BOE 03/09/2026</a></li><li><a href='https://bop.sede.diputaciondevalladolid.es/boletines/2026/agosto/20/BOPVA-A-2026-02502.pdf' target='_blank'>Consulte bases en BOP 20/08/2026</a></li></ul></p>";;Organismo oficial;1179469264297;Medina de Rioseco;41.88419;-5.041379;47;1285676088964;2026-09-03;https://empleo.jcyl.es/web/jcyl/Empleo/es/Plantilla100Detalle/1284216458054/OfertasEmpleo/1285676088964/Empleo;41.88419, -5.041379
PERSONAL DE LIMPIEZA O LIMPIADORES EN GENERAL;Zamora;2026-09-03;"<p>Oferta número: 18.855 - PERSONAL DE LIMPIEZA en Fuentesauco.
FUNCIONES: Se precisa personal de limpieza de una oficina, para cubrir periodo de vacaciones.
CONDICIONES: Se ofrece contrato temporal, jornada parcial de mañana: 2,5 horas/semanales, lunes, miercoles y viernes de 08:30 a 13:30 h.
REQUISITOS: Experiencia en limpieza.
Los interesados/as deberán remitir su CV al email: ecyltoro@jcyl.es Indicando en el asunto: número de oferta: 18.855.Limpieza.</p><p>Para más información acuda a <a href='http://empleocastillayleon.jcyl.es/oficinavirtual/buscoEmpleoPub.do?srvc=ver&scope=reg&cod=393671'>Oficina Virtual</a></p>";;ECYL;1179469366921;Fuentesaúco;41.23182;-5.494259;49;1285676167976;2026-09-03;https://empleo.jcyl.es/web/jcyl/Empleo/es/Plantilla100Detalle/1284216458054/OfertasEmpleo/1285676167976/Empleo;41.23182, -5.494259
ASISTENTES DOMICILIARIOS;Zamora;2026-09-03;"<p>CONTRATO TEMPORAL PARA SUSTITUIR VACACIONES DE LUNES A SÁBADO. 20 HORAS A LA SEMANA, MAÑANA Y TARDE. SALARIO SEGÚN CONVENIO.
Enviar CV: ajoao@araliaservicios.es</p><p>Para más información acuda a <a href='http://empleocastillayleon.jcyl.es/oficinavirtual/buscoEmpleoPub.do?srvc=ver&scope=reg&cod=393664'>Oficina Virtual</a></p>";;ECYL;1179469480455;Villabrázaro;42.052532;-5.729449;49;1285676131095;2026-09-03;https://empleo.jcyl.es/web/jcyl/Empleo/es/Plantilla100Detalle/1284216458054/OfertasEmpleo/1285676131095/Empleo;42.052532, -5.729449
PELUQUEROS DE CABALLEROS;Burgos;2026-09-02;"<p>Se precisa PELUQUERO-BARBERO para Peluquería de caballeros en Burgos.
Se ofrece contrato indefinido horario 08:00-15:00.
Se precisa experiencia demostrable de 6 meses.
Oferta dirigida a personas inscritas en los servicios públicos de empleo. 
No se contestarán candidaturas que no reúnan los requisitos exigidos. 
INTERESADOS contactar con nombre+apellidos+DNI a cincoestrellasgrupo@gmail.com con copia a ecyljuandepadilla.ofertas@jcyl.es con asunto ?OFERTA 18753 PELUQUERO-BARBERO?.</p><p>Para más información acuda a <a href='http://empleocastillayleon.jcyl.es/oficinavirtual/buscoEmpleoPub.do?srvc=ver&scope=reg&cod=393569'>Oficina Virtual</a></p>";;ECYL;1179297447246;Burgos;42.3408235575;-3.70205869083;09;1285675734443;2026-09-02;https://empleo.jcyl.es/web/jcyl/Empleo/es/Plantilla100Detalle/1284216458054/OfertasEmpleo/1285675734443/Empleo;42.3408235575, -3.70205869083
PELUQUEROS DE SEÑORAS;Burgos;2026-09-02;"<p>PUESTO SOLICITADO: Oficial/a de Peluquería. 
LOCALIDAD: Burgos. 
REQUISITOS:
. Experiencia de 6 meses. 
. Formación en peluquería. 
SE OFRECE: Jornada completa. Contrato indefinido.</p><p>Para más información acuda a <a href='http://empleocastillayleon.jcyl.es/oficinavirtual/buscoEmpleoPub.do?srvc=ver&scope=reg&cod=389520'>Oficina Virtual</a></p>";;ECYL;1179297447246;Burgos;42.3408235575;-3.70205869083;09;1285675593983;2026-09-02;https://empleo.jcyl.es/web/jcyl/Empleo/es/Plantilla100Detalle/1284216458054/OfertasEmpleo/1285675593983/Empleo;42.3408235575, -3.70205869083
OPERADORES DE MÁQUINA ASERRADORA (FABRICACIÓN ARTÍCULOS DE CORCHO);Burgos;2026-09-02;"<p>Hijos de Tomás Martín SL, en Doña Santos (Burgos).
Contrato indefinido, jornada completa a turnos.
Enviar CV a rrhh@maderashtm.com</p><p>Para más información acuda a <a href='http://empleocastillayleon.jcyl.es/oficinavirtual/buscoEmpleoPub.do?srvc=ver&scope=reg&cod=393509'>Oficina Virtual</a></p>";;ECYL;1179297430410;Arauzo de Miel;41.859599194;-3.38758030016;09;1285675620694;2026-09-02;https://empleo.jcyl.es/web/jcyl/Empleo/es/Plantilla100Detalle/1284216458054/OfertasEmpleo/1285675620694/Empleo;41.859599194, -3.38758030016
COCINEROS, EN GENERAL;Burgos;2026-09-02;"<p>Un puesto de COCINERO/A y otro de AYUDANTE DE COCINA, en un establecimiento de la ciudad de Burgos. 
Contrato laboral indefinido. Jornada parcial (20 horas semanales). Horario a concertar.</p><p>Para más información acuda a <a href='http://empleocastillayleon.jcyl.es/oficinavirtual/buscoEmpleoPub.do?srvc=ver&scope=reg&cod=393530'>Oficina Virtual</a></p>";;ECYL;1179297447246;Burgos;42.3408235575;-3.70205869083;09;1285675620173;2026-09-02;https://empleo.jcyl.es/web/jcyl/Empleo/es/Plantilla100Detalle/1284216458054/OfertasEmpleo/1285675620173/Empleo;42.3408235575, -3.70205869083
AUXILIARES DE ENFERMERÍA DE GERIATRÍA;León;2026-09-02;<p>Para más información acuda a <a href='http://empleocastillayleon.jcyl.es/oficinavirtual/buscoEmpleoPub.do?srvc=ver&scope=reg&cod=393529'>Oficina Virtual</a></p>;;ECYL;1179298026515;Villarejo de Órbigo;42.445076;-5.9046545;24;1285675620350;2026-09-02;https://empleo.jcyl.es/web/jcyl/Empleo/es/Plantilla100Detalle/1284216458054/OfertasEmpleo/1285675620350/Empleo;42.445076, -5.9046545
CUIDADORES DE PERSONAS CON DISCAPACIDAD Y/O DEPENDENCIA, EN INSTITUCIONES;León;2026-09-02;<p>Cuidador/a de personas con discapacidad para León. Titulación: Técnico en cuidados auxiliares de enfermería, Técnico en atención a personas en situación de dependencia, Certificado profesionalidad atención sociosanitaria en instituciones o en domicilio. Contrato de tres meses, ampliable, jornada completa. Contactar con Oficina de Empleo León Centro, teléfono 987249530 (Ofertas)</p><p>Para más información acuda a <a href='http://empleocastillayleon.jcyl.es/oficinavirtual/buscoEmpleoPub.do?srvc=ver&scope=reg&cod=393485'>Oficina Virtual</a></p>;;ECYL;1179297860755;León;42.59873;-5.5670958;24;1285675531233;2026-09-02;https://empleo.jcyl.es/web/jcyl/Empleo/es/Plantilla100Detalle/1284216458054/OfertasEmpleo/1285675531233/Empleo;42.59873, -5.5670958
AUXILIARES DE ENFERMERÍA DE GERIATRÍA;León;2026-09-02;<p>Para más información acuda a <a href='http://empleocastillayleon.jcyl.es/oficinavirtual/buscoEmpleoPub.do?srvc=ver&scope=reg&cod=393497'>Oficina Virtual</a></p>;;ECYL;1179298014698;Villagatón;42.63525;-6.161647;24;1285675560699;2026-09-02;https://empleo.jcyl.es/web/jcyl/Empleo/es/Plantilla100Detalle/1284216458054/OfertasEmpleo/1285675560699/Empleo;42.63525, -6.161647
Técnico Superior en Prótesis Dentales con inglés para Austria;Otra;2026-09-02;"<p><strong>Position: </strong>Dental Technician (m/f).</p>
<p style='text-align: justify;'><strong>Employer: </strong>the <em>clinic Dr. med. dent. Maad Al-Soqour</em> in Bludenz, Austria.</p>
<p style='text-align: justify;'><strong>Requirements:</strong></p>
<ul style='text-align: justify;'>
<li>Professional classification: Dental Technician (in Spanish: <strong>Técnico Superior en Prótesis Dentales</strong>, formación terminada con titulación oficial).</li>
<li>Applications from all the EU area are welcome.</li>
<li>German knowledge is desirable, but it is also possible to work with a good level of English (Arabic is an asset).</li>
</ul>
<p style='text-align: justify;'><strong>Working conditions:</strong></p>
<ul style='text-align: justify;'>
<li>Full time contract.</li>
<li>Immediate incorporation.</li>
<li>Salary above the collective agreement rate. Actual salary will depend on qualifications and professional experience. The minimum salary for the position of dental technician (m/f) is euros4,573.82 gross per month based on full-time employment. Overpayment is possible, with a minimum net salary of euros3,000.</li>
<li>The employer can help you find accommodation.</li>
</ul>
<p style='text-align: justify;'><strong>How to apply: </strong>you can apply via telephone asking for an appointment with Dr Al Soqour (<strong>+43 555263380</strong>) or sending your CV in English to <a href='office@dr-maad.com'>office@dr-maad.com</a></p><p><strong>Información obtenida de: </strong>EURES. <a href='http://www.sepe.es/redEURES' target='_blank'>http://www.sepe.es/redEURES</a></p><p><strong>Enlaces relacionados:</strong><ul><li><a href='https://servicios3.jcyl.es/enbo/siau/contenido/ckkrRVpPM1NhSE5vRUwvRllGamYvTUpqcll3bzRJVUJMWUFBbGNMVW5JST0%3D' target='_blank'>Más información de la Oferta en la web de EURES España</a></li><li><a href='https://www.dr-maad.com/de/' target='_blank'>Página web de la empresa</a></li><li><a href='https://www.sepe.es/HomeSepe/es/encontrar-trabajo/empleo-europa/Ofertas-empleo-destacadas-informacion-paises/empleo-austria.html' target='_blank'>Más ofertas en Austria</a></li></ul></p><p>Información procedente de: <a href='https://servicios3.jcyl.es/enbo/siau/webapp/boletinEmpleoCyL/boletin/UTI0TUdMRjBadEN1NDJFc0JSVWZUaUh3OHk5aWNFd1FhS25hWnY4aUhrYz0%3D/EMPLEO-EURES/148503' target='_blank'><strong>Boletín de Empleo de Castilla y León (Ecyl)</strong>.</a></p>";Europa;Red EURES;;;;;;1285675684617;2026-09-02;https://empleo.jcyl.es/web/jcyl/Empleo/es/Plantilla100Detalle/1284216458054/OfertasEmpleo/1285675684617/Empleo;
Nurse in Institut Laue Langevin en Francia;Otra;2026-09-02;"<p><strong>Employer</strong>: <em>Institut Laue Langevin.</em></p>
<p><strong>Position</strong>: Nurse.</p>
<p><strong>Location</strong>: Grenoble, France.</p>
<p><strong>Profile, working conditions</strong>: see documents attached.</p>
<p><strong>Applications</strong>: via the employer's website (see links), Copy to: <a href='eures.franciasuizabenelux@sepe.es'>eures.franciasuizabenelux@sepe.es</a> with reference ILL 26/34</p><p><strong>Información obtenida de: </strong>EURES. <a href='http://www.sepe.es/redEURES' target='_blank'>http://www.sepe.es/redEURES</a></p><p><strong>Enlaces relacionados:</strong><ul><li><a href='https://servicios3.jcyl.es/enbo/siau/contenido/ZklzZUlyR3NMcG95bk9MMkdEWFFSUzAvVFRiUXc4QWJKR25PMGxCcjQ4bz0%3D' target='_blank'>Más información </a></li><li><a href='https://www.sepe.es/HomeSepe/encontrar-trabajo/empleo-europa/Ofertas-empleo-destacadas-informacion-paises/empleo-francia.html' target='_blank'>Más ofertas en Francia</a></li><li><a href='https://www.ill.eu/en/careers/working-at-the-ill/employment-conditions/' target='_blank'>Applications</a></li></ul></p><p>Información procedente de: <a href='https://servicios3.jcyl.es/enbo/siau/webapp/boletinEmpleoCyL/boletin/UTI0TUdMRjBadEN1NDJFc0JSVWZUaUh3OHk5aWNFd1FhS25hWnY4aUhrYz0%3D/EMPLEO-EURES/148099' target='_blank'><strong>Boletín de Empleo de Castilla y León (Ecyl)</strong>.</a></p>";Europa;Red EURES;;;;;;1285675684589;2026-09-02;https://empleo.jcyl.es/web/jcyl/Empleo/es/Plantilla100Detalle/1284216458054/OfertasEmpleo/1285675684589/Empleo;
15 Educadores infantiles para Irlanda;Otra;2026-09-02;"<p style='text-align: justify;'><strong>Location: </strong>Multiple locations (Wicklo, Galway, Limerick, Sligo and more).</p>
<p style='text-align: justify;'><strong>Number of positions:</strong> 15.</p>
<p style='text-align: justify;'><strong>Employer and Job description:</strong> <em>Navitas Recruitment Limited </em>is looking for Spanish childhood education professionals to work in as<strong> TEACHERS FOR CRECHES </strong>across Ireland. Candidates must have a love for children, understand the principles of child development, be physically fit and able to care for their basic needs, and demonstrate good communication skills in English to report on the child&acute;s individual needs/performance to superiors or parents.</p>
<p style='text-align: justify;'><strong>Requirements:</strong></p>
<ul style='text-align: justify;'>
<li>Experience in infant care (6 months).</li>
<li>Level 5 to 8 childcare qualifications: Degree in Early Childhood Education, Primary Education or Higher Technician in Early Years Education.</li>
<li>B1 English level minimum.</li>
<li>Professional references required (two minimum).</li>
<li>Applicants must be legally entitled to work within Ireland and the EU (EU nationality) or hold a valid employment permit.</li>
</ul>
<p style='text-align: justify;'><strong>Working conditions:</strong></p>
<ul style='text-align: justify;'>
<li>Fulltime position: 40 hours per week.</li>
<li>Contract duration: 12 month contract minimum.</li>
<li>Wages: 16 -18 euros/ gross per hour depending on experience, language level and qualifications.</li>
<li>Starting date: Flexible dates (as soon as possible).</li>
</ul>
<p style='text-align: justify;'><strong>Some Benefits:</strong></p>
<ul style='text-align: justify;'>
<li>Work in the best nurseries and kindergartens in Ireland across multiple locations.</li>
<li>Best working conditions in the sector.</li>
<li>Work from Monday to Friday. Free weekends.</li>
<li>Assistance with accommodation.</li>
<li>Help with paperwork to relocate in Ireland (social security, bank accounts, Garda, etc), and with any doubts prior to relocation.</li>
<li>Assistance to candidates in Spanish.</li>
<li>Help to carry out training courses.</li>
<li>Special discounts on English classes.</li>
</ul>
<p style='text-align: justify;'><strong>Application: </strong>Submit CV in English to <a href='creches@trabajoenirlanda.es'>creches@trabajoenirlanda.es</a> with copy to <a href='pcpmixto.eures@sepe.es'>pcpmixto.eures@sepe.es</a> with <em><strong>Ref: Teachers for creches in Ireland #JOB-246446.</strong></em></p>
<p style='text-align: justify;'><strong>Ayudas EURES a la movilidad laboral y más información:</strong></p>
<ul>
<li style='text-align: justify;'>Infórmate de las ayudas económicas para acudir a la entrevista y/o para el posterior traslado al país de destino si resultas contratado. Requisitos y trámites a seguir en: Planes específicos de movilidad de EURES en los que participa España (Targeted Mobility Scheme). Ver <strong>enlace.</strong></li>
<li style='text-align: justify;'>Para más información contacta con el/la Consejero/a EURES de tu provincia. Ver <strong>enlace.</strong></li>
</ul><p><strong>Información obtenida de: </strong>EURES. <a href='http://www.sepe.es/redEURES' target='_blank'>http://www.sepe.es/redEURES</a></p><p><strong>Enlaces relacionados:</strong><ul><li><a href='https://servicios3.jcyl.es/enbo/siau/contenido/czN1RndQMGFKS3ZGSnhWUkZkTWNkTlUzWHU0enFGeWg3eS9JUVBDdE1RYz0%3D' target='_blank'>Más información de la Oferta en la web de EURES España</a></li><li><a href='https://www.trabajoenirlanda.es/' target='_blank'>Página web de la empresa</a></li><li><a href='https://www.sepe.es/HomeSepe/es/encontrar-trabajo/empleo-europa/tu-primer-empleo-eures.html' target='_blank'>Ayudas a la movilidad laboral - Targeted mobility scheme</a></li><li><a href='https://www.sepe.es/HomeSepe/encontrar-trabajo/empleo-europa/Ofertas-empleo-destacadas-informacion-paises/empleo-irlanda.html' target='_blank'>Más ofertas en Irlanda</a></li><li><a href='https://www.sepe.es/HomeSepe/Personas/encontrar-trabajo/empleo-europa/consejeros.html' target='_blank'>Búsqueda de Consejeros EURES</a></li></ul></p><p>Información procedente de: <a href='https://servicios3.jcyl.es/enbo/siau/webapp/boletinEmpleoCyL/boletin/UTI0TUdMRjBadEN1NDJFc0JSVWZUaUh3OHk5aWNFd1FhS25hWnY4aUhrYz0%3D/EMPLEO-EURES/148504' target='_blank'><strong>Boletín de Empleo de Castilla y León (Ecyl)</strong>.</a></p>";Europa;Red EURES;;;;;;1285675684645;2026-09-02;https://empleo.jcyl.es/web/jcyl/Empleo/es/Plantilla100Detalle/1284216458054/OfertasEmpleo/1285675684645/Empleo;
Profesores de infantil y primaria en Suecia;Otra;2026-09-02;"<p style='text-align: justify;'>This information is for you who want to pursue a teaching career in Sweden.</p>
<p style='text-align: justify;'><em>Eures Sweden teachers recruitment team</em> is part of the <em>Swedish Public Employment Services</em> and there is an ongoing cooperation with <em>Municipalities </em>all over Sweden. They are mainly looking for<strong> Preschool Teachers </strong>and <strong>Primary School Teachers</strong> with a teaching license in their home country.</p>
<p style='text-align: justify;'>You will be directly employed without any intermediator and the employers will assist you with the relocation process. Salaries offered are according to collective agreements, individual experience and abilities. The amount will be discussed with employers on an individual basis.</p>
<p style='text-align: justify;'>Más información en los <strong>enlaces </strong>adjuntos.</p><p><strong>Información obtenida de: </strong>EURES. <a href='http://www.sepe.es/redEURES' target='_blank'>http://www.sepe.es/redEURES</a></p><p><strong>Enlaces relacionados:</strong><ul><li><a href='https://servicios3.jcyl.es/enbo/siau/contenido/WFV1T1FNRHM5WTUyR0xTdnhQam90cmZTRi9NakUyb3BQMVhCUWUwRUhRQT0%3D' target='_blank'>Más información de la Oferta en la web de EURES España</a></li><li><a href='https://www.sepe.es/HomeSepe/encontrar-trabajo/empleo-europa/Ofertas-empleo-destacadas-informacion-paises/empleo-suecia.html' target='_blank'>Más ofertas en Suecia</a></li><li><a href='https://new.express.adobe.com/webpage/zSyj491LmeHh3' target='_blank'>Más información</a></li></ul></p><p>Información procedente de: <a href='https://servicios3.jcyl.es/enbo/siau/webapp/boletinEmpleoCyL/boletin/UTI0TUdMRjBadEN1NDJFc0JSVWZUaUh3OHk5aWNFd1FhS25hWnY4aUhrYz0%3D/EMPLEO-EURES/148087' target='_blank'><strong>Boletín de Empleo de Castilla y León (Ecyl)</strong>.</a></p>";Europa;Red EURES;;;;;;1285675684673;2026-09-02;https://empleo.jcyl.es/web/jcyl/Empleo/es/Plantilla100Detalle/1284216458054/OfertasEmpleo/1285675684673/Empleo;
AUXILIARES DE ENFERMERÍA DE GERIATRÍA;Palencia;2026-09-02;"<p>Oferta de Aux. Enfermería/Cuidador. Indefinido, jornada completa.Hacer las camas de los enfermos antes y después de recibirlos: El auxiliar debe manejar las técnicas de cama abierta y cerrada para la gestión del sitio de los enfermos.
Realizar baños en cama y otros tipos de aseo en el paciente: El auxiliar asiste al personal titulado en el aseo y siempre que sea necesario.
Recibir y distribuir la comida de los enfermos, así como sus suplementos.
Ayudar al enfermo a servir y si es necesario a comer su comida.
Administración de medicamentos bajo la supervisión del personal titulado.
Auxiliar al personal titulado con el tratamiento de los pacientes.
Trasladar al paciente, así como cualquier comunicado y documento que sea requerido.</p><p>Para más información acuda a <a href='http://empleocastillayleon.jcyl.es/oficinavirtual/buscoEmpleoPub.do?srvc=ver&scope=reg&cod=387431'>Oficina Virtual</a></p>";;ECYL;1179298061695;Bárcena de Campos;42.48303;-4.497991;34;1285675531202;2026-09-02;https://empleo.jcyl.es/web/jcyl/Empleo/es/Plantilla100Detalle/1284216458054/OfertasEmpleo/1285675531202/Empleo;42.48303, -4.497991
COCINEROS, EN GENERAL;Palencia;2026-09-02;<p>Un restaurante ubicado en el corazón del Camino de Santiago, en Carrión de los Condes (Palencia), busca incorporar a su equipo un/a Cocinero/a con experiencia para trabajar a jornada partida.</p><p>Para más información acuda a <a href='http://empleocastillayleon.jcyl.es/oficinavirtual/buscoEmpleoPub.do?srvc=ver&scope=reg&cod=393480'>Oficina Virtual</a></p>;;ECYL;1179298069830;Carrión de los Condes;42.337337;-4.6024327;34;1285675513394;2026-09-02;https://empleo.jcyl.es/web/jcyl/Empleo/es/Plantilla100Detalle/1284216458054/OfertasEmpleo/1285675513394/Empleo;42.337337, -4.6024327
ENFERMEROS DE CUIDADOS GENERALES;Segovia;2026-09-02;<p>Para más información acuda a <a href='http://empleocastillayleon.jcyl.es/oficinavirtual/buscoEmpleoPub.do?srvc=ver&scope=reg&cod=393498'>Oficina Virtual</a></p>;;ECYL;1179298405057;Abades;40.915554;-4.2691665;40;1285675560904;2026-09-02;https://empleo.jcyl.es/web/jcyl/Empleo/es/Plantilla100Detalle/1284216458054/OfertasEmpleo/1285675560904/Empleo;40.915554, -4.2691665
MÉDICOS, MEDICINA GENERAL;Segovia;2026-09-02;<p>Para más información acuda a <a href='http://empleocastillayleon.jcyl.es/oficinavirtual/buscoEmpleoPub.do?srvc=ver&scope=reg&cod=393557'>Oficina Virtual</a></p>;;ECYL;1179298405057;Abades;40.915554;-4.2691665;40;1285675706741;2026-09-02;https://empleo.jcyl.es/web/jcyl/Empleo/es/Plantilla100Detalle/1284216458054/OfertasEmpleo/1285675706741/Empleo;40.915554, -4.2691665
CAJEROS DE COMERCIO;Valladolid;2026-09-02;<p>Para más información acuda a <a href='http://empleocastillayleon.jcyl.es/oficinavirtual/buscoEmpleoPub.do?srvc=ver&scope=reg&cod=393568'>Oficina Virtual</a></p>;;ECYL;1179469273430;Peñafiel;41.598473;-4.1245117;47;1285675705977;2026-09-02;https://empleo.jcyl.es/web/jcyl/Empleo/es/Plantilla100Detalle/1284216458054/OfertasEmpleo/1285675705977/Empleo;41.598473, -4.1245117
PEONES AGRÍCOLAS, EN GENERAL;Valladolid;2026-09-02;<p>REALIZAR OPERACIONES AUXILIARES PARA LA PREPARACIÓN DEL TERRENO, SIEMBRA Y PLANTACIÓN DE CULTIVOS AGRÍCOLAS, VIVEROS Y JARDINES.</p><p>Para más información acuda a <a href='http://empleocastillayleon.jcyl.es/oficinavirtual/buscoEmpleoPub.do?srvc=ver&scope=reg&cod=393507'>Oficina Virtual</a></p>;;ECYL;1179469318348;Villabrágima;41.8211604363;-5.11372051072;47;1285675560876;2026-09-02;https://empleo.jcyl.es/web/jcyl/Empleo/es/Plantilla100Detalle/1284216458054/OfertasEmpleo/1285675560876/Empleo;41.8211604363, -5.11372051072
CARPINTEROS EN GENERAL;Valladolid;2026-09-02;"<p>OFERTA 08-2026-18724 - AYUDANTE MONTADOR DE MUEBLES DE COCINA / MOZO DE ALMACÉN / AYUDANTE CARPINTERO.
INICIALMENTE SE HARÁ UN CONTRATO TEMPORAL PARA, SUPERADO EL PERIODO DE PRUEBA, PASAR A SER INDEFINIDO. HORARIO: DE 09:00 - 17:00.
SE VALORARÁ EXPERIENCIA PERO LO MÁS IMPORTANTE ES TENER GANAS DE APRENDER EL OFICIO. LA FORMACIÓN LA PRESTARÁ LA EMPRESA. 
TAREAS A DESEMPEÑAR: RECEPCIÓN DE PEDIDOS EN ALMACÉN, ASÍ COMO COMPROBACIÓN DE LLEGADA DE MERCANCÍA SIN DAÑOS. INICIALMENTE ACOMPAÑARÁ A UNO DE LOS MONTADORES EN LAS INSTALACIÓNES, AYUDÁNDOLE Y APRENDIENDO DE ÉL PARA, POSTERIORMENTE, EJECUTAR SUS PROPIOS MONTAJES.
AUNQUE NO ES NECESARIO, SE VALORARÁ TENER CICLO DE GRADO MEDIO O SUPERIOR EN CARPINTERÍA O SIMILAR,
SE BUSCA PERSONA ENTRE 25-45 AÑOS CON PROYECCIÓN DE FUTURO, PARA QUE SE PUEDA INCORPORARSE A LA EMPRESA INDEFINIDAMENTE.
SE REQUIERE PERMISO DE CONDUCIR B Y CONOCIMIENTO DE INTERPRETACIÓN DE PLANOS.
INTERESADOS/AS: CONTACTAR CON OFIICNA DE EMPLEO SAN PABLO. TEL: 983259854 - OPCIÓN 2.</p><p>Para más información acuda a <a href='http://empleocastillayleon.jcyl.es/oficinavirtual/buscoEmpleoPub.do?srvc=ver&scope=reg&cod=393540'>Oficina Virtual</a></p>";;ECYL;1179469311668;Valladolid;41.652252;-4.724532;47;1285675649393;2026-09-02;https://empleo.jcyl.es/web/jcyl/Empleo/es/Plantilla100Detalle/1284216458054/OfertasEmpleo/1285675649393/Empleo;41.652252, -4.724532
ALBAÑILES;Zamora;2026-09-02;"<p>Horario de 8:00 a 16:00 horas.
Teléfono de contacto 618319663</p><p>Para más información acuda a <a href='http://empleocastillayleon.jcyl.es/oficinavirtual/buscoEmpleoPub.do?srvc=ver&scope=reg&cod=393539'>Oficina Virtual</a></p>";;ECYL;1179469435736;San Esteban del Molar;41.937996;-5.5525403;49;1285675620629;2026-09-02;https://empleo.jcyl.es/web/jcyl/Empleo/es/Plantilla100Detalle/1284216458054/OfertasEmpleo/1285675620629/Empleo;41.937996, -5.5525403
TERAPEUTAS OCUPACIONALES;Zamora;2026-09-02;<p>Oferta 18700 Terapeuta ocupacional para Santa Cristina de la Polvorosa (Zamora). Contrato de sustitución por 1 mes. Jornada parcial.Interesados contactar al mail: residenciasantacristina04@gmail.com o acudir por la residencia.</p><p>Para más información acuda a <a href='http://empleocastillayleon.jcyl.es/oficinavirtual/buscoEmpleoPub.do?srvc=ver&scope=reg&cod=393516'>Oficina Virtual</a></p>;;ECYL;1179469439228;Santa Cristina de la Polvorosa;41.9998378996;-5.71310270356;49;1285675594261;2026-09-02;https://empleo.jcyl.es/web/jcyl/Empleo/es/Plantilla100Detalle/1284216458054/OfertasEmpleo/1285675594261/Empleo;41.9998378996, -5.71310270356
CONDUCTORES-OPERADORES DE RETROEXCAVADORA (MOVIMIENTO DE TIERRAS);Zamora;2026-09-02;"<p>Trabajos de construcción. Horario de 8:00 a 16:00 horas.
Teléfono de contacto 618319663</p><p>Para más información acuda a <a href='http://empleocastillayleon.jcyl.es/oficinavirtual/buscoEmpleoPub.do?srvc=ver&scope=reg&cod=393534'>Oficina Virtual</a></p>";;ECYL;1179469435736;San Esteban del Molar;41.937996;-5.5525403;49;1285675620760;2026-09-02;https://empleo.jcyl.es/web/jcyl/Empleo/es/Plantilla100Detalle/1284216458054/OfertasEmpleo/1285675620760/Empleo;41.937996, -5.5525403
SOLDADORES POR ARCO ELÉCTRICO, EN GENERAL;Zamora;2026-09-02;"<p>Soldador de estructuras metálicas para todo tipo de naves. Horario de 8:00 a 16:00 horas.
Teléfono de contacto 618319663</p><p>Para más información acuda a <a href='http://empleocastillayleon.jcyl.es/oficinavirtual/buscoEmpleoPub.do?srvc=ver&scope=reg&cod=393525'>Oficina Virtual</a></p>";;ECYL;1179469435736;San Esteban del Molar;41.937996;-5.5525403;49;1285675620591;2026-09-02;https://empleo.jcyl.es/web/jcyl/Empleo/es/Plantilla100Detalle/1284216458054/OfertasEmpleo/1285675620591/Empleo;41.937996, -5.5525403
BODEGUEROS VINÍCOLA;Zamora;2026-09-02;"<p>Oferta Núm. 18666 PEÓN para Bodega de Venialbo (Zamora).
Los interesados/as deben enviar su CV a (ecyldoctorfleming.ofertas@jcyl.es) indicando en el asunto el Núm. de la oferta.
FUNCIONES: Trabajos generales de bodega. Recepción de uva, limpieza, movimiento de materiales,apoyo en diferentes tareas de la bodega como embotellado, etiquetado, trasiegos de vino, filtrado...
CONDICIONES LABORALES: Contrato temporal, dos meses aproximadamente. Jornada completa.
REQUISITOS: Permiso de circulación B.</p><p>Para más información acuda a <a href='http://empleocastillayleon.jcyl.es/oficinavirtual/buscoEmpleoPub.do?srvc=ver&scope=reg&cod=393482'>Oficina Virtual</a></p>";;ECYL;1179469479290;Venialbo;41.3901828912;-5.5402918572;49;1285675531299;2026-09-02;https://empleo.jcyl.es/web/jcyl/Empleo/es/Plantilla100Detalle/1284216458054/OfertasEmpleo/1285675531299/Empleo;41.3901828912, -5.5402918572
FISIOTERAPEUTAS, EN GENERAL;Burgos;2026-09-01;"<p>Se precisa cubrir puesto de FISIOTERAPEUTA para VIVEMASBUR SL, centro de asistencia a personas mayores, asistencia domiciliaria y hospitalaria en Burgos ciudad. 
Se ofrece contrato INDEFINIDO jornada parcial (5 horas semana).
Titulación académica Grado en Fisioterapia.
Oferta dirigida a personas inscritas en los servicios públicos de empleo. 
No se contestarán candidaturas que no reúnan los requisitos exigidos. 
INTERESADOS envíen curriculum vitae con nombre+apellidos+DNI vivemasbur@gmail.com y poner en copia ecyljuandepadilla.ofertas@jcyl.es con referencia ?OFERTA 18572 FISIOTERAPEUTA?.</p><p>Para más información acuda a <a href='http://empleocastillayleon.jcyl.es/oficinavirtual/buscoEmpleoPub.do?srvc=ver&scope=reg&cod=393388'>Oficina Virtual</a></p>";;ECYL;1179297447246;Burgos;42.3408235575;-3.70205869083;09;1285675189215;2026-09-01;https://empleo.jcyl.es/web/jcyl/Empleo/es/Plantilla100Detalle/1284216458054/OfertasEmpleo/1285675189215/Empleo;42.3408235575, -3.70205869083
MECÁNICOS DE MANTENIMIENTO Y REPARACIÓN DE AUTOMOCIÓN, EN GENERAL;Burgos;2026-09-01;"<p>MECÁNICO/ELECTROMECÁNICO en el municipio de Pedrosa del Príncipe (Burgos). 
Categoría mínima: Oficial de 3ª.
Contrato indefinido. Jornada completa. Salario según convenio + desplazamientos.
Necesario permiso de conducir. Se valorará Formación Profesional de Grado Medio o Superior en Electromecánica de Vehículos, Automoción, Mecánica o formación relacionada. También se valorará la experiencia equivalente.</p><p>Para más información acuda a <a href='http://empleocastillayleon.jcyl.es/oficinavirtual/buscoEmpleoPub.do?srvc=ver&scope=reg&cod=389232'>Oficina Virtual</a></p>";;ECYL;1179297578481;Pedrosa del Príncipe;42.24921;-4.1989803;09;1285675318248;2026-09-01;https://empleo.jcyl.es/web/jcyl/Empleo/es/Plantilla100Detalle/1284216458054/OfertasEmpleo/1285675318248/Empleo;42.24921, -4.1989803
ENFERMEROS DE CUIDADOS GENERALES;Burgos;2026-09-01;"<p>ENFERMERA/O para Asociación Familia Enfermos de Alzheimer Burgos ciudad
Se precisa ENFERMERA/O para Asociación Familia Enfermos de Alzheimer Burgos, con titulación universitaria acorde al puesto (homologada).
Se ofrece contrato indefinido a jornada parcial, para completar el trabajo de la enfermera titular. El trabajo se desarrollará durante 5 horas a la semana dividido en dos días por semana.
Oferta dirigida a personas inscritas en los servicios públicos de empleo. 
No se contestarán candidaturas que no reúnan los requisitos exigidos. 
INTERESADOS contactar con nombre+apellidos+DNI a alzheimerburgos@alzheimerburgos.com con copia a ecyljuandepadilla.ofertas@jcyl.es con asunto ?OFERTA 18259 ENFERMERA/O?.</p><p>Para más información acuda a <a href='http://empleocastillayleon.jcyl.es/oficinavirtual/buscoEmpleoPub.do?srvc=ver&scope=reg&cod=393075'>Oficina Virtual</a></p>";;ECYL;1179297447246;Burgos;42.3408235575;-3.70205869083;09;1285675224972;2026-09-01;https://empleo.jcyl.es/web/jcyl/Empleo/es/Plantilla100Detalle/1284216458054/OfertasEmpleo/1285675224972/Empleo;42.3408235575, -3.70205869083
TERAPEUTAS OCUPACIONALES;Burgos;2026-09-01;"<p>TERAPEUTA OCUPACIONAL se precisa para Época Burgos, residencia privada y centro asistencial de día, especializada en el cuidado de personas mayores.
Imprescindible Grado en Terapia Ocupacional.
Se ofrece contrato laboral temporal jornada parcial de mañana de 10:00 a 12:30.
Oferta dirigida a personas inscritas en los servicios públicos de empleo. 
No se contestarán candidaturas que no reúnan los requisitos exigidos. 
INTERESADOS contactar remitir cv con nombre+apellidos+DNI a epocaburgos@gmail.com con copia a ecyljuandepadilla.ofertas@jcyl.es con referencia ?OFERTA 17787 TERAPEUTA?.</p><p>Para más información acuda a <a href='http://empleocastillayleon.jcyl.es/oficinavirtual/buscoEmpleoPub.do?srvc=ver&scope=reg&cod=392603'>Oficina Virtual</a></p>";;ECYL;1179297447246;Burgos;42.3408235575;-3.70205869083;09;1285675225139;2026-09-01;https://empleo.jcyl.es/web/jcyl/Empleo/es/Plantilla100Detalle/1284216458054/OfertasEmpleo/1285675225139/Empleo;42.3408235575, -3.70205869083
TERAPEUTAS OCUPACIONALES;Burgos;2026-09-01;<p>Oferta de Empleo de TERAPEUTA OCUPACIONAL para las Residencias de Mayores de las localidades de Villarcayo y Maltrana de Mena en Burgos. Necesaria Titulación. Se ofrece contrato Temporal 6 meses con opción de Indefinido, jornada Completa. Se valorará tener permiso de conducir y vehículo propio. Se pagará el desplazamiento entre centros de trabajo.</p><p>Para más información acuda a <a href='http://empleocastillayleon.jcyl.es/oficinavirtual/buscoEmpleoPub.do?srvc=ver&scope=reg&cod=393406'>Oficina Virtual</a></p>;;ECYL;1179297735539;Villarcayo de Merindad de Castilla La Vieja;42.939262;-3.573877;09;1285675256078;2026-09-01;https://empleo.jcyl.es/web/jcyl/Empleo/es/Plantilla100Detalle/1284216458054/OfertasEmpleo/1285675256078/Empleo;42.939262, -3.573877
FISIOTERAPEUTAS, EN GENERAL;Burgos;2026-09-01;"<p>Se precisa una FISIOTERAPEUTA para Residencia de Mayores El ACEBO Burgos, para atención sanitaria integral a los residentes. Con formación Universitaria en Grado o Diplomatura en Fisioterapia.
Se ofrece contrato laboral indefinido a jornada parcial.
Oferta dirigida a personas inscritas en los servicios públicos de empleo. 
No se contestarán candidaturas que no reúnan los requisitos exigidos. 
INTERESADOS contactar con nombre+apellidos+DNI a acebosl.mercedes@gmail.com con copia a ecyljuandepadilla.ofertas@jcyl.es con referencia ?OFERTA 17542 FISIOTERAPEUTA?.</p><p>Para más información acuda a <a href='http://empleocastillayleon.jcyl.es/oficinavirtual/buscoEmpleoPub.do?srvc=ver&scope=reg&cod=392358'>Oficina Virtual</a></p>";;ECYL;1179297447246;Burgos;42.3408235575;-3.70205869083;09;1285675189187;2026-09-01;https://empleo.jcyl.es/web/jcyl/Empleo/es/Plantilla100Detalle/1284216458054/OfertasEmpleo/1285675189187/Empleo;42.3408235575, -3.70205869083
ENFERMEROS DE CUIDADOS GENERALES;Burgos;2026-09-01;"<p>Se precisa una ENFERMERA/O para Residencia de Mayores El ACEBO Burgos, para atención sanitaria integral a los residentes. Con formación Universitaria en Grado o Diplomatura en Enfermería.
Se ofrece contrato temporal a jornada parcial de mañana o tarde.
Oferta dirigida a personas inscritas en los servicios públicos de empleo. 
No se contestarán candidaturas que no reúnan los requisitos exigidos. 
INTERESADOS contactar antes con nombre+apellidos+DNI a acebosl.mercedes@gmail.com con copia a ecyljuandepadilla.ofertas@jcyl.es con referencia ?OFERTA 17538 ENFERMERA/O?.</p><p>Para más información acuda a <a href='http://empleocastillayleon.jcyl.es/oficinavirtual/buscoEmpleoPub.do?srvc=ver&scope=reg&cod=392354'>Oficina Virtual</a></p>";;ECYL;1179297447246;Burgos;42.3408235575;-3.70205869083;09;1285675189143;2026-09-01;https://empleo.jcyl.es/web/jcyl/Empleo/es/Plantilla100Detalle/1284216458054/OfertasEmpleo/1285675189143/Empleo;42.3408235575, -3.70205869083
CUIDADORES DE PERSONAS CON DISCAPACIDAD Y/O DEPENDENCIA, EN INSTITUCIONES;León;2026-09-01;"<p>GEROCULTOR/A, con experiencia mínima de 3 meses. FORMACIÓN: Técnico en Cuidados Auxiliares de Enfermería, Técnico Auxiliar de Clínica, Técnico en Atención a Personas en Situación de Dependencia, Técnico de Atención Sociosanitaria o Certificado de Profesionalidad de Atención Sociosanitaria a Personas Dependientes en Instituciones sociales
- Contrato indefinido 
- Jornada parcial de 20 horas semanales
INTERESADOS LLAMAR AL 987 249530 (SECCIÓN DE OFERTAS - OFICINA DE EMPLEO DE RAMÓN Y CAJAL)</p><p>Para más información acuda a <a href='http://empleocastillayleon.jcyl.es/oficinavirtual/buscoEmpleoPub.do?srvc=ver&scope=reg&cod=393411'>Oficina Virtual</a></p>";;ECYL;1179297860755;León;42.59873;-5.5670958;24;1285675345963;2026-09-01;https://empleo.jcyl.es/web/jcyl/Empleo/es/Plantilla100Detalle/1284216458054/OfertasEmpleo/1285675345963/Empleo;42.59873, -5.5670958
PERSONAL DE LIMPIEZA O LIMPIADORES EN GENERAL;León;2026-09-01;"<p>Limpieza y desinfección de las habitaciones de los residentes. Limpieza y mantenimiento de espacios comunes, pasillos, baños, salas y zonas de uso general. Lavandería: recogida, lavado, secado, doblado y distribución de ropa y textiles. Apoyo en el comedor: preparación y acondicionamiento del espacio, colocación y retirada de mesas, recogida de vajilla y limpieza posterior. Colaboración en el mantenimiento del orden, confort y seguridad de los residentes.
Apoyo a la auxiliar cuando sea necesario. HORARIO A TURNOS: Uno de 8:00 a 16:00 y otro 15:30 a 22:00</p><p>Para más información acuda a <a href='http://empleocastillayleon.jcyl.es/oficinavirtual/buscoEmpleoPub.do?srvc=ver&scope=reg&cod=393389'>Oficina Virtual</a></p>";;ECYL;1179297828529;Cuadros;42.711884;-5.636376;24;1285675224944;2026-09-01;https://empleo.jcyl.es/web/jcyl/Empleo/es/Plantilla100Detalle/1284216458054/OfertasEmpleo/1285675224944/Empleo;42.711884, -5.636376
ASISTENTES DOMICILIARIOS;León;2026-09-01;"<p>Oferta nº 08/2026/18574.
Se busca asistente personal para realizar las siguientes FUNCIONES: 
-Tareas de apoyo para fomentar la autonomía en la realización de actividades de la vida diaria: atención personal, hogar y domicilio, acompañamiento, conducción.
-Prestar apoyo y soportes social para trabajar con los objetivos del proyecto de vida. 
-Facilitar la autodeterminación y la vida activa. 
-Apoyar en la toma de decisiones
REQUISITOS: certificado de atención sociosanitaria, carné de conducir y vehículo.
INTERESADOS CONTACTAR O.E. PONFERRADA tfno. 987410859 ? EXT.2</p><p>Para más información acuda a <a href='http://empleocastillayleon.jcyl.es/oficinavirtual/buscoEmpleoPub.do?srvc=ver&scope=reg&cod=393390'>Oficina Virtual</a></p>";;ECYL;1179297888504;Ponferrada;42.549995;-6.598259;24;1285675189029;2026-09-01;https://empleo.jcyl.es/web/jcyl/Empleo/es/Plantilla100Detalle/1284216458054/OfertasEmpleo/1285675189029/Empleo;42.549995, -6.598259
COCINEROS, EN GENERAL;León;2026-09-01;"<p>COCINERO PARA RESIDENCIA EN CASTROCONTRIGO, LEÓN.Titulación en Hostelería preferentemente FP Grado Medio o Superior como Cocina y Gastronomía, Restauración, Dirección de Cocina, Certificado de Profesionalidad en Cocina y/o similares.
-Conocimiento básico de normas de higiene y seguridad alimentaria. CONTRATO INDEFINIDO. ENVIA CV A seleccion@araliaservicios.es en asunto poner cocinero castrocontrigo. COPIA A ecylbaneza@jcyl.es</p><p>Para más información acuda a <a href='http://empleocastillayleon.jcyl.es/oficinavirtual/buscoEmpleoPub.do?srvc=ver&scope=reg&cod=393466'>Oficina Virtual</a></p>";;ECYL;1179297815620;Castrocontrigo;42.18355;-6.186261;24;1285675345622;2026-09-01;https://empleo.jcyl.es/web/jcyl/Empleo/es/Plantilla100Detalle/1284216458054/OfertasEmpleo/1285675345622/Empleo;42.18355, -6.186261
FISIOTERAPEUTAS, EN GENERAL;León;2026-09-01;"<p>Oferta 18585 de fisioterapeuta para residencia de mayores en León
Contrato indefinido, jornada completa
Se requiere diplomatura o grado en fisioterapia
Interesados/as ponerse en contacto con la oficina de empleo Serna.Tf.987215200</p><p>Para más información acuda a <a href='http://empleocastillayleon.jcyl.es/oficinavirtual/buscoEmpleoPub.do?srvc=ver&scope=reg&cod=393401'>Oficina Virtual</a></p>";;ECYL;1179297860755;León;42.59873;-5.5670958;24;1285675225037;2026-09-01;https://empleo.jcyl.es/web/jcyl/Empleo/es/Plantilla100Detalle/1284216458054/OfertasEmpleo/1285675225037/Empleo;42.59873, -5.5670958
DEPENDIENTES DE PESCADERÍA;León;2026-09-01;<p>Para más información acuda a <a href='http://empleocastillayleon.jcyl.es/oficinavirtual/buscoEmpleoPub.do?srvc=ver&scope=reg&cod=393435'>Oficina Virtual</a></p>;;ECYL;1179298023568;Villaquilambre;42.641293;-5.557725;24;1285675318043;2026-09-01;https://empleo.jcyl.es/web/jcyl/Empleo/es/Plantilla100Detalle/1284216458054/OfertasEmpleo/1285675318043/Empleo;42.641293, -5.557725
AUXILIARES DE ENFERMERÍA DE GERIATRÍA;Salamanca;2026-09-01;<p>Para más información acuda a <a href='http://empleocastillayleon.jcyl.es/oficinavirtual/buscoEmpleoPub.do?srvc=ver&scope=reg&cod=393133'>Oficina Virtual</a></p>;;ECYL;1179298269635;Martiago;40.453312;-6.4909806;37;1285675188944;2026-09-01;https://empleo.jcyl.es/web/jcyl/Empleo/es/Plantilla100Detalle/1284216458054/OfertasEmpleo/1285675188944/Empleo;40.453312, -6.4909806
DIRECTORES DE ORGANIZACIONES DE INTERÉS SOCIAL;Soria;2026-09-01;"<p>Contrato laboral indefinido.
Jornada completa.
Carné de conducir.
Enviar CV a gerencia@asamis.org con copia a ecylempleosoria@jcyl.es</p><p>Para más información acuda a <a href='http://empleocastillayleon.jcyl.es/oficinavirtual/buscoEmpleoPub.do?srvc=ver&scope=reg&cod=393403'>Oficina Virtual</a></p>";;ECYL;1179469197687;Soria;41.76443;-2.463772;42;1285675282941;2026-09-01;https://empleo.jcyl.es/web/jcyl/Empleo/es/Plantilla100Detalle/1284216458054/OfertasEmpleo/1285675282941/Empleo;41.76443, -2.463772
ENFERMEROS DE CUIDADOS GENERALES;Valladolid;2026-09-01;"<p>OFERTA 08/2026/18609 - ENFERMERO/A- ATS - DUE PARA REISENCIA DE PERSONAS MAYORES EN VALLDOLID. 
CONTRATO INDEFINIDO. JORNADA PARCIAL DE 20 HORAS SEMANALES. HORARIO FLEXIBLE. 
TAREAS A DESEMPEÑAR: LAS PROPIAS RECOGIDAS EN CONVENIO DE DEPENDENCIA.
SE REQUIERE GRADO O DIPLOMADO EN ENFERMERÍA.
INTERESADOS/AS: VINCULARSE A TRAVÉS DE LA OFICINA VIRTUAL O CONTACTAR CON OFICINA DE EMPLEO SAN PABLO. TEL: 983259854 - OPCIÓN 2.</p><p>Para más información acuda a <a href='http://empleocastillayleon.jcyl.es/oficinavirtual/buscoEmpleoPub.do?srvc=ver&scope=reg&cod=393425'>Oficina Virtual</a></p>";;ECYL;1179469311668;Valladolid;41.652252;-4.724532;47;1285675282969;2026-09-01;https://empleo.jcyl.es/web/jcyl/Empleo/es/Plantilla100Detalle/1284216458054/OfertasEmpleo/1285675282969/Empleo;41.652252, -4.724532
CONDUCTORES DE CAMIÓN CON REMOLQUE Y/O DE TRACTOCAMIÓN;Zamora;2026-09-01;<p>Teléfono de contacto 619317270/980630217</p><p>Para más información acuda a <a href='http://empleocastillayleon.jcyl.es/oficinavirtual/buscoEmpleoPub.do?srvc=ver&scope=reg&cod=393454'>Oficina Virtual</a></p>;;ECYL;1179469439228;Santa Cristina de la Polvorosa;41.9998378996;-5.71310270356;49;1285675346513;2026-09-01;https://empleo.jcyl.es/web/jcyl/Empleo/es/Plantilla100Detalle/1284216458054/OfertasEmpleo/1285675346513/Empleo;41.9998378996, -5.71310270356
TERAPEUTAS OCUPACIONALES;Zamora;2026-09-01;<p>Teléfono de contacto 980630771</p><p>Para más información acuda a <a href='http://empleocastillayleon.jcyl.es/oficinavirtual/buscoEmpleoPub.do?srvc=ver&scope=reg&cod=393420'>Oficina Virtual</a></p>;;ECYL;1179469338450;Benavente;42.002884;-5.678469;49;1285675283293;2026-09-01;https://empleo.jcyl.es/web/jcyl/Empleo/es/Plantilla100Detalle/1284216458054/OfertasEmpleo/1285675283293/Empleo;42.002884, -5.678469
CONDUCTORES-OPERADORES DE RETROEXCAVADORA (MOVIMIENTO DE TIERRAS);Zamora;2026-09-01;"<p>Oferta Núm. 16165 CONDUCTOR DE RETROEXCAVADORA para empresa de Zamora.
Los interesados/as deben enviar su CV a (ecyldoctorfleming.ofertas@jcyl.es) indicando en el asunto el Núm. de la oferta.
FUNCIONES: Manejo de Retroexcavadora en obra civil.
CONDICIONES LABORALES: Contrato indefinido a jornada completa. 
REQUISITOS: PRL 20 horas construcción. Permiso de conducir.</p><p>Para más información acuda a <a href='http://empleocastillayleon.jcyl.es/oficinavirtual/buscoEmpleoPub.do?srvc=ver&scope=reg&cod=390981'>Oficina Virtual</a></p>";;ECYL;1179469491795;Zamora;41.507324;-5.745313;49;1285675255707;2026-09-01;https://empleo.jcyl.es/web/jcyl/Empleo/es/Plantilla100Detalle/1284216458054/OfertasEmpleo/1285675255707/Empleo;41.507324, -5.745313
CONDUCTORES DE CAMIÓN, EN GENERAL;Zamora;2026-09-01;"<p>Oferta Núm. 16300 CONDUCTOR DE CAMIÓN para empresa de Zamora.
Los interesados/as deben enviar su CV a (ecyldoctorfleming.ofertas@jcyl.es) indicando en el asunto el Núm. de la oferta.
FUNCIONES: Conductor y transportista de residuos de talleres, aceites y filtros.
CONDICIONES LABORALES: Contrato indefinido a jornada completa. 
REQUISITOS: Permiso de conducir C+E.</p><p>Para más información acuda a <a href='http://empleocastillayleon.jcyl.es/oficinavirtual/buscoEmpleoPub.do?srvc=ver&scope=reg&cod=391116'>Oficina Virtual</a></p>";;ECYL;1179469491795;Zamora;41.507324;-5.745313;49;1285675346581;2026-09-01;https://empleo.jcyl.es/web/jcyl/Empleo/es/Plantilla100Detalle/1284216458054/OfertasEmpleo/1285675346581/Empleo;41.507324, -5.745313
MECÁNICOS REPARADORES DE MAQUINARIA DE CONSTRUCCIÓN, MOVIMIENTO DE TIERRAS Y/O MINERÍA;Zamora;2026-09-01;"<p>Oferta Núm. 3907 MECÁNICO DE MAQUINARIA DE OBRA PÚBLICA Y CONSTRUCCIÓN para empresa de Valcabado (Zamora).
Los interesados/as deben enviar su CV a (ecyldoctorfleming.ofertas@jcyl.es) indicando en el asunto el Núm. de la oferta.
FUNCIONES: Reparación, diagnóstico y mantenimiento preventivo y correctivo de equipos diesel, hidráulicos y eléctricos en maquinaria de obra pública, construcción y agrícola.
CONDICIONES LABORALES: Contrato indefinido a jornada completa. Horario a convenir.
REQUISITOS: Se valorará experiencia y conocimientos en el puesto.</p><p>Para más información acuda a <a href='http://empleocastillayleon.jcyl.es/oficinavirtual/buscoEmpleoPub.do?srvc=ver&scope=reg&cod=378723'>Oficina Virtual</a></p>";;ECYL;1179469476851;Valcabado;41.5485813501;-5.74864127629;49;1285675318220;2026-09-01;https://empleo.jcyl.es/web/jcyl/Empleo/es/Plantilla100Detalle/1284216458054/OfertasEmpleo/1285675318220/Empleo;41.5485813501, -5.74864127629
ALBAÑILES;Zamora;2026-09-01;"<p>Oferta Núm. 4229 PEÓN DE CONSTRUCCIÓN para empresa de Tábara (Zamora).
Los interesados/as deben enviar su CV a (ecyldoctorfleming.ofertas@jcyl.es) indicando en el asunto el Núm. de la oferta.
FUNCIONES: Tabicar, rasear, alicatar.
CONDICIONES LABORALES: Contrato indefinido a jornada completa.
REQUISITOS: Permiso de circulación. Se valorara experiencia y concomientos.</p><p>Para más información acuda a <a href='http://empleocastillayleon.jcyl.es/oficinavirtual/buscoEmpleoPub.do?srvc=ver&scope=reg&cod=379045'>Oficina Virtual</a></p>";;ECYL;1179469471707;Tábara;41.8253;-5.957271;49;1285675282671;2026-09-01;https://empleo.jcyl.es/web/jcyl/Empleo/es/Plantilla100Detalle/1284216458054/OfertasEmpleo/1285675282671/Empleo;41.8253, -5.957271
AUXILIARES DE ENFERMERÍA DE GERIATRÍA;Zamora;2026-09-01;"<p>Oferta Núm. 18659 AUXILIAR DE ENFERMERÍA-GERIATRÍA para Centro de Villardeciervos (Zamora).
Los interesados/as deben enviar su CV a (ecyldoctorfleming.ofertas@jcyl.es) indicando en el asunto el Núm. de la oferta.
FUNCIONES: Atención a los usuarios/as del Centro.
CONDICIONES LABORALES: Contrato indefinido. Jornada completa.
REQUISITOS: Titulación de Técnico Auxiliar de Enfermería o Titulación en Atención Sociosanitaria. Certificado de
Profesionalidad. Permiso de conducir B1.</p><p>Para más información acuda a <a href='http://empleocastillayleon.jcyl.es/oficinavirtual/buscoEmpleoPub.do?srvc=ver&scope=reg&cod=393475'>Oficina Virtual</a></p>";;ECYL;1179469487216;Villardeciervos;41.94216;-6.280655;49;1285675384905;2026-09-01;https://empleo.jcyl.es/web/jcyl/Empleo/es/Plantilla100Detalle/1284216458054/OfertasEmpleo/1285675384905/Empleo;41.94216, -6.280655
CAMAREROS, EN GENERAL;Zamora;2026-09-01;"<p>Oferta Núm. 16052 Camarero/a para empresa de Zamora.
Los interesados/as deben enviar su CV a (ecyldoctorfleming.ofertas@jcyl.es) indicando en el asunto el Núm. de la oferta.
FUNCIONES: Atención y servicio a clientes en terraza/barra. Preparación y servicio de bebidas y platos.
CONDICIONES LABORALES: Contrato temporal con posibilidad de conversión a indefinido. Jornada completa.
REQUISITOS: Valorable formación y experiencia en el sector hostelero.</p><p>Para más información acuda a <a href='http://empleocastillayleon.jcyl.es/oficinavirtual/buscoEmpleoPub.do?srvc=ver&scope=reg&cod=390868'>Oficina Virtual</a></p>";;ECYL;1179469491795;Zamora;41.507324;-5.745313;49;1285675345748;2026-09-01;https://empleo.jcyl.es/web/jcyl/Empleo/es/Plantilla100Detalle/1284216458054/OfertasEmpleo/1285675345748/Empleo;41.507324, -5.745313
CONDUCTORES-OPERADORES DE RETROEXCAVADORA (MOVIMIENTO DE TIERRAS);Zamora;2026-09-01;<p>Teléfono de contacto 619317270/980630217.</p><p>Para más información acuda a <a href='http://empleocastillayleon.jcyl.es/oficinavirtual/buscoEmpleoPub.do?srvc=ver&scope=reg&cod=393457'>Oficina Virtual</a></p>;;ECYL;1179469439228;Santa Cristina de la Polvorosa;41.9998378996;-5.71310270356;49;1285675346609;2026-09-01;https://empleo.jcyl.es/web/jcyl/Empleo/es/Plantilla100Detalle/1284216458054/OfertasEmpleo/1285675346609/Empleo;41.9998378996, -5.71310270356
DIRECTORES DE SERVICIOS SOCIALES PARA PERSONAS MAYORES;Zamora;2026-09-01;"<p>Oferta Núm. 18580. DIRECTOR DE CENTRO, RESIDENCIA DE MAYORES, EL PUENTE DE SANABRIA-GALENDE(ZAMORA).
FUNCIONES: las propias establecidas en el convenio de dependencia.
CONDICIONES LABORALES: Contrato laboral indefinido a Jornada Completa
DURACIÓN: Indefinido.
REQUISITOS: Título Universitario y poseer conocimientos o haber realizado curso en dependencia o de Director/a de centros de servicios sociales
Interesados/as Enviar C.V. a amara@grupomatellanes.com con copia a ecylpueblasa@jcyl.es</p><p>Para más información acuda a <a href='http://empleocastillayleon.jcyl.es/oficinavirtual/buscoEmpleoPub.do?srvc=ver&scope=reg&cod=393396'>Oficina Virtual</a></p>";;ECYL;1179469367844;Galende;42.10532;-6.6618075;49;1285675282913;2026-09-01;https://empleo.jcyl.es/web/jcyl/Empleo/es/Plantilla100Detalle/1284216458054/OfertasEmpleo/1285675282913/Empleo;42.10532, -6.6618075
MONTADORES DE MUEBLES DE MADERA O SIMILARES;Zamora;2026-09-01;"<p>Oferta Núm. 10553 MONTADOR-INSTALADOR DE MOBILIARIO para empresa de Zamora.
Los interesados/as deben enviar su CV a (ecyldoctorfleming.ofertas@jcyl.es) indicando en el asunto el Núm. de la oferta.
FUNCIONES: Montaje e instalacion de mobiliario y equipos. 
CONDICIONES LABORALES: Contrato temporal. Jornada completa.
REQUISITOS: Permiso de conducir. Experiencia en la montaje e instalacion de mobiliario.</p><p>Para más información acuda a <a href='http://empleocastillayleon.jcyl.es/oficinavirtual/buscoEmpleoPub.do?srvc=ver&scope=reg&cod=385369'>Oficina Virtual</a></p>";;ECYL;1179469491795;Zamora;41.507324;-5.745313;49;1285675282848;2026-09-01;https://empleo.jcyl.es/web/jcyl/Empleo/es/Plantilla100Detalle/1284216458054/OfertasEmpleo/1285675282848/Empleo;41.507324, -5.745313
MÉDICOS, MEDICINA GENERAL;Zamora;2026-09-01;<p>Teléfono de contacto 980630771</p><p>Para más información acuda a <a href='http://empleocastillayleon.jcyl.es/oficinavirtual/buscoEmpleoPub.do?srvc=ver&scope=reg&cod=393415'>Oficina Virtual</a></p>;;ECYL;1179469338450;Benavente;42.002884;-5.678469;49;1285675255800;2026-09-01;https://empleo.jcyl.es/web/jcyl/Empleo/es/Plantilla100Detalle/1284216458054/OfertasEmpleo/1285675255800/Empleo;42.002884, -5.678469
COCINEROS, EN GENERAL;Burgos;2026-08-31;"<p>PUESTO SOLICITADO: Técnico en cocina y gastronomía para centro residencial público
LOCALIDAD: Burgos
REQUISITOS: titulación correspondiente
SE OFRECE: Contrato laboral temporal 
Jornada completa
Horario continuado.</p><p>Para más información acuda a <a href='http://empleocastillayleon.jcyl.es/oficinavirtual/buscoEmpleoPub.do?srvc=ver&scope=reg&cod=383572'>Oficina Virtual</a></p>";;ECYL;1179297447246;Burgos;42.3408235575;-3.70205869083;09;1285674891412;2026-08-31;https://empleo.jcyl.es/web/jcyl/Empleo/es/Plantilla100Detalle/1284216458054/OfertasEmpleo/1285674891412/Empleo;42.3408235575, -3.70205869083
PINTORES DE ESTRUCTURAS METÁLICAS Y CASCOS DE BUQUES;Burgos;2026-08-31;"<p>PINTOR/MONTADOR, en el municipio de Sasamón (Burgos).
Funciones: pintar las piezas metálicas y luego montarlas para fabricar la máquina. Preferiblemente con experiencia en pintar con máquinas aerostáticas. Para el montaje no se requiere experiencia. Persona con ganas de aprender.
Contrato indefinido. Jornada completa (07.00-15.15). Salario 1800euros.</p><p>Para más información acuda a <a href='http://empleocastillayleon.jcyl.es/oficinavirtual/buscoEmpleoPub.do?srvc=ver&scope=reg&cod=393315'>Oficina Virtual</a></p>";;ECYL;1179297623100;Sasamón;42.44043;-4.064499;09;1285674855392;2026-08-31;https://empleo.jcyl.es/web/jcyl/Empleo/es/Plantilla100Detalle/1284216458054/OfertasEmpleo/1285674855392/Empleo;42.44043, -4.064499
ENFERMEROS DE CUIDADOS GENERALES;Burgos;2026-08-31;"<p>PUESTO SOLICITADO: Enfermero/a en Centro Residencial público
LOCALIDAD: Burgos
REQUISITOS: Titulación correspondiente
SE OFRECE: Contrato laboral temporal
Jornada completa
Horario continuado.</p><p>Para más información acuda a <a href='http://empleocastillayleon.jcyl.es/oficinavirtual/buscoEmpleoPub.do?srvc=ver&scope=reg&cod=389988'>Oficina Virtual</a></p>";;ECYL;1179297447246;Burgos;42.3408235575;-3.70205869083;09;1285674855581;2026-08-31;https://empleo.jcyl.es/web/jcyl/Empleo/es/Plantilla100Detalle/1284216458054/OfertasEmpleo/1285674855581/Empleo;42.3408235575, -3.70205869083
CHAPISTAS-PINTORES DE VEHÍCULOS;Burgos;2026-08-31;"<p>PUESTO SOLICITADO: Chapista (Oficial de segunda )
LOCALIDAD: Burgos
REQUISITOS: Permiso de conducir
SE OFRECE. Contrato laboral indefinido
Jornada completa 
Horario 7:30 h a 15:30 h.</p><p>Para más información acuda a <a href='http://empleocastillayleon.jcyl.es/oficinavirtual/buscoEmpleoPub.do?srvc=ver&scope=reg&cod=390589'>Oficina Virtual</a></p>";;ECYL;1179297447246;Burgos;42.3408235575;-3.70205869083;09;1285674922713;2026-08-31;https://empleo.jcyl.es/web/jcyl/Empleo/es/Plantilla100Detalle/1284216458054/OfertasEmpleo/1285674922713/Empleo;42.3408235575, -3.70205869083
AUXILIARES DE ENFERMERÍA;Burgos;2026-08-31;<p>Para más información acuda a <a href='http://empleocastillayleon.jcyl.es/oficinavirtual/buscoEmpleoPub.do?srvc=ver&scope=reg&cod=393258'>Oficina Virtual</a></p>;;ECYL;1179297562001;Miranda de Ebro;42.679066;-2.9675572;09;1285674891607;2026-08-31;https://empleo.jcyl.es/web/jcyl/Empleo/es/Plantilla100Detalle/1284216458054/OfertasEmpleo/1285674891607/Empleo;42.679066, -2.9675572
PEONES DE LA INDUSTRIA MANUFACTURERA, EN GENERAL;León;2026-08-31;<p>Para más información acuda a <a href='http://empleocastillayleon.jcyl.es/oficinavirtual/buscoEmpleoPub.do?srvc=ver&scope=reg&cod=393308'>Oficina Virtual</a></p>;;ECYL;1179297985349;Valencia de Don Juan;42.29253;-5.5191197;24;1285675020843;2026-08-31;https://empleo.jcyl.es/web/jcyl/Empleo/es/Plantilla100Detalle/1284216458054/OfertasEmpleo/1285675020843/Empleo;42.29253, -5.5191197
MÉDICOS, MEDICINA GENERAL;León;2026-08-31;<p>Para más información acuda a <a href='http://empleocastillayleon.jcyl.es/oficinavirtual/buscoEmpleoPub.do?srvc=ver&scope=reg&cod=393282'>Oficina Virtual</a></p>;;ECYL;1179297770767;Bañeza (La);42.2972527905;-5.89591028588;24;1285674956185;2026-08-31;https://empleo.jcyl.es/web/jcyl/Empleo/es/Plantilla100Detalle/1284216458054/OfertasEmpleo/1285674956185/Empleo;42.2972527905, -5.89591028588
TERAPEUTAS OCUPACIONALES;León;2026-08-31;"<p>Oferta 18540 de terapeuta ocupacional para residencia de mayores en la Robla y Pola de Gordon
Contrato indefinido, jornada completa
Se requiere titulacion de diplomatura o grado en terapia ocupacional
Interesadas/os ponerse en contacto con la oficiana de empleo Serna.Tf.987215200</p><p>Para más información acuda a <a href='http://empleocastillayleon.jcyl.es/oficinavirtual/buscoEmpleoPub.do?srvc=ver&scope=reg&cod=393356'>Oficina Virtual</a></p>";;ECYL;1179297884683;Pola de Gordón (La);42.854378;-5.671433;24;1285674956427;2026-08-31;https://empleo.jcyl.es/web/jcyl/Empleo/es/Plantilla100Detalle/1284216458054/OfertasEmpleo/1285674956427/Empleo;42.854378, -5.671433
ENFERMEROS DE CUIDADOS GENERALES;León;2026-08-31;<p>Para más información acuda a <a href='http://empleocastillayleon.jcyl.es/oficinavirtual/buscoEmpleoPub.do?srvc=ver&scope=reg&cod=393262'>Oficina Virtual</a></p>;;ECYL;1179297770767;Bañeza (La);42.2972527905;-5.89591028588;24;1285674891980;2026-08-31;https://empleo.jcyl.es/web/jcyl/Empleo/es/Plantilla100Detalle/1284216458054/OfertasEmpleo/1285674891980/Empleo;42.2972527905, -5.89591028588
COCINEROS, EN GENERAL;León;2026-08-31;<p>Para más información acuda a <a href='http://empleocastillayleon.jcyl.es/oficinavirtual/buscoEmpleoPub.do?srvc=ver&scope=reg&cod=393223'>Oficina Virtual</a></p>;;ECYL;1179297888504;Ponferrada;42.549995;-6.598259;24;1285674834237;2026-08-31;https://empleo.jcyl.es/web/jcyl/Empleo/es/Plantilla100Detalle/1284216458054/OfertasEmpleo/1285674834237/Empleo;42.549995, -6.598259
AUXILIARES DE ENFERMERÍA DE GERIATRÍA;Salamanca;2026-08-31;<p>Para más información acuda a <a href='http://empleocastillayleon.jcyl.es/oficinavirtual/buscoEmpleoPub.do?srvc=ver&scope=reg&cod=392953'>Oficina Virtual</a></p>;;ECYL;1179298338459;Serradilla del Llano;40.50138;-6.356019;37;1285674922537;2026-08-31;https://empleo.jcyl.es/web/jcyl/Empleo/es/Plantilla100Detalle/1284216458054/OfertasEmpleo/1285674922537/Empleo;40.50138, -6.356019
COCINEROS, EN GENERAL;Salamanca;2026-08-31;<p>Para más información acuda a <a href='http://empleocastillayleon.jcyl.es/oficinavirtual/buscoEmpleoPub.do?srvc=ver&scope=reg&cod=392950'>Oficina Virtual</a></p>;;ECYL;1179298338459;Serradilla del Llano;40.50138;-6.356019;37;1285674922427;2026-08-31;https://empleo.jcyl.es/web/jcyl/Empleo/es/Plantilla100Detalle/1284216458054/OfertasEmpleo/1285674922427/Empleo;40.50138, -6.356019
PERSONAL DE LIMPIEZA O LIMPIADORES EN GENERAL;Salamanca;2026-08-31;<p>Para más información acuda a <a href='http://empleocastillayleon.jcyl.es/oficinavirtual/buscoEmpleoPub.do?srvc=ver&scope=reg&cod=392944'>Oficina Virtual</a></p>;;ECYL;1179298338459;Serradilla del Llano;40.50138;-6.356019;37;1285674891840;2026-08-31;https://empleo.jcyl.es/web/jcyl/Empleo/es/Plantilla100Detalle/1284216458054/OfertasEmpleo/1285674891840/Empleo;40.50138, -6.356019
ENFERMEROS DE CUIDADOS GENERALES;Segovia;2026-08-31;<p>Para más información acuda a <a href='http://empleocastillayleon.jcyl.es/oficinavirtual/buscoEmpleoPub.do?srvc=ver&scope=reg&cod=393364'>Oficina Virtual</a></p>;;ECYL;1179298419803;Carbonero El Mayor;41.12039;-4.26795;40;1285674956325;2026-08-31;https://empleo.jcyl.es/web/jcyl/Empleo/es/Plantilla100Detalle/1284216458054/OfertasEmpleo/1285674956325/Empleo;41.12039, -4.26795
PELUQUEROS UNISEX;Segovia;2026-08-31;"<p>peluquería y estética unisex
media jornada
depilación, manicura, teñido, ondas con plancha...</p><p>Para más información acuda a <a href='http://empleocastillayleon.jcyl.es/oficinavirtual/buscoEmpleoPub.do?srvc=ver&scope=reg&cod=393358'>Oficina Virtual</a></p>";;ECYL;1179298563848;Segovia;40.94356;-4.1130023;40;1285674955832;2026-08-31;https://empleo.jcyl.es/web/jcyl/Empleo/es/Plantilla100Detalle/1284216458054/OfertasEmpleo/1285674955832/Empleo;40.94356, -4.1130023
CONDUCTORES DE CAMIÓN, EN GENERAL;Segovia;2026-08-31;<p>Para más información acuda a <a href='http://empleocastillayleon.jcyl.es/oficinavirtual/buscoEmpleoPub.do?srvc=ver&scope=reg&cod=393325'>Oficina Virtual</a></p>;;ECYL;1179298455172;Lastrilla (La);40.9691384496;-4.10360847416;40;1285674855449;2026-08-31;https://empleo.jcyl.es/web/jcyl/Empleo/es/Plantilla100Detalle/1284216458054/OfertasEmpleo/1285674855449/Empleo;40.9691384496, -4.10360847416
FISIOTERAPEUTAS, EN GENERAL;Soria;2026-08-31;<p>Para más información acuda a <a href='http://empleocastillayleon.jcyl.es/oficinavirtual/buscoEmpleoPub.do?srvc=ver&scope=reg&cod=393025'>Oficina Virtual</a></p>;;ECYL;1179469197687;Soria;41.76443;-2.463772;42;1285674855674;2026-08-31;https://empleo.jcyl.es/web/jcyl/Empleo/es/Plantilla100Detalle/1284216458054/OfertasEmpleo/1285674855674/Empleo;41.76443, -2.463772
CUIDADORES DE PERSONAS CON DISCAPACIDAD Y/O DEPENDENCIA, EN INSTITUCIONES;Zamora;2026-08-31;<p>Enviar CV: supervision@mejorabenavente.com</p><p>Para más información acuda a <a href='http://empleocastillayleon.jcyl.es/oficinavirtual/buscoEmpleoPub.do?srvc=ver&scope=reg&cod=393379'>Oficina Virtual</a></p>;;ECYL;1179469338450;Benavente;42.002884;-5.678469;49;1285674985274;2026-08-31;https://empleo.jcyl.es/web/jcyl/Empleo/es/Plantilla100Detalle/1284216458054/OfertasEmpleo/1285674985274/Empleo;42.002884, -5.678469
TRABAJADORES SOCIALES;Zamora;2026-08-31;"<p>Oferta Núm. 18513. 1 TRABAJADOR SOCIAL para EL PUENTE, GALENDE (Zamora).
FUNCIONES: Funciones de trabajador social en la residencia de mayores VIRGEN DEL ROSARIO.
CONDICIONES LABORALES: Laboral Indefinidol. Jornada completa.
DURACIÓN:Indefinido.
REQUISITOS: Titulación unversitaria de TRABAJADOR SOCIAL.
Interesados/as llamar a 980101129 o entrevista presencial en la residencia de mayores VIRGEN DEL ROSARIO enviar C.V. a amara@grupomatellanes.com, con copia ecylpueblasa@jcyl.es</p><p>Para más información acuda a <a href='http://empleocastillayleon.jcyl.es/oficinavirtual/buscoEmpleoPub.do?srvc=ver&scope=reg&cod=393329'>Oficina Virtual</a></p>";;ECYL;1179469367844;Galende;42.10532;-6.6618075;49;1285674956455;2026-08-31;https://empleo.jcyl.es/web/jcyl/Empleo/es/Plantilla100Detalle/1284216458054/OfertasEmpleo/1285674956455/Empleo;42.10532, -6.6618075
AUXILIARES DE ENFERMERÍA DE GERIATRÍA;Zamora;2026-08-31;"<p>Oferta Núm. 18561 AUXILIAR DE ENFERMERÍA-GERIATRÍA para Centro de Roales (Zamora).
Los interesados/as deben enviar su CV a (ecyldoctorfleming.ofertas@jcyl.es) indicando en el asunto el Núm. de la oferta.
FUNCIONES: Atención a los usuarios/as del Centro.
CONDICIONES LABORALES: Contrato indefinido. Jornada completa.
REQUISITOS: Titulación de Técnico Auxiliar de Enfermería o Titulación en Atención Sociosanitaria. Certificado de Profesionalidad.</p><p>Para más información acuda a <a href='http://empleocastillayleon.jcyl.es/oficinavirtual/buscoEmpleoPub.do?srvc=ver&scope=reg&cod=393377'>Oficina Virtual</a></p>";;ECYL;1179469427937;Roales;41.5524201184;-5.77372830608;49;1285675020286;2026-08-31;https://empleo.jcyl.es/web/jcyl/Empleo/es/Plantilla100Detalle/1284216458054/OfertasEmpleo/1285675020286/Empleo;41.5524201184, -5.77372830608
PEONES DE LA INDUSTRIA DE LA ALIMENTACIÓN, BEBIDAS Y TABACO;Salamanca;2026-08-30;<p>Para más información acuda a <a href='http://empleocastillayleon.jcyl.es/oficinavirtual/buscoEmpleoPub.do?srvc=ver&scope=reg&cod=393173'>Oficina Virtual</a></p>;;ECYL;1179298254513;Guijuelo;40.560574;-5.676764;37;1285674814059;2026-08-31;https://empleo.jcyl.es/web/jcyl/Empleo/es/Plantilla100Detalle/1284216458054/OfertasEmpleo/1285674814059/Empleo;40.560574, -5.676764
TÉCNICOS EN GESTIÓN DE STOCKS Y/O ALMACÉN;Burgos;2026-08-29;<p>Para más información acuda a <a href='http://empleocastillayleon.jcyl.es/oficinavirtual/buscoEmpleoPub.do?srvc=ver&scope=reg&cod=393120'>Oficina Virtual</a></p>;;ECYL;1179297735539;Villarcayo de Merindad de Castilla La Vieja;42.939262;-3.573877;09;1285674813779;2026-08-31;https://empleo.jcyl.es/web/jcyl/Empleo/es/Plantilla100Detalle/1284216458054/OfertasEmpleo/1285674813779/Empleo;42.939262, -3.573877
TÉCNICOS EN SEGURIDAD Y SALUD EN EL TRABAJO, EN GENERAL;Segovia;2026-08-29;<p>La persona seleccionada se ocupará de ejecutar un proyecto de 6 meses de duración dirigido a informar a las empresas de la provincia de Segovia sobre políticas, obligaciones y recomendaciones vinculadas a la prevención de riesgos laborales</p><p>Para más información acuda a <a href='http://empleocastillayleon.jcyl.es/oficinavirtual/buscoEmpleoPub.do?srvc=ver&scope=reg&cod=393092'>Oficina Virtual</a></p>;;ECYL;1179298563848;Segovia;40.94356;-4.1130023;40;1285674813835;2026-08-31;https://empleo.jcyl.es/web/jcyl/Empleo/es/Plantilla100Detalle/1284216458054/OfertasEmpleo/1285674813835/Empleo;40.94356, -4.1130023
TÉCNICOS COMERCIALES EN ENTIDAD FINANCIERA;Soria;2026-08-29;<p>Para más información acuda a <a href='http://empleocastillayleon.jcyl.es/oficinavirtual/buscoEmpleoPub.do?srvc=ver&scope=reg&cod=393102'>Oficina Virtual</a></p>;;ECYL;1179469107806;Almazán;41.485928;-2.5331845;42;1285674813863;2026-08-31;https://empleo.jcyl.es/web/jcyl/Empleo/es/Plantilla100Detalle/1284216458054/OfertasEmpleo/1285674813863/Empleo;41.485928, -2.5331845
EDUCADORES SOCIALES;Soria;2026-08-29;"<p>Funciones:
- Intervención educativa cpm familias en el marco del programa de Apoyo a Familias (PAF)ejerciendo como figura de apoyo personal.
- Atención directa a las familias
- Supervisión del cuidado que los niños reciben en el hogar.
- Enseñanza y modelado de habilidades parentales para el cuidado adecuado de los menores.
Requisitos:
- Disponibilidad para trabajar en turno de mañana.
- Flexibilidad para poder realizar algunas entrevistas/visitas por la tarde.
- Experiencia en intervención familiar y en etrabajo en equipo multidisciplinar.
Para solicitar:
Enviar CV a rrhh@fundacionlesmes.org con copia a ecylempleosoria@jcyl.es indicando en el Asunto del mensaje: OFERTA 18300 Educador Social</p><p>Para más información acuda a <a href='http://empleocastillayleon.jcyl.es/oficinavirtual/buscoEmpleoPub.do?srvc=ver&scope=reg&cod=393116'>Oficina Virtual</a></p>";;ECYL;1179469197687;Soria;41.76443;-2.463772;42;1285674814143;2026-08-31;https://empleo.jcyl.es/web/jcyl/Empleo/es/Plantilla100Detalle/1284216458054/OfertasEmpleo/1285674814143/Empleo;41.76443, -2.463772
PINTORES Y/O EMPAPELADORES;Soria;2026-08-29;"<p>Trabajos con llanas, espátulas y maquinaria pequeña (radial, taladro, atornillador, ...)
Conocimiento en levantamiento de muros, tejados y colocación de cerámica.</p><p>Para más información acuda a <a href='http://empleocastillayleon.jcyl.es/oficinavirtual/buscoEmpleoPub.do?srvc=ver&scope=reg&cod=393086'>Oficina Virtual</a></p>";;ECYL;1179469126353;Burgo de Osma-Ciudad de Osma;41.588287;-3.0754032;42;1285674813947;2026-09-01;https://empleo.jcyl.es/web/jcyl/Empleo/es/Plantilla100Detalle/1284216458054/OfertasEmpleo/1285674813947/Empleo;41.588287, -3.0754032
CONDUCTORES DE CAMIÓN, EN GENERAL;Valladolid;2026-08-29;"<p>Conducción del vehículo asignado y realizar los trayectos para el transporte de los vehículos.
Carga y descarga de vehículos.
Observar las condiciones técnicas de su vehículo.
Mantenimiento diario y revisión del vehículo para asegurar un buen transporte informando a la empresa de todas las anomalías detectadas. 
Realizar pequeñas reparaciones.</p><p>Para más información acuda a <a href='http://empleocastillayleon.jcyl.es/oficinavirtual/buscoEmpleoPub.do?srvc=ver&scope=reg&cod=393044'>Oficina Virtual</a></p>";;ECYL;1179469264297;Medina de Rioseco;41.88419;-5.041379;47;1285674813975;2026-08-31;https://empleo.jcyl.es/web/jcyl/Empleo/es/Plantilla100Detalle/1284216458054/OfertasEmpleo/1285674813975/Empleo;41.88419, -5.041379
CONDUCTORES DE CAMIÓN, EN GENERAL;Valladolid;2026-08-29;"<p>Conducción y operación del camión hormigonera para abastecer de material a las diferentes obras.
Control total del ciclo de carga en planta, transporte seguro y descarga en obra, garantizando la calidad del hormigón.
Coordinación constante con la planta y los jefes de obra para que el servicio sea ágil y sin contratiempos.
Cuidado del camión manteniendo la cuba y el camión en condiciones óptimas.
Trabajo bajo las normativas de seguridad vial y prevención de riesgos laborales.
Experiencia demostrable con vehículos pesados, valorándose positivamente la experiencia con hormigoneras.
Permiso de conducir clase C.</p><p>Para más información acuda a <a href='http://empleocastillayleon.jcyl.es/oficinavirtual/buscoEmpleoPub.do?srvc=ver&scope=reg&cod=393105'>Oficina Virtual</a></p>";;ECYL;1179469264297;Medina de Rioseco;41.88419;-5.041379;47;1285674814003;2026-08-31;https://empleo.jcyl.es/web/jcyl/Empleo/es/Plantilla100Detalle/1284216458054/OfertasEmpleo/1285674814003/Empleo;41.88419, -5.041379
COCINEROS, EN GENERAL;Burgos;2026-08-28;"<p>Personal de cocina en Centro asistencial Río Lobos, en Hontoria del Pinar ( Burgos).
Contrato indefinido, 30h/s.
Formación Profesional de Grado Medio / Certificado de Profesionalidad relacionado con cocina y restauración.
Certificado de Profesionalidad de Cocina (HOTR0408) o formación equivalente.
Mandar CV a administracion@reysanconsultores.es</p><p>Para más información acuda a <a href='http://empleocastillayleon.jcyl.es/oficinavirtual/buscoEmpleoPub.do?srvc=ver&scope=reg&cod=393239'>Oficina Virtual</a></p>";;ECYL;1182753767057;Hontoria del Pinar;41.848557;-3.1642542;09;1285674433731;2026-08-28;https://empleo.jcyl.es/web/jcyl/Empleo/es/Plantilla100Detalle/1284216458054/OfertasEmpleo/1285674433731/Empleo;41.848557, -3.1642542
PEONES DE LA INDUSTRIA MANUFACTURERA, EN GENERAL;Burgos;2026-08-28;<p>Para más información acuda a <a href='http://empleocastillayleon.jcyl.es/oficinavirtual/buscoEmpleoPub.do?srvc=ver&scope=reg&cod=393006'>Oficina Virtual</a></p>;;ECYL;1179297735539;Villarcayo de Merindad de Castilla La Vieja;42.939262;-3.573877;09;1285674562533;2026-08-28;https://empleo.jcyl.es/web/jcyl/Empleo/es/Plantilla100Detalle/1284216458054/OfertasEmpleo/1285674562533/Empleo;42.939262, -3.573877
TÉCNICOS EN PREVENCIÓN Y CONTROL DE PLAGAS;Burgos;2026-08-28;"<p>EZSA SANIDAD AMBIENTAL SL ofrece 2 puestos de TÉCNICO APLICADOR DE CONTROL DE PLAGAS_BURGOS. Buscan candidatos residentes en Burgos capital o provincia, incluyendo Burgos, Aranda de Duero, Miranda de Ebro y otras localidades de la provincia.
Perfil prioritario
?Certificado de Profesionalidad SEAG0110 ? Servicios para el Control de Plagas, o acreditación/cualificación profesional equivalente.
?Permiso de conducir B.
No obstante, el SEAG0110 no será un requisito excluyente.
También están interesados en recibir perfiles que, aun no disponiendo actualmente de esta formación, puedan encajar por su experiencia, formación o competencias y tengan potencial para desarrollar el puesto. En estos casos, EZSA contempla proporcionar internamente la formación necesaria para que la persona pueda adquirir las competencias y acreditaciones requeridas para el puesto.
Aportar CV a lrodriguez@ezsa.es con copia a ecyljuandepadilla.ofertas@jcyl.es</p><p>Para más información acuda a <a href='http://empleocastillayleon.jcyl.es/oficinavirtual/buscoEmpleoPub.do?srvc=ver&scope=reg&cod=392948'>Oficina Virtual</a></p>";;ECYL;1179297447246;Burgos;42.3408235575;-3.70205869083;09;1285674452374;2026-08-28;https://empleo.jcyl.es/web/jcyl/Empleo/es/Plantilla100Detalle/1284216458054/OfertasEmpleo/1285674452374/Empleo;42.3408235575, -3.70205869083
CONDUCTORES DE FURGONETA, HASTA 3,5 T.;Burgos;2026-08-28;"<p>CONDUCTOR DE FURGONETA, en Burgos.
Transporte de personas mayores, usuarias de un centro de día. 
Contrato indefinido. Jornada parcial. Horario: una hora por la mañana de 9 a 10 y otra hora por la tarde de 19h a 20 horas.
Requisito: Permiso de conducir.</p><p>Para más información acuda a <a href='http://empleocastillayleon.jcyl.es/oficinavirtual/buscoEmpleoPub.do?srvc=ver&scope=reg&cod=393227'>Oficina Virtual</a></p>";;ECYL;1179297447246;Burgos;42.3408235575;-3.70205869083;09;1285674391956;2026-08-28;https://empleo.jcyl.es/web/jcyl/Empleo/es/Plantilla100Detalle/1284216458054/OfertasEmpleo/1285674391956/Empleo;42.3408235575, -3.70205869083
PEONES FORESTALES;León;2026-08-28;"<p>NECESITAMOS DOS PERSONAS PARA INCORPORACIÓN INMEDIATA EN LA ZONA DE RIAÑO/OSEJA DE SAJAMBRE (LEON)
SUS FUNCIONES SERÍAN DESBROCE DE CAMINOS FORESTALES.
CONTRATO INDEFINIDO.
CONTACTO: 630322243 / 649323049</p><p>Para más información acuda a <a href='http://empleocastillayleon.jcyl.es/oficinavirtual/buscoEmpleoPub.do?srvc=ver&scope=reg&cod=393266'>Oficina Virtual</a></p>";;ECYL;1179297877419;Oseja de Sajambre;43.138;-5.037766;24;1285674482468;2026-08-28;https://empleo.jcyl.es/web/jcyl/Empleo/es/Plantilla100Detalle/1284216458054/OfertasEmpleo/1285674482468/Empleo;43.138, -5.037766
FISIOTERAPEUTAS, EN GENERAL;León;2026-08-28;<p>FISIOTERAPEUTA PARA RESIDENCIA EN LA BAÑEZA. LEÓN. JORNADA COMPLETA. INTERESADOS ENVIAR CV A residenciacastrotierra@mensajerosdelapazcyl.org</p><p>Para más información acuda a <a href='http://empleocastillayleon.jcyl.es/oficinavirtual/buscoEmpleoPub.do?srvc=ver&scope=reg&cod=393274'>Oficina Virtual</a></p>;;ECYL;1179297770767;Bañeza (La);42.2972527905;-5.89591028588;24;1285674452280;2026-08-28;https://empleo.jcyl.es/web/jcyl/Empleo/es/Plantilla100Detalle/1284216458054/OfertasEmpleo/1285674452280/Empleo;42.2972527905, -5.89591028588
CONDUCTORES-OPERADORES DE PALA CARGADORA (MOVIMIENTO DE TIERRAS);León;2026-08-28;<p>Para más información acuda a <a href='http://empleocastillayleon.jcyl.es/oficinavirtual/buscoEmpleoPub.do?srvc=ver&scope=reg&cod=393233'>Oficina Virtual</a></p>;;ECYL;1179298009177;Villadangos del Páramo;42.516865;-5.7671404;24;1285674392059;2026-08-28;https://empleo.jcyl.es/web/jcyl/Empleo/es/Plantilla100Detalle/1284216458054/OfertasEmpleo/1285674392059/Empleo;42.516865, -5.7671404
TERAPEUTAS OCUPACIONALES;León;2026-08-28;<p>TERAPEUTA OCUPACIONAL PARA RESIDENCIA EN LA BAÑEZA. LEÓN. JORNADA COMPLETA. INTERESADOS ENVIAR CV A residenciacastrotierra@mensajerosdelapazcyl.org</p><p>Para más información acuda a <a href='http://empleocastillayleon.jcyl.es/oficinavirtual/buscoEmpleoPub.do?srvc=ver&scope=reg&cod=393272'>Oficina Virtual</a></p>;;ECYL;1179297770767;Bañeza (La);42.2972527905;-5.89591028588;24;1285674452252;2026-08-28;https://empleo.jcyl.es/web/jcyl/Empleo/es/Plantilla100Detalle/1284216458054/OfertasEmpleo/1285674452252/Empleo;42.2972527905, -5.89591028588
AUXILIARES DE ENFERMERÍA;León;2026-08-28;"<p>AUXILIAR DE ENFERMERIA PARA RESIDENCIA MENSAJEROS DE LA PAZ EN LA LOCALIDAD DE LA BAÑEZA, LEÓN.
INTERESADOS ENVIAR CV A. residenciacastrotierra@mensajerosdelapazcyl.org</p><p>Para más información acuda a <a href='http://empleocastillayleon.jcyl.es/oficinavirtual/buscoEmpleoPub.do?srvc=ver&scope=reg&cod=393263'>Oficina Virtual</a></p>";;ECYL;1179297770767;Bañeza (La);42.2972527905;-5.89591028588;24;1285674452224;2026-08-28;https://empleo.jcyl.es/web/jcyl/Empleo/es/Plantilla100Detalle/1284216458054/OfertasEmpleo/1285674452224/Empleo;42.2972527905, -5.89591028588
FISIOTERAPEUTAS, EN GENERAL;León;2026-08-28;<p>Para más información acuda a <a href='http://empleocastillayleon.jcyl.es/oficinavirtual/buscoEmpleoPub.do?srvc=ver&scope=reg&cod=392903'>Oficina Virtual</a></p>;;ECYL;1179297761571;Alija del Infantado;42.13871;-5.834065;24;1285674364570;2026-08-28;https://empleo.jcyl.es/web/jcyl/Empleo/es/Plantilla100Detalle/1284216458054/OfertasEmpleo/1285674364570/Empleo;42.13871, -5.834065
CAMAREROS, EN GENERAL;Palencia;2026-08-28;"<p>Contrato Indefinido a jornada completa continua, excepto VIERNES Y SABADOS. VACACIONES REPARTIDAS EN VARIOS PERIODOS; uno ellos en verano. MARTES DESCANSO SEMANAL. 
MUY BUEN AMBIENTE DE TRABAJO.
GANAS DE TRABAJAR.
Presentarse en Avda. del Puente 10 de Tariego y preguntar por Yovana, de 12:00 A 13:00</p><p>Para más información acuda a <a href='http://empleocastillayleon.jcyl.es/oficinavirtual/buscoEmpleoPub.do?srvc=ver&scope=reg&cod=393203'>Oficina Virtual</a></p>";;ECYL;1179298129126;Tariego de Cerrato;41.90368;-4.4819074;34;1285674343675;2026-08-28;https://empleo.jcyl.es/web/jcyl/Empleo/es/Plantilla100Detalle/1284216458054/OfertasEmpleo/1285674343675/Empleo;41.90368, -4.4819074
CONDUCTORES PROFESIONALES DE AUTOMÓVIL;Salamanca;2026-08-28;"<p>EMPRESA PRECISA CONTRATAR CONDUCTOR DE VEHICULO VTC (CARNET B) EN VITIGUDINO.
INTERESADOS LLAMAR EN HORARIO DE MAÑANA AL 697260774</p><p>Para más información acuda a <a href='http://empleocastillayleon.jcyl.es/oficinavirtual/buscoEmpleoPub.do?srvc=ver&scope=reg&cod=392947'>Oficina Virtual</a></p>";;ECYL;1179298385746;Vitigudino;41.01143;-6.434204;37;1285674434152;2026-09-18;https://empleo.jcyl.es/web/jcyl/Empleo/es/Plantilla100Detalle/1284216458054/OfertasEmpleo/1285674434152/Empleo;41.01143, -6.434204
AUXILIARES DE ENFERMERÍA DE ATENCIÓN PRIMARIA Y/O CONSULTORIO MÉDICOS, EN GENERAL;Segovia;2026-08-28;<p>Para más información acuda a <a href='http://empleocastillayleon.jcyl.es/oficinavirtual/buscoEmpleoPub.do?srvc=ver&scope=reg&cod=392998'>Oficina Virtual</a></p>;;ECYL;1179298541260;Prádena;41.13844;-3.6895826;40;1285674513348;2026-08-28;https://empleo.jcyl.es/web/jcyl/Empleo/es/Plantilla100Detalle/1284216458054/OfertasEmpleo/1285674513348/Empleo;41.13844, -3.6895826
CUIDADORES DE PERSONAS CON DISCAPACIDAD Y/O DEPENDENCIA, EN INSTITUCIONES;Zamora;2026-08-28;"<p>Oferta 18474 Gerocultor/a para residencia privada en Benavente.
Contrato temporal con posibilidad de renovación a indefinido. 
Personas interesadas contactar al mail: supervision@mejorabenavente.com</p><p>Para más información acuda a <a href='http://empleocastillayleon.jcyl.es/oficinavirtual/buscoEmpleoPub.do?srvc=ver&scope=reg&cod=393290'>Oficina Virtual</a></p>";;ECYL;1179469338450;Benavente;42.002884;-5.678469;49;1285674513134;2026-08-28;https://empleo.jcyl.es/web/jcyl/Empleo/es/Plantilla100Detalle/1284216458054/OfertasEmpleo/1285674513134/Empleo;42.002884, -5.678469
PROFESORES DE IDIOMAS, EN GENERAL;Zamora;2026-08-28;"<p>Se necesita PROFESOR DE INGLES PARA PRIMARIA en BENAVENTE (ZAMORA).
Contrato temporal a jornada parcial de tarde durante 9 meses.
Requisitos:
Grado (o superior) en EDUCACIÓN INFANTIL Y PRIMARIA con MENCIÓN en Ingles (Título B2 o superior).
Funciones:
Impartir clases de inglés y natural sciences para niños de 1º a 6º de Primaria.
Interesados enviar C.V. a: administracion@centroalfasii.com</p><p>Para más información acuda a <a href='http://empleocastillayleon.jcyl.es/oficinavirtual/buscoEmpleoPub.do?srvc=ver&scope=reg&cod=393232'>Oficina Virtual</a></p>";;ECYL;1179469338450;Benavente;42.002884;-5.678469;49;1285674392152;2026-08-28;https://empleo.jcyl.es/web/jcyl/Empleo/es/Plantilla100Detalle/1284216458054/OfertasEmpleo/1285674392152/Empleo;42.002884, -5.678469
PERSONAL DE LIMPIEZA O LIMPIADORES EN GENERAL;Zamora;2026-08-28;"<p>Se necesita PERSONAL DE LIMPIEZA para Benavente (Zamora).
Contrato temporal a jornada parcial de mañana.
Requisitos: Experiencia de 6 meses, permiso de conducir y vehículo propio.
Valorable título en Educación General Básica o título en ESO.
Deseable experiencia previa en labores de limpieza (edificios, oficinas, locales, zonas comunes, etc.?)
Se valorará positivamente conocimiento de suministros y productos químicos de limpieza.
Valorable contar con nociones en materia de PRL, calidad y medio ambiente.
Funciones:
Limpieza de las áreas internas de las instalaciones y/o establecimientos (suelos, techos, paredes, mobiliario, etc.) utilizando herramientas tradicionales ( escobas, trapeadores?) o elementos electromecánico o de fácil manejo.
Limpieza de Cristales.
Interesados enviar C.V. a: jmprellezo@clecevitam.com</p><p>Para más información acuda a <a href='http://empleocastillayleon.jcyl.es/oficinavirtual/buscoEmpleoPub.do?srvc=ver&scope=reg&cod=393249'>Oficina Virtual</a></p>";;ECYL;1179469338450;Benavente;42.002884;-5.678469;49;1285674452131;2026-08-28;https://empleo.jcyl.es/web/jcyl/Empleo/es/Plantilla100Detalle/1284216458054/OfertasEmpleo/1285674452131/Empleo;42.002884, -5.678469
PROFESORES TÉCNICOS DE FORMACIÓN PROFESIONAL, EN GENERAL;Burgos;2026-08-27;"<p>PUESTO SOLICITADO: Profesor de FP de soldadura en taller para colegio concertado. 
LOCALIDAD: Burgos.
REQUISITOS:
. Titulación universitaria o de grado superior que habilite como profesor de soldadura. 
. Capacitación docente. 
. Conocimientos de ofimática. 
SE OFRECE:
. Contrato indefinido. 
. Jornada completa.</p><p>Para más información acuda a <a href='http://empleocastillayleon.jcyl.es/oficinavirtual/buscoEmpleoPub.do?srvc=ver&scope=reg&cod=393172'>Oficina Virtual</a></p>";;ECYL;1179297447246;Burgos;42.3408235575;-3.70205869083;09;1285674147397;2026-09-17;https://empleo.jcyl.es/web/jcyl/Empleo/es/Plantilla100Detalle/1284216458054/OfertasEmpleo/1285674147397/Empleo;42.3408235575, -3.70205869083
FISIOTERAPEUTAS, EN GENERAL;Burgos;2026-08-27;<p>Para más información acuda a <a href='http://empleocastillayleon.jcyl.es/oficinavirtual/buscoEmpleoPub.do?srvc=ver&scope=reg&cod=392807'>Oficina Virtual</a></p>;;ECYL;1179297735539;Villarcayo de Merindad de Castilla La Vieja;42.939262;-3.573877;09;1285674066255;2026-08-27;https://empleo.jcyl.es/web/jcyl/Empleo/es/Plantilla100Detalle/1284216458054/OfertasEmpleo/1285674066255/Empleo;42.939262, -3.573877
PROFESORES DE IDIOMAS, EN GENERAL;León;2026-08-27;"<p>Se busca 1 PROFESOR/A DE INGLÉS para Valencia de Don Juan (León).
Se requiere:
- Grado universitario en filología inglesa o en educación primaria por inglés.
Se ofrece:
- Contrato temporal.
- Jornada parcial de tarde.
- Horario: de 16:00 a 20:00 horas.
Las personas interesadas contactar con O.E.Valencia de Don Juan al teléfono 987750975 en horario de 09:00 a 14:00 horas (indicar oferta nº 18394).</p><p>Para más información acuda a <a href='http://empleocastillayleon.jcyl.es/oficinavirtual/buscoEmpleoPub.do?srvc=ver&scope=reg&cod=393210'>Oficina Virtual</a></p>";;ECYL;1179297985349;Valencia de Don Juan;42.29253;-5.5191197;24;1285674210326;2026-08-27;https://empleo.jcyl.es/web/jcyl/Empleo/es/Plantilla100Detalle/1284216458054/OfertasEmpleo/1285674210326/Empleo;42.29253, -5.5191197
PEONES DE OBRAS PUBLICAS, EN GENERAL;León;2026-08-27;<p>Para más información acuda a <a href='http://empleocastillayleon.jcyl.es/oficinavirtual/buscoEmpleoPub.do?srvc=ver&scope=reg&cod=392881'>Oficina Virtual</a></p>;;ECYL;1179298009865;Toral de los Vados;42.57988;-6.7594366;24;1285674210266;2026-08-27;https://empleo.jcyl.es/web/jcyl/Empleo/es/Plantilla100Detalle/1284216458054/OfertasEmpleo/1285674210266/Empleo;42.57988, -6.7594366
QUIROPRÁCTICOS;León;2026-08-27;"<p>OFERTA nº 08/2026/18315.
Contrato temporal a jornada parcial.
INTERESADOS CONTACTAR O.E. PONFERRADA tfno. 987410859 ? EXT.2</p><p>Para más información acuda a <a href='http://empleocastillayleon.jcyl.es/oficinavirtual/buscoEmpleoPub.do?srvc=ver&scope=reg&cod=393131'>Oficina Virtual</a></p>";;ECYL;1179297888504;Ponferrada;42.549995;-6.598259;24;1285674066227;2026-08-27;https://empleo.jcyl.es/web/jcyl/Empleo/es/Plantilla100Detalle/1284216458054/OfertasEmpleo/1285674066227/Empleo;42.549995, -6.598259
ENFERMEROS DE CUIDADOS GENERALES;León;2026-08-27;<p>Enfermero/a para residencia de mayores en León . Contrato indefinido. Jornada de 15 horas semanales, ampliable. Permiso de conducir B. Titulación: Diplomatura o grado en enfermería. Contactar con Oficina de Empleo León Centro, teléfono 987249530 (Ofertas)</p><p>Para más información acuda a <a href='http://empleocastillayleon.jcyl.es/oficinavirtual/buscoEmpleoPub.do?srvc=ver&scope=reg&cod=393201'>Oficina Virtual</a></p>;;ECYL;1179297860755;León;42.59873;-5.5670958;24;1285674210394;2026-08-27;https://empleo.jcyl.es/web/jcyl/Empleo/es/Plantilla100Detalle/1284216458054/OfertasEmpleo/1285674210394/Empleo;42.59873, -5.5670958
FISIOTERAPEUTAS, EN GENERAL;León;2026-08-27;<p>SE TRATA DE UN PUESTO DE TRABAJO DE LA OCUPACION FISIOTERAPEUTA PARA LA RESIDENCIA DE BUENOS AIRES UBICADA EN CASTRILLO DE SAN PELAYO OFERTA 08/2026/18244 . INTERESADOS LLAMAR A DIRECCIÓN AL TELEFONO987374661</p><p>Para más información acuda a <a href='http://empleocastillayleon.jcyl.es/oficinavirtual/buscoEmpleoPub.do?srvc=ver&scope=reg&cod=393060'>Oficina Virtual</a></p>;;ECYL;1179298033122;Villazala;42.360737;-5.8531885;24;1285674119829;2026-08-27;https://empleo.jcyl.es/web/jcyl/Empleo/es/Plantilla100Detalle/1284216458054/OfertasEmpleo/1285674119829/Empleo;42.360737, -5.8531885
AGENTES COMERCIALES;León;2026-08-27;<p>Para más información acuda a <a href='http://empleocastillayleon.jcyl.es/oficinavirtual/buscoEmpleoPub.do?srvc=ver&scope=reg&cod=392805'>Oficina Virtual</a></p>;;ECYL;1179297809126;Carracedelo;42.555916;-6.732697;24;1285674066283;2026-08-27;https://empleo.jcyl.es/web/jcyl/Empleo/es/Plantilla100Detalle/1284216458054/OfertasEmpleo/1285674066283/Empleo;42.555916, -6.732697
PERSONAL DE LIMPIEZA O LIMPIADORES EN GENERAL;León;2026-08-27;<p>Para más información acuda a <a href='http://empleocastillayleon.jcyl.es/oficinavirtual/buscoEmpleoPub.do?srvc=ver&scope=reg&cod=393217'>Oficina Virtual</a></p>;;ECYL;1179297876426;Onzonilla;42.524754;-5.580901;24;1285674210238;2026-08-27;https://empleo.jcyl.es/web/jcyl/Empleo/es/Plantilla100Detalle/1284216458054/OfertasEmpleo/1285674210238/Empleo;42.524754, -5.580901
TÉCNICOS EN SEGURIDAD Y SALUD EN EL TRABAJO, EN GENERAL;Palencia;2026-08-27;"<p>OFERTA DE EMPLEO UN PUESTO DE TÉCNICO INTERMEDIO EN PRL ; INDEFINIDO, JORNADA COMPLETA, PARA TRABAJAR EN GUARDO. TITULACIÓN ACADÉMICA DE TÉCNICO INTERMEDIO DE PRL O TÉCNICO SUPERIOR EN PREVENCIÓN DE RIESGOS PROFESIONALES. SE REQUIERE CARNET DE CONDUCIR B.</p><p>Para más información acuda a <a href='http://empleocastillayleon.jcyl.es/oficinavirtual/buscoEmpleoPub.do?srvc=ver&scope=reg&cod=391323'>Oficina Virtual</a></p>";;ECYL;1179298084384;Guardo;42.7899222689;-4.8474772491;34;1285674092698;2026-08-27;https://empleo.jcyl.es/web/jcyl/Empleo/es/Plantilla100Detalle/1284216458054/OfertasEmpleo/1285674092698/Empleo;42.7899222689, -4.8474772491
ELECTROMECÁNICOS DE MANTENIMIENTO INDUSTRIAL (MANTENIMIENTO Y REPARACIÓN GENERAL);Salamanca;2026-08-27;<p>Para más información acuda a <a href='http://empleocastillayleon.jcyl.es/oficinavirtual/buscoEmpleoPub.do?srvc=ver&scope=reg&cod=392853'>Oficina Virtual</a></p>;;ECYL;1179298254513;Guijuelo;40.560574;-5.676764;37;1285674175737;2026-08-27;https://empleo.jcyl.es/web/jcyl/Empleo/es/Plantilla100Detalle/1284216458054/OfertasEmpleo/1285674175737/Empleo;40.560574, -5.676764
PEONES DE LA INDUSTRIA DE LA ALIMENTACIÓN, BEBIDAS Y TABACO;Salamanca;2026-08-27;<p>Para más información acuda a <a href='http://empleocastillayleon.jcyl.es/oficinavirtual/buscoEmpleoPub.do?srvc=ver&scope=reg&cod=392815'>Oficina Virtual</a></p>;;ECYL;1179298254513;Guijuelo;40.560574;-5.676764;37;1285674092977;2026-08-27;https://empleo.jcyl.es/web/jcyl/Empleo/es/Plantilla100Detalle/1284216458054/OfertasEmpleo/1285674092977/Empleo;40.560574, -5.676764
MONTADORES DE PLACAS DE ENERGÍA SOLAR;Salamanca;2026-08-27;<p>Para más información acuda a <a href='http://empleocastillayleon.jcyl.es/oficinavirtual/buscoEmpleoPub.do?srvc=ver&scope=reg&cod=381230'>Oficina Virtual</a></p>;;ECYL;1179298197469;Béjar;40.388638;-5.76888;37;1285674092819;2026-08-27;https://empleo.jcyl.es/web/jcyl/Empleo/es/Plantilla100Detalle/1284216458054/OfertasEmpleo/1285674092819/Empleo;40.388638, -5.76888
ASISTENTES DOMICILIARIOS;Segovia;2026-08-27;<p>Para más información acuda a <a href='http://empleocastillayleon.jcyl.es/oficinavirtual/buscoEmpleoPub.do?srvc=ver&scope=reg&cod=393167'>Oficina Virtual</a></p>;;ECYL;1179298529686;Navas de Oro;41.198772;-4.436803;40;1285674119549;2026-08-27;https://empleo.jcyl.es/web/jcyl/Empleo/es/Plantilla100Detalle/1284216458054/OfertasEmpleo/1285674119549/Empleo;41.198772, -4.436803
COCINEROS, EN GENERAL;Soria;2026-08-27;<p>Para más información acuda a <a href='http://empleocastillayleon.jcyl.es/oficinavirtual/buscoEmpleoPub.do?srvc=ver&scope=reg&cod=392898'>Oficina Virtual</a></p>;;ECYL;1179469107806;Almazán;41.485928;-2.5331845;42;1285674238272;2026-08-27;https://empleo.jcyl.es/web/jcyl/Empleo/es/Plantilla100Detalle/1284216458054/OfertasEmpleo/1285674238272/Empleo;41.485928, -2.5331845
ASISTENTES DOMICILIARIOS;Zamora;2026-08-27;"<p>Oferta número: 18.051 ASISTENTE PERSONAL - AUX.AYUDA DOMICILIO en Toro.
Los interesados/as deberán remitir su CV al email: ecyltoro@jcyl.es Indicando en el asunto: número de oferta: 18.051.
FUNCIONES: Se precisa personal para desarrollar las intervenciones de atención física, psicosocial, de acompañamiento y apoyo a personas dependientes en su domicilio, en toro y la guareña (zamora):
- Apoyo en la gestión y funcionamiento de la unidad convivencial.
- Intervención directa con la persona, a través del apoyo en higiene y atención domiciliaria.
- Gestión y elaboración de alimentos y comidas, mantenimiento, limpieza y organización en el domicilio.
- Apoyo y acompañamiento en desplazamientos y actividades comunitarias.
CONDICIONES: Se ofrece contrato indefinido, jornada parcial de mañana: 25 horas semanales, de lunes a viernes de 09:00 a 14:00 h.
REQUISITOS: Imprescindible coche para trasladarse a los domicilios. valorable titulación relacionada o certificado de profesionalidad de atención sociosanitaria.</p><p>Para más información acuda a <a href='http://empleocastillayleon.jcyl.es/oficinavirtual/buscoEmpleoPub.do?srvc=ver&scope=reg&cod=392867'>Oficina Virtual</a></p>";;ECYL;1179469472195;Toro;41.52475;-5.394138;49;1285674175667;2026-08-27;https://empleo.jcyl.es/web/jcyl/Empleo/es/Plantilla100Detalle/1284216458054/OfertasEmpleo/1285674175667/Empleo;41.52475, -5.394138
AUXILIARES DE ENFERMERÍA;Burgos;2026-08-26;"<p>OFERTA 08/2026/6845. 2 PLAZAS DE AUXILIAR DE ENFERMERÍA PARA FUNDACIÓN CASA ASILO DE POBRES, RESIDENCIA LA MILAGROSA. BRIVIESCA. CONTRATO LABORAL TEMPORAL A JORNADA PARCIAL(50%). FUNCIONES: LAS PROPIAS DE UN AUXILIAR DE ENFERMERIA EN UNA RESIDENCIA DE ANCIANOS. CONTACTO: direccion@residencialamilagrosabriviesca.es. 
OFICINA DE EMPLEO DE BRIVIESCA 947590022</p><p>Para más información acuda a <a href='http://empleocastillayleon.jcyl.es/oficinavirtual/buscoEmpleoPub.do?srvc=ver&scope=reg&cod=381661'>Oficina Virtual</a></p>";;ECYL;1179297445503;Briviesca;42.5506452202;-3.3242004007;09;1285673908985;2026-08-26;https://empleo.jcyl.es/web/jcyl/Empleo/es/Plantilla100Detalle/1284216458054/OfertasEmpleo/1285673908985/Empleo;42.5506452202, -3.3242004007
AUXILIARES DE ENFERMERÍA;Burgos;2026-08-26;"<p>OFERTA 08/2026/6632 2 PLAZAS AUXILIAR ENFERMERÍA. FUNDACIÓN CASA ASILO DE LOS POBRES, RESIDENCIA LA MILAGROSA EN BRIVIESCA.CONTRATO LABORAL TEMPORAL A JORNADA COMPLETA. FUNCIONES: LAS PROPIAS DE UN AUXLIAR DE ENFERMERIA EN UNA RESIDENCIA DE ANCIANOS. CONTACTO: direccion@residencialamilagrosabriviesca.es. 
OFICINA DE EMPLEO BRIVIESCA 947590022.</p><p>Para más información acuda a <a href='http://empleocastillayleon.jcyl.es/oficinavirtual/buscoEmpleoPub.do?srvc=ver&scope=reg&cod=381448'>Oficina Virtual</a></p>";;ECYL;1179297445503;Briviesca;42.5506452202;-3.3242004007;09;1285673908957;2026-08-26;https://empleo.jcyl.es/web/jcyl/Empleo/es/Plantilla100Detalle/1284216458054/OfertasEmpleo/1285673908957/Empleo;42.5506452202, -3.3242004007
MANTENEDORES DE EDIFICIOS;Burgos;2026-08-26;"<p>Se precisa TÉCNICO DE MANTENIMIENTO para Residencia de Personas Mayores de Cortes, dependiente de Gerencia Territorial de Servicios Sociales de Burgos. Contrato temporal a jornada completa horario continuado para cubrir vacaciones.
Oferta dirigida a personas inscritas en los Servicios Públicos de Empleo. 
Nivel formativo: Formación Profesional de grado medio (familias acordes al puesto).
No se contestarán candidaturas sin los requisitos pedidos. 
INTERESADOS contactar con nombre completo y DNI/NIE a ecyljuandepadilla.ofertas@jcyl.es con referencia ?OFERTA 17760 MANTENIMIENTO?.</p><p>Para más información acuda a <a href='http://empleocastillayleon.jcyl.es/oficinavirtual/buscoEmpleoPub.do?srvc=ver&scope=reg&cod=392576'>Oficina Virtual</a></p>";;ECYL;1179297447246;Burgos;42.3408235575;-3.70205869083;09;1285673795518;2026-08-26;https://empleo.jcyl.es/web/jcyl/Empleo/es/Plantilla100Detalle/1284216458054/OfertasEmpleo/1285673795518/Empleo;42.3408235575, -3.70205869083
AUXILIARES DE ENFERMERÍA DE GERIATRÍA;Burgos;2026-08-26;<p>OFERTA 08/2025/24341. 3 PLAZAS DE AUXILIAR DE ENFERMERIA PARA FUNDACIÓN CASA ASILO DE POBRES, RESIDENCIA LA MILAGROSA, BRIVIESCA. CONTRATO LABORAL TEMPORAL A JORNADA COMPLETA. FUNCIONES: LAS PROPIAS DE UN AUXILIAR DE ENFERMERÍA EN UN CENTRO RESIDENCIAL DE ANCIANOS. CONTACTO: direccion@residencialamilagrosabriviesca.es. OFICINA DE EMPLEO BRIVIESCA: 947590022</p><p>Para más información acuda a <a href='http://empleocastillayleon.jcyl.es/oficinavirtual/buscoEmpleoPub.do?srvc=ver&scope=reg&cod=373353'>Oficina Virtual</a></p>;;ECYL;1179297445503;Briviesca;42.5506452202;-3.3242004007;09;1285673908929;2026-08-26;https://empleo.jcyl.es/web/jcyl/Empleo/es/Plantilla100Detalle/1284216458054/OfertasEmpleo/1285673908929/Empleo;42.5506452202, -3.3242004007
MOZOS DE CARGA Y DESCARGA, ALMACÉN Y/O MERCADO DE ABASTOS;León;2026-08-26;"<p>Oferta 18239: Mozo de Almacen para Onzonilla.
Contrato indefinido.
Interesados llamar a la Oficina de Empleo Serna al tlfno 987215200</p><p>Para más información acuda a <a href='http://empleocastillayleon.jcyl.es/oficinavirtual/buscoEmpleoPub.do?srvc=ver&scope=reg&cod=393055'>Oficina Virtual</a></p>";;ECYL;1179297876426;Onzonilla;42.524754;-5.580901;24;1285673823378;2026-08-26;https://empleo.jcyl.es/web/jcyl/Empleo/es/Plantilla100Detalle/1284216458054/OfertasEmpleo/1285673823378/Empleo;42.524754, -5.580901
ASISTENTES DOMICILIARIOS;León;2026-08-26;"<p>Oferta 18210 de auxiliar de ayuda a domicilio para Sahagun
Contrato indefinido, jornada completa
Certificado de profesionalidad de atención sociosanitaria a personas dependientes en el domicilio, formación similar y/o experiencia equivalente. (NO EXCLUYENTE).
Imprescindible permiso de conducir y disponer de vehiculo propio
Interesadas/os ponerse en contacto con la oficina de empleo Serna.Tf.987215200</p><p>Para más información acuda a <a href='http://empleocastillayleon.jcyl.es/oficinavirtual/buscoEmpleoPub.do?srvc=ver&scope=reg&cod=393026'>Oficina Virtual</a></p>";;ECYL;1179297913486;Riello;42.77394;-5.9452643;24;1285673795425;2026-08-26;https://empleo.jcyl.es/web/jcyl/Empleo/es/Plantilla100Detalle/1284216458054/OfertasEmpleo/1285673795425/Empleo;42.77394, -5.9452643
CAMAREROS, EN GENERAL;Zamora;2026-08-26;"<p>Se necesita CAMARERO para bar restaurante en CAMARZANA DE TERA (ZAMORA).
Contrato indefinido a jornada completa.
Interesados llamar a tlf.: 625392552</p><p>Para más información acuda a <a href='http://empleocastillayleon.jcyl.es/oficinavirtual/buscoEmpleoPub.do?srvc=ver&scope=reg&cod=393053'>Oficina Virtual</a></p>";;ECYL;1179469346380;Camarzana de Tera;41.99561;-6.0268965;49;1285673848826;2026-08-26;https://empleo.jcyl.es/web/jcyl/Empleo/es/Plantilla100Detalle/1284216458054/OfertasEmpleo/1285673848826/Empleo;41.99561, -6.0268965
FONTANEROS;Zamora;2026-08-26;"<p>Oferta Núm 7414 AYUDANTE DE FONTANERÍA para empresa de Zamora.
Los interesados/as deben enviar su CV a (ecyldoctorfleming.ofertas@jcyl.es) indicando en el asunto el Núm. de la oferta.
FUNCIONES: Tareas de apoyo al fontanero para faciliar la instalación, reparación y mantenimiento de redes de agua, gas y calefacción.
CONDICIONES LABORALES: Laboral indefinido. Media jornada.
REQUISITOS: Permiso de circulación.</p><p>Para más información acuda a <a href='http://empleocastillayleon.jcyl.es/oficinavirtual/buscoEmpleoPub.do?srvc=ver&scope=reg&cod=382230'>Oficina Virtual</a></p>";;ECYL;1179469491795;Zamora;41.507324;-5.745313;49;1285673909052;2026-08-26;https://empleo.jcyl.es/web/jcyl/Empleo/es/Plantilla100Detalle/1284216458054/OfertasEmpleo/1285673909052/Empleo;41.507324, -5.745313
TÉCNICOS SUPERIORES EN RECURSOS HUMANOS, EN GENERAL;Burgos;2026-08-25;"<p>Gestión de recursos humanos en Residencia Patronato de Santa María, Salas de los Infantes.
Contrato indefinido, jornada completa.
Titulaciones preferentes: Relaciones Laborales y Recursos Humanos, Ciencias del Trabajo, Psicología, ADE o Derecho.
Llamar al 947380750.</p><p>Para más información acuda a <a href='http://empleocastillayleon.jcyl.es/oficinavirtual/buscoEmpleoPub.do?srvc=ver&scope=reg&cod=392943'>Oficina Virtual</a></p>";;ECYL;1179297614054;Salas de los Infantes;42.023308;-3.286461;09;1285673455482;2026-08-25;https://empleo.jcyl.es/web/jcyl/Empleo/es/Plantilla100Detalle/1284216458054/OfertasEmpleo/1285673455482/Empleo;42.023308, -3.286461
DIRECTORES DE ORGANIZACIONES DE INTERÉS SOCIAL;Burgos;2026-08-25;"<p>Dirección de centro sociosanitario Patronato de Santa María en Salas de los Infantes
Contrato de sustitución , posibilidad de indefinido.
Horario a definir , jornada completa.
Dos opciones de titulación:
*Titulación universitaria preferentemente vinculada al ámbito sociosanitario/ social (enfermería, medicina, fisioterapia, terapia ocupacional, trabajo social y similares)
* Máster de dirección de centros sociosanitarios
Llamar al 947380750 en horario de mañana</p><p>Para más información acuda a <a href='http://empleocastillayleon.jcyl.es/oficinavirtual/buscoEmpleoPub.do?srvc=ver&scope=reg&cod=392916'>Oficina Virtual</a></p>";;ECYL;1179297614054;Salas de los Infantes;42.023308;-3.286461;09;1285673389764;2026-08-25;https://empleo.jcyl.es/web/jcyl/Empleo/es/Plantilla100Detalle/1284216458054/OfertasEmpleo/1285673389764/Empleo;42.023308, -3.286461
COCINEROS, EN GENERAL;Burgos;2026-08-25;"<p>COCINERO/A ESPECIALISTA EN ASADOR PARA ARANDA DE DUERO(BURGOS)
EXPERIENCIA 36 MESES.
CONTRATO LABORAL INDEFINIDO A JORNADA COMPLETA DE 11:00 A 20:00 H.
APORTAR CURRICULUM VITAE A l.rodriguez@nidogrupo.com
CONTACTAR CON OFICINA DE EMPLEO DE ARANDA DE DUERO al tfno 947 244280 ext 820922
REFERENCIA: OFERTA 08/2026/018041</p><p>Para más información acuda a <a href='http://empleocastillayleon.jcyl.es/oficinavirtual/buscoEmpleoPub.do?srvc=ver&scope=reg&cod=392857'>Oficina Virtual</a></p>";;ECYL;1179297429124;Aranda de Duero;41.67027;-3.68877;09;1285673325735;2026-08-25;https://empleo.jcyl.es/web/jcyl/Empleo/es/Plantilla100Detalle/1284216458054/OfertasEmpleo/1285673325735/Empleo;41.67027, -3.68877
PELUQUEROS UNISEX;Burgos;2026-08-25;"<p>Se precisa Oficial 1ª de peluquería para PELUQUERÍA UNISEX MERCHE con experiencia 24 meses acreditada para Burgos capital. Se ofrece un contrato indefinido jornada completa horario (9:30-18:00).
Nivel formativo acorde al puesto.
Oferta dirigía a personas inscritas en los Servicio Públicos de Empleo. 
No se contestarán candidaturas sin los requisitos pedidos.
INTERESADOS envíen su curriculum con nombre completo y DNI a peluqueriamerche2025@gmail.com con copia a ecyljuandepadilla.ofertas@jcyl.es con referencia ?OFERTA 18173 PELUQUERO/A?.</p><p>Para más información acuda a <a href='http://empleocastillayleon.jcyl.es/oficinavirtual/buscoEmpleoPub.do?srvc=ver&scope=reg&cod=392989'>Oficina Virtual</a></p>";;ECYL;1179297447246;Burgos;42.3408235575;-3.70205869083;09;1285673537891;2026-08-25;https://empleo.jcyl.es/web/jcyl/Empleo/es/Plantilla100Detalle/1284216458054/OfertasEmpleo/1285673537891/Empleo;42.3408235575, -3.70205869083
ALBAÑILES;Burgos;2026-08-25;"<p>OFICIAL DE TERCERA DE ALBAÑILERÍA y otro de PEÓN DE LA CONSTRUCCIÓN, en Villagonzalo Pedernales (Burgos.)
Contrato indefinido a jornada completa. Necesaria experiencia y curso de PRL.</p><p>Para más información acuda a <a href='http://empleocastillayleon.jcyl.es/oficinavirtual/buscoEmpleoPub.do?srvc=ver&scope=reg&cod=390763'>Oficina Virtual</a></p>";;ECYL;1179297707000;Villagonzalo Pedernales;42.301407;-3.7365916;09;1285673389736;2026-08-25;https://empleo.jcyl.es/web/jcyl/Empleo/es/Plantilla100Detalle/1284216458054/OfertasEmpleo/1285673389736/Empleo;42.301407, -3.7365916
TERAPEUTAS OCUPACIONALES;León;2026-08-25;<p>Para más información acuda a <a href='http://empleocastillayleon.jcyl.es/oficinavirtual/buscoEmpleoPub.do?srvc=ver&scope=reg&cod=392990'>Oficina Virtual</a></p>;;ECYL;1179297937290;Santa Cristina de Valmadrigal;42.355297;-5.309597;24;1285673538721;2026-08-25;https://empleo.jcyl.es/web/jcyl/Empleo/es/Plantilla100Detalle/1284216458054/OfertasEmpleo/1285673538721/Empleo;42.355297, -5.309597
FISIOTERAPEUTAS, EN GENERAL;León;2026-08-25;<p>Para más información acuda a <a href='http://empleocastillayleon.jcyl.es/oficinavirtual/buscoEmpleoPub.do?srvc=ver&scope=reg&cod=392984'>Oficina Virtual</a></p>;;ECYL;1179297937290;Santa Cristina de Valmadrigal;42.355297;-5.309597;24;1285673538693;2026-08-25;https://empleo.jcyl.es/web/jcyl/Empleo/es/Plantilla100Detalle/1284216458054/OfertasEmpleo/1285673538693/Empleo;42.355297, -5.309597
SOLADORES-ALICATADORES, EN GENERAL;León;2026-08-25;<p>Para más información acuda a <a href='http://empleocastillayleon.jcyl.es/oficinavirtual/buscoEmpleoPub.do?srvc=ver&scope=reg&cod=392942'>Oficina Virtual</a></p>;;ECYL;1179297810119;Carrizo;42.583954;-5.829275;24;1285673429555;2026-08-25;https://empleo.jcyl.es/web/jcyl/Empleo/es/Plantilla100Detalle/1284216458054/OfertasEmpleo/1285673429555/Empleo;42.583954, -5.829275
AUXILIARES DE ENFERMERÍA;León;2026-08-25;<p>Para más información acuda a <a href='http://empleocastillayleon.jcyl.es/oficinavirtual/buscoEmpleoPub.do?srvc=ver&scope=reg&cod=392905'>Oficina Virtual</a></p>;;ECYL;1179297761571;Alija del Infantado;42.13871;-5.834065;24;1285673429236;2026-08-25;https://empleo.jcyl.es/web/jcyl/Empleo/es/Plantilla100Detalle/1284216458054/OfertasEmpleo/1285673429236/Empleo;42.13871, -5.834065
TRABAJADORES AGROPECUARIOS;León;2026-08-25;"<p>Consiste en el proceso de producción ganadera, utilizando técnicas y medios de las fases productivas, de los cuidados y manejo de animales de la explotación, vigilancia y cumplimentar parte de trabajo.
Almacenamiento, preparación, molienda, conservación y suministro de piensos y forrajes, así como la implantación de marcajes, limpieza, desinfección, desinsectación y aplicación de medidas profilácticas. En cuanto a las instalaciones, equipos y maquinaria de uso pecuario, les compete su manejo, limpieza, acondicionamiento y mantenimiento básico para su uso.
Requisito: FORMACIÓN PROFESIONAL GRADO MEDIO DE LA FAMILIA AGRARIA</p><p>Para más información acuda a <a href='http://empleocastillayleon.jcyl.es/oficinavirtual/buscoEmpleoPub.do?srvc=ver&scope=reg&cod=392734'>Oficina Virtual</a></p>";;ECYL;1179298023568;Villaquilambre;42.641293;-5.557725;24;1285673429010;2026-08-25;https://empleo.jcyl.es/web/jcyl/Empleo/es/Plantilla100Detalle/1284216458054/OfertasEmpleo/1285673429010/Empleo;42.641293, -5.557725
AUXILIARES DE ENFERMERÍA DE GERIATRÍA;León;2026-08-25;"<p>Oferta 18122: Auxiliar de Enfermería para Residencia de Mayores en Mansilla de las Mulas.
Contrato temporal a jornada completa.
Interesados llamar a la Oficina Empleo Serna al tlfno 987215200</p><p>Para más información acuda a <a href='http://empleocastillayleon.jcyl.es/oficinavirtual/buscoEmpleoPub.do?srvc=ver&scope=reg&cod=392938'>Oficina Virtual</a></p>";;ECYL;1179297865414;Mansilla de las Mulas;42.4989227004;-5.41787795395;24;1285673428981;2026-08-25;https://empleo.jcyl.es/web/jcyl/Empleo/es/Plantilla100Detalle/1284216458054/OfertasEmpleo/1285673428981/Empleo;42.4989227004, -5.41787795395
TERAPEUTAS OCUPACIONALES;León;2026-08-25;<p>Para más información acuda a <a href='http://empleocastillayleon.jcyl.es/oficinavirtual/buscoEmpleoPub.do?srvc=ver&scope=reg&cod=392902'>Oficina Virtual</a></p>;;ECYL;1179297761571;Alija del Infantado;42.13871;-5.834065;24;1285673429208;2026-08-25;https://empleo.jcyl.es/web/jcyl/Empleo/es/Plantilla100Detalle/1284216458054/OfertasEmpleo/1285673429208/Empleo;42.13871, -5.834065
COCINEROS, EN GENERAL;León;2026-08-25;"<p>Oferta 18164 de cocinera/o con experiencia para restaurante en Villaobispo
Contrato temporal , horario de 11:30 a 15:30
Interesadas/os ponerse en contacto con la oficina de empleo Serna.Tf.987215200</p><p>Para más información acuda a <a href='http://empleocastillayleon.jcyl.es/oficinavirtual/buscoEmpleoPub.do?srvc=ver&scope=reg&cod=392980'>Oficina Virtual</a></p>";;ECYL;1179298023568;Villaquilambre;42.641293;-5.557725;24;1285673537835;2026-09-15;https://empleo.jcyl.es/web/jcyl/Empleo/es/Plantilla100Detalle/1284216458054/OfertasEmpleo/1285673537835/Empleo;42.641293, -5.557725
OPERADORES DE HORNOS DE PANADERÍA Y REPOSTERÍA INDUSTRIAL;León;2026-08-25;<p>Tareas básicas de un peón de OBRADOR. CONTRATO TEMPORAL DE INTERINIDAD A TIEMPO COMPLETO, PARA CUBRIR BAJA POR RIESGO DURANTE EL EMBARAZO Y POSTERIORMENTE PARA CUBRIR BAJA POR MATERNIDAD.</p><p>Para más información acuda a <a href='http://empleocastillayleon.jcyl.es/oficinavirtual/buscoEmpleoPub.do?srvc=ver&scope=reg&cod=392870'>Oficina Virtual</a></p>;;ECYL;1179298030981;Villaturiel;42.518467;-5.4863014;24;1285673491966;2026-08-25;https://empleo.jcyl.es/web/jcyl/Empleo/es/Plantilla100Detalle/1284216458054/OfertasEmpleo/1285673491966/Empleo;42.518467, -5.4863014
ENCOFRADORES;León;2026-08-25;<p>Para más información acuda a <a href='http://empleocastillayleon.jcyl.es/oficinavirtual/buscoEmpleoPub.do?srvc=ver&scope=reg&cod=392934'>Oficina Virtual</a></p>;;ECYL;1179297810119;Carrizo;42.583954;-5.829275;24;1285673429524;2026-08-25;https://empleo.jcyl.es/web/jcyl/Empleo/es/Plantilla100Detalle/1284216458054/OfertasEmpleo/1285673429524/Empleo;42.583954, -5.829275
PERSONAL DE LIMPIEZA O LIMPIADORES EN GENERAL;Palencia;2026-08-25;<p>Limpieza de oficinas en fábrica ubicada en Alar del Rey. Horario rotativo de mañana y tarde.</p><p>Para más información acuda a <a href='http://empleocastillayleon.jcyl.es/oficinavirtual/buscoEmpleoPub.do?srvc=ver&scope=reg&cod=392974'>Oficina Virtual</a></p>;;ECYL;1179298055413;Alar del Rey;42.65862;-4.307391;34;1285673491202;2026-08-25;https://empleo.jcyl.es/web/jcyl/Empleo/es/Plantilla100Detalle/1284216458054/OfertasEmpleo/1285673491202/Empleo;42.65862, -4.307391
PROFESORES DE FORMACIÓN VIAL;Soria;2026-08-25;<p>Se ofrece contrato indefinido, jornada completa y horario flexible. Interesados, enviar CV a a la dirección email: lauramoron@autoescuelamoron.es, con copia a ecylempleosoria@jcyl.es, indicando en el asunto '14764 PROFESOR/A AUTOESCUELA SORIA'</p><p>Para más información acuda a <a href='http://empleocastillayleon.jcyl.es/oficinavirtual/buscoEmpleoPub.do?srvc=ver&scope=reg&cod=389580'>Oficina Virtual</a></p>;;ECYL;1179469197687;Soria;41.76443;-2.463772;42;1285673389858;2026-08-25;https://empleo.jcyl.es/web/jcyl/Empleo/es/Plantilla100Detalle/1284216458054/OfertasEmpleo/1285673389858/Empleo;41.76443, -2.463772
PROFESORES DE FORMACIÓN VIAL;Soria;2026-08-25;<p>Contrato indefinido, joranda completa. Formación mínica, ESO o equivalente y Certificado Aptitud de Profesor de Formación Vial (DGT). Interesados enviar currículum a la dirección email: nacho@ensenia.es, con copia a ecylempleosoria@jcyl.es, indicando en el asunto '17993 PROFESOR/A AUTOESCUELA SORIA'</p><p>Para más información acuda a <a href='http://empleocastillayleon.jcyl.es/oficinavirtual/buscoEmpleoPub.do?srvc=ver&scope=reg&cod=392809'>Oficina Virtual</a></p>;;ECYL;1179469197687;Soria;41.76443;-2.463772;42;1285673349895;2026-08-25;https://empleo.jcyl.es/web/jcyl/Empleo/es/Plantilla100Detalle/1284216458054/OfertasEmpleo/1285673349895/Empleo;41.76443, -2.463772
ASISTENTES, ACOMPAÑANTES DE PERSONAS;Zamora;2026-08-25;"<p>Oferta 18140 Asistente de ayuda a domicilio para Villaveza del agua (Zamora)
Se precisa personal para desarrollar las intervenciones de atención física, psicosocial, de
acompañamiento y apoyo a personas dependientes en su domicilio:
- Apoyo en la gestión y funcionamiento de la unidad convivencial.
- Intervención directa con la persona, a través del apoyo en higiene y atención domiciliaria.
- Gestión y elaboración de alimentos y comidas. Mantenimiento, limpieza y organización en el
domicilio.
- Apoyo y acompañamiento en desplazamientos y actividades comunitarias.
Se ofrece contrato indefinido de 10 horas semanales, distribuidas de lunes a viernes de 9:00 a 11:00 horas.
Valorable conocimiento y manejo de herramientas domésticas, elaboración de comidas y aseo personal. 
Se requiere vehículo para trasladarse a los domicilios sino se reside en la zona.</p><p>Para más información acuda a <a href='http://empleocastillayleon.jcyl.es/oficinavirtual/buscoEmpleoPub.do?srvc=ver&scope=reg&cod=392956'>Oficina Virtual</a></p>";;ECYL;1179469490507;Villaveza del Agua;41.920288;-5.678931;49;1285673455725;2026-08-25;https://empleo.jcyl.es/web/jcyl/Empleo/es/Plantilla100Detalle/1284216458054/OfertasEmpleo/1285673455725/Empleo;41.920288, -5.678931
ENCARGADOS DE TALLER DE MAQUINARIA INDUSTRIAL, EN GENERAL;Burgos;2026-08-24;"<p>Se precisa cubrir 1 puesto de ENCARGADO/A DE PRODUCCIÓN DE MANUFACTURAS DE LA INDUSTRIA en las instalaciones de Fundación CISA en Quintanadueñas (centro especial de empleo de personas con discapacidad). 
Encargándose de las funciones de organización y actividad cotidiana de la línea de negocio a la que sea asignado y del seguimiento laboral del personal a su cargo.
Se ofrece contrato laboral indefinido a turnos de mañana o tarde.
Deseable Formación Profesional Superior en ramas vinculadas a la producción, calidad, prevención de riesgos, mecánica, etc.
Se requiere carné de conducir.
Oferta dirigida a personas inscritas en los servicios públicos de empleo. 
No se contestarán candidaturas que no reúnan los requisitos exigidos. 
INTERESADOS envíen curriculum vitae indicando nombre+apellidos+DNI personas@aspaniasburgos.com y poner en copia ecyljuandepadilla.ofertas@jcyl.es con referencia ?OFERTA 18072 ENCARGADO/A?.</p><p>Para más información acuda a <a href='http://empleocastillayleon.jcyl.es/oficinavirtual/buscoEmpleoPub.do?srvc=ver&scope=reg&cod=392888'>Oficina Virtual</a></p>";;ECYL;1179297447246;Burgos;42.3408235575;-3.70205869083;09;1285673203159;2026-08-24;https://empleo.jcyl.es/web/jcyl/Empleo/es/Plantilla100Detalle/1284216458054/OfertasEmpleo/1285673203159/Empleo;42.3408235575, -3.70205869083
GOBERNANTES (HOSTELERÍA);León;2026-08-24;"<p>Oferta 18057 de supervisor/gobernante para residencia de mayores en La Robla
Contrato indefinido, jornada completa. Se requiere experiencia en la profesion minima de 12 meses
Titulación Universitaria, Formación Profesional, y/o CP preferentemente vinculada al ámbito social como Trabajo Social, Técnico en Cuidados Auxiliares de Enfermería, CP Atención Sociosanitaria a Personas Dependientes en Instituciones Sociales y/o similares
Interesadas/os ponerse en contacto con la oficina de empleo Serna.Tf.987215200</p><p>Para más información acuda a <a href='http://empleocastillayleon.jcyl.es/oficinavirtual/buscoEmpleoPub.do?srvc=ver&scope=reg&cod=392873'>Oficina Virtual</a></p>";;ECYL;1179297920221;Robla (La);42.801434;-5.628399;24;1285673157946;2026-08-24;https://empleo.jcyl.es/web/jcyl/Empleo/es/Plantilla100Detalle/1284216458054/OfertasEmpleo/1285673157946/Empleo;42.801434, -5.628399
DIRECTORES DE SERVICIOS SOCIALES PARA PERSONAS MAYORES;León;2026-08-24;<p>Para más información acuda a <a href='http://empleocastillayleon.jcyl.es/oficinavirtual/buscoEmpleoPub.do?srvc=ver&scope=reg&cod=392745'>Oficina Virtual</a></p>;;ECYL;1179297958332;Toreno;42.69927;-6.51315;24;1285673081525;2026-08-24;https://empleo.jcyl.es/web/jcyl/Empleo/es/Plantilla100Detalle/1284216458054/OfertasEmpleo/1285673081525/Empleo;42.69927, -6.51315
TERAPEUTAS OCUPACIONALES;León;2026-08-24;"<p>Oferta nº08/2026/17992.
Se busca terapeuta ocupacional para residencia de mayores en Cacabelos. Jornada parcial (20 horas/semana). Contrato indefinido. FUNCIONES: 
- Planificar y ejecutar los programas de Actividades Básicas e instrumentales de la Vida diaria.
- Valorar con periodicidad requerida en el centro las capacidades y déficit del usuario/a.
- Ejecutar y promover los objetivos y actividades para promover la máxima autonomía en los usuarios.
- Atender las instrucciones médicas y, en su caso, dar instrucciones y supervisar las tareas del equipo de auxiliares.
INTERESADOS CONTACTAR O.E. PONFERRADA tfno. 987410859 ? EXT.2</p><p>Para más información acuda a <a href='http://empleocastillayleon.jcyl.es/oficinavirtual/buscoEmpleoPub.do?srvc=ver&scope=reg&cod=392808'>Oficina Virtual</a></p>";;ECYL;1179297794667;Cacabelos;42.598667;-6.725914;24;1285673034213;2026-08-24;https://empleo.jcyl.es/web/jcyl/Empleo/es/Plantilla100Detalle/1284216458054/OfertasEmpleo/1285673034213/Empleo;42.598667, -6.725914
ENFERMEROS DE CUIDADOS GENERALES;León;2026-08-24;<p>Para más información acuda a <a href='http://empleocastillayleon.jcyl.es/oficinavirtual/buscoEmpleoPub.do?srvc=ver&scope=reg&cod=392887'>Oficina Virtual</a></p>;;ECYL;1179297923354;Sahagún;42.37096;-5.029949;24;1285673157974;2026-08-24;https://empleo.jcyl.es/web/jcyl/Empleo/es/Plantilla100Detalle/1284216458054/OfertasEmpleo/1285673157974/Empleo;42.37096, -5.029949
ENFERMEROS DE CUIDADOS GENERALES;León;2026-08-24;<p>Para más información acuda a <a href='http://empleocastillayleon.jcyl.es/oficinavirtual/buscoEmpleoPub.do?srvc=ver&scope=reg&cod=385771'>Oficina Virtual</a></p>;;ECYL;1179298006426;Villablino;42.94157;-6.327653;24;1285673101613;2026-08-24;https://empleo.jcyl.es/web/jcyl/Empleo/es/Plantilla100Detalle/1284216458054/OfertasEmpleo/1285673101613/Empleo;42.94157, -6.327653
DIRECTORES DE SERVICIOS SOCIALES PARA PERSONAS MAYORES;León;2026-08-24;"<p>DIRECTOR RESIDENCIA DE MAYORES. Titulación universitaria (no exclusivamente de la rama sociosanitaria), curso oficial de dirección de centros residenciales. Valorable formación en materia de PRL, calidad y medio ambiente. CONTRATO INDEFINIDO, A JORNADA COMPLETA (horario de lunes a viernes, o de martes a sábado, de 9:00 A 18:00)
INTERESADOS LLAMAR AL 987 249530 (SECCIÓN DE OFERTAS - OFICINA DE EMPLEO DE RAMÓN Y CAJAL DE LEÓN)</p><p>Para más información acuda a <a href='http://empleocastillayleon.jcyl.es/oficinavirtual/buscoEmpleoPub.do?srvc=ver&scope=reg&cod=392900'>Oficina Virtual</a></p>";;ECYL;1179297860755;León;42.59873;-5.5670958;24;1285673203748;2026-08-24;https://empleo.jcyl.es/web/jcyl/Empleo/es/Plantilla100Detalle/1284216458054/OfertasEmpleo/1285673203748/Empleo;42.59873, -5.5670958
CUIDADORES DE PERSONAS CON DISCAPACIDAD Y/O DEPENDENCIA, EN INSTITUCIONES;León;2026-08-24;"<p>Oferta nº 08/2026/18083.
Se busca gerocultor/a para residencia de mayores. Contrato temporal a jornada completa. FUNCIONES:
-Cuidado y atención de usuarios en las actividades básicas de la vida diaria.
-Servir comidas y dar de comer.
-Colaborar en el trabajo asistencial del centro
INTERESADOS CONTACTAR O.E. PONFERRADA tfno. 987410859 ? EXT.2</p><p>Para más información acuda a <a href='http://empleocastillayleon.jcyl.es/oficinavirtual/buscoEmpleoPub.do?srvc=ver&scope=reg&cod=392899'>Oficina Virtual</a></p>";;ECYL;1179297794667;Cacabelos;42.598667;-6.725914;24;1285673190528;2026-08-24;https://empleo.jcyl.es/web/jcyl/Empleo/es/Plantilla100Detalle/1284216458054/OfertasEmpleo/1285673190528/Empleo;42.598667, -6.725914
ASISTENTES DOMICILIARIOS;León;2026-08-24;"<p>Oferta 18036: Asistente domiciliario para Mansilla de las Mulas.
Contrato indefinido con jornada parcial.
Interesados/as llamar a Oficina Empleo Serna al tlfno 987215200</p><p>Para más información acuda a <a href='http://empleocastillayleon.jcyl.es/oficinavirtual/buscoEmpleoPub.do?srvc=ver&scope=reg&cod=392852'>Oficina Virtual</a></p>";;ECYL;1179297865414;Mansilla de las Mulas;42.4989227004;-5.41787795395;24;1285673130830;2026-08-24;https://empleo.jcyl.es/web/jcyl/Empleo/es/Plantilla100Detalle/1284216458054/OfertasEmpleo/1285673130830/Empleo;42.4989227004, -5.41787795395
CUIDADORES DE PERSONAS CON DISCAPACIDAD Y/O DEPENDENCIA, EN INSTITUCIONES;Palencia;2026-08-24;"<p>BUSCAMOS 6 GEROCULTORES
Estamos en búsqueda de Gerocultores/as para incorporarse a una de nuestras Residencias de Mayores ubicada en Venta de Baños (Palencia). 
¿Cuáles serán tus funciones y responsabilidades?
Asistir y apoyar a las personas residentes en las actividades de la vida diaria que no puedan realizar de forma autónoma (aseo, alimentación, acompañamiento, cambios posturales) así como atención personal y de su entorno, garantizando su bienestar físico y mental.
REQUISITOS:
Poseer alguna de estas titulaciones:
? Grado Medio en Cuidados Auxiliares de Enfermería
? Grado Medio en Atención a Personas en Situación de Dependencia
? Certificado de Profesionalidad de Atención Sociosanitaria a Personas Dependientes en Instituciones Sociales o en Domicilios
OFRECEMOS: 
Jornada Laboral: Completa
Horario: De lunes a domingo con los descansos correspondientes, en turnos rotativos de mañana y tarde
Tipo de contrato: Temporal (3 meses) con posibilidad de indefinido
Ponerse en contacto con CV: mmanalau@seniorsi.es</p><p>Para más información acuda a <a href='http://empleocastillayleon.jcyl.es/oficinavirtual/buscoEmpleoPub.do?srvc=ver&scope=reg&cod=392735'>Oficina Virtual</a></p>";;ECYL;1179298060901;Venta de Baños;41.920933;-4.4887385;34;1285673008198;2026-08-24;https://empleo.jcyl.es/web/jcyl/Empleo/es/Plantilla100Detalle/1284216458054/OfertasEmpleo/1285673008198/Empleo;41.920933, -4.4887385
Titulado/a Superior Psicólogo para la Diputación de Palencia;Palencia;2026-08-24;"<p><strong>Convoca:</strong> Diputación de Palencia</p>
<p><strong>Cuerpo: </strong>TITULADO/A SUPERIOR PSICOLOGO/A</p>
<p><strong>Plazas:</strong> 3 (1 discapacidad)</p>
<p><strong>Acceso: </strong>Oposición</p>
<p><strong>Titulación:</strong> Grado en Psicología</p>
<p><strong>Plazo: </strong>21 de septiembre de 2026</p><p><strong>Información obtenida de: </strong>Empleo público. BOP Palencia 10/08/20269; BOCYL 17/08/2026; BOE24/08/2026</p><p><strong>Enlaces relacionados:</strong><ul><li><a href='https://www.diputaciondepalencia.es/system/files/bop/2026/20260810-bop-95-Ordinario.pdf' target='_blank'>Consulte convocatoria en BOP 10/08/2026</a></li><li><a href='https://www.boe.es/boe/dias/2026/08/24/pdfs/BOE-A-2026-18096.pdf' target='_blank'>Consulte anuncio en BOE 24/08/2026</a></li><li><a href='https://bocyl.jcyl.es/boletines/2026/08/17/pdf/BOCYL-D-17082026-158-40.pdf' target='_blank'>Consulte bases en BOCYL 17/08/2026</a></li></ul></p>";;Organismo oficial;1179298103860;Palencia;42.01112;-4.532032;34;1285673016144;2026-08-24;https://empleo.jcyl.es/web/jcyl/Empleo/es/Plantilla100Detalle/1284216458054/OfertasEmpleo/1285673016144/Empleo;42.01112, -4.532032
PEONES DE LA INDUSTRIA DE LA ALIMENTACIÓN, BEBIDAS Y TABACO;Salamanca;2026-08-24;<p>Para más información acuda a <a href='http://empleocastillayleon.jcyl.es/oficinavirtual/buscoEmpleoPub.do?srvc=ver&scope=reg&cod=392795'>Oficina Virtual</a></p>;;ECYL;1179298254513;Guijuelo;40.560574;-5.676764;37;1285673158749;2026-08-24;https://empleo.jcyl.es/web/jcyl/Empleo/es/Plantilla100Detalle/1284216458054/OfertasEmpleo/1285673158749/Empleo;40.560574, -5.676764
CONDUCTORES-OPERADORES DE HORMIGONERA MÓVIL;Soria;2026-08-24;"<p>Contrato laboral temporal.
Jornada completa.
Necesario carné C y CAP.</p><p>Para más información acuda a <a href='http://empleocastillayleon.jcyl.es/oficinavirtual/buscoEmpleoPub.do?srvc=ver&scope=reg&cod=392775'>Oficina Virtual</a></p>";;ECYL;1179469098051;Alconaba;41.7225;-2.387361;42;1285673131505;2026-08-24;https://empleo.jcyl.es/web/jcyl/Empleo/es/Plantilla100Detalle/1284216458054/OfertasEmpleo/1285673131505/Empleo;41.7225, -2.387361
FISIOTERAPEUTAS, EN GENERAL;Zamora;2026-08-24;"<p>Oferta 18025 FISIOTERAPEUTA para clínica en Benavente (Zamora).
Clínica con multitud de perfiles de pacientes (privadas, aseguradoas, deportistas...)
No es necesaria experiencia previa. Si te desplazas de fuera de Benavente, se valorará aplicar plus de
transporte.
Se ofrece: JORNADA COMPLETA, en horario de JORNADA CONTINUA de Lunes a Viernes. Contrato indefinido. Incorporación en Septiembre. 
REQUISITOS: Grado en fisioterapia, Grado en fisioterapia y Ciencias de la Actividad Física y el Deporte (CAFyD) o Diplomatura en fisioterapia.
Personas interesadas ponerse en contacto con Luisa al teléfono: 676462621.</p><p>Para más información acuda a <a href='http://empleocastillayleon.jcyl.es/oficinavirtual/buscoEmpleoPub.do?srvc=ver&scope=reg&cod=392841'>Oficina Virtual</a></p>";;ECYL;1179469338450;Benavente;42.002884;-5.678469;49;1285673131450;2026-08-24;https://empleo.jcyl.es/web/jcyl/Empleo/es/Plantilla100Detalle/1284216458054/OfertasEmpleo/1285673131450/Empleo;42.002884, -5.678469
CUIDADORES DE PERSONAS CON DISCAPACIDAD Y/O DEPENDENCIA, EN INSTITUCIONES;Zamora;2026-08-24;"<p>Oferta Núm. 4006 AUXILIAR DE ENFERMERÍA para Centro de Rabanales de Aliste (Zamora).
Los interesados/as deben enviar su CV a (ecyldoctorfleming.ofertas@jcyl.es) indicando en el asunto el Núm. de la oferta.
FUNCIONES: Atención a los usuarios/as del Centro.
CONDICIONES LABORALES: Contrato indefinido a jornada completa. 
REQUISITOS: Titulación de Auxiliar de Enfermería o Certificado de Profesionalidad.</p><p>Para más información acuda a <a href='http://empleocastillayleon.jcyl.es/oficinavirtual/buscoEmpleoPub.do?srvc=ver&scope=reg&cod=376167'>Oficina Virtual</a></p>";;ECYL;1179469423040;Rabanales;41.74163;-6.276766;49;1285673081661;2026-08-24;https://empleo.jcyl.es/web/jcyl/Empleo/es/Plantilla100Detalle/1284216458054/OfertasEmpleo/1285673081661/Empleo;41.74163, -6.276766
ALBAÑILES;Zamora;2026-08-24;"<p>Oferta Núm. 4006 PEÓN DE CONSTRUCCIÓN para empresa de Palacios del Pan (Zamora).
Los interesados/as deben enviar su CV a (ecyldoctorfleming.ofertas@jcyl.es) indicando en el asunto el Núm. de la oferta.
FUNCIONES: Carga y descarga de materiales. Limpieza y orden en la obra. Apoyo a oficiales. Preparación de masas.
CONDICIONES LABORALES: Contrato indefinido. Jornada completa.
REQUISITOS: Permiso de circulación y vehículo.</p><p>Para más información acuda a <a href='http://empleocastillayleon.jcyl.es/oficinavirtual/buscoEmpleoPub.do?srvc=ver&scope=reg&cod=378822'>Oficina Virtual</a></p>";;ECYL;1179469404284;Palacios del Pan;41.60211;-5.875169;49;1285673081620;2026-08-24;https://empleo.jcyl.es/web/jcyl/Empleo/es/Plantilla100Detalle/1284216458054/OfertasEmpleo/1285673081620/Empleo;41.60211, -5.875169
PINTORES-DECORADORES DE RÓTULOS;Zamora;2026-08-24;"<p>Oferta Núm. 17115 ROTULISTA-COLOCADOR DE VINILOS para empresa de Zamora.
Los interesados/as deben enviar su CV a (ecyldoctorfleming.ofertas@jcyl.es) indicando en el asunto el Núm. de la oferta.
FUNCIONES: Colocación de vinilos sobre todo tipo de soportes: coches, furgonetas, camiones, paredes, vallas, cristales. Colocación de pvc, lonas y rótulos en distintos materiales.
CONDICIONES LABORALES: Contrato indefinido. Jornada parcial.
REQUISITOS: Permiso de circulación. Se valorará experiencia.</p><p>Para más información acuda a <a href='http://empleocastillayleon.jcyl.es/oficinavirtual/buscoEmpleoPub.do?srvc=ver&scope=reg&cod=391931'>Oficina Virtual</a></p>";;ECYL;1179469491795;Zamora;41.507324;-5.745313;49;1285673053871;2026-08-24;https://empleo.jcyl.es/web/jcyl/Empleo/es/Plantilla100Detalle/1284216458054/OfertasEmpleo/1285673053871/Empleo;41.507324, -5.745313
TERAPEUTAS OCUPACIONALES;Zamora;2026-08-24;"<p>Oferta Núm. 4143 TERAPEUTA OCUPACIONAL para Centro de Zamora.
Los interesados/as deben enviar su CV a (ecyldoctorfleming.ofertas@jcyl.es) indicando en el asunto el Núm. de la oferta.
FUNCIONES: Organizar y ejecutar las actividades con los usuarios del centro.
CONDICIONES LABORALES: Contrato temporal. Jornada parcial.
REQUISITOS: Diplomatura o Grado en Terapia Ocupacional.</p><p>Para más información acuda a <a href='http://empleocastillayleon.jcyl.es/oficinavirtual/buscoEmpleoPub.do?srvc=ver&scope=reg&cod=378959'>Oficina Virtual</a></p>";;ECYL;1179469491795;Zamora;41.507324;-5.745313;49;1285673053843;2026-08-24;https://empleo.jcyl.es/web/jcyl/Empleo/es/Plantilla100Detalle/1284216458054/OfertasEmpleo/1285673053843/Empleo;41.507324, -5.745313
AUXILIARES DE ENFERMERÍA;Zamora;2026-08-24;"<p>Oferta Núm 11230 DOS AUXILIARES DE ENFERMERIA/GERIATRÍA para Centro Residencial de Zamora.
Los interesados/as deben enviar su CV a (ecyldoctorfleming.ofertas@jcyl.es) indicando en el asunto el Núm. de la oferta.
FUNCIONES: Atención a los usuarios/as del Centro.
CONDICIONES LABORALES: Contrato indefinido a jornada completa.
REQUISITOS: Técnico en Cuidados Auxiliares de Enfermería o Certificado de profesionalidad.</p><p>Para más información acuda a <a href='http://empleocastillayleon.jcyl.es/oficinavirtual/buscoEmpleoPub.do?srvc=ver&scope=reg&cod=386046'>Oficina Virtual</a></p>";;ECYL;1179469491795;Zamora;41.507324;-5.745313;49;1285673102000;2026-08-24;https://empleo.jcyl.es/web/jcyl/Empleo/es/Plantilla100Detalle/1284216458054/OfertasEmpleo/1285673102000/Empleo;41.507324, -5.745313
AGENTES COMERCIALES INMOBILIARIO;Burgos;2026-08-23;"<p>- Aranda de Duero (Burgos)
Serás responsable de la captación de inmuebles, el asesoramiento a clientes durante todo el proceso de compraventa y la generación de nuevas oportunidades de negocio.
Funciones principales:
Captación y valoración de inmuebles.
Prospección de mercado y generación de oportunidades de negocio.
Asesoramiento a propietarios, compradores e inversores.
Organización y realización de visitas.
Presentación y promoción de propiedades.
Negociación entre compradores y vendedores.
Seguimiento de las operaciones hasta su cierre.
Gestión de cartera de clientes e inmuebles.
Análisis del mercado inmobiliario local.
Cumplimiento de objetivos de captación y ventas.</p><p>Para más información acuda a <a href='http://empleocastillayleon.jcyl.es/oficinavirtual/buscoEmpleoPub.do?srvc=ver&scope=reg&cod=392628'>Oficina Virtual</a></p>";;ECYL;1179297429124;Aranda de Duero;41.67027;-3.68877;09;1285673007918;2026-08-24;https://empleo.jcyl.es/web/jcyl/Empleo/es/Plantilla100Detalle/1284216458054/OfertasEmpleo/1285673007918/Empleo;41.67027, -3.68877
MOZOS DE CARGA Y DESCARGA, ALMACÉN Y/O MERCADO DE ABASTOS;León;2026-08-23;<p>Carga y descar de camiones con pala cargadora. Preparación de pienso para animales. Limpieza, organización y mantenimiento de almacen. Capacidad para trabajar en equipo. Se valorará experiencia de un año con pala cargadora.</p><p>Para más información acuda a <a href='http://empleocastillayleon.jcyl.es/oficinavirtual/buscoEmpleoPub.do?srvc=ver&scope=reg&cod=392660'>Oficina Virtual</a></p>;;ECYL;1179297985349;Valencia de Don Juan;42.29253;-5.5191197;24;1285673008459;2026-08-24;https://empleo.jcyl.es/web/jcyl/Empleo/es/Plantilla100Detalle/1284216458054/OfertasEmpleo/1285673008459/Empleo;42.29253, -5.5191197
ALBAÑILES;Salamanca;2026-08-23;<p>Para más información acuda a <a href='http://empleocastillayleon.jcyl.es/oficinavirtual/buscoEmpleoPub.do?srvc=ver&scope=reg&cod=392651'>Oficina Virtual</a></p>;;ECYL;1179298231776;Ciudad Rodrigo;40.602055;-6.531306;37;1285673008338;2026-08-24;https://empleo.jcyl.es/web/jcyl/Empleo/es/Plantilla100Detalle/1284216458054/OfertasEmpleo/1285673008338/Empleo;40.602055, -6.531306
PEONES DE LA CONSTRUCCIÓN DE EDIFICIOS;Salamanca;2026-08-23;<p>Para más información acuda a <a href='http://empleocastillayleon.jcyl.es/oficinavirtual/buscoEmpleoPub.do?srvc=ver&scope=reg&cod=392620'>Oficina Virtual</a></p>;;ECYL;1179298231776;Ciudad Rodrigo;40.602055;-6.531306;37;1285673008543;2026-08-24;https://empleo.jcyl.es/web/jcyl/Empleo/es/Plantilla100Detalle/1284216458054/OfertasEmpleo/1285673008543/Empleo;40.602055, -6.531306
CAMAREROS, EN GENERAL;Salamanca;2026-08-23;<p>CAMARERO EN SANCHOTELLO</p><p>Para más información acuda a <a href='http://empleocastillayleon.jcyl.es/oficinavirtual/buscoEmpleoPub.do?srvc=ver&scope=reg&cod=392645'>Oficina Virtual</a></p>;;ECYL;1179298327060;Sanchotello;40.438026;-5.751951;37;1285673008058;2026-08-24;https://empleo.jcyl.es/web/jcyl/Empleo/es/Plantilla100Detalle/1284216458054/OfertasEmpleo/1285673008058/Empleo;40.438026, -5.751951
CUIDADORES DE PERSONAS CON DISCAPACIDAD Y/O DEPENDENCIA, EN INSTITUCIONES;Zamora;2026-08-23;"<p>Se necesita AUXILIAR DE AYUDA A DOMICILIO para SANTIBAÑEZ DE VIDRIALES (ZAMORA).
Contrato indefinido.
Posibilidad de poderse desplazar entre localidades.
Funciones: Tareas de Hogar, Supervisión y Acompañamiento.
Interesados llamar a tlf.: 607429644</p><p>Para más información acuda a <a href='http://empleocastillayleon.jcyl.es/oficinavirtual/buscoEmpleoPub.do?srvc=ver&scope=reg&cod=392722'>Oficina Virtual</a></p>";;ECYL;1179469441238;Santibáñez de Vidriales;42.07222;-6.01366;49;1285673008170;2026-08-24;https://empleo.jcyl.es/web/jcyl/Empleo/es/Plantilla100Detalle/1284216458054/OfertasEmpleo/1285673008170/Empleo;42.07222, -6.01366
TÉCNICOS EN PREVENCIÓN Y CONTROL DE PLAGAS;Burgos;2026-08-22;<p>Para más información acuda a <a href='http://empleocastillayleon.jcyl.es/oficinavirtual/buscoEmpleoPub.do?srvc=ver&scope=reg&cod=392542'>Oficina Virtual</a></p>;;ECYL;1179297735539;Villarcayo de Merindad de Castilla La Vieja;42.939262;-3.573877;09;1285673008114;2026-08-24;https://empleo.jcyl.es/web/jcyl/Empleo/es/Plantilla100Detalle/1284216458054/OfertasEmpleo/1285673008114/Empleo;42.939262, -3.573877
MONTADORES DE GRANDES ESTRUCTURAS METÁLICAS, EN GENERAL;León;2026-08-22;<p>Menor de 30 años o mayor de 45 años</p><p>Para más información acuda a <a href='http://empleocastillayleon.jcyl.es/oficinavirtual/buscoEmpleoPub.do?srvc=ver&scope=reg&cod=392546'>Oficina Virtual</a></p>;;ECYL;1179297860755;León;42.59873;-5.5670958;24;1285673008310;2026-08-24;https://empleo.jcyl.es/web/jcyl/Empleo/es/Plantilla100Detalle/1284216458054/OfertasEmpleo/1285673008310/Empleo;42.59873, -5.5670958
LIMPIADORES EN INSTITUCIONES SANITARIAS;León;2026-08-22;<p>Para más información acuda a <a href='http://empleocastillayleon.jcyl.es/oficinavirtual/buscoEmpleoPub.do?srvc=ver&scope=reg&cod=392541'>Oficina Virtual</a></p>;;ECYL;1179297776587;Benavides;42.50262;-5.8981586;24;1285673008487;2026-08-24;https://empleo.jcyl.es/web/jcyl/Empleo/es/Plantilla100Detalle/1284216458054/OfertasEmpleo/1285673008487/Empleo;42.50262, -5.8981586
PELUQUEROS UNISEX;León;2026-08-22;<p>Para más información acuda a <a href='http://empleocastillayleon.jcyl.es/oficinavirtual/buscoEmpleoPub.do?srvc=ver&scope=reg&cod=392496'>Oficina Virtual</a></p>;;ECYL;1179297860755;León;42.59873;-5.5670958;24;1285673008282;2026-08-24;https://empleo.jcyl.es/web/jcyl/Empleo/es/Plantilla100Detalle/1284216458054/OfertasEmpleo/1285673008282/Empleo;42.59873, -5.5670958
TRABAJADORES SOCIALES;León;2026-08-22;<p>Para más información acuda a <a href='http://empleocastillayleon.jcyl.es/oficinavirtual/buscoEmpleoPub.do?srvc=ver&scope=reg&cod=392559'>Oficina Virtual</a></p>;;ECYL;1179297888504;Ponferrada;42.549995;-6.598259;24;1285673008599;2026-08-24;https://empleo.jcyl.es/web/jcyl/Empleo/es/Plantilla100Detalle/1284216458054/OfertasEmpleo/1285673008599/Empleo;42.549995, -6.598259
COCINEROS, EN GENERAL;León;2026-08-22;<p>Para más información acuda a <a href='http://empleocastillayleon.jcyl.es/oficinavirtual/buscoEmpleoPub.do?srvc=ver&scope=reg&cod=392556'>Oficina Virtual</a></p>;;ECYL;1179297888504;Ponferrada;42.549995;-6.598259;24;1285673007946;2026-08-24;https://empleo.jcyl.es/web/jcyl/Empleo/es/Plantilla100Detalle/1284216458054/OfertasEmpleo/1285673007946/Empleo;42.549995, -6.598259
AUXILIARES DE ENFERMERÍA DE GERIATRÍA;León;2026-08-22;<p>Para más información acuda a <a href='http://empleocastillayleon.jcyl.es/oficinavirtual/buscoEmpleoPub.do?srvc=ver&scope=reg&cod=392601'>Oficina Virtual</a></p>;;ECYL;1179297766689;Astorga;42.4547895989;-6.05314829511;24;1285673008142;2026-08-24;https://empleo.jcyl.es/web/jcyl/Empleo/es/Plantilla100Detalle/1284216458054/OfertasEmpleo/1285673008142/Empleo;42.4547895989, -6.05314829511
TERAPEUTAS OCUPACIONALES;León;2026-08-22;<p>Para más información acuda a <a href='http://empleocastillayleon.jcyl.es/oficinavirtual/buscoEmpleoPub.do?srvc=ver&scope=reg&cod=392489'>Oficina Virtual</a></p>;;ECYL;1179297955047;Soto de la Vega;42.33227;-5.882215;24;1285673008571;2026-08-24;https://empleo.jcyl.es/web/jcyl/Empleo/es/Plantilla100Detalle/1284216458054/OfertasEmpleo/1285673008571/Empleo;42.33227, -5.882215
DELEGADOS COMERCIALES, EN GENERAL;Soria;2026-08-22;<p>Para más información acuda a <a href='http://empleocastillayleon.jcyl.es/oficinavirtual/buscoEmpleoPub.do?srvc=ver&scope=reg&cod=392596'>Oficina Virtual</a></p>;;ECYL;1179469197687;Soria;41.76443;-2.463772;42;1285673008627;2026-08-24;https://empleo.jcyl.es/web/jcyl/Empleo/es/Plantilla100Detalle/1284216458054/OfertasEmpleo/1285673008627/Empleo;41.76443, -2.463772
ANIMADORES COMUNITARIOS, EN GENERAL;Soria;2026-08-22;<p>Para más información acuda a <a href='http://empleocastillayleon.jcyl.es/oficinavirtual/buscoEmpleoPub.do?srvc=ver&scope=reg&cod=392574'>Oficina Virtual</a></p>;;ECYL;1179469175695;Olvega;41.77993;-1.98159;42;1285673007890;2026-08-24;https://empleo.jcyl.es/web/jcyl/Empleo/es/Plantilla100Detalle/1284216458054/OfertasEmpleo/1285673007890/Empleo;41.77993, -1.98159
CAMAREROS DE SALA O JEFES DE RANGO;Soria;2026-08-22;"<p>Buscamos incorporar un/a camarero/a de sala para formar parte de nuestro equipo de restauración.
- Funciones principales:
* Preparación y puesta a punto de la sala antes de cada servicio.
* Montaje de mesas, mantelería, cubertería, cristalería y demás elementos necesarios.
* Recepción y atención de los clientes durante el servicio.
* Servicio de comidas y bebidas en mesa.
* Conocimiento básico de la oferta gastronómica para poder informar y orientar al cliente.
* Coordinación con cocina y con el resto del equipo de sala para garantizar un servicio ágil y organizado.
* Recogida, desmontaje y acondicionamiento de la sala después del servicio.
* Mantenimiento del orden, limpieza y buena presentación de las zonas de trabajo y del material.
* Preparación de la sala para , grupos, celebraciones y eventos.
Cumplimiento de los estándares de atención y servicio establecidos por la empresa.</p><p>Para más información acuda a <a href='http://empleocastillayleon.jcyl.es/oficinavirtual/buscoEmpleoPub.do?srvc=ver&scope=reg&cod=392535'>Oficina Virtual</a></p>";;ECYL;1179469126353;Burgo de Osma-Ciudad de Osma;41.588287;-3.0754032;42;1285673008002;2026-08-24;https://empleo.jcyl.es/web/jcyl/Empleo/es/Plantilla100Detalle/1284216458054/OfertasEmpleo/1285673008002/Empleo;41.588287, -3.0754032
ASISTENTES DOMICILIARIOS;Soria;2026-08-22;<p>Para más información acuda a <a href='http://empleocastillayleon.jcyl.es/oficinavirtual/buscoEmpleoPub.do?srvc=ver&scope=reg&cod=392532'>Oficina Virtual</a></p>;;ECYL;1179469144168;Duruelo de la Sierra;41.954845;-2.9319541;42;1285673008254;2026-08-24;https://empleo.jcyl.es/web/jcyl/Empleo/es/Plantilla100Detalle/1284216458054/OfertasEmpleo/1285673008254/Empleo;41.954845, -2.9319541
PASTELEROS;Ávila;2026-08-21;<p>Para más información acuda a <a href='http://empleocastillayleon.jcyl.es/oficinavirtual/buscoEmpleoPub.do?srvc=ver&scope=reg&cod=392388'>Oficina Virtual</a></p>;;ECYL;1179297279520;Tiemblo (El);40.41628;-4.503831;05;1285672724699;2026-08-21;https://empleo.jcyl.es/web/jcyl/Empleo/es/Plantilla100Detalle/1284216458054/OfertasEmpleo/1285672724699/Empleo;40.41628, -4.503831
CUIDADORES DE PERSONAS CON DISCAPACIDAD Y/O DEPENDENCIA, EN INSTITUCIONES;Burgos;2026-08-21;"<p>AUXILIAR DE AYUDA Y SUPERVISIÓN EN EL TRANSPORTE DE PERSONAS MAYORES en Burgos.
Supervisión del acceso de los usuarios en el servicio de transporte de un centro de día
Contrato indefinido a jornada parcial (aprox. 2 horas/día).
Requisitos Formación en la rama sociosanitario. Permiso de conducir.</p><p>Para más información acuda a <a href='http://empleocastillayleon.jcyl.es/oficinavirtual/buscoEmpleoPub.do?srvc=ver&scope=reg&cod=392770'>Oficina Virtual</a></p>";;ECYL;1179297447246;Burgos;42.3408235575;-3.70205869083;09;1285672794602;2026-08-21;https://empleo.jcyl.es/web/jcyl/Empleo/es/Plantilla100Detalle/1284216458054/OfertasEmpleo/1285672794602/Empleo;42.3408235575, -3.70205869083
ENCARGADOS DE OBRA DE EDIFICACIÓN, EN GENERAL;Burgos;2026-08-21;"<p>ENCARGADO DE OBRA DE EDIFICACIÓN EN GENERAL PARA ARANDA DE DUERO(BURGOS)
CONTRATO INDEFINIDO A JORNADA COMPLETA-INCORPORACIÓN INMEDIATA.
SALARIO BRUTO ANUAL ENTRE 30.000euros Y 45.000@ EN FUNCIÓN DE EXPERIENCIA Y VALÍA.
NIVEL FORMATIVO: VALORABLE FORMACIÓN COMO ARQUITECTO TÉCNICO O SIMILAR. NO IMPRESCINDIBLE.
CARNET CONDUCIR 'B' Y VEHÍCULO PROPIO.
INTERESAD@S CONTACTAR CON LORENA RODRIGUEZ SANCHEZ APORTANDO CURRICULUM VITAE A l.rodriguez@nidogrupo.com
CONTACTAR CON OFICINA DE EMPLEO DE ARANDA DE DUERO(BURGOS) al tfno.947 244280 ext 820922 ó ecylaranda@jcyl.es
REFERENCIA: OFERTA 08/2026/017806</p><p>Para más información acuda a <a href='http://empleocastillayleon.jcyl.es/oficinavirtual/buscoEmpleoPub.do?srvc=ver&scope=reg&cod=392622'>Oficina Virtual</a></p>";;ECYL;1179297429124;Aranda de Duero;41.67027;-3.68877;09;1285672653242;2026-08-21;https://empleo.jcyl.es/web/jcyl/Empleo/es/Plantilla100Detalle/1284216458054/OfertasEmpleo/1285672653242/Empleo;41.67027, -3.68877
FISIOTERAPEUTAS, EN GENERAL;Burgos;2026-08-21;"<p>Fisioterapeuta para instituto CEIP Fernán Gonzalez en Salas de los Infantes.
Jornada de 26,5 h/s.
Interesados llamar a la DIRECCIÓN PROVINCIAL EDUCACIÓN, 947207540.</p><p>Para más información acuda a <a href='http://empleocastillayleon.jcyl.es/oficinavirtual/buscoEmpleoPub.do?srvc=ver&scope=reg&cod=392698'>Oficina Virtual</a></p>";;ECYL;1179297614054;Salas de los Infantes;42.023308;-3.286461;09;1285672745815;2026-08-21;https://empleo.jcyl.es/web/jcyl/Empleo/es/Plantilla100Detalle/1284216458054/OfertasEmpleo/1285672745815/Empleo;42.023308, -3.286461
AUXILIARES DE ENFERMERÍA DE GERIATRÍA;León;2026-08-21;<p>Para más información acuda a <a href='http://empleocastillayleon.jcyl.es/oficinavirtual/buscoEmpleoPub.do?srvc=ver&scope=reg&cod=392390'>Oficina Virtual</a></p>;;ECYL;1179297766689;Astorga;42.4547895989;-6.05314829511;24;1285672692279;2026-08-21;https://empleo.jcyl.es/web/jcyl/Empleo/es/Plantilla100Detalle/1284216458054/OfertasEmpleo/1285672692279/Empleo;42.4547895989, -6.05314829511
BÁRMANES;León;2026-08-21;<p>Preparación y servicio de bebidas, cócteles y combinados. Atención y asesoramiento al cliente en barra.Gestión y reposición de existencias de bebidas y productos de bar. Orden, limpieza e higiene de la zona de trabajo. Control de stock e inventario básico. Control de consumiciones y manejo de TPV/caja. Cumplimiento de las normas de calidad, seguridad alimentaria y atención al cliente.</p><p>Para más información acuda a <a href='http://empleocastillayleon.jcyl.es/oficinavirtual/buscoEmpleoPub.do?srvc=ver&scope=reg&cod=392702'>Oficina Virtual</a></p>;;ECYL;1179298030981;Villaturiel;42.518467;-5.4863014;24;1285672669248;2026-08-21;https://empleo.jcyl.es/web/jcyl/Empleo/es/Plantilla100Detalle/1284216458054/OfertasEmpleo/1285672669248/Empleo;42.518467, -5.4863014
ENFERMEROS DE CUIDADOS GENERALES;León;2026-08-21;"<p>SE NECESITA CUBRIR UN PUESTO DE ENFERMERO EN BEMBIBRE
SE OFRECE CONTRATO INDEFINIDO PARCIAL
SE REQUIERE GRADO UNIVERSITARIO EN ENFERMERIA
PERSONAS INTERESADAS CONTACTAR CON LA OFICINA DE EMPLEO DE BEMBIBRE (987511461) EN HORARIO DE 9:00 A 1:00 INDICANDO OFERTA Nª 17668</p><p>Para más información acuda a <a href='http://empleocastillayleon.jcyl.es/oficinavirtual/buscoEmpleoPub.do?srvc=ver&scope=reg&cod=392484'>Oficina Virtual</a></p>";;ECYL;1179297775135;Bembibre;42.617176;-6.4186482;24;1285672819201;2026-08-21;https://empleo.jcyl.es/web/jcyl/Empleo/es/Plantilla100Detalle/1284216458054/OfertasEmpleo/1285672819201/Empleo;42.617176, -6.4186482
AUXILIARES DE ENFERMERÍA DE GERIATRÍA;León;2026-08-21;<p>CUIDADO DE RESIDENTES.</p><p>Para más información acuda a <a href='http://empleocastillayleon.jcyl.es/oficinavirtual/buscoEmpleoPub.do?srvc=ver&scope=reg&cod=392424'>Oficina Virtual</a></p>;;ECYL;1179298017072;Villamañán;42.320793;-5.5840464;24;1285672745293;2026-08-21;https://empleo.jcyl.es/web/jcyl/Empleo/es/Plantilla100Detalle/1284216458054/OfertasEmpleo/1285672745293/Empleo;42.320793, -5.5840464
MÉDICOS, MEDICINA GENERAL;León;2026-08-21;"<p>Oferta 17905: Médico para Residencia de Mayores.
Contrato indefinido con jornada parcial.
Interesados/as llamar a la Oficina Empleo Serna al tlfno 987215200</p><p>Para más información acuda a <a href='http://empleocastillayleon.jcyl.es/oficinavirtual/buscoEmpleoPub.do?srvc=ver&scope=reg&cod=392721'>Oficina Virtual</a></p>";;ECYL;1179297985730;Valverde de la Virgen;42.57029;-5.679403;24;1285672692475;2026-08-21;https://empleo.jcyl.es/web/jcyl/Empleo/es/Plantilla100Detalle/1284216458054/OfertasEmpleo/1285672692475/Empleo;42.57029, -5.679403
EMPLEADOS DE HOGAR;Palencia;2026-08-21;"<p>Limpieza y matenimiento de las estancias de la casa. Gestión de la ropa (lavado, planchado y organización). Cocina: Preparación de menús sencillos.
Discrección, empatía y puntualidad.</p><p>Para más información acuda a <a href='http://empleocastillayleon.jcyl.es/oficinavirtual/buscoEmpleoPub.do?srvc=ver&scope=reg&cod=392609'>Oficina Virtual</a></p>";;ECYL;1179298157142;Osorno La Mayor;42.39676;-4.409962;34;1285672669349;2026-08-21;https://empleo.jcyl.es/web/jcyl/Empleo/es/Plantilla100Detalle/1284216458054/OfertasEmpleo/1285672669349/Empleo;42.39676, -4.409962
CONDUCTORES-OPERADORES DE EXCAVADORA (MOVIMIENTO DE TIERRAS);Soria;2026-08-21;<p>Para más información acuda a <a href='http://empleocastillayleon.jcyl.es/oficinavirtual/buscoEmpleoPub.do?srvc=ver&scope=reg&cod=392463'>Oficina Virtual</a></p>;;ECYL;1179469197687;Soria;41.76443;-2.463772;42;1285672767705;2026-08-21;https://empleo.jcyl.es/web/jcyl/Empleo/es/Plantilla100Detalle/1284216458054/OfertasEmpleo/1285672767705/Empleo;41.76443, -2.463772
ASISTENTES DOMICILIARIOS;Zamora;2026-08-21;"<p>Oferta Núm. 17889 ASISTENTE DOMICILIARIO para Ferreruela (Zamora).
Los interesados/as deben enviar su CV a (ecyldoctorfleming.ofertas@jcyl.es) indicando en el asunto el Núm. de la oferta.
FUNCIONES: Atención a usuarios en su domicilio.
CONDICIONES: Contrato indefinido. Jornada parcial de 33.5 horas semanales. Horario de mañana de lunes a sábado.
REQUISITOS: Se valorará formación Sociosanitaria.</p><p>Para más información acuda a <a href='http://empleocastillayleon.jcyl.es/oficinavirtual/buscoEmpleoPub.do?srvc=ver&scope=reg&cod=392705'>Oficina Virtual</a></p>";;ECYL;1179469361639;Ferreruela;41.7663;-6.0716863;49;1285672692335;2026-08-21;https://empleo.jcyl.es/web/jcyl/Empleo/es/Plantilla100Detalle/1284216458054/OfertasEmpleo/1285672692335/Empleo;41.7663, -6.0716863
DEPENDIENTES DE RECAMBIOS Y ACCESORIOS DE AUTOMÓVIL;Zamora;2026-08-21;"<p>Oferta 17660, DEPENDIENTE DE RECAMBIOS.
- Venta, atención y soporte de solicitudes de recambios de clientes en mostrador y telefónicamente.
- Generar ofertas a los clientes. 
- Realizar seguimiento de las ofertas presentadas a los clientes. 
- Realizar los pedidos a los proveedores y control de stock de almacén. 
- Organización y control del transporte/logística de los materiales. 
- Recepción de mercancía y verificar albaranes de entrada. 
- Preparación y envío de materiales a clientes.
Perfil:
Imprescindible capacidad organizativa excelente, autonomía, e iniciativa. Capacidad de trabajar en equipo. Con experiencia y manejo en el trato al público, amabilidad. Imprescindible persona proactiva y resolutiva. Experiencia demostrable en el sector de la automoción.
Polivalencia y flexibilidad en el desarrollo de las diferentes funciones.
Contrato indefinido a jornada completa.
Permiso de conducir tipo B. Grado medio o superior relacionado con la automoción.
Interesados enviar C.V. a: recambierzo@recambierzo.com</p><p>Para más información acuda a <a href='http://empleocastillayleon.jcyl.es/oficinavirtual/buscoEmpleoPub.do?srvc=ver&scope=reg&cod=392476'>Oficina Virtual</a></p>";;ECYL;1179469338450;Benavente;42.002884;-5.678469;49;1285672794779;2026-08-21;https://empleo.jcyl.es/web/jcyl/Empleo/es/Plantilla100Detalle/1284216458054/OfertasEmpleo/1285672794779/Empleo;42.002884, -5.678469
TÉCNICOS EN PREVENCIÓN Y CONTROL DE PLAGAS;Burgos;2026-08-20;"<p>OFERTA 08/2026/17609. 2 TÉCNICOS DE CONTROL DE PLAGAS EN BRIVIESCA. EMPRESA EZSA AMBIENTAL S.L. CONTRATO LABORAL TEMPORAL, JORNADA COMPLETA, DURACIÓN 6 MESES. NECESARIO CERTIFICADO DE PROFESIONALIDAD SEAG0110-SERVICOS PARA EL CONTROL DE PLAGAS, O ACREDITACIÓN/CUALIFICACIÓN PROFESIONAL EQUIVALENTE. PERMISO DE CONDUCIR B. APORTAR C.V. A LOS SIGUIENTES MAIL: ecylbriviesca@jcyl.es y lrodriguez@ezsa.es.
O.E.BRIVIESCA 947590022</p><p>Para más información acuda a <a href='http://empleocastillayleon.jcyl.es/oficinavirtual/buscoEmpleoPub.do?srvc=ver&scope=reg&cod=392425'>Oficina Virtual</a></p>";;ECYL;1179297445503;Briviesca;42.5506452202;-3.3242004007;09;1285672382285;2026-08-20;https://empleo.jcyl.es/web/jcyl/Empleo/es/Plantilla100Detalle/1284216458054/OfertasEmpleo/1285672382285/Empleo;42.5506452202, -3.3242004007
MOZOS DE CARGA Y DESCARGA, ALMACÉN Y/O MERCADO DE ABASTOS;León;2026-08-20;<p>Oferta nº 17883 Mozo de almacen con discapacidad al menos 33%, en Villadangos.Cto.temporal, jornada completa, turnos rotativos.Interesados/as llamar a la Oficina de Empleo León Serna tfn:987215200.</p><p>Para más información acuda a <a href='http://empleocastillayleon.jcyl.es/oficinavirtual/buscoEmpleoPub.do?srvc=ver&scope=reg&cod=392699'>Oficina Virtual</a></p>;;ECYL;1179298009177;Villadangos del Páramo;42.516865;-5.7671404;24;1285672558282;2026-08-20;https://empleo.jcyl.es/web/jcyl/Empleo/es/Plantilla100Detalle/1284216458054/OfertasEmpleo/1285672558282/Empleo;42.516865, -5.7671404
MECÁNICOS DE MANTENIMIENTO INDUSTRIAL;León;2026-08-20;<p>Para más información acuda a <a href='http://empleocastillayleon.jcyl.es/oficinavirtual/buscoEmpleoPub.do?srvc=ver&scope=reg&cod=392631'>Oficina Virtual</a></p>;;ECYL;1179297950769;Santovenia de la Valdoncina;42.54364;-5.622796;24;1285672382546;2026-09-15;https://empleo.jcyl.es/web/jcyl/Empleo/es/Plantilla100Detalle/1284216458054/OfertasEmpleo/1285672382546/Empleo;42.54364, -5.622796
SOLDADORES POR MIG-MAG;León;2026-08-20;<p>Para más información acuda a <a href='http://empleocastillayleon.jcyl.es/oficinavirtual/buscoEmpleoPub.do?srvc=ver&scope=reg&cod=392613'>Oficina Virtual</a></p>;;ECYL;1179297950769;Santovenia de la Valdoncina;42.54364;-5.622796;24;1285672382518;2026-09-15;https://empleo.jcyl.es/web/jcyl/Empleo/es/Plantilla100Detalle/1284216458054/OfertasEmpleo/1285672382518/Empleo;42.54364, -5.622796
EMPLEADOS DE SERVICIOS FUNERARIOS EN GENERAL;Zamora;2026-08-20;"<p>Se necesita EMPLEADO/CONDUCTOR PARA FUNERARIA en Benavente ( Zamora).
Contrato indefinido a jornada completa.
Funciones de:
-Recogida, manipulación y traslado de difuntos.
-Trato de familiares.
-Preparación del sepelio en todas sus formas.
-Preparación de las instalaciones para su uso en velatorios.
-Preparación de los vehículos para el uso de traslados y funerales.
-Traslados del difunto en vehículo, provinciales y nacionales.
-Realización de funerales.
-Manejo de ofimática.
Interesados enviar C.V. a: fvirgendelcarmenbenavente@gmail.com</p><p>Para más información acuda a <a href='http://empleocastillayleon.jcyl.es/oficinavirtual/buscoEmpleoPub.do?srvc=ver&scope=reg&cod=392668'>Oficina Virtual</a></p>";;ECYL;1179469338450;Benavente;42.002884;-5.678469;49;1285672557883;2026-08-20;https://empleo.jcyl.es/web/jcyl/Empleo/es/Plantilla100Detalle/1284216458054/OfertasEmpleo/1285672557883/Empleo;42.002884, -5.678469
PEONES GANADEROS, EN GENERAL;Zamora;2026-08-20;"<p>Oferta 08/2026/17568 
Se necesita PEON DE GRANJA PORCINA para VEGA DE TERA (ZAMORA).
Nº de puestos: 1
Funciones: Dar de comer a los animales, limpieza, identificación y ayuda a veterinario de granja.
Contrato indefinido a jornada completa.
Requisitos: Permiso de conducir tipo B.
Contacto: Tlf.: 649662973</p><p>Para más información acuda a <a href='http://empleocastillayleon.jcyl.es/oficinavirtual/buscoEmpleoPub.do?srvc=ver&scope=reg&cod=392384'>Oficina Virtual</a></p>";;ECYL;1179469478016;Vega de Tera;41.997177;-6.12553;49;1285672382452;2026-08-20;https://empleo.jcyl.es/web/jcyl/Empleo/es/Plantilla100Detalle/1284216458054/OfertasEmpleo/1285672382452/Empleo;41.997177, -6.12553
ASISTENTES DOMICILIARIOS;Burgos;2026-08-19;"<p>PUESTO SOLICITADO: Asistentes/as domiciliarios/as 
LOCALIDAD: Lerma (Burgos)
REQUISITOS:
. Experiencia o formación relacionada. 
. Permiso de conducir y vehículo para desplazarse a municipios cercanos. 
SE OFRECE:
. Contrato laboral temporal. 
. Jornada parcial (25h/s). De lunes a viernes en horario de mañana.</p><p>Para más información acuda a <a href='http://empleocastillayleon.jcyl.es/oficinavirtual/buscoEmpleoPub.do?srvc=ver&scope=reg&cod=392544'>Oficina Virtual</a></p>";;ECYL;1182753783538;Lerma;42.026592;-3.7567337;09;1285672205408;2026-09-09;https://empleo.jcyl.es/web/jcyl/Empleo/es/Plantilla100Detalle/1284216458054/OfertasEmpleo/1285672205408/Empleo;42.026592, -3.7567337
ENFERMEROS DE CUIDADOS GENERALES;Burgos;2026-08-19;"<p>Contrato indefinido, jornada completa, horario a convenir.
Las personas interesadas ; asistir de manera presencial en horario de lunes a viernes de 8-15h. 
Fundación de la tercera edad Palacios de la Sierra.
CM/ Monasterio S/N- 09680 Palacios de la Sierra</p><p>Para más información acuda a <a href='http://empleocastillayleon.jcyl.es/oficinavirtual/buscoEmpleoPub.do?srvc=ver&scope=reg&cod=392515'>Oficina Virtual</a></p>";;ECYL;1179297574576;Palacios de la Sierra;41.963108;-3.1244664;09;1285672164907;2026-08-19;https://empleo.jcyl.es/web/jcyl/Empleo/es/Plantilla100Detalle/1284216458054/OfertasEmpleo/1285672164907/Empleo;41.963108, -3.1244664
ASISTENTES DOMICILIARIOS;Burgos;2026-08-19;"<p>Jornada parcial 25h/s, de L-V de mañana y tarde. 
3 meses de experiencia o titulación.
Interesados enviar CV a phernandor@seniorsi.es</p><p>Para más información acuda a <a href='http://empleocastillayleon.jcyl.es/oficinavirtual/buscoEmpleoPub.do?srvc=ver&scope=reg&cod=392594'>Oficina Virtual</a></p>";;ECYL;1179297602623;Quintanar de la Sierra;41.982834;-3.038318;09;1285672244571;2026-08-19;https://empleo.jcyl.es/web/jcyl/Empleo/es/Plantilla100Detalle/1284216458054/OfertasEmpleo/1285672244571/Empleo;41.982834, -3.038318
FISIOTERAPEUTAS, EN GENERAL;Burgos;2026-08-19;"<p>Contrato indefinido, jornada parcial, horario a convenir.
Interesados: asistir de manera presencial a Fundación de la tercera edad en Palacios de la Sierra, en horario de lunes a viernes de 8 a15h.</p><p>Para más información acuda a <a href='http://empleocastillayleon.jcyl.es/oficinavirtual/buscoEmpleoPub.do?srvc=ver&scope=reg&cod=392539'>Oficina Virtual</a></p>";;ECYL;1179297574576;Palacios de la Sierra;41.963108;-3.1244664;09;1285672185058;2026-08-19;https://empleo.jcyl.es/web/jcyl/Empleo/es/Plantilla100Detalle/1284216458054/OfertasEmpleo/1285672185058/Empleo;41.963108, -3.1244664
TERAPEUTAS OCUPACIONALES;Burgos;2026-08-19;"<p>Contrato indefinido, jornada parcial, horario a convenir.
Interesados; asistir de manera presencial a Fundación tercera edad, en Palacios de la Sierra, de lunes a viernes en horario de 8 a 15h.</p><p>Para más información acuda a <a href='http://empleocastillayleon.jcyl.es/oficinavirtual/buscoEmpleoPub.do?srvc=ver&scope=reg&cod=392534'>Oficina Virtual</a></p>";;ECYL;1179297574576;Palacios de la Sierra;41.963108;-3.1244664;09;1285672164935;2026-08-19;https://empleo.jcyl.es/web/jcyl/Empleo/es/Plantilla100Detalle/1284216458054/OfertasEmpleo/1285672164935/Empleo;41.963108, -3.1244664
CUIDADORES DE PERSONAS CON DISCAPACIDAD Y/O DEPENDENCIA, EN INSTITUCIONES;Burgos;2026-08-19;"<p>CUIDADOR DE PERSONAS MAYORES EN UNA RESIDENCIA en Melgar de Fernamental (Burgos)
Contrato indefinido. Jornada completa.</p><p>Para más información acuda a <a href='http://empleocastillayleon.jcyl.es/oficinavirtual/buscoEmpleoPub.do?srvc=ver&scope=reg&cod=392490'>Oficina Virtual</a></p>";;ECYL;1179297544045;Melgar de Fernamental;42.403416;-4.2444806;09;1285672104164;2026-08-19;https://empleo.jcyl.es/web/jcyl/Empleo/es/Plantilla100Detalle/1284216458054/OfertasEmpleo/1285672104164/Empleo;42.403416, -4.2444806
ASISTENTES DOMICILIARIOS;León;2026-08-19;<p>Para más información acuda a <a href='http://empleocastillayleon.jcyl.es/oficinavirtual/buscoEmpleoPub.do?srvc=ver&scope=reg&cod=392583'>Oficina Virtual</a></p>;;ECYL;1179298011947;Villademor de la Vega;42.269985;-5.568291;24;1285672244599;2026-08-19;https://empleo.jcyl.es/web/jcyl/Empleo/es/Plantilla100Detalle/1284216458054/OfertasEmpleo/1285672244599/Empleo;42.269985, -5.568291
ANIMADORES SOCIOCULTURALES;Palencia;2026-08-19;<p>PARA IMPARTIR ACTIVIDADES Y TALLERES DENTRO DEL PROGRAMA DE DINAMIZACIÓN DE LA GERENCIA DE SERVICIOS SOCIALES DE JCYL. ES UN TRABAJO DE 5 HORAS A LA SEMANA, ORGANIZADO CON FLEXIBILIDAD HORARIO, DE OCTUBRE A MAYO, SE TIENE EN CUENTA LA DISPONIBILIDAD HORARIO DE LOS INTERESADOS/AS. CONTRATO FIJO DISCONTINUO CON VACACIONES EN NAVIDAD Y SEMANA SANTA, COINCIDENTE CON CALENDARIO ESCOLAR. NO SE PRECISA EXPERIENCIA PREVIA SINO TENER UNA CAPACIDAD COMUNICATIVA CON LAS PERSONAS Y PROMOVER ACTIVIDADES Y TALLERES ATRACTIVOS PARA ELLOS: MARCHAS, TEATRO, MANUALIDADES, ETC.</p><p>Para más información acuda a <a href='http://empleocastillayleon.jcyl.es/oficinavirtual/buscoEmpleoPub.do?srvc=ver&scope=reg&cod=392599'>Oficina Virtual</a></p>;;ECYL;1179298051138;Aguilar de Campoo;42.79319;-4.262214;34;1285672244117;2026-08-19;https://empleo.jcyl.es/web/jcyl/Empleo/es/Plantilla100Detalle/1284216458054/OfertasEmpleo/1285672244117/Empleo;42.79319, -4.262214
JEFES DE COCINA (HOSTELERÍA);Valladolid;2026-08-19;<p>Para más información acuda a <a href='http://empleocastillayleon.jcyl.es/oficinavirtual/buscoEmpleoPub.do?srvc=ver&scope=reg&cod=392584'>Oficina Virtual</a></p>;;ECYL;1179469311668;Valladolid;41.652252;-4.724532;47;1285672244432;2026-08-19;https://empleo.jcyl.es/web/jcyl/Empleo/es/Plantilla100Detalle/1284216458054/OfertasEmpleo/1285672244432/Empleo;41.652252, -4.724532
PEONES GANADEROS, EN GENERAL;Zamora;2026-08-19;"<p>FUNCIONES Y TAREAS A DESEMPEÑAR: Manejo de ganado vacuno de carne estabulado
REQUISITOS DEL PUESTO: Valorable experiencia laboral previa
CONDICIONES LABORALES: Contrato indefinido a jornada completa. Horario de 08:00 a 15:00 horas. Salario bruto 18.300 $
NÚMERO DE PUESTOS: 1
PARA SOLICITAR: Los interesados deben enviar su CV a ecyldoctorfleming.ofertas@jcyl.es indicando en el asunto el número de la oferta</p><p>Para más información acuda a <a href='http://empleocastillayleon.jcyl.es/oficinavirtual/buscoEmpleoPub.do?srvc=ver&scope=reg&cod=392581'>Oficina Virtual</a></p>";;ECYL;1179469491795;Zamora;41.507324;-5.745313;49;1285672227367;2026-09-18;https://empleo.jcyl.es/web/jcyl/Empleo/es/Plantilla100Detalle/1284216458054/OfertasEmpleo/1285672227367/Empleo;41.507324, -5.745313
ASISTENTES DOMICILIARIOS;Burgos;2026-08-18;"<p>ASISTENTE DOMICILIARIO en Villangómez (Burgos).
Funciones: Atención en el propio domicilio, a las personas usuarias, siguiendo las pautas de actuación y atendiendo a lo establecido por los/as técnicos/as responsables del servicio.
Contrato indefinido, a jornada parcial (5h/s con posibilidad de ampliar jornada. De lunes a viernes por la tarde a convenir).</p><p>Para más información acuda a <a href='http://empleocastillayleon.jcyl.es/oficinavirtual/buscoEmpleoPub.do?srvc=ver&scope=reg&cod=392409'>Oficina Virtual</a></p>";;ECYL;1179297710941;Villangómez;42.179874;-3.7746222;09;1285671867754;2026-08-18;https://empleo.jcyl.es/web/jcyl/Empleo/es/Plantilla100Detalle/1284216458054/OfertasEmpleo/1285671867754/Empleo;42.179874, -3.7746222
COCINEROS, EN GENERAL;Burgos;2026-08-18;"<p>Se precisa TÉCNICO DE COCINA para Residencia de Personas Mayores de Cortes, dependiente de Gerencia Territorial de Servicios Sociales de Burgos. Contrato temporal a jornada completa horario continuado para cubrir incapacidad temporal.
TITULACIÓN: Técnico en Cocina y Gastronomía.
Oferta dirigida a personas inscritas en los Servicios Públicos de Empleo. 
No se contestarán candidaturas sin los requisitos pedidos. 
INTERESADOS contactar con nombre completo y DNI/NIE a ecyljuandepadilla.ofertas@jcyl.es con referencia ?OFERTA 14470 TÉC.COCINA?.</p><p>Para más información acuda a <a href='http://empleocastillayleon.jcyl.es/oficinavirtual/buscoEmpleoPub.do?srvc=ver&scope=reg&cod=389286'>Oficina Virtual</a></p>";;ECYL;1179297447246;Burgos;42.3408235575;-3.70205869083;09;1285671836252;2026-08-18;https://empleo.jcyl.es/web/jcyl/Empleo/es/Plantilla100Detalle/1284216458054/OfertasEmpleo/1285671836252/Empleo;42.3408235575, -3.70205869083
CAJEROS DE COMERCIO;Burgos;2026-08-18;"<p>Contrato indefinido, jornada completa, horario rotativo.
Interados: mandar CV a ana.santamaria@diagroup.com</p><p>Para más información acuda a <a href='http://empleocastillayleon.jcyl.es/oficinavirtual/buscoEmpleoPub.do?srvc=ver&scope=reg&cod=392462'>Oficina Virtual</a></p>";;ECYL;1179297614054;Salas de los Infantes;42.023308;-3.286461;09;1285671955220;2026-08-18;https://empleo.jcyl.es/web/jcyl/Empleo/es/Plantilla100Detalle/1284216458054/OfertasEmpleo/1285671955220/Empleo;42.023308, -3.286461
ENFERMEROS DE CUIDADOS GENERALES;Burgos;2026-08-18;"<p>PUESTO SOLICITADO: Enfermero/a en centro Residencial privado
LOCALIDAD: Lerma (BURGOS)
REQUISITOS: Titulación correspondiente
SE OFRECE: Contrato laboral indefinido
Jornada completa (a convenir)</p><p>Para más información acuda a <a href='http://empleocastillayleon.jcyl.es/oficinavirtual/buscoEmpleoPub.do?srvc=ver&scope=reg&cod=380823'>Oficina Virtual</a></p>";;ECYL;1182753783538;Lerma;42.026592;-3.7567337;09;1285671956335;2026-08-18;https://empleo.jcyl.es/web/jcyl/Empleo/es/Plantilla100Detalle/1284216458054/OfertasEmpleo/1285671956335/Empleo;42.026592, -3.7567337
AZAFATOS O AUXILIARES DE INFORMACIÓN;León;2026-08-18;<p>PROMOTOR DE CAFE Y CAFETERA PARA EROSKI EN LA BAÑEZA. 12 HORAS SEMANLES. LUNES Y SABADOS DE 17 A 21 HORAS.EL VIERNES DE 11 A 15 HORAS. INTERESADOS/AS ENVIAR CV A dpto.documentacion@newlineevents.es CON COPIA A ecylbaneza@jycl.es EN ASUNTO PONER PROMOCIÓN LA BAÑEZA</p><p>Para más información acuda a <a href='http://empleocastillayleon.jcyl.es/oficinavirtual/buscoEmpleoPub.do?srvc=ver&scope=reg&cod=392445'>Oficina Virtual</a></p>;;ECYL;1179297770767;Bañeza (La);42.2972527905;-5.89591028588;24;1285671955285;2026-08-18;https://empleo.jcyl.es/web/jcyl/Empleo/es/Plantilla100Detalle/1284216458054/OfertasEmpleo/1285671955285/Empleo;42.2972527905, -5.89591028588
ENFERMEROS ESPECIALISTAS EN ENFERMERÍA GERIÁTRICA;León;2026-08-18;"<p>Se buscan 2 ENFERMEROS/AS para residencia de mayores en Villamañán (León).
Se ofrece contrato indefinido. Un puesto es a jornada completa y otro puesto a media jornada.
Las personas interesadas contactar con la O.E. Valencia de Don Juan al teléfono 987750975 en horario de 09:00 a 14:00 horas (indicar n oferta 17602).</p><p>Para más información acuda a <a href='http://empleocastillayleon.jcyl.es/oficinavirtual/buscoEmpleoPub.do?srvc=ver&scope=reg&cod=392418'>Oficina Virtual</a></p>";;ECYL;1179298017072;Villamañán;42.320793;-5.5840464;24;1285671867429;2026-08-18;https://empleo.jcyl.es/web/jcyl/Empleo/es/Plantilla100Detalle/1284216458054/OfertasEmpleo/1285671867429/Empleo;42.320793, -5.5840464
TERAPEUTAS OCUPACIONALES;León;2026-08-18;"<p>Se necesita 1 TERAPEUTA OCUPACIONAL para residencia de mayores en Villamañán (León)
Se requiere 1 año de experiencia y el título universitario.
Se ofrece contrato indefinido a jornada completa. 
Interesados/as contactar con O.E. Valencia de don Juan, al teléfono 987750975 en horario de 9:00 a 14:00 horas (nº oferta 1973).</p><p>Para más información acuda a <a href='http://empleocastillayleon.jcyl.es/oficinavirtual/buscoEmpleoPub.do?srvc=ver&scope=reg&cod=376789'>Oficina Virtual</a></p>";;ECYL;1179298017072;Villamañán;42.320793;-5.5840464;24;1285671867030;2026-08-18;https://empleo.jcyl.es/web/jcyl/Empleo/es/Plantilla100Detalle/1284216458054/OfertasEmpleo/1285671867030/Empleo;42.320793, -5.5840464
CUIDADORES DE PERSONAS CON DISCAPACIDAD Y/O DEPENDENCIA, EN INSTITUCIONES;León;2026-08-18;"<p>SE NECESITA CUBRIR 3 PUESTOS DE GEROCULTOR/A PARA RESIDENCIA DE MAYORES EN BEMBIBRE
SE OFRECE: CONTRATO LABORAL INDEFINIDO A JORNADA COMPLETA
SE REQUIERE: FORMACIÓN EN AUXILIAR ENFERMERÍA, TÉCNICO EN ATENCIÓN A PERSONAS EN SITUACIÓN DE DEPENDENCIA, TÉCNICO DE ATENCIÓN SOCIOSANITARIA, CERTIFICADO DE PROFESIONALIDAD CORRESPONDIENTE.
PERSONAS INTERESADAS CONTACTAR CON LA OFICINA DE EMPLEO DE BEMBIBRE (987511461) EN HORARIO DE 9:00 A 14:00 HORAS INDICADO OFERTA Nº 17451</p><p>Para más información acuda a <a href='http://empleocastillayleon.jcyl.es/oficinavirtual/buscoEmpleoPub.do?srvc=ver&scope=reg&cod=392267'>Oficina Virtual</a></p>";;ECYL;1179297775135;Bembibre;42.617176;-6.4186482;24;1285671836373;2026-08-18;https://empleo.jcyl.es/web/jcyl/Empleo/es/Plantilla100Detalle/1284216458054/OfertasEmpleo/1285671836373/Empleo;42.617176, -6.4186482
TERAPEUTAS OCUPACIONALES;Palencia;2026-08-18;<p>Residencia de ancianos.</p><p>Para más información acuda a <a href='http://empleocastillayleon.jcyl.es/oficinavirtual/buscoEmpleoPub.do?srvc=ver&scope=reg&cod=392382'>Oficina Virtual</a></p>;;ECYL;1179298061923;Barruelo de Santullán;42.906666;-4.2859073;34;1285671836308;2026-08-18;https://empleo.jcyl.es/web/jcyl/Empleo/es/Plantilla100Detalle/1284216458054/OfertasEmpleo/1285671836308/Empleo;42.906666, -4.2859073
COCINEROS, EN GENERAL;León;2026-08-17;<p>Para más información acuda a <a href='http://empleocastillayleon.jcyl.es/oficinavirtual/buscoEmpleoPub.do?srvc=ver&scope=reg&cod=392352'>Oficina Virtual</a></p>;;ECYL;1179297884683;Pola de Gordón (La);42.854378;-5.671433;24;1285671705157;2026-08-17;https://empleo.jcyl.es/web/jcyl/Empleo/es/Plantilla100Detalle/1284216458054/OfertasEmpleo/1285671705157/Empleo;42.854378, -5.671433
TRABAJADORES SOCIALES;León;2026-08-17;"<p>Oferta nº 08/2026/17451.
Se busca trabajador/a social para residencia de mayores. Contrato indefinido a jornada parcial. Horario a concretar.
Requisitos: experiencia mínima de 3 meses.
INTERESADOS CONTACTAR O.E. PONFERRADA tfno. 987410859 ? EXT.2</p><p>Para más información acuda a <a href='http://empleocastillayleon.jcyl.es/oficinavirtual/buscoEmpleoPub.do?srvc=ver&scope=reg&cod=392357'>Oficina Virtual</a></p>";;ECYL;1179297958332;Toreno;42.69927;-6.51315;24;1285671704473;2026-08-17;https://empleo.jcyl.es/web/jcyl/Empleo/es/Plantilla100Detalle/1284216458054/OfertasEmpleo/1285671704473/Empleo;42.69927, -6.51315
FISIOTERAPEUTAS, EN GENERAL;León;2026-08-17;<p>Para más información acuda a <a href='http://empleocastillayleon.jcyl.es/oficinavirtual/buscoEmpleoPub.do?srvc=ver&scope=reg&cod=392356'>Oficina Virtual</a></p>;;ECYL;1179297884683;Pola de Gordón (La);42.854378;-5.671433;24;1285671705297;2026-08-17;https://empleo.jcyl.es/web/jcyl/Empleo/es/Plantilla100Detalle/1284216458054/OfertasEmpleo/1285671705297/Empleo;42.854378, -5.671433
COCINEROS, EN GENERAL;Zamora;2026-08-17;"<p>Oferta Núm. 14453 AYUDANTE DE COCINA para empresa de Zamora
Los interesados/as deben enviar su CV a (ecyldoctorfleming.ofertas@jcyl.es) indicando en el asunto el Núm. de la oferta.
FUNCIONES: Asistencia y apoyo al cocinero del centro.
CONDICIONES: Contrato indefinido. Jornada completa.
REQUISITOS: Graduado/a en ESO o equivalente. Valorable formación en cocina y permiso de circulación.</p><p>Para más información acuda a <a href='http://empleocastillayleon.jcyl.es/oficinavirtual/buscoEmpleoPub.do?srvc=ver&scope=reg&cod=389269'>Oficina Virtual</a></p>";;ECYL;1179469491795;Zamora;41.507324;-5.745313;49;1285671620544;2026-08-17;https://empleo.jcyl.es/web/jcyl/Empleo/es/Plantilla100Detalle/1284216458054/OfertasEmpleo/1285671620544/Empleo;41.507324, -5.745313
FISIOTERAPEUTAS, EN GENERAL;Ávila;2026-08-14;<p>SE NECESITA FISIOTERAPEUTA PARA CLÍNICA DE FISIOTERAPIA EN CANDELEDA, ÁVILA. CONTRATO TEMPORAL CON POSIBILIDAD DE INDEFINIDO, JORNADA COMPLETA. INTERESADOS ENVIAR CURRICULUM A: FISIOTERAPIACANDELEDA@YAHOO.ES .</p><p>Para más información acuda a <a href='http://empleocastillayleon.jcyl.es/oficinavirtual/buscoEmpleoPub.do?srvc=ver&scope=reg&cod=391935'>Oficina Virtual</a></p>;;ECYL;1179297203732;Candeleda;40.155926;-5.243635;05;1285671046529;2026-08-14;https://empleo.jcyl.es/web/jcyl/Empleo/es/Plantilla100Detalle/1284216458054/OfertasEmpleo/1285671046529/Empleo;40.155926, -5.243635
TERAPEUTAS OCUPACIONALES;León;2026-08-14;<p>Para más información acuda a <a href='http://empleocastillayleon.jcyl.es/oficinavirtual/buscoEmpleoPub.do?srvc=ver&scope=reg&cod=391963'>Oficina Virtual</a></p>;;ECYL;1179297860755;León;42.59873;-5.5670958;24;1285671083630;2026-08-14;https://empleo.jcyl.es/web/jcyl/Empleo/es/Plantilla100Detalle/1284216458054/OfertasEmpleo/1285671083630/Empleo;42.59873, -5.5670958
MÉDICOS, MEDICINA GENERAL;León;2026-08-14;<p>CONTRATO LABORAL INDEFINIDO, A MEDIA JORNADA EN HORARIO INTENSIVO.</p><p>Para más información acuda a <a href='http://empleocastillayleon.jcyl.es/oficinavirtual/buscoEmpleoPub.do?srvc=ver&scope=reg&cod=392243'>Oficina Virtual</a></p>;;ECYL;1179297967519;Valdefresno;42.594204;-5.493184;24;1285671168257;2026-08-14;https://empleo.jcyl.es/web/jcyl/Empleo/es/Plantilla100Detalle/1284216458054/OfertasEmpleo/1285671168257/Empleo;42.594204, -5.493184
TERAPEUTAS OCUPACIONALES;León;2026-08-14;"<p>Oferta 17410: Terapeuta Ocupacional para Residencia de Mayores en Valdefresno.
Contrato indefinido con media jornada.
Interesados/as llamar a la Oficina de Empleo Serna al tflno 987215200</p><p>Para más información acuda a <a href='http://empleocastillayleon.jcyl.es/oficinavirtual/buscoEmpleoPub.do?srvc=ver&scope=reg&cod=392226'>Oficina Virtual</a></p>";;ECYL;1179297967519;Valdefresno;42.594204;-5.493184;24;1285671083602;2026-08-14;https://empleo.jcyl.es/web/jcyl/Empleo/es/Plantilla100Detalle/1284216458054/OfertasEmpleo/1285671083602/Empleo;42.594204, -5.493184
FISIOTERAPEUTAS, EN GENERAL;León;2026-08-14;"<p>Se busca 1 FISIOTERAPEUTA para residencia de personas mayores en Valderas (León).
Se ofrece contrato indefinido, jornada parcial.
Las personas interesadas podrán contactar con la O.E. Valencia de Don Juan al teléfono 987750975 en horario de 09:00 a 14:00 horas.</p><p>Para más información acuda a <a href='http://empleocastillayleon.jcyl.es/oficinavirtual/buscoEmpleoPub.do?srvc=ver&scope=reg&cod=380922'>Oficina Virtual</a></p>";;ECYL;1179297976155;Valderas;42.0777170736;-5.44227215336;24;1285671046610;2026-08-14;https://empleo.jcyl.es/web/jcyl/Empleo/es/Plantilla100Detalle/1284216458054/OfertasEmpleo/1285671046610/Empleo;42.0777170736, -5.44227215336
CUIDADORES DE PERSONAS CON DISCAPACIDAD Y/O DEPENDENCIA, EN INSTITUCIONES;León;2026-08-14;"<p>Se busca 2 GEROCULTORES/AS para residencia de mayores en Valderas (León).
Se ofrece contrato indefinido a jornada parcial.
Las personas interesadas contactar con O.E. Valencia de Don Juan al teléfono 987750975 en horario de 09:00 a 14:00 horas (nº oferta 17409).</p><p>Para más información acuda a <a href='http://empleocastillayleon.jcyl.es/oficinavirtual/buscoEmpleoPub.do?srvc=ver&scope=reg&cod=392225'>Oficina Virtual</a></p>";;ECYL;1179297976155;Valderas;42.0777170736;-5.44227215336;24;1285671083263;2026-08-14;https://empleo.jcyl.es/web/jcyl/Empleo/es/Plantilla100Detalle/1284216458054/OfertasEmpleo/1285671083263/Empleo;42.0777170736, -5.44227215336
CAMAREROS, EN GENERAL;Segovia;2026-08-14;"<p>Se ofrece puesto de camarero con jornada completa, incorporación inmediata, dos días de libranza semanales, incluyendo un fin de semana al mes; salario según convenio con mejoras y posibilidad de contrato indefinido.</p><p>Para más información acuda a <a href='http://empleocastillayleon.jcyl.es/oficinavirtual/buscoEmpleoPub.do?srvc=ver&scope=reg&cod=389439'>Oficina Virtual</a></p>";;ECYL;1179298527789;Navalmanzano;41.21304;-4.257234;40;1285671247919;2026-08-28;https://empleo.jcyl.es/web/jcyl/Empleo/es/Plantilla100Detalle/1284216458054/OfertasEmpleo/1285671247919/Empleo;41.21304, -4.257234
AUXILIARES DE ENFERMERÍA DE GERIATRÍA;Zamora;2026-08-14;"<p>Oferta Núm. 17405 DOS AUXILIARES DE ENFERMERÍA-GERIATRÍA para Centro de Villarrín de Campos (Zamora)
Los interesados/as deben enviar su CV a (ecyldoctorfleming.ofertas@jcyl.es) indicando en el asunto el Núm. de la oferta.
FUNCIONES: Atención a los usuarios/as del Centro.
CONDICIONES: Contrato indefinido. Jornada completa. Horario a turnos.
REQUISITOS: Titulación de Auxiliar de Enfermeria, Atención a Personas en Situación de Dependencia. Certificado de Profesionalidad.</p><p>Para más información acuda a <a href='http://empleocastillayleon.jcyl.es/oficinavirtual/buscoEmpleoPub.do?srvc=ver&scope=reg&cod=392221'>Oficina Virtual</a></p>";;ECYL;1179469489754;Villarrín de Campos;41.79514;-5.639223;49;1285671046319;2026-09-15;https://empleo.jcyl.es/web/jcyl/Empleo/es/Plantilla100Detalle/1284216458054/OfertasEmpleo/1285671046319/Empleo;41.79514, -5.639223
TERAPEUTAS OCUPACIONALES;Burgos;2026-08-13;"<p>Buscamos un/a Terapeuta Ocupacional cualificado/a y con vocación por la geriatría para incorporarse al equipo interdisciplinar de nuestra residencia de mayores. Su objetivo principal será evaluar, mantener y mejorar la autonomía funcional, cognitiva y social de nuestros residentes, promoviendo su calidad de vida y un envejecimiento activo.
Tareas a desempeñar:
Valoración, evaluar la autonomía física, cognitiva y funcional de los residentes al ingreso y en sus revisiones.
Terapia, diseñar y dirigir talleres de estimulación cognitiva, psicomotricidad y laborterapia.
Autonomía, entrenar las Actividades de la Vida Diaria (AVD) para mantener la independencia del mayor.</p><p>Para más información acuda a <a href='http://empleocastillayleon.jcyl.es/oficinavirtual/buscoEmpleoPub.do?srvc=ver&scope=reg&cod=392179'>Oficina Virtual</a></p>";;ECYL;1179297457373;Castrojeriz;42.2879458448;-4.13752099399;09;1285670871704;2026-08-13;https://empleo.jcyl.es/web/jcyl/Empleo/es/Plantilla100Detalle/1284216458054/OfertasEmpleo/1285670871704/Empleo;42.2879458448, -4.13752099399
MAESTROS DE EDUCACIÓN INFANTIL;Burgos;2026-08-13;"<p>MONITOR/A para trabajar en la atención, acompañamiento y apoyo a personas con discapacidad intelectual (DI) y/o enfermedad mental (EM).
Funciones:
Atención, apoyo y acompañamiento a personas con discapacidad
Desarrollo y seguimiento de actividades educativas, sociales y de ocio
Apoyo en adquisición y mantenimiento de habilidades de autonomía personal y social
Participación en actividades y programas desarrollados por la entidad
Acompañamiento de usuarios en actividades y desplazamientos
Coordinación con el resto del equipo de profesionales
Requisitos:
Titulación de Grado en Educación Primaria, Pedagogía o titulación equivalente/relacionada con el puesto
Formación específica en el ámbito de la discapacidad intelectual y/o enfermedad mental
Se valorará experiencia previa en la atención y acompañamiento a personas con discapacidad
Disponibilidad para incorporación y desempeño de las funciones propias del puesto</p><p>Para más información acuda a <a href='http://empleocastillayleon.jcyl.es/oficinavirtual/buscoEmpleoPub.do?srvc=ver&scope=reg&cod=392157'>Oficina Virtual</a></p>";;ECYL;1179297544045;Melgar de Fernamental;42.403416;-4.2444806;09;1285670802422;2026-08-13;https://empleo.jcyl.es/web/jcyl/Empleo/es/Plantilla100Detalle/1284216458054/OfertasEmpleo/1285670802422/Empleo;42.403416, -4.2444806
TERAPEUTAS OCUPACIONALES;León;2026-08-13;"<p>Oferta 17334 Terapeuta ocupacional para residencia de mayores de Cistierna. Contrato parcial de 20 h, tres días a la semana.
Contactar con el ecyl de Cistierna, ecylcistierna@jcyl.es</p><p>Para más información acuda a <a href='http://empleocastillayleon.jcyl.es/oficinavirtual/buscoEmpleoPub.do?srvc=ver&scope=reg&cod=392150'>Oficina Virtual</a></p>";;ECYL;1179297821881;Cistierna;42.80451;-5.125196;24;1285670832104;2026-08-28;https://empleo.jcyl.es/web/jcyl/Empleo/es/Plantilla100Detalle/1284216458054/OfertasEmpleo/1285670832104/Empleo;42.80451, -5.125196
CUIDADORES DE PERSONAS CON DISCAPACIDAD Y/O DEPENDENCIA, EN INSTITUCIONES;León;2026-08-13;"<p>Se necesitan 2 GEROCULTORES/AS para residencia de mayores en Fresno de la Vega (León).
Se ofrece:
- Contrato temporal.
- Jornada completa.
- Horario a turnos (M, T y N).
Las personas interesadas pónganse en contacto con O.E. Valencia de Don Juan al teléfono 987750975 en horario de 09:00 a 14:00 horas.</p><p>Para más información acuda a <a href='http://empleocastillayleon.jcyl.es/oficinavirtual/buscoEmpleoPub.do?srvc=ver&scope=reg&cod=392193'>Oficina Virtual</a></p>";;ECYL;1179297842018;Fresno de la Vega;42.345005;-5.532435;24;1285670903933;2026-08-13;https://empleo.jcyl.es/web/jcyl/Empleo/es/Plantilla100Detalle/1284216458054/OfertasEmpleo/1285670903933/Empleo;42.345005, -5.532435
ENFERMEROS DE CUIDADOS GENERALES;Burgos;2026-08-12;<p>OFERTA 09/2026/10148. 1 PLAZA DE ENFERMERO/A PARA FUNDACIÓN CASA ASILO DE POBRES. RESIDENCIA LA MILAGROSA EN BRIVIESCA. CONTRATO LABORAL INDEFINIDO A JORNADA COMPLETA. CONTACTO 947590013 Y O.E. BRIVIESCA 947590022.</p><p>Para más información acuda a <a href='http://empleocastillayleon.jcyl.es/oficinavirtual/buscoEmpleoPub.do?srvc=ver&scope=reg&cod=384964'>Oficina Virtual</a></p>;;ECYL;1179297445503;Briviesca;42.5506452202;-3.3242004007;09;1285670596844;2026-08-12;https://empleo.jcyl.es/web/jcyl/Empleo/es/Plantilla100Detalle/1284216458054/OfertasEmpleo/1285670596844/Empleo;42.5506452202, -3.3242004007
ASISTENTES DOMICILIARIOS;León;2026-08-12;<p>Para más información acuda a <a href='http://empleocastillayleon.jcyl.es/oficinavirtual/buscoEmpleoPub.do?srvc=ver&scope=reg&cod=392092'>Oficina Virtual</a></p>;;ECYL;1179298036558;Villamanín;42.938904;-5.6556544;24;1285670583569;2026-08-12;https://empleo.jcyl.es/web/jcyl/Empleo/es/Plantilla100Detalle/1284216458054/OfertasEmpleo/1285670583569/Empleo;42.938904, -5.6556544
34 Teleoperadores/as de atención al cliente con idiomas (Valencia - España);Otra;2026-08-12;"<p style='text-align: justify;'><em>Assist CRM Spain SL</em> precisa incorporar a varios/as <strong>TELEOPERADORES/AS DE ATENCIÓN AL CLIENTE (TELEPHONE CUSTOMER CARE ADVISOR) </strong>con distintos perfiles de idiomas en Valencia (España).</p>
<p style='text-align: justify;'><strong>Position details:</strong></p>
<ul style='text-align: justify;'>
<li>Occupation: TELEPHONE CUSTOMER CARE ADVISOR - CONNECTED SERVICES</li>
<li>Number of Vacancies: 30 French and 4 Polish</li>
<li>Full Job Description: We are looking for professionals to provide telephone support to customers using connected vehicle services, ensuring a clear, empathetic and effective experience. The advisor identifies the customer's needs, performs first-line troubleshooting, accurately records the case and, where necessary, ensures escalation and follow-up through to resolution.</li>
<li>First-line troubleshooting, accurately records the case and, where necessary, ensures escalation and follow-up through to resolution.</li>
</ul>
<p style='text-align: justify;'><strong>Key responsibilities:</strong></p>
<ul style='text-align: justify;'>
<li>Handle inbound calls and, where required by the process, make outbound calls to customers.</li>
<li>Support customers with the activation and use of connected services, including accounts, login, vehicle-to-app pairing, digital features and available services.</li>
<li>Carry out first-line troubleshooting by following procedures, scripts and the knowledge base, guiding the customer step by step.</li>
<li>Gather all information required for diagnosis, including vehicle and device details, a description of the issue, error messages and checks already completed.</li>
<li>Create, update and close cases in the CRM, documenting every customer contact, action and outcome fully and accurately.</li>
<li>Escalate technical or complex cases to the back office or relevant teams, monitor their progress and keep the customer informed until closure.</li>
<li>Handle complaints and critical situations with active listening, composure and a solution-focused approach, safeguarding customer satisfaction and the brand's reputation.</li>
<li>Comply with quality standards, service levels, operating procedures, confidentiality requirements and data protection rules.</li>
<li>Work closely with the Team Leader and the Quality and Training teams, reporting recurring issues and contributing to the continuous improvement of the service.</li>
<li>Collaborate with the dealer network and internal stakeholders.</li>
</ul>
<p style='text-align: justify;'><strong>Requirements:</strong></p>
<ul style='text-align: justify;'>
<li>At least one year of experience in telephone customer care, a contact centre, a help desk or first-line technical support; experience in the automotive sector, at a dealership or in a back-office role would also be advantageous.</li>
<li>Operational knowledge of Spanish would be an advantage; knowledge of another European language would be an additional asset.</li>
<li>Familiarity with contact centre KPIs such as quality, First Contact Resolution (FCR), Customer Satisfaction (CSAT), handling times and SLA compliance.</li>
<li>Previous experience in the automotive industry is a plus.</li>
<li>Education and Qualifications: Upper secondary school diploma or equivalent qualification, preferably in a technical or technology-related field.</li>
<li>Languages: French (native speaker level) or Polish (native speaker level) and English (B2 level).</li>
</ul>
<p style='text-align: justify;'><strong>Employment package:</strong></p>
<ul style='text-align: justify;'>
<li>Salary: From 18.665,40euros - 23.000euros Gross per year</li>
<li>Job Location: Valencia, Spain</li>
<li>Type of Contract: Permanent Contract</li>
<li>Full time. Hours per Week: 39h</li>
<li>Training included in the hiring package, 1-week duration (technical training).</li>
<li>The company offers advice and contacts with real estate firms regarding housing prices.</li>
</ul>
<p style='text-align: justify;'><strong>How to apply:</strong></p>
<ul style='text-align: justify;'>
<li>Send your CV to: <a href='eures_alicante@gva.es'>eures_alicante@gva.es</a></li>
<li>Copy to (CC): <a href='eures_valencia@gva.es'>eures_valencia@gva.es</a></li>
<li>Subject: FRENCH AND POLISH TELEPHONE CUSTOMER CARE ADVISOR</li>
</ul>
<p style='text-align: justify;'><strong>Immediate start</strong></p>
<p style='text-align: justify;'><strong>Application deadline: 21st September 2026</strong></p><p><strong>Información obtenida de: </strong>EURES. <a href='http://www.sepe.es/redEURES' target='_blank'>http://www.sepe.es/redEURES</a></p><p><strong>Enlaces relacionados:</strong><ul><li><a href='https://www.sepe.es/SiteSepe/contenidos/personas/encontrar_empleo/encontrar_empleo_europa/paises/espana/pdf_espana/2026/agosto/OferSpain_10agosto_phone_customer_care_advisor.pdf' target='_blank'>Más información</a></li></ul></p><p>Información procedente de: <a href='https://servicios3.jcyl.es/enbo/siau/webapp/boletinEmpleoCyL/boletin/bnl1MDlmMzd3U0Z6KzZ0QTdmQjVxTXZvbnZrTW1rb2N2VDRDdEdxbGJHTT0%3D/EMPLEO-EURES/147748' target='_blank'><strong>Boletín de Empleo de Castilla y León (Ecyl)</strong>.</a></p>";Europa;Red EURES;;;;;;1285670665932;2026-08-12;https://empleo.jcyl.es/web/jcyl/Empleo/es/Plantilla100Detalle/1284216458054/OfertasEmpleo/1285670665932/Empleo;
PEONES GANADEROS, EN GENERAL;Zamora;2026-08-12;"<p>Oferta Núm. 17230 PÉON GANADERO para empresa de Torres del Carrizal (Zamora).
Los interesados/as deben enviar su CV a (ecyldoctorfleming.ofertas@jcyl.es) indicando en el asunto el Núm. de la oferta.
FUNCIONES: Ordeño mecánico de ovino, limpieza y cuidado de instalaciones.
CONDICIONES: Contrato temporal. Jornada completa.
REQUISITOS: Se valorará experiencia y permiso de circulación.</p><p>Para más información acuda a <a href='http://empleocastillayleon.jcyl.es/oficinavirtual/buscoEmpleoPub.do?srvc=ver&scope=reg&cod=392046'>Oficina Virtual</a></p>";;ECYL;1179469474337;Torres del Carrizal;41.61817;-5.669901;49;1285670538097;2026-09-14;https://empleo.jcyl.es/web/jcyl/Empleo/es/Plantilla100Detalle/1284216458054/OfertasEmpleo/1285670538097/Empleo;41.61817, -5.669901
AUXILIARES DE ENFERMERÍA DE GERIATRÍA;León;2026-08-11;<p>TITULACIÓN: FP GRADO MEDIO O CERTIFICADO DE PROFESIONALIDAD</p><p>Para más información acuda a <a href='http://empleocastillayleon.jcyl.es/oficinavirtual/buscoEmpleoPub.do?srvc=ver&scope=reg&cod=392032'>Oficina Virtual</a></p>;;ECYL;1179297920221;Robla (La);42.801434;-5.628399;24;1285670397130;2026-08-11;https://empleo.jcyl.es/web/jcyl/Empleo/es/Plantilla100Detalle/1284216458054/OfertasEmpleo/1285670397130/Empleo;42.801434, -5.628399
TERAPEUTAS OCUPACIONALES;León;2026-08-11;<p>OFERTA 17170. Terapeuta ocupacional para residencia de mayores en la ciudad de León. Contrato indefinido, jornada completa. Se reguiere grado o diplomatura universitaria en Terapia Ocupacional. Interesados contactar con oficina de empleo León Centro. C/ Ramón y Cajal 14, tfno. 987 24 95 30, sección ofertas.</p><p>Para más información acuda a <a href='http://empleocastillayleon.jcyl.es/oficinavirtual/buscoEmpleoPub.do?srvc=ver&scope=reg&cod=391986'>Oficina Virtual</a></p>;;ECYL;1179297860755;León;42.59873;-5.5670958;24;1285670315445;2026-08-11;https://empleo.jcyl.es/web/jcyl/Empleo/es/Plantilla100Detalle/1284216458054/OfertasEmpleo/1285670315445/Empleo;42.59873, -5.5670958
ENCARGADOS DE INDUSTRIAS ALIMENTARIAS;León;2026-08-11;"<p>Oferta nº 0//2026/17160
Se busca encargado/a industria alimentaria. Funciones de supervisión, coordinación y control en todas las etapas de elaboración del producto, control de la gestión documental.
Requisitos: formación profesioal de grado superior en el área. Se ofrece contrato indefinido a jornada completa.
INTERESADOS CONTACTAR O.E. PONFERRADA tfno. 987410859 ? EXT.2</p><p>Para más información acuda a <a href='http://empleocastillayleon.jcyl.es/oficinavirtual/buscoEmpleoPub.do?srvc=ver&scope=reg&cod=391976'>Oficina Virtual</a></p>";;ECYL;1179297765390;Arganza;42.6390865484;-6.68805304443;24;1285670298235;2026-08-11;https://empleo.jcyl.es/web/jcyl/Empleo/es/Plantilla100Detalle/1284216458054/OfertasEmpleo/1285670298235/Empleo;42.6390865484, -6.68805304443
AUXILIARES DE ENFERMERÍA DE GERIATRÍA;León;2026-08-11;"<p>Oferta 17218: Gerocultor/a para Residencia en la Pola de Gordón.
Contrato temporal a jornada completa.
Interesados llamar a la Oficina Empleo Serna al tlfno 987215200</p><p>Para más información acuda a <a href='http://empleocastillayleon.jcyl.es/oficinavirtual/buscoEmpleoPub.do?srvc=ver&scope=reg&cod=392034'>Oficina Virtual</a></p>";;ECYL;1179297884683;Pola de Gordón (La);42.854378;-5.671433;24;1285670397102;2026-08-11;https://empleo.jcyl.es/web/jcyl/Empleo/es/Plantilla100Detalle/1284216458054/OfertasEmpleo/1285670397102/Empleo;42.854378, -5.671433
ENFERMEROS DE CUIDADOS GENERALES;Ávila;2026-08-10;<p>SE NECESITA ENFERMERO/A PARA RESIDENCIA DE MAYORES EN LA LOCALIDAD DE LANZAHITA (AVILA). CONTRATO TEMPORAL CON POSIBILIDAD DE INDEFINIDO. INTERESADOS ENVIAR CURRICULUM AL EMAIL seleccion@grupomimara.es</p><p>Para más información acuda a <a href='http://empleocastillayleon.jcyl.es/oficinavirtual/buscoEmpleoPub.do?srvc=ver&scope=reg&cod=391807'>Oficina Virtual</a></p>;;ECYL;1179297225437;Lanzahíta;40.205246;-4.9337945;05;1285669982634;2026-08-10;https://empleo.jcyl.es/web/jcyl/Empleo/es/Plantilla100Detalle/1284216458054/OfertasEmpleo/1285669982634/Empleo;40.205246, -4.9337945
MÉDICOS, MEDICINA GENERAL;Ávila;2026-08-10;<p>SE NECESITA MEDICO PARA RESIDENCIA DE MAYORES EN LA LOCALIDAD DE LANZAHITA (AVILA). CONTRATO TEMPORAL CON POSIBILIDAD DE INDEFINIDO. INTERESADOS ENVIAR CURRICULUM A EMAIL seleccion@grupomimara.es</p><p>Para más información acuda a <a href='http://empleocastillayleon.jcyl.es/oficinavirtual/buscoEmpleoPub.do?srvc=ver&scope=reg&cod=391802'>Oficina Virtual</a></p>;;ECYL;1179297225437;Lanzahíta;40.205246;-4.9337945;05;1285669982690;2026-08-10;https://empleo.jcyl.es/web/jcyl/Empleo/es/Plantilla100Detalle/1284216458054/OfertasEmpleo/1285669982690/Empleo;40.205246, -4.9337945
FISIOTERAPEUTAS, EN GENERAL;Ávila;2026-08-10;<p>SE NECESITA FISIOTERAPEUTA PARA RESIDENCIA DE MAYORES EN LA LOCALIDAD DE LANZAHITA (AVILA). CONTRATO TEMPORAL CON POSIBILIDAD DE INDEFINIDO. INTERESADOS ENVIAR CURRICULUM A LA EMPRESA AL EMAIL seleccion@grupomimara.es</p><p>Para más información acuda a <a href='http://empleocastillayleon.jcyl.es/oficinavirtual/buscoEmpleoPub.do?srvc=ver&scope=reg&cod=391789'>Oficina Virtual</a></p>;;ECYL;1179297225437;Lanzahíta;40.205246;-4.9337945;05;1285669982662;2026-08-10;https://empleo.jcyl.es/web/jcyl/Empleo/es/Plantilla100Detalle/1284216458054/OfertasEmpleo/1285669982662/Empleo;40.205246, -4.9337945
CUIDADORES DE PERSONAS CON DISCAPACIDAD Y/O DEPENDENCIA, EN INSTITUCIONES;Burgos;2026-08-10;<p>Para más información acuda a <a href='http://empleocastillayleon.jcyl.es/oficinavirtual/buscoEmpleoPub.do?srvc=ver&scope=reg&cod=391860'>Oficina Virtual</a></p>;;ECYL;1179297544045;Melgar de Fernamental;42.403416;-4.2444806;09;1285670081904;2026-08-10;https://empleo.jcyl.es/web/jcyl/Empleo/es/Plantilla100Detalle/1284216458054/OfertasEmpleo/1285670081904/Empleo;42.403416, -4.2444806
ENFERMEROS DE CUIDADOS GENERALES;León;2026-08-10;"<p>Oferta 17101: Enfermero/a para Residencia de Mayores en Sanfelismo.
Contrato indefinido a jornada parcial.
Interesados llamar a Oficina Empleo Serna al tflno 987215200</p><p>Para más información acuda a <a href='http://empleocastillayleon.jcyl.es/oficinavirtual/buscoEmpleoPub.do?srvc=ver&scope=reg&cod=391917'>Oficina Virtual</a></p>";;ECYL;1179297967519;Valdefresno;42.594204;-5.493184;24;1285670055494;2026-08-10;https://empleo.jcyl.es/web/jcyl/Empleo/es/Plantilla100Detalle/1284216458054/OfertasEmpleo/1285670055494/Empleo;42.594204, -5.493184
ASISTENTES DOMICILIARIOS;León;2026-08-10;"<p>Oferta 17108: Asistente Personal para Soto y Amio.
Contrato de 6 meses 
Interesados/as llamar a Oficina de Empleo Serna al tflno 987215200</p><p>Para más información acuda a <a href='http://empleocastillayleon.jcyl.es/oficinavirtual/buscoEmpleoPub.do?srvc=ver&scope=reg&cod=391924'>Oficina Virtual</a></p>";;ECYL;1179297956193;Soto Y Amío;42.77701;-5.8858447;24;1285670082044;2026-08-10;https://empleo.jcyl.es/web/jcyl/Empleo/es/Plantilla100Detalle/1284216458054/OfertasEmpleo/1285670082044/Empleo;42.77701, -5.8858447
COCINEROS, EN GENERAL;León;2026-08-10;"<p>Oferta 17106: Cocinero/a para Residencia de Mayores en Sanfelismo.
Contrato temporal de 2 meses.
Interesados llamar a la Oficina de Empleo al tflno 987215200</p><p>Para más información acuda a <a href='http://empleocastillayleon.jcyl.es/oficinavirtual/buscoEmpleoPub.do?srvc=ver&scope=reg&cod=391922'>Oficina Virtual</a></p>";;ECYL;1179297967519;Valdefresno;42.594204;-5.493184;24;1285670082184;2026-08-10;https://empleo.jcyl.es/web/jcyl/Empleo/es/Plantilla100Detalle/1284216458054/OfertasEmpleo/1285670082184/Empleo;42.594204, -5.493184
ASISTENTES DOMICILIARIOS;León;2026-08-10;"<p>Oferta 17104 de asistente personal de persona en situacion de dependencia en Villagoñe (Valdefresno9
Contrato temporal, jornada parcial de tarde
Interesadas/os ponerse en contacto con la oficina de empleo Serna.Tf.987215200</p><p>Para más información acuda a <a href='http://empleocastillayleon.jcyl.es/oficinavirtual/buscoEmpleoPub.do?srvc=ver&scope=reg&cod=391920'>Oficina Virtual</a></p>";;ECYL;1179297967519;Valdefresno;42.594204;-5.493184;24;1285670055466;2026-08-10;https://empleo.jcyl.es/web/jcyl/Empleo/es/Plantilla100Detalle/1284216458054/OfertasEmpleo/1285670055466/Empleo;42.594204, -5.493184
TERAPEUTAS OCUPACIONALES;León;2026-08-10;<p>Para más información acuda a <a href='http://empleocastillayleon.jcyl.es/oficinavirtual/buscoEmpleoPub.do?srvc=ver&scope=reg&cod=391912'>Oficina Virtual</a></p>;;ECYL;1179297967519;Valdefresno;42.594204;-5.493184;24;1285670055438;2026-08-10;https://empleo.jcyl.es/web/jcyl/Empleo/es/Plantilla100Detalle/1284216458054/OfertasEmpleo/1285670055438/Empleo;42.594204, -5.493184
ASISTENTES DOMICILIARIOS;León;2026-08-10;<p>Para más información acuda a <a href='http://empleocastillayleon.jcyl.es/oficinavirtual/buscoEmpleoPub.do?srvc=ver&scope=reg&cod=391914'>Oficina Virtual</a></p>;;ECYL;1179297845863;Gradefes;42.624645;-5.22732;24;1285670055297;2026-08-10;https://empleo.jcyl.es/web/jcyl/Empleo/es/Plantilla100Detalle/1284216458054/OfertasEmpleo/1285670055297/Empleo;42.624645, -5.22732
JARDINEROS, EN GENERAL;Burgos;2026-08-09;"<p>Mantenimiento de jardines: corte de césped, escarificado, podas, riegos y más.
JORNADA COMPLETA CONTRATO INDEFINIDO</p><p>Para más información acuda a <a href='http://empleocastillayleon.jcyl.es/oficinavirtual/buscoEmpleoPub.do?srvc=ver&scope=reg&cod=391714'>Oficina Virtual</a></p>";;ECYL;1179297707000;Villagonzalo Pedernales;42.301407;-3.7365916;09;1285669925151;2026-08-10;https://empleo.jcyl.es/web/jcyl/Empleo/es/Plantilla100Detalle/1284216458054/OfertasEmpleo/1285669925151/Empleo;42.301407, -3.7365916
PERSONAL DE LIMPIEZA O LIMPIADORES EN GENERAL;Burgos;2026-08-07;<p>Para más información acuda a <a href='http://empleocastillayleon.jcyl.es/oficinavirtual/buscoEmpleoPub.do?srvc=ver&scope=reg&cod=391484'>Oficina Virtual</a></p>;;ECYL;1179297459218;Celada del Camino;42.2634523531;-3.93389621137;09;1285669638982;2026-08-07;https://empleo.jcyl.es/web/jcyl/Empleo/es/Plantilla100Detalle/1284216458054/OfertasEmpleo/1285669638982/Empleo;42.2634523531, -3.93389621137
MÉDICOS, MEDICINA GENERAL;León;2026-08-07;"<p>Se solicita médico para residencia de mayores en Valderas (León).
Se requiere Licenciatura en Medicina.
Se ofrece contratao laboral indefinido, jornada parcial de lunes a viernes de 10:00 a 16:00 horas.</p><p>Para más información acuda a <a href='http://empleocastillayleon.jcyl.es/oficinavirtual/buscoEmpleoPub.do?srvc=ver&scope=reg&cod=391489'>Oficina Virtual</a></p>";;ECYL;1179297976155;Valderas;42.0777170736;-5.44227215336;24;1285669665888;2026-09-01;https://empleo.jcyl.es/web/jcyl/Empleo/es/Plantilla100Detalle/1284216458054/OfertasEmpleo/1285669665888/Empleo;42.0777170736, -5.44227215336
MÉDICOS, MEDICINA GENERAL;Burgos;2026-08-06;<p>Para más información acuda a <a href='http://empleocastillayleon.jcyl.es/oficinavirtual/buscoEmpleoPub.do?srvc=ver&scope=reg&cod=391749'>Oficina Virtual</a></p>;;ECYL;1179297447246;Burgos;42.3408235575;-3.70205869083;09;1285669484066;2026-08-06;https://empleo.jcyl.es/web/jcyl/Empleo/es/Plantilla100Detalle/1284216458054/OfertasEmpleo/1285669484066/Empleo;42.3408235575, -3.70205869083
TERAPEUTAS OCUPACIONALES;Burgos;2026-08-06;<p>Oferta de Empleo de TEREAPEUTA OCUPACIONAL para Residencia de mayores en Valle de Mena (Burgos). Necesaria Titulación. Se ofrece Contrato Indefinido a Jornada Completa.</p><p>Para más información acuda a <a href='http://empleocastillayleon.jcyl.es/oficinavirtual/buscoEmpleoPub.do?srvc=ver&scope=reg&cod=391735'>Oficina Virtual</a></p>;;ECYL;1179297639572;Valle de Mena;42.373135;-3.7317698;09;1285669452989;2026-08-06;https://empleo.jcyl.es/web/jcyl/Empleo/es/Plantilla100Detalle/1284216458054/OfertasEmpleo/1285669452989/Empleo;42.373135, -3.7317698
ENFERMEROS DE CUIDADOS GENERALES;Burgos;2026-08-06;<p>Oferta de Empleo de ENFERMERO/A para Residencia de mayores en Valle de Mena (Burgos). Necesaria Titulación. Se ofrece Contrato Indefinido a Jornada Completa.</p><p>Para más información acuda a <a href='http://empleocastillayleon.jcyl.es/oficinavirtual/buscoEmpleoPub.do?srvc=ver&scope=reg&cod=391734'>Oficina Virtual</a></p>;;ECYL;1179297639572;Valle de Mena;42.373135;-3.7317698;09;1285669452961;2026-08-06;https://empleo.jcyl.es/web/jcyl/Empleo/es/Plantilla100Detalle/1284216458054/OfertasEmpleo/1285669452961/Empleo;42.373135, -3.7317698
FISIOTERAPEUTAS, EN GENERAL;Segovia;2026-08-06;<p>Para más información acuda a <a href='http://empleocastillayleon.jcyl.es/oficinavirtual/buscoEmpleoPub.do?srvc=ver&scope=reg&cod=391675'>Oficina Virtual</a></p>;;ECYL;1179298552791;Sanchonuño;41.322014;-4.305519;40;1285669380701;2026-09-04;https://empleo.jcyl.es/web/jcyl/Empleo/es/Plantilla100Detalle/1284216458054/OfertasEmpleo/1285669380701/Empleo;41.322014, -4.305519
AUXILIARES DE ENFERMERÍA DE GERIATRÍA;Segovia;2026-08-06;<p>Para más información acuda a <a href='http://empleocastillayleon.jcyl.es/oficinavirtual/buscoEmpleoPub.do?srvc=ver&scope=reg&cod=391681'>Oficina Virtual</a></p>;;ECYL;1179298552791;Sanchonuño;41.322014;-4.305519;40;1285669380098;2026-09-04;https://empleo.jcyl.es/web/jcyl/Empleo/es/Plantilla100Detalle/1284216458054/OfertasEmpleo/1285669380098/Empleo;41.322014, -4.305519
ENFERMEROS DE CUIDADOS GENERALES;Valladolid;2026-08-06;<p>SE NECESITA ENFERMEROS/AS PARA CENTROS DEPENDIENTES DE LA JUNTA DE CASTILLA Y LEON PERTENECIENTES A LA GERENECIA DE SERVICIOS SOCIALES DE VALLADOLID INTERESADOS PONERSE EN CONTACTO CON 983396188 OPCIÓN 2</p><p>Para más información acuda a <a href='http://empleocastillayleon.jcyl.es/oficinavirtual/buscoEmpleoPub.do?srvc=ver&scope=reg&cod=386413'>Oficina Virtual</a></p>;;ECYL;1179469311668;Valladolid;41.652252;-4.724532;47;1285669380672;2026-08-06;https://empleo.jcyl.es/web/jcyl/Empleo/es/Plantilla100Detalle/1284216458054/OfertasEmpleo/1285669380672/Empleo;41.652252, -4.724532
ASISTENTES DOMICILIARIOS;Zamora;2026-08-06;"<p>Oferta Núm. 19869 ASISTENTE PERSONAL-AUXILIAR DE AYUDA A DOMICILIO para Carbellino de Sayago (Zamora).
Los interesados/as deben enviar su CV a (ecyldoctorfleming.ofertas@jcyl.es) indicando en el asunto el Núm. de la oferta.
FUNCIONES: Acompañamiento y apoyo a personas dependientes en su domicilio.
CONDICIONES: Contrato indefinido. Jornada parcial de 10 horas semanales, distribuidas de lunes a viernes de 10:30 a 12:30.
REQUISITOS: Permiso de circulación y vehículo propio. Valorable titulación relacionada o certificado de profesionalidad de atención sociosanitaria a personas dependientes en domicilios.</p><p>Para más información acuda a <a href='http://empleocastillayleon.jcyl.es/oficinavirtual/buscoEmpleoPub.do?srvc=ver&scope=reg&cod=391685'>Oficina Virtual</a></p>";;ECYL;1179469348740;Carbellino;41.231163;-6.146071;49;1285669380182;2026-08-06;https://empleo.jcyl.es/web/jcyl/Empleo/es/Plantilla100Detalle/1284216458054/OfertasEmpleo/1285669380182/Empleo;41.231163, -6.146071
FISIOTERAPEUTAS, EN GENERAL;León;2026-08-05;"<p>Oferta nº 08/2026/16750
Se busca fisioterapeuta para puesto en Vega de Valcarcel. Jornada parcial y horario a convenir. Contrato indefinido.
INTERESADOS CONTACTAR O.E. PONFERRADA tfno. 987410859 ? EXT.2</p><p>Para más información acuda a <a href='http://empleocastillayleon.jcyl.es/oficinavirtual/buscoEmpleoPub.do?srvc=ver&scope=reg&cod=391566'>Oficina Virtual</a></p>";;ECYL;1179297998989;Vega de Valcarce;42.66409;-6.9454045;24;1285669059322;2026-08-05;https://empleo.jcyl.es/web/jcyl/Empleo/es/Plantilla100Detalle/1284216458054/OfertasEmpleo/1285669059322/Empleo;42.66409, -6.9454045
MANTENEDORES DE EDIFICIOS;León;2026-08-05;"<p>Oferta nº 08/2026/16832
Se busca oficial de primera albañil/mantenedor de edificios para reformas y mantenimiento en general. Contrato indefinido a jornada completa.
INTERESADOS CONTACTAR O.E. PONFERRADA tfno. 987410859 ? EXT.2</p><p>Para más información acuda a <a href='http://empleocastillayleon.jcyl.es/oficinavirtual/buscoEmpleoPub.do?srvc=ver&scope=reg&cod=391648'>Oficina Virtual</a></p>";;ECYL;1179297888504;Ponferrada;42.549995;-6.598259;24;1285669240479;2026-08-05;https://empleo.jcyl.es/web/jcyl/Empleo/es/Plantilla100Detalle/1284216458054/OfertasEmpleo/1285669240479/Empleo;42.549995, -6.598259
Montador/a mecánico/a de vagones para Medina del Campo (Valladolid);Valladolid;2026-08-05;"<p><em>Randstad</em> selecciona un/a <strong>MONTADOR/A MECÁNICO/A</strong> <strong>DE VAGONES</strong> para Medina del Campo (Valladolid).</p>
<p><strong>Funciones:</strong></p>
<ul>
<li>Montaje y desmontaje de piezas de vagones con elementos mecánicos y neumáticos (sistemas de freno, casquillos, bulones/hurones, cajas de grasa).</li>
<li>Comprobación de medidas y engrase.</li>
</ul>
<p><strong>Requisitos:</strong></p>
<ul>
<li>Nivel de estudios requerido: FP o cualquier otro nivel de estudios, siempre que la persona tenga habilidad demostrable en montaje y desmontaje.</li>
<li>Especialidad de los estudios: Mecánica de automoción, soldadura o afines.</li>
<li>Experiencia mínima en el puesto: Meses o 1 año.</li>
<li>Experiencia deseable en el puesto: experiencia previa como montador, mecánico o realizando tareas de montaje y desmontaje de piezas en taller.</li>
</ul>
<p><strong>Se ofrece:</strong></p>
<ul>
<li>Contrato indefinido.</li>
<li>Jornada completa de lunes a viernes de 08:00 a 17:00 (parada para comer de 14:00 a 15:00).</li>
<li>Salario 21.000 euros al año.</li>
</ul>
<p><strong>Para solicitar:</strong></p>
<ul>
<li>En el enlace adjunto se puede acceder a la solicitud para el puesto. <strong>Se recuerda que, para presentar su candidatura, deberá estar inscrito/a en el portal que publica la oferta.</strong></li>
</ul><p><strong>Información obtenida de: </strong>Internet/Prensa. <a href='https://www.randstad.es' target='_blank'>https://www.randstad.es</a></p><p><strong>Enlaces relacionados:</strong><ul><li><a href='https://www.randstad.es/candidatos/ofertas-empleo/oferta/montador-a-mecanico-a-vagones-indefinido-2996821/' target='_blank'>Oferta empleo Randstad</a></li></ul></p><p>Información procedente de: <a href='https://servicios3.jcyl.es/enbo/siau/webapp/boletinEmpleoCyL/boletin/bzF4b3R2MmduNGtPdnEzRTNZTm5NTS9WaXo0QTVEYmtpdmxqb0xMT2ljdz0%3D/EMPLEO-INTERNET-PRENSA/147477' target='_blank'><strong>Boletín de Empleo de Castilla y León (Ecyl)</strong>.</a></p>";;Internet / Prensa;1179469263156;Medina del Campo;41.308163;-4.915477;47;1285669061645;2026-08-05;https://empleo.jcyl.es/web/jcyl/Empleo/es/Plantilla100Detalle/1284216458054/OfertasEmpleo/1285669061645/Empleo;41.308163, -4.915477
ELECTROMECÁNICOS DE MANTENIMIENTO INDUSTRIAL (MANTENIMIENTO Y REPARACIÓN GENERAL);Zamora;2026-08-05;"<p>Oferta Núm. 2772 TRES ELECTROMECÁNICOS RED BOSCH CAR SERVICE para Zamora.
Los interesados/as deben enviar su CV a (ecyldoctorfleming.ofertas@jcyl.es) indicando en el asunto el Núm. de la oferta.
FUNCIONES: Diagnóstico y reparación de averias eléctricas y mecánicas. Mantenimiento y reparación de vehículos multimarca. Uso de equipos de diagnosis Bosch.
CONDICIONES: Contrato indefinido a jornada completa.
REQUISITOS: Conocimientos en diagnosis electrónica. Se valorará experiencia.</p><p>Para más información acuda a <a href='http://empleocastillayleon.jcyl.es/oficinavirtual/buscoEmpleoPub.do?srvc=ver&scope=reg&cod=377588'>Oficina Virtual</a></p>";;ECYL;1179469491795;Zamora;41.507324;-5.745313;49;1285669059192;2026-08-05;https://empleo.jcyl.es/web/jcyl/Empleo/es/Plantilla100Detalle/1284216458054/OfertasEmpleo/1285669059192/Empleo;41.507324, -5.745313
CUIDADORES DE PERSONAS CON DISCAPACIDAD Y/O DEPENDENCIA, EN INSTITUCIONES;Burgos;2026-08-04;"<p>CUIDADOR-AUXILIAR DE ENFERMERÍA-TÉCNICO ATENCIÓN SOCIOSANITARIA, 4 PUESTOS PARA ARANDA DE DUERO(BU).
ATENCIÓN A PERSONAS CON DISCAPACIDAD EN RESIDENCIA.
CONTRATO LABORAL INDEFINIDO A JORNADA COMPLETA.
TITULACIÓN ACADÉMICA: AUXILIAR DE ENFERMERÍA O TÉCNICO DE ATENCIÓN SOCIOSANITARIA.
CARNET DE CONDUCIR 'B'.
CONTACTAR CON ROSA FIGUERO COB al tfno 947505550-685886130 ó virgenvinas@asadema.org
CONTACTAR CON OFICINA DE EMPLEO DE ARANDA DE DUERO al tfno 947244280 ext.820922 ó ecylaranda@jcyl.es
REFERENCIA: OFERTA 08/2026/016563</p><p>Para más información acuda a <a href='http://empleocastillayleon.jcyl.es/oficinavirtual/buscoEmpleoPub.do?srvc=ver&scope=reg&cod=391379'>Oficina Virtual</a></p>";;ECYL;1179297429124;Aranda de Duero;41.67027;-3.68877;09;1285668670909;2026-08-04;https://empleo.jcyl.es/web/jcyl/Empleo/es/Plantilla100Detalle/1284216458054/OfertasEmpleo/1285668670909/Empleo;41.67027, -3.68877
CUIDADORES DE PERSONAS CON DISCAPACIDAD Y/O DEPENDENCIA, EN INSTITUCIONES;Burgos;2026-08-04;<p>Oferta de Empleo de GEROCULTOR/A para Residencia de Mayores en la localidad de Maltrana de Mena (Burgos). Necesaria formación o experiencia. Se ofrece contrato Indefinido a jornada Completa en turnos rotativos.</p><p>Para más información acuda a <a href='http://empleocastillayleon.jcyl.es/oficinavirtual/buscoEmpleoPub.do?srvc=ver&scope=reg&cod=391506'>Oficina Virtual</a></p>;;ECYL;1179297639572;Valle de Mena;42.373135;-3.7317698;09;1285668801779;2026-08-04;https://empleo.jcyl.es/web/jcyl/Empleo/es/Plantilla100Detalle/1284216458054/OfertasEmpleo/1285668801779/Empleo;42.373135, -3.7317698
MÉDICOS, MEDICINA GENERAL;Burgos;2026-08-04;"<p>Contrato indefinido, jornada parcial 14h/s.
Llamar a Patronato de Santa María ( Salas de los Infantes) al 947380750.</p><p>Para más información acuda a <a href='http://empleocastillayleon.jcyl.es/oficinavirtual/buscoEmpleoPub.do?srvc=ver&scope=reg&cod=391455'>Oficina Virtual</a></p>";;ECYL;1179297614054;Salas de los Infantes;42.023308;-3.286461;09;1285668765558;2026-08-04;https://empleo.jcyl.es/web/jcyl/Empleo/es/Plantilla100Detalle/1284216458054/OfertasEmpleo/1285668765558/Empleo;42.023308, -3.286461
FISIOTERAPEUTAS, EN GENERAL;Burgos;2026-08-04;<p>Oferta de Empleo de FISIOTERAPEUTA para Residencia de Mayores en la localidad de Maltrana de Mena (Burgos). Necesaria titulación y experiencia. Se ofrece contrato Indefinido a jornada Parcial 5 horas/semana.</p><p>Para más información acuda a <a href='http://empleocastillayleon.jcyl.es/oficinavirtual/buscoEmpleoPub.do?srvc=ver&scope=reg&cod=391504'>Oficina Virtual</a></p>;;ECYL;1179297639572;Valle de Mena;42.373135;-3.7317698;09;1285668765762;2026-08-04;https://empleo.jcyl.es/web/jcyl/Empleo/es/Plantilla100Detalle/1284216458054/OfertasEmpleo/1285668765762/Empleo;42.373135, -3.7317698
ENFERMEROS DE CUIDADOS GENERALES;Burgos;2026-08-04;<p>Oferta de Empleo de ENFERMERO/A para Residencia de Mayores en la localidad de Maltrana de Mena (Burgos). Necesaria titulación. Se ofrece contrato Indefinido a jornada Parcial 15 horas/semana.</p><p>Para más información acuda a <a href='http://empleocastillayleon.jcyl.es/oficinavirtual/buscoEmpleoPub.do?srvc=ver&scope=reg&cod=391500'>Oficina Virtual</a></p>;;ECYL;1179297639572;Valle de Mena;42.373135;-3.7317698;09;1285668765586;2026-08-04;https://empleo.jcyl.es/web/jcyl/Empleo/es/Plantilla100Detalle/1284216458054/OfertasEmpleo/1285668765586/Empleo;42.373135, -3.7317698
TERAPEUTAS OCUPACIONALES;Burgos;2026-08-04;"<p>Contrato indefinido, jornada de 5h/s.
Llamar a Patronato de Santa María ( Salas de los infantes) al 947380750.</p><p>Para más información acuda a <a href='http://empleocastillayleon.jcyl.es/oficinavirtual/buscoEmpleoPub.do?srvc=ver&scope=reg&cod=391451'>Oficina Virtual</a></p>";;ECYL;1179297614054;Salas de los Infantes;42.023308;-3.286461;09;1285668730514;2026-08-04;https://empleo.jcyl.es/web/jcyl/Empleo/es/Plantilla100Detalle/1284216458054/OfertasEmpleo/1285668730514/Empleo;42.023308, -3.286461
ENFERMEROS DE CUIDADOS GENERALES;León;2026-08-04;"<p>Oferta nº 08/2026/16715
Se requiere enfermero/a para puesto en Corullón. Se ofrece contrato a jornada completa y contrato indefinido.
INTERESADOS CONTACTAR O.E. PONFERRADA tfno. 987410859 ? EXT.2</p><p>Para más información acuda a <a href='http://empleocastillayleon.jcyl.es/oficinavirtual/buscoEmpleoPub.do?srvc=ver&scope=reg&cod=391531'>Oficina Virtual</a></p>";;ECYL;1179297825013;Corullón;42.578743;-6.819692;24;1285668837007;2026-08-04;https://empleo.jcyl.es/web/jcyl/Empleo/es/Plantilla100Detalle/1284216458054/OfertasEmpleo/1285668837007/Empleo;42.578743, -6.819692
TERAPEUTAS OCUPACIONALES;León;2026-08-04;"<p>Se necesita 1TERAPEUTA OCUPACIONAL para residencia de mayores en Valderas (León).
Se requiere la titulación de terapeuta ocupacional y colegiación.
Se ofrece contrato indefinido a jornada parcial (5 horas/semana).
Las personas que estén interesadas pónganse en contacto con O.E. Valencia de Don Juan al teléfono 987750975 en horario de 09:00 a 14:00 horas (indicar número de oferta 16661).</p><p>Para más información acuda a <a href='http://empleocastillayleon.jcyl.es/oficinavirtual/buscoEmpleoPub.do?srvc=ver&scope=reg&cod=391477'>Oficina Virtual</a></p>";;ECYL;1179297976155;Valderas;42.0777170736;-5.44227215336;24;1285668730542;2026-08-04;https://empleo.jcyl.es/web/jcyl/Empleo/es/Plantilla100Detalle/1284216458054/OfertasEmpleo/1285668730542/Empleo;42.0777170736, -5.44227215336
TERAPEUTAS OCUPACIONALES;León;2026-08-04;"<p>Oferta nº 08/2026/16644
Se busca terapeuta ocupacional para Cacabelos. Jornada completa, turnos rotativos. Se ofrece contrato indefinido.
INTERESADOS CONTACTAR O.E. PONFERRADA tfno. 987410859 ? EXT.2</p><p>Para más información acuda a <a href='http://empleocastillayleon.jcyl.es/oficinavirtual/buscoEmpleoPub.do?srvc=ver&scope=reg&cod=391460'>Oficina Virtual</a></p>";;ECYL;1179297794667;Cacabelos;42.598667;-6.725914;24;1285668730486;2026-08-04;https://empleo.jcyl.es/web/jcyl/Empleo/es/Plantilla100Detalle/1284216458054/OfertasEmpleo/1285668730486/Empleo;42.598667, -6.725914
AUXILIARES DE ENFERMERÍA;Zamora;2026-08-04;"<p>Oferta Núm.16729 DOS AUXILIARES DE GERIATRÍA para Centro de Villaralbo (Zamora).
Los interesados/as deben enviar su CV a (ecyldoctorfleming.ofertas@jcyl.es) indicando en el asunto el Núm. de la oferta.
FUNCIONES: Atención a usuarios/as del Centro.
CONDICIONES: Contrato temporal. Jornada completa.
REQUISITOS: Técnico/a Cuidados Auxiliares de Enfermería, Técnico/a Atención a personas en situación de dependencia ó Titulación equivalente-Certificado de Profesionalidad.</p><p>Para más información acuda a <a href='http://empleocastillayleon.jcyl.es/oficinavirtual/buscoEmpleoPub.do?srvc=ver&scope=reg&cod=391545'>Oficina Virtual</a></p>";;ECYL;1179469486911;Villaralbo;41.492573;-5.680964;49;1285668877396;2026-08-04;https://empleo.jcyl.es/web/jcyl/Empleo/es/Plantilla100Detalle/1284216458054/OfertasEmpleo/1285668877396/Empleo;41.492573, -5.680964
ENFERMEROS DE CUIDADOS GENERALES;Zamora;2026-08-04;"<p>Oferta Núm. 16627 ENFERMERO/A para Residencia de Fermoselle (Zamora).
Los interesados/as deben enviar su CV a (ecyldoctorfleming.ofertas@jcyl.es) indicando en el asunto el Núm. de la oferta.
FUNCIONES: Atención a los usuarios/as del Centro.
CONDICIONES: Contrato indefinido a jornada completa. 
REQUISITOS: Titulación Grado o Diplomatura en Enfermería.</p><p>Para más información acuda a <a href='http://empleocastillayleon.jcyl.es/oficinavirtual/buscoEmpleoPub.do?srvc=ver&scope=reg&cod=391443'>Oficina Virtual</a></p>";;ECYL;1179469360630;Fermoselle;41.3191222826;-6.39979318979;49;1285668705478;2026-08-04;https://empleo.jcyl.es/web/jcyl/Empleo/es/Plantilla100Detalle/1284216458054/OfertasEmpleo/1285668705478/Empleo;41.3191222826, -6.39979318979
JEFES DE COCINA (HOSTELERÍA);Burgos;2026-08-03;<p>OFERTA ECYL 7507-1 JEFE DE COCINA para RESIDENCIA DE CORTES. Sustitución por IT. Jornada completa. Se requiere Título de Técnico Superior en Dirección de Servicios de Restauración o Técnico Superior en Dirección en Cocina. Si reúne el perfil y esta interesad@ en la oferta debe enviar un mail a ecyljuandepadilla.ofertas@jcyl.es (REF JEFE DE COCINA_7507) indicando su nombre, apellidos y DNI/NIE. Solo se atenderán las candidaturas de las personas que reuniendo el perfil estén inscritas en una oficina de empleo.</p><p>Para más información acuda a <a href='http://empleocastillayleon.jcyl.es/oficinavirtual/buscoEmpleoPub.do?srvc=ver&scope=reg&cod=382323'>Oficina Virtual</a></p>;;ECYL;1179297447246;Burgos;42.3408235575;-3.70205869083;09;1285668495017;2026-08-31;https://empleo.jcyl.es/web/jcyl/Empleo/es/Plantilla100Detalle/1284216458054/OfertasEmpleo/1285668495017/Empleo;42.3408235575, -3.70205869083
TRABAJADORES SOCIALES;Burgos;2026-08-03;<p>Oferta de Empleo de TRABAJADOR SOCIAL para Reisdencia de Mayores en Villarcayo. Necesaria Titulación de Grado o Diplomatura y experiencia. Se ofrece cantrato Indefinido jornada Completa</p><p>Para más información acuda a <a href='http://empleocastillayleon.jcyl.es/oficinavirtual/buscoEmpleoPub.do?srvc=ver&scope=reg&cod=391391'>Oficina Virtual</a></p>;;ECYL;1179297735539;Villarcayo de Merindad de Castilla La Vieja;42.939262;-3.573877;09;1285668413295;2026-08-03;https://empleo.jcyl.es/web/jcyl/Empleo/es/Plantilla100Detalle/1284216458054/OfertasEmpleo/1285668413295/Empleo;42.939262, -3.573877
MONTADORES DE MUEBLES DE MADERA O SIMILARES;León;2026-08-03;"<p>Oferta nº 08/2026/16605
Se requiere montador de muebles para Ponferrada. Funciones: instalación de mobiliario de casa, salones, juveniles, dormitorios, armarios, cocinas, baños.
Contrato indefinido a jornada completa.
Se valorará experiencia.
INTERESADOS CONTACTAR O.E. PONFERRADA tfno. 987410859 ? EXT.2</p><p>Para más información acuda a <a href='http://empleocastillayleon.jcyl.es/oficinavirtual/buscoEmpleoPub.do?srvc=ver&scope=reg&cod=391421'>Oficina Virtual</a></p>";;ECYL;1179297888504;Ponferrada;42.549995;-6.598259;24;1285668495895;2026-08-03;https://empleo.jcyl.es/web/jcyl/Empleo/es/Plantilla100Detalle/1284216458054/OfertasEmpleo/1285668495895/Empleo;42.549995, -6.598259
ENFERMEROS DE CUIDADOS GENERALES;León;2026-08-03;<p>FUNCIONES PROPIAS DE ENFERMERA/O.</p><p>Para más información acuda a <a href='http://empleocastillayleon.jcyl.es/oficinavirtual/buscoEmpleoPub.do?srvc=ver&scope=reg&cod=391293'>Oficina Virtual</a></p>;;ECYL;1179297884683;Pola de Gordón (La);42.854378;-5.671433;24;1285668279871;2026-08-06;https://empleo.jcyl.es/web/jcyl/Empleo/es/Plantilla100Detalle/1284216458054/OfertasEmpleo/1285668279871/Empleo;42.854378, -5.671433
CHAPISTAS-PINTORES DE VEHÍCULOS;León;2026-08-03;<p>OFERTA 16567. Concesionario de coches requiere CHAPISTA para su delegación en León. Contrato indefinido, jornada completa de 40 horas semanales de lunes a viernes, en horario de 8:00 a 16:30. Interesados contactar con oficina de empleo León Centro. C/ Ramón y Cajal 14, tfno. 987 24 95 30, sección ofertas.</p><p>Para más información acuda a <a href='http://empleocastillayleon.jcyl.es/oficinavirtual/buscoEmpleoPub.do?srvc=ver&scope=reg&cod=391392'>Oficina Virtual</a></p>;;ECYL;1179297860755;León;42.59873;-5.5670958;24;1285668446305;2026-08-03;https://empleo.jcyl.es/web/jcyl/Empleo/es/Plantilla100Detalle/1284216458054/OfertasEmpleo/1285668446305/Empleo;42.59873, -5.5670958
ALBAÑILES;Zamora;2026-08-03;"<p>Oferta Núm. 2217 ALBAÑIL-OFICIAL DE 1ª para empresa de Zamora.
Los interesados/as deben enviar su CV a (ecyldoctorfleming.ofertas@jcyl.es) indicando en el asunto el Núm. de la oferta.
FUNCIONES: Las propias del puesto de trabajo.
CONDICIONES: Contrato indefinido a jornada completa. 
REQUISITOS: Tarjeta profesional de la construcción (TPC).</p><p>Para más información acuda a <a href='http://empleocastillayleon.jcyl.es/oficinavirtual/buscoEmpleoPub.do?srvc=ver&scope=reg&cod=377033'>Oficina Virtual</a></p>";;ECYL;1179469491795;Zamora;41.507324;-5.745313;49;1285668323262;2026-08-03;https://empleo.jcyl.es/web/jcyl/Empleo/es/Plantilla100Detalle/1284216458054/OfertasEmpleo/1285668323262/Empleo;41.507324, -5.745313
TERAPEUTAS OCUPACIONALES;Zamora;2026-08-03;"<p>Oferta Núm. 2045 TERAPEUTA OCUPACIONAL para Residencia de Almaraz de Duero (Zamora).
Los interesados/as deben enviar su CV a (ecyldoctorfleming.ofertas@jcyl.es) indicando en el asunto el Núm. de la oferta.
FUNCIONES: Atención a usuarios/as del Centro.
CONDICIONES: Contrato temporal. Jornada parcial.
REQUISITOS: Diplomatura o Grado en Terapia Ocupacional.</p><p>Para más información acuda a <a href='http://empleocastillayleon.jcyl.es/oficinavirtual/buscoEmpleoPub.do?srvc=ver&scope=reg&cod=376861'>Oficina Virtual</a></p>";;ECYL;1179469332884;Almaraz de Duero;41.475048;-5.916932;49;1285668323558;2026-08-03;https://empleo.jcyl.es/web/jcyl/Empleo/es/Plantilla100Detalle/1284216458054/OfertasEmpleo/1285668323558/Empleo;41.475048, -5.916932
CUIDADORES DE PERSONAS CON DISCAPACIDAD Y/O DEPENDENCIA, EN INSTITUCIONES;Zamora;2026-08-03;"<p>Oferta Núm. 2050 AUXILIAR DE ENFERMERÍA-GERIATRÍA para Residencia de Almaraz de Duero (Zamora).
Los interesados/as deben enviar su CV a (ecyldoctorfleming.ofertas@jcyl.es) indicando en el asunto el Núm. de la oferta.
FUNCIONES: Atención a usuarios/as del Centro.
CONDICIONES: Contrato temporal jornada parcial.
REQUISITOS: Titulación o Certificado de Profesionalidad.</p><p>Para más información acuda a <a href='http://empleocastillayleon.jcyl.es/oficinavirtual/buscoEmpleoPub.do?srvc=ver&scope=reg&cod=376866'>Oficina Virtual</a></p>";;ECYL;1179469332884;Almaraz de Duero;41.475048;-5.916932;49;1285668323132;2026-08-03;https://empleo.jcyl.es/web/jcyl/Empleo/es/Plantilla100Detalle/1284216458054/OfertasEmpleo/1285668323132/Empleo;41.475048, -5.916932
TERAPEUTAS OCUPACIONALES;Zamora;2026-08-03;"<p>Oferta Núm. 1963 TERAPEUTA OCUPACIONAL para Residencia de Fariza de Sayago (Zamora).
Los interesados/as deben enviar su CV a (ecyldoctorfleming.ofertas@jcyl.es) indicando en el asunto el Núm. de la oferta.
FUNCIONES: Atención a usuarios/as del Centro.
CONDICIONES: Contrato indefinido, jornada parcial.
REQUISITOS: Diplomatura/Grado en Terapia Ocupacional.</p><p>Para más información acuda a <a href='http://empleocastillayleon.jcyl.es/oficinavirtual/buscoEmpleoPub.do?srvc=ver&scope=reg&cod=376779'>Oficina Virtual</a></p>";;ECYL;1179469359403;Fariza;41.420048;-6.270465;49;1285668280744;2026-08-03;https://empleo.jcyl.es/web/jcyl/Empleo/es/Plantilla100Detalle/1284216458054/OfertasEmpleo/1285668280744/Empleo;41.420048, -6.270465
COCINEROS, EN GENERAL;Zamora;2026-08-03;"<p>Oferta Núm. 2055 COCINERO/A para Residencia de Almaraz de Duero (Zamora).
Los interesados/as deben enviar su CV a (ecyldoctorfleming.ofertas@jcyl.es) indicando en el asunto el Núm. de la oferta.
FUNCIONES: Elaboración de menús para los usuarios del Centro.
CONDICIONES: Contrato temporal jornada parcial.
REQUISITOS: Se valorará experiencia.</p><p>Para más información acuda a <a href='http://empleocastillayleon.jcyl.es/oficinavirtual/buscoEmpleoPub.do?srvc=ver&scope=reg&cod=376871'>Oficina Virtual</a></p>";;ECYL;1179469332884;Almaraz de Duero;41.475048;-5.916932;49;1285668323029;2026-08-03;https://empleo.jcyl.es/web/jcyl/Empleo/es/Plantilla100Detalle/1284216458054/OfertasEmpleo/1285668323029/Empleo;41.475048, -5.916932
ENFERMEROS DE CUIDADOS GENERALES;Zamora;2026-08-03;"<p>Oferta Núm. 2041 ENFERMERO/A para Residencia de Almaraz de Duero (Zamora).
Los interesados/as deben enviar su CV a (ecyldoctorfleming.ofertas@jcyl.es) indicando en el asunto el Núm. de la oferta.
FUNCIONES: Atención a usarios/as del Centro.
CONDICIONES: Contrato temporal. Jornada parcial.
REQUISITOS: Diplomatuar o Grado en Enfermería.</p><p>Para más información acuda a <a href='http://empleocastillayleon.jcyl.es/oficinavirtual/buscoEmpleoPub.do?srvc=ver&scope=reg&cod=376857'>Oficina Virtual</a></p>";;ECYL;1179469332884;Almaraz de Duero;41.475048;-5.916932;49;1285668323502;2026-08-03;https://empleo.jcyl.es/web/jcyl/Empleo/es/Plantilla100Detalle/1284216458054/OfertasEmpleo/1285668323502/Empleo;41.475048, -5.916932
MÉDICOS, MEDICINA GENERAL;Zamora;2026-08-03;"<p>Oferta Núm. 2028 MÉDICO para Residencia de Almaraz de Duero (Zamora).
Los interesados/as deben enviar su CV a (ecyldoctorfleming.ofertas@jcyl.es) indicando en el asunto el Núm. de la oferta.
FUNCIONES: Atención a usuarios/as del Centro.
CONDICIONES: Contrato temporal. Jornada parcial.
REQUISITOS: Licenciatura o Grado en Medicina.</p><p>Para más información acuda a <a href='http://empleocastillayleon.jcyl.es/oficinavirtual/buscoEmpleoPub.do?srvc=ver&scope=reg&cod=376844'>Oficina Virtual</a></p>";;ECYL;1179469332884;Almaraz de Duero;41.475048;-5.916932;49;1285668323437;2026-08-03;https://empleo.jcyl.es/web/jcyl/Empleo/es/Plantilla100Detalle/1284216458054/OfertasEmpleo/1285668323437/Empleo;41.475048, -5.916932
AUXILIARES DE ENFERMERÍA;Burgos;2026-07-31;<p>OFERTA ECYL 15990- AUX. ENFERMERIA PARA RESIDENCIA DOÑA JIMENA G3 - SI ESTA INTERESADO DEBE ACUDIR A C/DUQUE DE FRIAS 24 ( MARTA/NOEMI) A LA MAYOR BREVEDAD POSIBLE Y ENVIAR MAIL A ECYLJUANDEPADILLA.OFERTAS@JCYL.ES CON ASUNTO( PARTICIPO OFERTA 15990- AUX ENFERMERIA) SMS- O.E. JUAN DE PADILLA</p><p>Para más información acuda a <a href='http://empleocastillayleon.jcyl.es/oficinavirtual/buscoEmpleoPub.do?srvc=ver&scope=reg&cod=390806'>Oficina Virtual</a></p>;;ECYL;1179297447246;Burgos;42.3408235575;-3.70205869083;09;1285667927283;2026-08-13;https://empleo.jcyl.es/web/jcyl/Empleo/es/Plantilla100Detalle/1284216458054/OfertasEmpleo/1285667927283/Empleo;42.3408235575, -3.70205869083
COCINEROS, EN GENERAL;Burgos;2026-07-31;<p>OFERTA ECYL 16383- COCINERO PARA EPOCA BURGOS- INDEFINIDO- MEDIA JORNADA MAÑANAS- TITULACION EN COCINA - SI ESTA INTERESADO DEBE ENVIAR CV A EPOCABURGOS@GMAIL.COM CON COPIA A ECYLJUANDEPADILLA.OFERTAS@JCYL.ES CON ASUNTO( PARTICIPO OFERTA 16383- COCINERO) SMS- O.E. JUAN DE PADILLA</p><p>Para más información acuda a <a href='http://empleocastillayleon.jcyl.es/oficinavirtual/buscoEmpleoPub.do?srvc=ver&scope=reg&cod=391199'>Oficina Virtual</a></p>;;ECYL;1179297447246;Burgos;42.3408235575;-3.70205869083;09;1285667926966;2026-08-31;https://empleo.jcyl.es/web/jcyl/Empleo/es/Plantilla100Detalle/1284216458054/OfertasEmpleo/1285667926966/Empleo;42.3408235575, -3.70205869083
AUXILIARES DE ENFERMERÍA DE GERIATRÍA;Burgos;2026-07-31;"<p>PUESTO SOLICITADO: Auxiliar de enfermería en Residencia privada
LOCALIDAD: Burgos
REQUISITOS: Técnico cuidados auxiliares de enfermería
SE OFRECE. Contrato laboral indefinido 
Jornada completa mañana o tarde</p><p>Para más información acuda a <a href='http://empleocastillayleon.jcyl.es/oficinavirtual/buscoEmpleoPub.do?srvc=ver&scope=reg&cod=391337'>Oficina Virtual</a></p>";;ECYL;1179297447246;Burgos;42.3408235575;-3.70205869083;09;1285667995414;2026-07-31;https://empleo.jcyl.es/web/jcyl/Empleo/es/Plantilla100Detalle/1284216458054/OfertasEmpleo/1285667995414/Empleo;42.3408235575, -3.70205869083
MÉDICOS, MEDICINA GENERAL;León;2026-07-31;<p>Para más información acuda a <a href='http://empleocastillayleon.jcyl.es/oficinavirtual/buscoEmpleoPub.do?srvc=ver&scope=reg&cod=386670'>Oficina Virtual</a></p>;;ECYL;1179297884683;Pola de Gordón (La);42.854378;-5.671433;24;1285667927516;2026-07-31;https://empleo.jcyl.es/web/jcyl/Empleo/es/Plantilla100Detalle/1284216458054/OfertasEmpleo/1285667927516/Empleo;42.854378, -5.671433
OTROS PROFESIONALES DE LAS TERAPIAS ALTERNATIVAS;Zamora;2026-07-31;"<p>Oferta Núm 3097 de RECEPCIONISTA-MASAJISTA para ALMEIDA DE SAYAGO(Zamora).
Los interesados/as deben enviar su CV a (ecyldoctorfleming.ofertas@jcyl.es) indicando en el asunto el Núm. de la oferta.
FUNCIONES: Asistir en el puesto de recepción y realizar técnicas de tratamientos básicas.
CONDICIONES: Laboral indefinido a jornada completa. 
REQUISITOS: Tener experiencia.</p><p>Para más información acuda a <a href='http://empleocastillayleon.jcyl.es/oficinavirtual/buscoEmpleoPub.do?srvc=ver&scope=reg&cod=377913'>Oficina Virtual</a></p>";;ECYL;1179469333638;Almeida de Sayago;41.267624;-6.071891;49;1285667927068;2026-07-31;https://empleo.jcyl.es/web/jcyl/Empleo/es/Plantilla100Detalle/1284216458054/OfertasEmpleo/1285667927068/Empleo;41.267624, -6.071891
ASISTENTES DOMICILIARIOS;Zamora;2026-07-31;<p>Oferta 16491 Para auxiliar de ayuda a domiciliio en Cubo de Benavente. Contrato indefinido de 10 horas semanales distribuidas de lunes a viernes en horario de tarde. Personas interesadas mandar mail a: raquelag@intras.es</p><p>Para más información acuda a <a href='http://empleocastillayleon.jcyl.es/oficinavirtual/buscoEmpleoPub.do?srvc=ver&scope=reg&cod=391307'>Oficina Virtual</a></p>;;ECYL;1179469357005;Cubo de Benavente;42.124527;-6.166081;49;1285667891829;2026-07-31;https://empleo.jcyl.es/web/jcyl/Empleo/es/Plantilla100Detalle/1284216458054/OfertasEmpleo/1285667891829/Empleo;42.124527, -6.166081
TÉCNICOS DE MANTENIMIENTO DE EQUIPOS ELECTROMECÁNICOS;Zamora;2026-07-31;"<p>Oferta Núm 16479 de ELECTROMECÁNICO para ZAMORA
Los interesados/as deben enviar su CV a (ecyldoctorfleming.ofertas@jcyl.es) indicando en el asunto el Núm. de la oferta.
FUNCIONES: Mantenimiento de automóviles, camiones y maquinaria pesada de construcción.
CONDICIONES: Laboral indefinido a jornada completa. 
REQUISITOS: Formación FP mantenimiento de vehículos. Permiso de conducir B. Permiso C y CAP recomendable. Experiencia 12 meses.</p><p>Para más información acuda a <a href='http://empleocastillayleon.jcyl.es/oficinavirtual/buscoEmpleoPub.do?srvc=ver&scope=reg&cod=391295'>Oficina Virtual</a></p>";;ECYL;1179469491795;Zamora;41.507324;-5.745313;49;1285667844992;2026-07-31;https://empleo.jcyl.es/web/jcyl/Empleo/es/Plantilla100Detalle/1284216458054/OfertasEmpleo/1285667844992/Empleo;41.507324, -5.745313
AUXILIARES DE ENFERMERÍA DE GERIATRÍA;Zamora;2026-07-31;"<p>la empresa CYL BASS, S.L. necesita 5 puestos de gerocultor/a para MOMBUEY(Zamora)
Se rquiere:
CERTIFICADO DE PROFESIONALIDAD a personas dependientes en instituciones sociales o ciclo de grado medio de auxiliar de enfermería.
Se ofrece:
Contrato laboral Indefinido a turnos.
Jornada completa.
Las personas interesadas deberán enviar el C.V. a amara@grupomatellanes.com con copia a ecylpueblasa@jcyl.es o llamar al teléfono 980644384.</p><p>Para más información acuda a <a href='http://empleocastillayleon.jcyl.es/oficinavirtual/buscoEmpleoPub.do?srvc=ver&scope=reg&cod=391310'>Oficina Virtual</a></p>";;ECYL;1179469397002;Mombuey;42.0247;-6.32548;49;1285668050973;2026-07-31;https://empleo.jcyl.es/web/jcyl/Empleo/es/Plantilla100Detalle/1284216458054/OfertasEmpleo/1285668050973/Empleo;42.0247, -6.32548
ALBAÑILES;León;2026-07-30;<p>OFERTA 16417. Oficial 2ª albañilería para León. Contrato INDEFINIDO, J. COMPLETA. Se requiere tarjeta profesional de la construcción y curso de formación en riesgos laborales de 60 horas. Interesados contactar con oficina de empleo León Centro, C/ Ramón y Cajal 14, tfno. 987 24 95 30.</p><p>Para más información acuda a <a href='http://empleocastillayleon.jcyl.es/oficinavirtual/buscoEmpleoPub.do?srvc=ver&scope=reg&cod=391233'>Oficina Virtual</a></p>;;ECYL;1179297860755;León;42.59873;-5.5670958;24;1285667539516;2026-07-30;https://empleo.jcyl.es/web/jcyl/Empleo/es/Plantilla100Detalle/1284216458054/OfertasEmpleo/1285667539516/Empleo;42.59873, -5.5670958
CUIDADORES DE PERSONAS CON DISCAPACIDAD Y/O DEPENDENCIA, EN INSTITUCIONES;Salamanca;2026-07-30;"<p>SE NECESITA PERSONAL DE ATENCIÓN DIRECTA INCORPORACION INMEDIATA PARA RESIDENCIA DE ANCIANOS EN OLMEDO DE CAMACES (SALAMANCA), NO SE HACEN NOCHES, SOLO TURNOS DE MAÑANA Y/O TARDES, JORNADA COMPLETA , SUELDO SEGÚN CONVENIO.
INTERESADOS/AS LLAMAR 646656851 / 923506019</p><p>Para más información acuda a <a href='http://empleocastillayleon.jcyl.es/oficinavirtual/buscoEmpleoPub.do?srvc=ver&scope=reg&cod=391015'>Oficina Virtual</a></p>";;ECYL;1179298299613;Olmedo de Camaces;40.878952;-6.626109;37;1285667590119;2026-08-25;https://empleo.jcyl.es/web/jcyl/Empleo/es/Plantilla100Detalle/1284216458054/OfertasEmpleo/1285667590119/Empleo;40.878952, -6.626109
AUXILIARES DE ENFERMERÍA DE GERIATRÍA;Zamora;2026-07-30;"<p>Oferta Núm 16463 de AUXILIAR DE ENFERMERIA/GEROCULTOR-A para PELEAS DE ABAJO (Zamora).
Los interesados/as deben enviar su CV a (ecyldoctorfleming.ofertas@jcyl.es) indicando en el asunto el Núm. de la oferta.
FUNCIONES: Las propias de la profesión
CONDICIONES: Laboral indefinido a jornada completa. 
REQUISITOS: Técnico en Cuidados Auxiliares de Enfermería.</p><p>Para más información acuda a <a href='http://empleocastillayleon.jcyl.es/oficinavirtual/buscoEmpleoPub.do?srvc=ver&scope=reg&cod=391279'>Oficina Virtual</a></p>";;ECYL;1179469406663;Peleas de Abajo;41.39259;-5.688631;49;1285667632216;2026-09-15;https://empleo.jcyl.es/web/jcyl/Empleo/es/Plantilla100Detalle/1284216458054/OfertasEmpleo/1285667632216/Empleo;41.39259, -5.688631
AUXILIARES DE ENFERMERÍA DE GERIATRÍA;Zamora;2026-07-30;"<p>Oferta Núm 16444 de AUXILIAR DE ENFERMERIA/GEROCULTOR-A para TÁBARA (Zamora).
Los interesados/as deben enviar su CV a (ecyldoctorfleming.ofertas@jcyl.es) indicando en el asunto el Núm. de la oferta.
FUNCIONES: Las propias de la profesión
CONDICIONES: Laboral indefinido a jornada completa. 
REQUISITOS: Técnico en Cuidados Auxiliares de Enfermería.</p><p>Para más información acuda a <a href='http://empleocastillayleon.jcyl.es/oficinavirtual/buscoEmpleoPub.do?srvc=ver&scope=reg&cod=391260'>Oficina Virtual</a></p>";;ECYL;1179469471707;Tábara;41.8253;-5.957271;49;1285667589943;2026-09-15;https://empleo.jcyl.es/web/jcyl/Empleo/es/Plantilla100Detalle/1284216458054/OfertasEmpleo/1285667589943/Empleo;41.8253, -5.957271
ENCOFRADORES;Zamora;2026-07-30;"<p>Oferta Núm 4239 de TRES ENCOFRADORES para empresa de VILLARALBO (Zamora).
Los interesados/as deben enviar su CV a (ecyldoctorfleming.ofertas@jcyl.es) indicando en el asunto el Núm. de la oferta.
FUNCIONES: Realización de encofrados para obras.
CONDICIONES: Contrato indefinido a jornada completa. 
REQUISITOS: Curso PRL de 20 horas construcción. Permiso de conducir.</p><p>Para más información acuda a <a href='http://empleocastillayleon.jcyl.es/oficinavirtual/buscoEmpleoPub.do?srvc=ver&scope=reg&cod=379055'>Oficina Virtual</a></p>";;ECYL;1179469486911;Villaralbo;41.492573;-5.680964;49;1285667539377;2026-07-30;https://empleo.jcyl.es/web/jcyl/Empleo/es/Plantilla100Detalle/1284216458054/OfertasEmpleo/1285667539377/Empleo;41.492573, -5.680964
TÉCNICOS DE MANTENIMIENTO MECÁNICO;Zamora;2026-07-30;"<p>Oferta Núm 16471de MECÁNICO MAQUINARIA VARIADA para ZAMORA
Los interesados/as deben enviar su CV a (ecyldoctorfleming.ofertas@jcyl.es) indicando en el asunto el Núm. de la oferta.
FUNCIONES: Mantenimiento de automóviles, camiones y maquinaria pesada de construcción.
CONDICIONES: Laboral indefinido a jornada completa. 
REQUISITOS: Formación FP mantenimiento de vehículos. Permiso de conducir B. Permiso C y CAP recomendable. Experiencia 12 meses.</p><p>Para más información acuda a <a href='http://empleocastillayleon.jcyl.es/oficinavirtual/buscoEmpleoPub.do?srvc=ver&scope=reg&cod=391287'>Oficina Virtual</a></p>";;ECYL;1179469491795;Zamora;41.507324;-5.745313;49;1285667665377;2026-07-30;https://empleo.jcyl.es/web/jcyl/Empleo/es/Plantilla100Detalle/1284216458054/OfertasEmpleo/1285667665377/Empleo;41.507324, -5.745313
PERSONAL DE LIMPIEZA O LIMPIADORES EN GENERAL;León;2026-07-29;"<p>Oferta 16386 de lipiadora/cuidadora para residencia de mayores en Cuadros
Contrato temporal, jornada completa
Interesadas/os ponerse en contacto con la oficina de empleo Serna.Tf.987215200</p><p>Para más información acuda a <a href='http://empleocastillayleon.jcyl.es/oficinavirtual/buscoEmpleoPub.do?srvc=ver&scope=reg&cod=391202'>Oficina Virtual</a></p>";;ECYL;1179297828529;Cuadros;42.711884;-5.636376;24;1285667334325;2026-07-29;https://empleo.jcyl.es/web/jcyl/Empleo/es/Plantilla100Detalle/1284216458054/OfertasEmpleo/1285667334325/Empleo;42.711884, -5.636376
AUXILIARES DE ENFERMERÍA;León;2026-07-29;<p>Para más información acuda a <a href='http://empleocastillayleon.jcyl.es/oficinavirtual/buscoEmpleoPub.do?srvc=ver&scope=reg&cod=391181'>Oficina Virtual</a></p>;;ECYL;1179297828529;Cuadros;42.711884;-5.636376;24;1285667255812;2026-07-29;https://empleo.jcyl.es/web/jcyl/Empleo/es/Plantilla100Detalle/1284216458054/OfertasEmpleo/1285667255812/Empleo;42.711884, -5.636376
ELECTROMECÁNICOS DE MANTENIMIENTO INDUSTRIAL (MANTENIMIENTO Y REPARACIÓN GENERAL);León;2026-07-29;"<p>Oferta nº 08/2026/16336
Se busca electromecánico para puesto en Ponferrada. Se ofrece contrato indefinido a jornada completa.
Requisitos: Formación Profesional en el área y experiencia de 12 meses.
INTERESADOS CONTACTAR O.E. PONFERRADA tfno. 987410859 ? EXT.2</p><p>Para más información acuda a <a href='http://empleocastillayleon.jcyl.es/oficinavirtual/buscoEmpleoPub.do?srvc=ver&scope=reg&cod=391152'>Oficina Virtual</a></p>";;ECYL;1179297888504;Ponferrada;42.549995;-6.598259;24;1285667169339;2026-07-29;https://empleo.jcyl.es/web/jcyl/Empleo/es/Plantilla100Detalle/1284216458054/OfertasEmpleo/1285667169339/Empleo;42.549995, -6.598259
Carretilleros (Alemania);Otra;2026-07-29;"<p><em>Hofmann Personal</em> selecciona un/a <strong>CARRETILLEROS/AS RETRÁCTILES Y ELEVADORAS</strong> para empresa ubicada en Kassel (Alemania), con incorporación a partir de septiembre de 2026.</p>
<p><strong>Funciones:</strong></p>
<ul>
<li>Manejo de carretillas elevadoras, carretillas retráctiles, recogepedidos para estanterías altas u otros dispositivos de transporte de materiales en el lugar de trabajo (especialmente en áreas de almacenamiento en estanterías).</li>
<li>Carga/descarga de cajas de cartón, paletizado/despaletizado de y hacia contenedores/remolques.</li>
<li>Cumplir con los procedimientos de seguridad adecuados para minimizar los riesgos.</li>
<li>Responsabilidad de la higiene personal, limpieza del almacén y seguridad medioambiental.</li>
<li>Realizar las tareas del almacén según las instrucciones de su superior.</li>
</ul>
<p><strong>Requisitos:</strong></p>
<ul>
<li>Experiencia previa de al menos un año en un puesto similar.</li>
<li>Posesión de carnet de carretillero (no importa si está vencido, se realizará un curso antes de la incorporación).</li>
<li>Capacidad para conducir y manejar carretillas elevadoras y carretillas retráctiles, recogepedidos para estanterías altas u otros dispositivos de transporte de material.</li>
<li>Conocimientos sobre el manejo de escáneres manuales y responsabilidad en el manejo de dispositivos.</li>
<li>Flexibilidad para trabajar en turnos (incluidos turnos nocturnos, domingos y festivos).</li>
</ul>
<p><strong>Se ofrece:</strong></p>
<ul>
<li>Remuneración regulada por tarifa: 15,96 euros/hora bruto.</li>
<li>Extras por turnos nocturnos (25%), domingos (50%) y festivos (100%).</li>
<li>Formación y obtención de título de carretillero en Alemania.</li>
<li>Contrato indefinido de 151,67 h/mes + bolsa de horas.</li>
<li>25 días de vacaciones remuneradas por año.</li>
<li>Apoyo y asesoramiento en todo el proceso de selección y contratación en español.</li>
<li>Ayuda en la búsqueda de vivienda y en los trámites burocráticos para trabajar en Alemania.</li>
<li>La empresa no cubre gastos de viaje ni el coste mensual de la vivienda.</li>
</ul>
<p><strong>Para más información y solicitudes:</strong></p>
<ul>
<li>Inscribirse o enviar tu CV en español actualizado directamente a: <a href='mailto:eu-candidatura@hofmann.info'>eu-candidatura@hofmann.info</a></li>
<li>Consultar enlaces adjuntos.</li>
</ul><p><strong>Información obtenida de: </strong>EURES. <a href='http://www.sepe.es/redEURES' target='_blank'>http://www.sepe.es/redEURES</a></p><p><strong>Enlaces relacionados:</strong><ul><li><a href='https://servicios3.jcyl.es/enbo/siau/contenido/ZWcvVUtxU2tuSnFyeUlrSGhLTjF0RjRYTW1RVmtaTjVzM2NiNTAvVVJjZz0%3D' target='_blank'>Carretilleros </a></li><li><a href='https://www.sepe.es/HomeSepe/encontrar-trabajo/empleo-europa/Ofertas-empleo-destacadas-informacion-paises/empleo-alemania.html' target='_blank'>Ofertas en Alemania</a></li></ul></p><p>Información procedente de: <a href='https://servicios3.jcyl.es/enbo/siau/webapp/boletinEmpleoCyL/boletin/NklHMW1WaXkwUHB4TlRmUGgyMzJyaEhxSmtCMG1wcmF3d0tTa2gvL1ljTT0%3D/EMPLEO-EURES/147152' target='_blank'><strong>Boletín de Empleo de Castilla y León (Ecyl)</strong>.</a></p>";Europa;Red EURES;;;;;;1285667273552;2026-07-29;https://empleo.jcyl.es/web/jcyl/Empleo/es/Plantilla100Detalle/1284216458054/OfertasEmpleo/1285667273552/Empleo;
2 Native english teachers - Alicante (España);Otra;2026-07-29;"<p><strong>Requirements:</strong></p>
<ul>
<li>Skills and Competences: Teach languages. Prepare learners for language examinations. Plan learning sessions. Assess students' progress. Provide educational feedback. Manage classroom activities. Use digital learning technologies. Adapt teaching to learners' needs. Motivate learners. Work in educational teams. Communicate effectively in English. Foster language proficiency development.</li>
<li>Experience: 2 years</li>
<li>Education and Qualifications: TEFL, CELTA, DELTA, Trinity TESOL or similar qualification.</li>
<li>Work permit and documents for Spain.</li>
<li>Experience preparing students for Cambridge exams.</li>
<li>Must have experience with Young Learners (from age four), but also be prepared to teach up to level C1 if needed to teens or adults.</li>
<li>Languages: English (native speaker level) and Spanish (basic level)</li>
</ul>
<p><strong>How to apply:</strong></p>
<ul>
<li>Send your CV to the company: <a href='mailto:gerrysschool@gerrysschool.es'>gerrysschool@gerrysschool.es</a> With copy to (CC): <a href='mailto:eures_alicante@gva.es'> eures_alicante@gva.es </a></li>
<li>Subject: Native English Teachers</li>
</ul><p><strong>Información obtenida de: </strong>EURES. <a href='http://www.sepe.es/redEURES' target='_blank'>http://www.sepe.es/redEURES</a></p><p><strong>Enlaces relacionados:</strong><ul><li><a href='https://servicios3.jcyl.es/enbo/siau/contenido/Tm5qNGxQV1k1Y25JZ2I2eGxhRHlKNmpiRkI3WGdSY0xrbTljS0ZNS1R0RT0%3D' target='_blank'>Native English Teachers</a></li><li><a href='https://www.sepe.es/HomeSepe/encontrar-trabajo/empleo-europa/Ofertas-empleo-destacadas-informacion-paises/empleo-espana.html' target='_blank'>Ofertas en España</a></li></ul></p><p>Información procedente de: <a href='https://servicios3.jcyl.es/enbo/siau/webapp/boletinEmpleoCyL/boletin/NklHMW1WaXkwUHB4TlRmUGgyMzJyaEhxSmtCMG1wcmF3d0tTa2gvL1ljTT0%3D/EMPLEO-EURES/147156' target='_blank'><strong>Boletín de Empleo de Castilla y León (Ecyl)</strong>.</a></p>";Europa;Red EURES;;;;;;1285667273467;2026-07-29;https://empleo.jcyl.es/web/jcyl/Empleo/es/Plantilla100Detalle/1284216458054/OfertasEmpleo/1285667273467/Empleo;
Ayudantes de almacén (Alemania);Otra;2026-07-29;"<p><em>Hofmann Personal </em>busca <strong>AYUDANTES DE ALMACÉN</strong> para empresa de Kassel, Alemania.</p>
<p><strong>Funciones:</strong></p>
<ul>
<li>Responsable de la carga de mercancías terminadas y embaladas en camiones y contenedores.</li>
<li>Garantizar que todos los envíos salgan puntualmente del almacén.</li>
<li>Capacidad para realizar actividades de preparación de pedidos y almacenamiento a nivel del suelo.</li>
<li>Cumplimiento de los procedimientos de seguridad adecuados para minimizar los riesgos para uno/a mismo y para los demás.</li>
<li>Responsable del embalaje de palés y del movimiento de palés con transpaletas manuales.</li>
<li>Capacidad para transportar cajas pesadas/fuerza física, en función de los requisitos de los futuros clientes.</li>
<li>Responsable de la higiene personal, la limpieza del almacén y la seguridad medioambiental.</li>
</ul>
<p><strong>Requisitos:</strong></p>
<ul>
<li>Se valora/prefiere experiencia previa en almacén.</li>
<li>Conocimientos en el manejo de escáneres manuales, responsabilidad propia en el manejo de equipos.</li>
<li>Se valorará la formación y los conocimientos en carga segura.</li>
<li>Flexibilidad para trabajar en turnos (incluidos turnos nocturnos, domingos y festivos).</li>
</ul>
<p><strong>Se ofrece:</strong></p>
<ul>
<li>Atractiva remuneración regulada por tarifa: 15 euros/hora bruto.</li>
<li>Extras en Turnos nocturnos (25%), domingos (50%) y festivos (100%).</li>
<li>Contrato indefinido de 151,67 h/mes + bolsa de horas.</li>
<li>25 días de vacaciones remuneradas por año.</li>
<li>Apoyo y asesoramiento en todo el proceso de selección y contratación en español.</li>
<li>Ayuda en la búsqueda de vivienda y en los trámites burocráticos para poder trabajar en Alemania.</li>
<li>La empresa no cubre gastos de viaje ni el coste mensual de la vivienda.</li>
</ul>
<p><strong>Para más información y solicitudes:</strong></p>
<ul>
<li>No dudes en inscribirte o enviar tu CV en español actualizado directamente a: <a href='mailto:eu-candidatura@hofmann.info'>eu-candidatura@hofmann.info</a></li>
<li>Consultar enlaces adjuntos</li>
</ul><p><strong>Información obtenida de: </strong>EURES. <a href='http://www.sepe.es/redEURES' target='_blank'>http://www.sepe.es/redEURES</a></p><p><strong>Enlaces relacionados:</strong><ul><li><a href='https://servicios3.jcyl.es/enbo/siau/contenido/a3VPZkI2YzVhbUU5V3VtS25RZ2dIOU9Ua3NZV3Iva3AxN1dGZ2NtZ0RVZz0%3D' target='_blank'>Ayudantes de almacén</a></li><li><a href='https://www.sepe.es/HomeSepe/encontrar-trabajo/empleo-europa/Ofertas-empleo-destacadas-informacion-paises/empleo-alemania.html' target='_blank'>Ofertas en Alemania</a></li></ul></p><p>Información procedente de: <a href='https://servicios3.jcyl.es/enbo/siau/webapp/boletinEmpleoCyL/boletin/NklHMW1WaXkwUHB4TlRmUGgyMzJyaEhxSmtCMG1wcmF3d0tTa2gvL1ljTT0%3D/EMPLEO-EURES/147153' target='_blank'><strong>Boletín de Empleo de Castilla y León (Ecyl)</strong>.</a></p>";Europa;Red EURES;;;;;;1285667273580;2026-07-29;https://empleo.jcyl.es/web/jcyl/Empleo/es/Plantilla100Detalle/1284216458054/OfertasEmpleo/1285667273580/Empleo;
Maintenance manager - Zaragoza (España);Otra;2026-07-29;"<p><strong>Requirements:</strong></p>
<ul>
<li>Competences:</li>
<li style='list-style-type: none;'>
<ul>
<li style='text-align: justify;'>Proficiency in PLC programming with at least two of the following platforms: Omron, Mitsubishi, Siemens, or Keyence.</li>
<li style='text-align: justify;'>Strong knowledge of at least one high-level programming language (C, C++, C#, or LabVIEW).</li>
<li style='text-align: justify;'>Experience working with industrial robots such as YAMAHA, ABB, KUKA, EPSON, or FANUC.</li>
<li style='text-align: justify;'>Familiarity with vision systems and CCD control technologies (e.g., Cognex, Omron, Keyence).</li>
<li style='text-align: justify;'>Solid technical drawing skills, including basic mechanical design and advanced electrical schematics using tools such as SolidWorks, Eplan, or AutoCAD.</li>
</ul>
</li>
<li>Experience: At least 8 years of experience in a similar role, preferably in the battery, manufacturing, or automotive sectors, with proven team management experience.</li>
<li>Education: Bachelor&rsquo;s degree in Electrical Engineering, Automation or related fields.</li>
<li>Languages: High level of English (minimum C1)</li>
</ul>
<p><strong>How to apply:</strong></p>
<ul>
<li>Email with your CV to: <a href='mailto:euresaragon@aragon.es'>euresaragon@aragon.es</a> with copy to: <a href='mailto:eures.nordicos@aragon.es'>eures.nordicos@aragon.es</a> Object: Job offer 5812 with your ID</li>
</ul><p><strong>Información obtenida de: </strong>EURES. <a href='http://www.sepe.es/redEURES' target='_blank'>http://www.sepe.es/redEURES</a></p><p><strong>Enlaces relacionados:</strong><ul><li><a href='https://servicios3.jcyl.es/enbo/siau/contenido/cGNlZXYvR3B6SmJpektvNTRNSUJucXpxZzhmRTR3WFhaYjJCRHlBQ1dhdz0%3D' target='_blank'>Maintenance manager</a></li><li><a href='https://www.sepe.es/HomeSepe/encontrar-trabajo/empleo-europa/Ofertas-empleo-destacadas-informacion-paises/empleo-espana.html' target='_blank'>Ofertas en España</a></li></ul></p><p>Información procedente de: <a href='https://servicios3.jcyl.es/enbo/siau/webapp/boletinEmpleoCyL/boletin/NklHMW1WaXkwUHB4TlRmUGgyMzJyaEhxSmtCMG1wcmF3d0tTa2gvL1ljTT0%3D/EMPLEO-EURES/147157' target='_blank'><strong>Boletín de Empleo de Castilla y León (Ecyl)</strong>.</a></p>";Europa;Red EURES;;;;;;1285667273409;2026-07-29;https://empleo.jcyl.es/web/jcyl/Empleo/es/Plantilla100Detalle/1284216458054/OfertasEmpleo/1285667273409/Empleo;
ENFERMEROS DE CUIDADOS GENERALES;Segovia;2026-07-29;<p>Para más información acuda a <a href='http://empleocastillayleon.jcyl.es/oficinavirtual/buscoEmpleoPub.do?srvc=ver&scope=reg&cod=377137'>Oficina Virtual</a></p>;;ECYL;1179298571410;Trescasas;40.95971;-4.037161;40;1285667169946;2026-07-29;https://empleo.jcyl.es/web/jcyl/Empleo/es/Plantilla100Detalle/1284216458054/OfertasEmpleo/1285667169946/Empleo;40.95971, -4.037161
ASISTENTES DOMICILIARIOS;Zamora;2026-07-29;"<p>Oferta Núm 16353de ASISTENTE PERSONAL para FARAMONTANOS DE TÁBARA (Zamora).
Los interesados/as deben enviar su CV a (ecyldoctorfleming.ofertas@jcyl.es) indicando en el asunto el Núm. de la oferta.
FUNCIONES: Acompañamiento, apoyo en higiene, elaboración de comidas, limpieza y organización en el domicilio de personas dependientes.
CONDICIONES: Contrato indefinido a jornada parcial de 15 h. semanales 
REQUISITOS: Permiso de conducir y vehículo. Valorable titulación o Certificado Profesionalidad.</p><p>Para más información acuda a <a href='http://empleocastillayleon.jcyl.es/oficinavirtual/buscoEmpleoPub.do?srvc=ver&scope=reg&cod=391169'>Oficina Virtual</a></p>";;ECYL;1179469359175;Faramontanos de Tábara;41.833054;-5.88854;49;1285667211360;2026-09-17;https://empleo.jcyl.es/web/jcyl/Empleo/es/Plantilla100Detalle/1284216458054/OfertasEmpleo/1285667211360/Empleo;41.833054, -5.88854
TÉCNICOS EN MECÁNICA DE AUTOMOCIÓN;Zamora;2026-07-29;"<p>Oferta Núm 16407de MECÁNICO para CORRALES (Zamora).
Los interesados/as deben enviar su CV a (ecyldoctorfleming.ofertas@jcyl.es) indicando en el asunto el Núm. de la oferta.
FUNCIONES: Reparación y diagnóstico de averías mecánicas y eléctricas y colaboración con el resto del equipo.
CONDICIONES: Laboral indefinido a jornada completa. 
REQUISITOS: Formación en Electromecánica, Mantenimiento Industrial, Automoción o similar. Permiso de conducir B. Experiencia.</p><p>Para más información acuda a <a href='http://empleocastillayleon.jcyl.es/oficinavirtual/buscoEmpleoPub.do?srvc=ver&scope=reg&cod=391223'>Oficina Virtual</a></p>";;ECYL;1179469355997;Corrales del Vino;41.357876;-5.7256117;49;1285667364537;2026-09-03;https://empleo.jcyl.es/web/jcyl/Empleo/es/Plantilla100Detalle/1284216458054/OfertasEmpleo/1285667364537/Empleo;41.357876, -5.7256117
MECÁNICOS DE MANTENIMIENTO Y REPARACIÓN DE AUTOMOCIÓN, EN GENERAL;Burgos;2026-07-28;"<p>OE 08/2026/15716 OF.DE PRIMERA MECANICO . CTO. LABORAL INDEFINIDO. JORNADA COMPLETA. BRIVIESCA (BURGOS).
OFICINA DE EMPLEO DE BRIVIESCA (BURGOS). Teléfono 947590022</p><p>Para más información acuda a <a href='http://empleocastillayleon.jcyl.es/oficinavirtual/buscoEmpleoPub.do?srvc=ver&scope=reg&cod=390532'>Oficina Virtual</a></p>";;ECYL;1179297445503;Briviesca;42.5506452202;-3.3242004007;09;1285666878866;2026-07-28;https://empleo.jcyl.es/web/jcyl/Empleo/es/Plantilla100Detalle/1284216458054/OfertasEmpleo/1285666878866/Empleo;42.5506452202, -3.3242004007
COCINEROS, EN GENERAL;León;2026-07-28;"<p>Oferta 16293 de cocinera/o para residencia de mayores en Vilecha
Contrato temporal para cubrir vacaciones: segunda quincena de agosto y primera de octubre, un finde semana completa al mes
Se requier carnet de conducir y coche propio y formacion manipulador de alimentos
Interesadas/os ponerse en contacto con la oficiana de empleo Serna. Tf.987215200</p><p>Para más información acuda a <a href='http://empleocastillayleon.jcyl.es/oficinavirtual/buscoEmpleoPub.do?srvc=ver&scope=reg&cod=391109'>Oficina Virtual</a></p>";;ECYL;1179297876426;Onzonilla;42.524754;-5.580901;24;1285666909272;2026-07-28;https://empleo.jcyl.es/web/jcyl/Empleo/es/Plantilla100Detalle/1284216458054/OfertasEmpleo/1285666909272/Empleo;42.524754, -5.580901
COCINEROS, EN GENERAL;Burgos;2026-07-27;"<p>PUESTO SOLICITADO: Cocinero en residencia privada.
LOCALIDAD: Burgos
REQUSITOS: Grado medio en cocina
Curso manipulador de alimentos
Experiencia
SE OFRECE: Contrato laboral temporal
Jornada completa</p><p>Para más información acuda a <a href='http://empleocastillayleon.jcyl.es/oficinavirtual/buscoEmpleoPub.do?srvc=ver&scope=reg&cod=391029'>Oficina Virtual</a></p>";;ECYL;1179297447246;Burgos;42.3408235575;-3.70205869083;09;1285666617717;2026-07-27;https://empleo.jcyl.es/web/jcyl/Empleo/es/Plantilla100Detalle/1284216458054/OfertasEmpleo/1285666617717/Empleo;42.3408235575, -3.70205869083
CUIDADORES DE PERSONAS CON DISCAPACIDAD Y/O DEPENDENCIA, EN INSTITUCIONES;Burgos;2026-07-27;"<p>PUESTO SOLICITADO: Gerocultor/a
LOCALIDAD: Burgos. 
REQUISITOS: Título de Aux. de Enfermería o Certificado de Profesionalidad de Atención a Personas Dependientes o Habilitación Excepcional JCyL.
SE OFRECE:
. Contrato temporal. 
. Jornada completa.</p><p>Para más información acuda a <a href='http://empleocastillayleon.jcyl.es/oficinavirtual/buscoEmpleoPub.do?srvc=ver&scope=reg&cod=391019'>Oficina Virtual</a></p>";;ECYL;1179297447246;Burgos;42.3408235575;-3.70205869083;09;1285666575613;2026-07-27;https://empleo.jcyl.es/web/jcyl/Empleo/es/Plantilla100Detalle/1284216458054/OfertasEmpleo/1285666575613/Empleo;42.3408235575, -3.70205869083
PEONES DE EXTERIOR DE MINAS, CANTERAS Y/O POZOS DE PETRÓLEO;León;2026-07-27;"<p>Oferta nº 08/2026/16026
Se busca peón para cantera en Sobrado. Se ofrece contrato indefinido a jornada completa. 
Requisitos: experiencia 12 meses.
INTERESADOS CONTACTAR O.E. PONFERRADA tfno. 987410859 ? EXT.2</p><p>Para más información acuda a <a href='http://empleocastillayleon.jcyl.es/oficinavirtual/buscoEmpleoPub.do?srvc=ver&scope=reg&cod=390842'>Oficina Virtual</a></p>";;ECYL;1179297953595;Sobrado;42.519894;-6.8528247;24;1285666526735;2026-07-27;https://empleo.jcyl.es/web/jcyl/Empleo/es/Plantilla100Detalle/1284216458054/OfertasEmpleo/1285666526735/Empleo;42.519894, -6.8528247
CUIDADORES DE PERSONAS CON DISCAPACIDAD Y/O DEPENDENCIA, EN INSTITUCIONES;León;2026-07-27;<p>Para más información acuda a <a href='http://empleocastillayleon.jcyl.es/oficinavirtual/buscoEmpleoPub.do?srvc=ver&scope=reg&cod=390980'>Oficina Virtual</a></p>;;ECYL;1179298002983;Vegaquemada;42.818714;-5.3321457;24;1285666526261;2026-07-27;https://empleo.jcyl.es/web/jcyl/Empleo/es/Plantilla100Detalle/1284216458054/OfertasEmpleo/1285666526261/Empleo;42.818714, -5.3321457
TERAPEUTAS OCUPACIONALES;Zamora;2026-07-27;"<p>Oferta Núm 1639 de TERAPEUTA OCUPACIONAL para ALMEIDA DE SAYAGO (Zamora).
Los interesados/as deben enviar su CV a (ecyldoctorfleming.ofertas@jcyl.es) indicando en el asunto el Núm. de la oferta.
FUNCIONES: Las propias de la profesión.
CONDICIONES: Laboral temporal a jornada parcial de 5 horas semanales. 
REQUISITOS: Titulación en Terapia Ocupacional.</p><p>Para más información acuda a <a href='http://empleocastillayleon.jcyl.es/oficinavirtual/buscoEmpleoPub.do?srvc=ver&scope=reg&cod=376455'>Oficina Virtual</a></p>";;ECYL;1179469333638;Almeida de Sayago;41.267624;-6.071891;49;1285666576828;2026-07-27;https://empleo.jcyl.es/web/jcyl/Empleo/es/Plantilla100Detalle/1284216458054/OfertasEmpleo/1285666576828/Empleo;41.267624, -6.071891
MÉDICOS, MEDICINA GENERAL;Zamora;2026-07-27;"<p>Oferta Núm 1532 de MÉDICO para CAÑIZO (Zamora).
Los interesados/as deben enviar su CV a (ecyldoctorfleming.ofertas@jcyl.es) indicando en el asunto el Núm. de la oferta.
FUNCIONES: Las propias de la profesión
CONDICIONES: Laboral indefinido a jornada parcial. 
REQUISITOS: Titulación en Medicina.</p><p>Para más información acuda a <a href='http://empleocastillayleon.jcyl.es/oficinavirtual/buscoEmpleoPub.do?srvc=ver&scope=reg&cod=376348'>Oficina Virtual</a></p>";;ECYL;1179469348284;Cañizo;41.769566;-5.501755;49;1285666618942;2026-07-27;https://empleo.jcyl.es/web/jcyl/Empleo/es/Plantilla100Detalle/1284216458054/OfertasEmpleo/1285666618942/Empleo;41.769566, -5.501755
AUXILIARES DE ENFERMERÍA;Zamora;2026-07-27;"<p>Oferta Núm 1521 de AUXILIAR DE ENFERMERIA para CAÑIZO (Zamora).
Los interesados/as deben enviar su CV a (ecyldoctorfleming.ofertas@jcyl.es) indicando en el asunto el Núm. de la oferta.
FUNCIONES: Las propias de la profesión
CONDICIONES: Laboral indefinido a jornada parcial. 
REQUISITOS: Técnico en Cuidados Auxiliares de Enfermería, Certificado de profesionalidad o habilitación excepcional. Permiso de conducir.</p><p>Para más información acuda a <a href='http://empleocastillayleon.jcyl.es/oficinavirtual/buscoEmpleoPub.do?srvc=ver&scope=reg&cod=376337'>Oficina Virtual</a></p>";;ECYL;1179469348284;Cañizo;41.769566;-5.501755;49;1285666618042;2026-07-27;https://empleo.jcyl.es/web/jcyl/Empleo/es/Plantilla100Detalle/1284216458054/OfertasEmpleo/1285666618042/Empleo;41.769566, -5.501755
FISIOTERAPEUTAS, EN GENERAL;Zamora;2026-07-27;"<p>Oferta Núm 1629 de FISIOTERAPEUTA para ALMEIDA DE SAYAGO (Zamora).
Los interesados/as deben enviar su CV a (ecyldoctorfleming.ofertas@jcyl.es) indicando en el asunto el Núm. de la oferta.
FUNCIONES: Las propias de la profesión.
CONDICIONES: Laboral temporal a jornada parcial de 5 horas semanales. 
REQUISITOS: Titulación en Fisioterapia.</p><p>Para más información acuda a <a href='http://empleocastillayleon.jcyl.es/oficinavirtual/buscoEmpleoPub.do?srvc=ver&scope=reg&cod=376445'>Oficina Virtual</a></p>";;ECYL;1179469333638;Almeida de Sayago;41.267624;-6.071891;49;1285666619118;2026-07-27;https://empleo.jcyl.es/web/jcyl/Empleo/es/Plantilla100Detalle/1284216458054/OfertasEmpleo/1285666619118/Empleo;41.267624, -6.071891
CONDUCTORES DE AUTOBÚS, EN GENERAL;Ávila;2026-07-26;<p>SE NECESITA CONDUCTOR DE AUTOBÚS INTERURBANO PARA LA LOCALIDAD DE ARENAS DE SAN PEDRO, ÁVILA. CONTRATO TEMPORAL A JORNADA COMPLETA, IMPRESCINDIBLE CARNET DE CONDUCIR TIPO D MÁS CAP. INTERESADOS CONTACTAR POR WHATSAPP CON LA EMPRESA AL TELÉFONO 648744333.</p><p>Para más información acuda a <a href='http://empleocastillayleon.jcyl.es/oficinavirtual/buscoEmpleoPub.do?srvc=ver&scope=reg&cod=390805'>Oficina Virtual</a></p>;;ECYL;1179297190675;Arenas de San Pedro;40.2096926184;-5.09137409319;05;1285666442775;2026-07-27;https://empleo.jcyl.es/web/jcyl/Empleo/es/Plantilla100Detalle/1284216458054/OfertasEmpleo/1285666442775/Empleo;40.2096926184, -5.09137409319
ASISTENTES DOMICILIARIOS;Burgos;2026-07-24;"<p>Fijo discontinuo, de lunes a viernes, 20h/s.
nviar CV a agustoencasa@aspaniasburgos.com (Asunto: AP CR) - tfno 683 273 868</p><p>Para más información acuda a <a href='http://empleocastillayleon.jcyl.es/oficinavirtual/buscoEmpleoPub.do?srvc=ver&scope=reg&cod=390905'>Oficina Virtual</a></p>";;ECYL;1179297455359;Castrillo de la Reina;41.98758;-3.2351093;09;1285666076349;2026-07-24;https://empleo.jcyl.es/web/jcyl/Empleo/es/Plantilla100Detalle/1284216458054/OfertasEmpleo/1285666076349/Empleo;41.98758, -3.2351093
AUXILIARES DE ENFERMERÍA DE GERIATRÍA;Burgos;2026-07-24;"<p>AUXILIAR DE ENFERMERÍA EN RESIDENCIA DE MAYORES PARA ARANDA DE DUERO(BURGOS).
CONTRATO LABORAL TEMPORAL A JORNADA COMPLETA Y HASTA 31/10/2026.
TITULACIÓN ACADÉMICA: TÉCNICO EN CUIDADOS AUXILIARES DE ENFERMERÍA.
CONTACTAR CON ESTER PATRICIO AGUDO DE 11:00 a 13:00 h y de 17:00 a 20:00 h, al tfno 947 514095 ó residenciaciudaddearanda@hotmail.com
CONTACTAR CON OFICINA DE EMPLEO DE ARANDA DE DUERO al tfno 947244280 ext 820922 ó ecylaranda@jcyl.es
REFERENCIA: OFERTA 08/2026/015957</p><p>Para más información acuda a <a href='http://empleocastillayleon.jcyl.es/oficinavirtual/buscoEmpleoPub.do?srvc=ver&scope=reg&cod=390773'>Oficina Virtual</a></p>";;ECYL;1179297429124;Aranda de Duero;41.67027;-3.68877;09;1285665942298;2026-07-24;https://empleo.jcyl.es/web/jcyl/Empleo/es/Plantilla100Detalle/1284216458054/OfertasEmpleo/1285665942298/Empleo;41.67027, -3.68877
ASISTENTES DOMICILIARIOS;Burgos;2026-07-24;"<p>Contrato temporal, 30h/s.
Enviar CV a agustoencasa@aspaniasburgos.com (Asunto: AP Vilv) - tfno 683 273 868</p><p>Para más información acuda a <a href='http://empleocastillayleon.jcyl.es/oficinavirtual/buscoEmpleoPub.do?srvc=ver&scope=reg&cod=390911'>Oficina Virtual</a></p>";;ECYL;1179297696647;Vilviestre del Pinar;41.9510039766;-3.07744500382;09;1285666076377;2026-07-24;https://empleo.jcyl.es/web/jcyl/Empleo/es/Plantilla100Detalle/1284216458054/OfertasEmpleo/1285666076377/Empleo;41.9510039766, -3.07744500382
CUIDADORES DE PERSONAS CON DISCAPACIDAD Y/O DEPENDENCIA, EN INSTITUCIONES;Burgos;2026-07-24;"<p>Contrato temporal, jornada completa.
Mandar CV a residenciaquintanar@yahoo.es</p><p>Para más información acuda a <a href='http://empleocastillayleon.jcyl.es/oficinavirtual/buscoEmpleoPub.do?srvc=ver&scope=reg&cod=390855'>Oficina Virtual</a></p>";;ECYL;1179297602623;Quintanar de la Sierra;41.982834;-3.038318;09;1285665958882;2026-07-24;https://empleo.jcyl.es/web/jcyl/Empleo/es/Plantilla100Detalle/1284216458054/OfertasEmpleo/1285665958882/Empleo;41.982834, -3.038318
FISIOTERAPEUTAS, EN GENERAL;Burgos;2026-07-24;"<p>contrato indefinido, jornada parcial.
cv a residenciaquintanar@yahoo.es</p><p>Para más información acuda a <a href='http://empleocastillayleon.jcyl.es/oficinavirtual/buscoEmpleoPub.do?srvc=ver&scope=reg&cod=390852'>Oficina Virtual</a></p>";;ECYL;1179297602623;Quintanar de la Sierra;41.982834;-3.038318;09;1285665959022;2026-07-24;https://empleo.jcyl.es/web/jcyl/Empleo/es/Plantilla100Detalle/1284216458054/OfertasEmpleo/1285665959022/Empleo;41.982834, -3.038318
MÉDICOS, MEDICINA GENERAL;Burgos;2026-07-24;"<p>Contrato indefinido, jornada parcial.
Mandar CV a residenciaquintanar@yahoo.es</p><p>Para más información acuda a <a href='http://empleocastillayleon.jcyl.es/oficinavirtual/buscoEmpleoPub.do?srvc=ver&scope=reg&cod=390850'>Oficina Virtual</a></p>";;ECYL;1179297602623;Quintanar de la Sierra;41.982834;-3.038318;09;1285665958994;2026-07-24;https://empleo.jcyl.es/web/jcyl/Empleo/es/Plantilla100Detalle/1284216458054/OfertasEmpleo/1285665958994/Empleo;41.982834, -3.038318
TERAPEUTAS OCUPACIONALES;Burgos;2026-07-24;"<p>Contrato indefinido, jornada parcial.
Enviar CV a residenciaquintanar@yahoo.es</p><p>Para más información acuda a <a href='http://empleocastillayleon.jcyl.es/oficinavirtual/buscoEmpleoPub.do?srvc=ver&scope=reg&cod=390839'>Oficina Virtual</a></p>";;ECYL;1179297602623;Quintanar de la Sierra;41.982834;-3.038318;09;1285665959075;2026-07-24;https://empleo.jcyl.es/web/jcyl/Empleo/es/Plantilla100Detalle/1284216458054/OfertasEmpleo/1285665959075/Empleo;41.982834, -3.038318
ENFERMEROS DE CUIDADOS GENERALES;León;2026-07-24;<p>OFERTA 16016. Enfermero/a para centro residencial en León. Se ofrece contrato indefinido y flexibilidad horaria, a convenir con la empresa. Se requiere Diplomatura o Grado en Enfermería, conocimientos de informática a nivel de usuario, dominio del idioma español y permiso de conducir de clase B. Las personas interesadas pueden contactar con la Oficina de Empleo León Centro, situada en C/ Ramón y Cajal, 14 (León), teléfono 987 24 95 30.</p><p>Para más información acuda a <a href='http://empleocastillayleon.jcyl.es/oficinavirtual/buscoEmpleoPub.do?srvc=ver&scope=reg&cod=390832'>Oficina Virtual</a></p>;;ECYL;1179297860755;León;42.59873;-5.5670958;24;1285666076981;2026-07-24;https://empleo.jcyl.es/web/jcyl/Empleo/es/Plantilla100Detalle/1284216458054/OfertasEmpleo/1285666076981/Empleo;42.59873, -5.5670958
CUIDADORES DE PERSONAS CON DISCAPACIDAD Y/O DEPENDENCIA, EN INSTITUCIONES;León;2026-07-24;"<p>Se requiere gerocultor para puesto en Toreno. Contrato temporal a jornada completa. Turnos de mañana y tarde.
Requisitos: ciclo medio en cuidados auxiliares de enfermería o certificado de profesionalidad en atención sociosantaria en instituciones sociales.
INTERESADOS CONTACTAR O.E. PONFERRADA tfno. 987410859 ? EXT.2</p><p>Para más información acuda a <a href='http://empleocastillayleon.jcyl.es/oficinavirtual/buscoEmpleoPub.do?srvc=ver&scope=reg&cod=390878'>Oficina Virtual</a></p>";;ECYL;1179297958332;Toreno;42.69927;-6.51315;24;1285666004716;2026-07-24;https://empleo.jcyl.es/web/jcyl/Empleo/es/Plantilla100Detalle/1284216458054/OfertasEmpleo/1285666004716/Empleo;42.69927, -6.51315
MÉDICOS, MEDICINA GENERAL;Zamora;2026-07-24;"<p>Oferta N. 9231 de 1 MEDICO/A para residencia en Morales de Toro (Zamora)
Los interesados/as deben enviar su CV a (ecyltoro@jcyl.es), indicando en el asunto el N. de la oferta.
FUNCIONES: Las propias de su categoría.
CONDICIONES: Contrato indefinido a jornada parcial de 7 horas a la semana.
REQUISITOS: Licenciatura/Grado en Medicina.</p><p>Para más información acuda a <a href='http://empleocastillayleon.jcyl.es/oficinavirtual/buscoEmpleoPub.do?srvc=ver&scope=reg&cod=384047'>Oficina Virtual</a></p>";;ECYL;1179469399675;Morales de Toro;41.53781;-5.304908;49;1285666005072;2026-07-24;https://empleo.jcyl.es/web/jcyl/Empleo/es/Plantilla100Detalle/1284216458054/OfertasEmpleo/1285666005072/Empleo;41.53781, -5.304908
FISIOTERAPEUTAS, EN GENERAL;Zamora;2026-07-24;"<p>Oferta N. 9202 de FISIOTERPEUTA para residencia en Morales de Toro (Zamora)
Los interesados/as deben enviar su CV a (ecyltoro@jcyl.es), indicando en el asunto el N. de la oferta.
FUNCIONES: Las propias de su categoría.
CONDICIONES: Contrato indefinido a jornada parcial
REQUISITOS: Diplomatura/Grado en Fisioterapia.</p><p>Para más información acuda a <a href='http://empleocastillayleon.jcyl.es/oficinavirtual/buscoEmpleoPub.do?srvc=ver&scope=reg&cod=384018'>Oficina Virtual</a></p>";;ECYL;1179469399675;Morales de Toro;41.53781;-5.304908;49;1285666005128;2026-07-24;https://empleo.jcyl.es/web/jcyl/Empleo/es/Plantilla100Detalle/1284216458054/OfertasEmpleo/1285666005128/Empleo;41.53781, -5.304908
CUIDADORES DE PERSONAS CON DISCAPACIDAD Y/O DEPENDENCIA, EN INSTITUCIONES;Zamora;2026-07-24;"<p>Oferta N. 9207 de 2 CUIDADOR/AUXILIAR DE ENFERMERÍA para residencia en Morales de Toro (Zamora)
Los interesados/as deben enviar su CV a (ecyltoro@jcyl.es), indicando en el asunto el N. de la oferta.
FUNCIONES: Las propias de su categoría.
CONDICIONES: Contrato indefinido a jornada completa.
REQUISITOS: Formación en atención Sociosanitaria o FP de Auxiliar de Enfermería.</p><p>Para más información acuda a <a href='http://empleocastillayleon.jcyl.es/oficinavirtual/buscoEmpleoPub.do?srvc=ver&scope=reg&cod=384023'>Oficina Virtual</a></p>";;ECYL;1179469399675;Morales de Toro;41.53781;-5.304908;49;1285666004744;2026-07-24;https://empleo.jcyl.es/web/jcyl/Empleo/es/Plantilla100Detalle/1284216458054/OfertasEmpleo/1285666004744/Empleo;41.53781, -5.304908
ASISTENTES DOMICILIARIOS;Zamora;2026-07-24;"<p>Oferta Núm. 16124 ASISTENTE DOMICILIARIO para Morales del Vino (Zamora).
Los interesados/as deben enviar su CV a (ecyldoctorfleming.ofertas@jcyl.es) indicando en el asunto el Núm. de la oferta.
FUNCIONES: Atención a usuarios/as en su domicilio.
CONDICIONES: Contrato indefinido. Jornada parcial de 23 horas y 15 minutos semanales.
REQUISITOS: Vehículo. Se valorará titulación relacionada con el puesto.</p><p>Para más información acuda a <a href='http://empleocastillayleon.jcyl.es/oficinavirtual/buscoEmpleoPub.do?srvc=ver&scope=reg&cod=390940'>Oficina Virtual</a></p>";;ECYL;1179469398892;Morales del Vino;41.446526;-5.730482;49;1285666137989;2026-08-25;https://empleo.jcyl.es/web/jcyl/Empleo/es/Plantilla100Detalle/1284216458054/OfertasEmpleo/1285666137989/Empleo;41.446526, -5.730482
ENFERMEROS DE CUIDADOS GENERALES;Zamora;2026-07-24;"<p>Oferta N. 9229 de 1 ENFERMERO/A para residencia en Morales de Toro (Zamora)
Los interesados/as deben enviar su CV a (ecyltoro@jcyl.es), indicando en el asunto el N. de la oferta.
FUNCIONES: Las propias de su categoría.
CONDICIONES: Contrato indefinido a jornada completa.
REQUISITOS: Diplomatura/Grado en Enfermería.</p><p>Para más información acuda a <a href='http://empleocastillayleon.jcyl.es/oficinavirtual/buscoEmpleoPub.do?srvc=ver&scope=reg&cod=384045'>Oficina Virtual</a></p>";;ECYL;1179469399675;Morales de Toro;41.53781;-5.304908;49;1285666005100;2026-07-24;https://empleo.jcyl.es/web/jcyl/Empleo/es/Plantilla100Detalle/1284216458054/OfertasEmpleo/1285666005100/Empleo;41.53781, -5.304908
CUIDADORES DE PERSONAS CON DISCAPACIDAD Y/O DEPENDENCIA, EN INSTITUCIONES;Burgos;2026-07-23;"<p>PUESTO SOLICITADO: Gerocultor/a en residencia privada. 
LOCALIDAD: Villalmanzo (Burgos). 
SE OFRECE:
. Contrato laboral indefinido. 
. Jornada completa. (mañana/tarde/noche).</p><p>Para más información acuda a <a href='http://empleocastillayleon.jcyl.es/oficinavirtual/buscoEmpleoPub.do?srvc=ver&scope=reg&cod=384565'>Oficina Virtual</a></p>";;ECYL;1179297709418;Villalmanzo;42.0477144509;-3.74148788862;09;1285665677288;2026-07-23;https://empleo.jcyl.es/web/jcyl/Empleo/es/Plantilla100Detalle/1284216458054/OfertasEmpleo/1285665677288/Empleo;42.0477144509, -3.74148788862
ENFERMEROS DE CUIDADOS GENERALES;Segovia;2026-07-23;<p>Para más información acuda a <a href='http://empleocastillayleon.jcyl.es/oficinavirtual/buscoEmpleoPub.do?srvc=ver&scope=reg&cod=390844'>Oficina Virtual</a></p>;;ECYL;1179298455172;Lastrilla (La);40.9691384496;-4.10360847416;40;1285665756562;2026-08-31;https://empleo.jcyl.es/web/jcyl/Empleo/es/Plantilla100Detalle/1284216458054/OfertasEmpleo/1285665756562/Empleo;40.9691384496, -4.10360847416
EMPLEADOS ADMINISTRATIVOS DE CONTABILIDAD, EN GENERAL;Zamora;2026-07-23;"<p>Oferta Núm 15979 de ADMINISTRATIVO CONTABLE para empresa de ZAMORA.
Los interesados/as deben enviar su CV a (ecyldoctorfleming.ofertas@jcyl.es) indicando en el asunto el Núm. de la oferta.
FUNCIONES: Contabilidad, declaraciones de impuestos, confección cuentas anuales.
CONDICIONES: Contrato indefinido a jornada completa en horario de mañanas. 
REQUISITOS: Grado Superior en administración y finanzas o similar.</p><p>Para más información acuda a <a href='http://empleocastillayleon.jcyl.es/oficinavirtual/buscoEmpleoPub.do?srvc=ver&scope=reg&cod=390795'>Oficina Virtual</a></p>";;ECYL;1179469491795;Zamora;41.507324;-5.745313;49;1285665634571;2026-08-24;https://empleo.jcyl.es/web/jcyl/Empleo/es/Plantilla100Detalle/1284216458054/OfertasEmpleo/1285665634571/Empleo;41.507324, -5.745313
TERAPEUTAS OCUPACIONALES;Burgos;2026-07-22;"<p>Las tareas propias de Terapeuta Ocupacional en Centro Terapéutico de Día para Mayores
5 meses y 5 horas semanales</p><p>Para más información acuda a <a href='http://empleocastillayleon.jcyl.es/oficinavirtual/buscoEmpleoPub.do?srvc=ver&scope=reg&cod=390694'>Oficina Virtual</a></p>";;ECYL;1179297447246;Burgos;42.3408235575;-3.70205869083;09;1285665241291;2026-07-22;https://empleo.jcyl.es/web/jcyl/Empleo/es/Plantilla100Detalle/1284216458054/OfertasEmpleo/1285665241291/Empleo;42.3408235575, -3.70205869083
TERAPEUTAS OCUPACIONALES;Burgos;2026-07-22;"<p>Contrato temporal, parcial de mañana( negociable).
CV a personas@aspaniasburgos.com (Asunto: T. Ocupacional_S) o tfno.947380897.</p><p>Para más información acuda a <a href='http://empleocastillayleon.jcyl.es/oficinavirtual/buscoEmpleoPub.do?srvc=ver&scope=reg&cod=390712'>Oficina Virtual</a></p>";;ECYL;1179297614054;Salas de los Infantes;42.023308;-3.286461;09;1285665287071;2026-07-22;https://empleo.jcyl.es/web/jcyl/Empleo/es/Plantilla100Detalle/1284216458054/OfertasEmpleo/1285665287071/Empleo;42.023308, -3.286461
AUXILIARES DE ENFERMERÍA;Burgos;2026-07-22;"<p>PUESTO SOLICITADO: Auxiliares de enfermería.
LOCALIDAD: Castrillo del Val (Burgos).
REQUISITOS: 
. Título de la categoría ofertada. 
SE OFRECE:
. Contrato laboral indefinido. 
. Jornada completa.</p><p>Para más información acuda a <a href='http://empleocastillayleon.jcyl.es/oficinavirtual/buscoEmpleoPub.do?srvc=ver&scope=reg&cod=390583'>Oficina Virtual</a></p>";;ECYL;1179297456043;Castrillo del Val;42.314003;-3.584433;09;1285665241054;2026-07-22;https://empleo.jcyl.es/web/jcyl/Empleo/es/Plantilla100Detalle/1284216458054/OfertasEmpleo/1285665241054/Empleo;42.314003, -3.584433
TÉCNICOS EN ORGANIZACIÓN DE MANTENIMIENTO INDUSTRIAL;León;2026-07-22;"<p>Oferta nº 08/2026/15869
Se requiere oficial de mantenimiento para puesto en Puente Domingo Florez. Funciones: llevar a cabo el mantenimiento preventivo y correctivo de los servicios técnicos (mecánica, fontanería, climatización e instalaciones eléctricas), gestión de compras y reparaciones, soporte, gestión de existencias y organización de almacén, etc.
Se ofrece contrato indefinido de 20 horas semanales.
REQUISITOS: experiencia de 12 meses.
Valorable F.P. medio/superior de mantenimiento industrial, fontanería, electricidad, climatización y/o similares.
INTERESADOS CONTACTAR O.E. PONFERRADA tfno. 987410859 ? EXT.2</p><p>Para más información acuda a <a href='http://empleocastillayleon.jcyl.es/oficinavirtual/buscoEmpleoPub.do?srvc=ver&scope=reg&cod=390685'>Oficina Virtual</a></p>";;ECYL;1179297906307;Puente de Domingo Flórez;42.41178;-6.819932;24;1285665380230;2026-07-22;https://empleo.jcyl.es/web/jcyl/Empleo/es/Plantilla100Detalle/1284216458054/OfertasEmpleo/1285665380230/Empleo;42.41178, -6.819932
TÉCNICOS EN ORGANIZACIÓN DE MANTENIMIENTO INDUSTRIAL;León;2026-07-22;"<p>Oferta nº 08/2026/15872
Se requiere personal de mantenimiento para puesto en Toreno. Funciones: mantenimiento preventivo y correctivo de los servicios técnicos (mecánica, fontanería, climatización e instalaciones eléctricas), supervisión del funcionamiento y seguridad, gestión de compras, gestión de existencias y organización del almacén, etc.
Contrato temporal a jornada completa.
REQUISITOS: Experiencia de 12 meses y E.S.O. o equivalente.
Valorable F.P. medio/superior en mantenimiento industrial, fontanería, electricidad, climatización o similares.
INTERESADOS CONTACTAR O.E. PONFERRADA tfno. 987410859 ? EXT.2</p><p>Para más información acuda a <a href='http://empleocastillayleon.jcyl.es/oficinavirtual/buscoEmpleoPub.do?srvc=ver&scope=reg&cod=390688'>Oficina Virtual</a></p>";;ECYL;1179297958332;Toreno;42.69927;-6.51315;24;1285665334667;2026-07-22;https://empleo.jcyl.es/web/jcyl/Empleo/es/Plantilla100Detalle/1284216458054/OfertasEmpleo/1285665334667/Empleo;42.69927, -6.51315
AUXILIARES DE ENFERMERÍA;León;2026-07-22;"<p>Oferta 15903 de auxliar de geriatria para residencia de mayores en la Virgen del Camino
Contrato indefinido, jornada completa a turnos
se requier alguna de las siguientes titulaciones: Ciclo Formativo FP Cuidados Auxiliares de Enfermería, Ciclo Formativo FP Atención a Personas en Situación de Dependencia o CP Atención Sociosanitaria a Personas Dependientes en Instituciones Sociales.
Interesadas/os ponerse en contacto con la oficina de empleo Serna.Tf.987215200</p><p>Para más información acuda a <a href='http://empleocastillayleon.jcyl.es/oficinavirtual/buscoEmpleoPub.do?srvc=ver&scope=reg&cod=390719'>Oficina Virtual</a></p>";;ECYL;1179297985730;Valverde de la Virgen;42.57029;-5.679403;24;1285665268984;2026-07-22;https://empleo.jcyl.es/web/jcyl/Empleo/es/Plantilla100Detalle/1284216458054/OfertasEmpleo/1285665268984/Empleo;42.57029, -5.679403
Enfermeros para Residencias y Hospitales en Flandes (Bélgica);Otra;2026-07-22;"<p><strong>Requisitos generales</strong></p>
<ul>
<li style='text-align: justify;'>Titulación en Enfermería, susceptible de reconocimiento en Bélgica.</li>
<li style='text-align: justify;'>Nacionalidad de la Unión Europea.</li>
<li style='text-align: justify;'>Compromiso para aprender neerlandés antes y después del inicio del</li>
<li style='text-align: justify;'>contrato laboral, con el fin de alcanzar el nivel requerido y superar los</li>
<li style='text-align: justify;'>exámenes necesarios para el reconocimiento profesional.</li>
<li style='text-align: justify;'>Capacidad de adaptación a un entorno sanitario internacional.</li>
</ul>
<p><strong>Cómo inscribirse</strong></p>
<ul>
<li>Prepara tu CV en español o inglés.</li>
<li>Ten disponible tu título de Enfermería.</li>
<li>Envía tu candidatura a:<a href='mailto:julia@teamtalent.be'> julia@teamtalent.be </a>con copia a <a href='mailto:eures.franciasuizabenelux@sepe.es'>eures.franciasuizabenelux@sepe.es</a></li>
</ul><p><strong>Información obtenida de: </strong>EURES. <a href='http://www.sepe.es/redEURES' target='_blank'>http://www.sepe.es/redEURES</a></p><p><strong>Enlaces relacionados:</strong><ul><li><a href='https://servicios3.jcyl.es/enbo/siau/contenido/OFFpSThzOXZzUVdiT1FKNWxqK3J2MUJ3Nit0TENDMCtPVlhyUm5temJuQT0%3D' target='_blank'>Enfermeros </a></li><li><a href='https://www.sepe.es/HomeSepe/encontrar-trabajo/empleo-europa/Ofertas-empleo-destacadas-informacion-paises/empleo-belgica.html' target='_blank'>Ofertas en Bélgica</a></li></ul></p><p>Información procedente de: <a href='https://servicios3.jcyl.es/enbo/siau/webapp/boletinEmpleoCyL/boletin/V2hwK0NDMC9JM2tsMTdDVlhrRk5Id1Z6cWNSQ2pjMkNxOGl4OWR3dDVTND0%3D/EMPLEO-EURES/147078' target='_blank'><strong>Boletín de Empleo de Castilla y León (Ecyl)</strong>.</a></p>";Europa;Red EURES;;;;;;1285665327393;2026-07-22;https://empleo.jcyl.es/web/jcyl/Empleo/es/Plantilla100Detalle/1284216458054/OfertasEmpleo/1285665327393/Empleo;
FISIOTERAPEUTAS, EN GENERAL;Zamora;2026-07-22;"<p>Oferta Núm. 15911 FISIOTERAPEUTA para Residencia de Monfarracinos (Zamora).
Los interesados/as deben enviar su CV a (ecyldoctorfleming.ofertas@jcyl.es) indicando en el asunto el Núm. de la oferta.
FUNCIONES: Valoración y atención a los usuarios/as de la Residencia.
CONDICIONES: Contrato indefinido a jornada completa.
REQUISITOS: Diplomatura o Grado en Fisioterapia.</p><p>Para más información acuda a <a href='http://empleocastillayleon.jcyl.es/oficinavirtual/buscoEmpleoPub.do?srvc=ver&scope=reg&cod=390727'>Oficina Virtual</a></p>";;ECYL;1179469397550;Monfarracinos;41.553284;-5.707608;49;1285665287006;2026-07-22;https://empleo.jcyl.es/web/jcyl/Empleo/es/Plantilla100Detalle/1284216458054/OfertasEmpleo/1285665287006/Empleo;41.553284, -5.707608
AUXILIARES DE ENFERMERÍA DE GERIATRÍA;Zamora;2026-07-22;"<p>Oferta Núm. 15937 TRES AUXILIARES DE ENFERMERÍA-GERIATRÍA para Residencia de Villaralbo (Zamora).
Los interesados/as deben enviar su CV a (ecyldoctorfleming.ofertas@jcyl.es) indicando en el asunto el Núm. de la oferta.
FUNCIONES: Atención a los usuarios/as en el Centro.
CONDICIONES: Contrato temporal. Jornada parcial. 
REQUISITOS: Ciclo formativo de FP Cuidados Auxiliares de Enfermería, Ciclo Formativo FP Atención a Personas en Situación de Dependencia o CP Atención Sociosanitaria a Personas Dependientes en Instituciones Sociales.</p><p>Para más información acuda a <a href='http://empleocastillayleon.jcyl.es/oficinavirtual/buscoEmpleoPub.do?srvc=ver&scope=reg&cod=390753'>Oficina Virtual</a></p>";;ECYL;1179469486911;Villaralbo;41.492573;-5.680964;49;1285665380332;2026-08-21;https://empleo.jcyl.es/web/jcyl/Empleo/es/Plantilla100Detalle/1284216458054/OfertasEmpleo/1285665380332/Empleo;41.492573, -5.680964
TERAPEUTAS OCUPACIONALES;Zamora;2026-07-22;"<p>Oferta Núm. 1505 TERAPEUTA OCUPACIONAL para Residencia de Gema del Vino (Zamora).
Los interesados/as deben enviar su CV a (ecyldoctorfleming.ofertas@jcyl.es) indicando en el asunto el Núm. de la oferta.
FUNCIONES: Atención a los usuarios/as de la Residencia.
CONDICIONES: Contrato indefinido. Jornada completa. 
REQUISITOS: Diplomatura o Grado en Terapia Ocupacional.</p><p>Para más información acuda a <a href='http://empleocastillayleon.jcyl.es/oficinavirtual/buscoEmpleoPub.do?srvc=ver&scope=reg&cod=376321'>Oficina Virtual</a></p>";;ECYL;1179469371649;Gema;41.41824;-5.650921;49;1285665269338;2026-07-22;https://empleo.jcyl.es/web/jcyl/Empleo/es/Plantilla100Detalle/1284216458054/OfertasEmpleo/1285665269338/Empleo;41.41824, -5.650921
FISIOTERAPEUTAS, EN GENERAL;Zamora;2026-07-22;"<p>Oferta Núm. 1499 FISIOTERAPEUTA para Residencia de Gema del Vino (Zamora).
Los interesados/as deben enviar su CV a (ecyldoctorfleming.ofertas@jcyl.es) indicando en el asunto el Núm. de la oferta.
FUNCIONES: Atención a los usuarios/as de la Residencia.
CONDICIONES: Contrato indefinido, jornada parcial.
REQUISITOS: Diplomatura o Grado en Fisioterapia.</p><p>Para más información acuda a <a href='http://empleocastillayleon.jcyl.es/oficinavirtual/buscoEmpleoPub.do?srvc=ver&scope=reg&cod=376315'>Oficina Virtual</a></p>";;ECYL;1179469371649;Gema;41.41824;-5.650921;49;1285665269273;2026-07-22;https://empleo.jcyl.es/web/jcyl/Empleo/es/Plantilla100Detalle/1284216458054/OfertasEmpleo/1285665269273/Empleo;41.41824, -5.650921
CUIDADORES DE PERSONAS CON DISCAPACIDAD Y/O DEPENDENCIA, EN INSTITUCIONES;Zamora;2026-07-22;"<p>Oferta Núm 15901 de AUXILIAR DE ENFERMERIA para MONFARRACINOS (Zamora).
Los interesados/as deben enviar su CV a (ecyldoctorfleming.ofertas@jcyl.es) indicando en el asunto el Núm. de la oferta.
FUNCIONES: Las propias de la profesión
CONDICIONES: Laboral temporal a jornada completa. 
REQUISITOS: Técnico en Cuidados Auxiliares de Enfermería o Certificado de profesionalidad cuidador a personas dependientes en instituciones.</p><p>Para más información acuda a <a href='http://empleocastillayleon.jcyl.es/oficinavirtual/buscoEmpleoPub.do?srvc=ver&scope=reg&cod=390717'>Oficina Virtual</a></p>";;ECYL;1179469397550;Monfarracinos;41.553284;-5.707608;49;1285665269049;2026-08-24;https://empleo.jcyl.es/web/jcyl/Empleo/es/Plantilla100Detalle/1284216458054/OfertasEmpleo/1285665269049/Empleo;41.553284, -5.707608
MÉDICOS, MEDICINA GENERAL;Burgos;2026-07-21;<p>CONTROL DE SALUD PARA 25 USUARIOS. GESTION DE RECETAS Y CITAS DE ESPECIALISTA</p><p>Para más información acuda a <a href='http://empleocastillayleon.jcyl.es/oficinavirtual/buscoEmpleoPub.do?srvc=ver&scope=reg&cod=390604'>Oficina Virtual</a></p>;;ECYL;1179297618480;Santa María del Campo;42.13185;-3.973813;09;1285664861561;2026-07-21;https://empleo.jcyl.es/web/jcyl/Empleo/es/Plantilla100Detalle/1284216458054/OfertasEmpleo/1285664861561/Empleo;42.13185, -3.973813
ENFERMEROS DE CUIDADOS GENERALES;Burgos;2026-07-21;"<p>CUIDADOS DE ENFERMERIA GENERALES, ESPECIFICOS PARA PERSONAS MAYORES, CURAS, CITAS MEDICAS .
GESTION DE MEDICACION</p><p>Para más información acuda a <a href='http://empleocastillayleon.jcyl.es/oficinavirtual/buscoEmpleoPub.do?srvc=ver&scope=reg&cod=390599'>Oficina Virtual</a></p>";;ECYL;1179297618480;Santa María del Campo;42.13185;-3.973813;09;1285664825826;2026-07-21;https://empleo.jcyl.es/web/jcyl/Empleo/es/Plantilla100Detalle/1284216458054/OfertasEmpleo/1285664825826/Empleo;42.13185, -3.973813
FISIOTERAPEUTAS, EN GENERAL;León;2026-07-21;"<p>Oferta 15808 de fisioterapeuta para residencia de mayores en la Robla
Contrato indefinido, jornada parcial de 2 horas semanales
Interesadas/os ponerse en contacto con la oficina de empleo Serna.Tf.987215200</p><p>Para más información acuda a <a href='http://empleocastillayleon.jcyl.es/oficinavirtual/buscoEmpleoPub.do?srvc=ver&scope=reg&cod=390624'>Oficina Virtual</a></p>";;ECYL;1179297884683;Pola de Gordón (La);42.854378;-5.671433;24;1285664861626;2026-07-21;https://empleo.jcyl.es/web/jcyl/Empleo/es/Plantilla100Detalle/1284216458054/OfertasEmpleo/1285664861626/Empleo;42.854378, -5.671433
Peón de Jardinería para Ayto. de Alba de Tormes (Salamanca);Salamanca;2026-07-21;"<p><strong>Convoca:</strong> Ayuntamiento de Alba de Tormes</p>
<p><strong>Cuerpo:</strong> PEÓN DE JARDINERÍA</p>
<p><strong>Plazas:</strong> 1 (discapacidad)</p>
<p><strong>Acceso:</strong> Cv + Vida laboral</p>
<p><strong>Titulación:</strong> No se requiere titulación específica</p>
<p><strong>Plazo:</strong> 7 de octubre de 2026</p>
<p><strong>Observaciones:</strong></p>
<ul>
<li>Certificado de Discapacidad</li>
<li>Solicitud Sede Electrónica o presencial</li>
</ul><p><strong>Información obtenida de: </strong>Empleo público. <a href='https://albadetormes.com/' target='_blank'>https://albadetormes.com/</a></p><p><strong>Enlaces relacionados:</strong><ul><li><a href='https://albadetormes.com/noticias/CONVOCATORIA-PUBLICA-PROCESO-DE-SELECCION-PEON-JARDINERIA-00001/' target='_blank'>Enlace a Convocatoria en Web Ayuntamiento</a></li></ul></p>";;Organismo oficial;1179298177187;Alba de Tormes;40.8271496057;-5.51451226893;37;1285664864962;2026-07-21;https://empleo.jcyl.es/web/jcyl/Empleo/es/Plantilla100Detalle/1284216458054/OfertasEmpleo/1285664864962/Empleo;40.8271496057, -5.51451226893
ASISTENTES DOMICILIARIOS;Zamora;2026-07-21;"<p>Oferta Núm 15839 de AUXILIAR DE AYUDA A DOMICILIO para SANTA EUFEMIA DEL BARCO Y LOSILLA (Zamora).
Los interesados/as deben enviar su CV a (ecyldoctorfleming.ofertas@jcyl.es) indicando en el asunto el Núm. de la oferta.
FUNCIONES: Las propias de la ocupación.
CONDICIONES: Contrato temporal a jornada parcial.
REQUISITOS: Valorable Certificado de profesionalidad de atención sociosanitaria a personas dependientes en domicilio.</p><p>Para más información acuda a <a href='http://empleocastillayleon.jcyl.es/oficinavirtual/buscoEmpleoPub.do?srvc=ver&scope=reg&cod=390655'>Oficina Virtual</a></p>";;ECYL;1179469439684;Santa Eufemia del Barco;41.679314;-5.897229;49;1285664976346;2026-08-25;https://empleo.jcyl.es/web/jcyl/Empleo/es/Plantilla100Detalle/1284216458054/OfertasEmpleo/1285664976346/Empleo;41.679314, -5.897229
ASISTENTES DOMICILIARIOS;Zamora;2026-07-21;"<p>Oferta Núm 15836 de AUXILIAR DE AYUDA A DOMICILIO para ALGODRE (Zamora).
Los interesados/as deben enviar su CV a (ecyldoctorfleming.ofertas@jcyl.es) indicando en el asunto el Núm. de la oferta.
FUNCIONES: Las propias de la ocupación.
CONDICIONES: Contrato temporal a jornada parcial.
REQUISITOS: Valorable Certificado de profesionalidad de atención sociosanitaria a personas dependientes en domicilio.</p><p>Para más información acuda a <a href='http://empleocastillayleon.jcyl.es/oficinavirtual/buscoEmpleoPub.do?srvc=ver&scope=reg&cod=390652'>Oficina Virtual</a></p>";;ECYL;1179469332498;Algodre;41.56645;-5.6044035;49;1285664934729;2026-08-25;https://empleo.jcyl.es/web/jcyl/Empleo/es/Plantilla100Detalle/1284216458054/OfertasEmpleo/1285664934729/Empleo;41.56645, -5.6044035
TERAPEUTAS OCUPACIONALES;Zamora;2026-07-21;"<p>Oferta Núm 15805 de TERAPEUTA OCUPACIONAL para FERMOSELLE (Zamora).
Los interesados/as deben enviar su CV a (ecyldoctorfleming.ofertas@jcyl.es) indicando en el asunto el Núm. de la oferta.
FUNCIONES: Las propias de la profesión.
CONDICIONES: Laboral indefinido a jornada completa. 
REQUISITOS: Titulación en Terapia Ocupacional.</p><p>Para más información acuda a <a href='http://empleocastillayleon.jcyl.es/oficinavirtual/buscoEmpleoPub.do?srvc=ver&scope=reg&cod=390621'>Oficina Virtual</a></p>";;ECYL;1179469360630;Fermoselle;41.3191222826;-6.39979318979;49;1285664861691;2026-08-25;https://empleo.jcyl.es/web/jcyl/Empleo/es/Plantilla100Detalle/1284216458054/OfertasEmpleo/1285664861691/Empleo;41.3191222826, -6.39979318979
TRABAJADORES SOCIALES;Burgos;2026-07-20;"<p>Contrato indefinido ,50% jornada, horario a convenir. 
Enviar CV a personas@aspaniasburgos.com (Asunto: TrabajoSoc_S) o tfno. 947380897</p><p>Para más información acuda a <a href='http://empleocastillayleon.jcyl.es/oficinavirtual/buscoEmpleoPub.do?srvc=ver&scope=reg&cod=390584'>Oficina Virtual</a></p>";;ECYL;1179297614054;Salas de los Infantes;42.023308;-3.286461;09;1285664660306;2026-07-20;https://empleo.jcyl.es/web/jcyl/Empleo/es/Plantilla100Detalle/1284216458054/OfertasEmpleo/1285664660306/Empleo;42.023308, -3.286461
CUIDADORES DE PERSONAS CON DISCAPACIDAD Y/O DEPENDENCIA, EN INSTITUCIONES;Burgos;2026-07-20;"<p>Jornada completa ,turnos de mañana y tarde.
Fundación de Aspanias Burgos en Salas de los Infantes.</p><p>Para más información acuda a <a href='http://empleocastillayleon.jcyl.es/oficinavirtual/buscoEmpleoPub.do?srvc=ver&scope=reg&cod=390553'>Oficina Virtual</a></p>";;ECYL;1179297614054;Salas de los Infantes;42.023308;-3.286461;09;1285664574909;2026-07-20;https://empleo.jcyl.es/web/jcyl/Empleo/es/Plantilla100Detalle/1284216458054/OfertasEmpleo/1285664574909/Empleo;42.023308, -3.286461
MÉDICOS, MEDICINA GENERAL;León;2026-07-20;"<p>Oferta 15734: Médico para Residencia de Mayores.
Contrato temporal a jornada parcial.
Interesados/as llamar a la Oficina de Empleo Serna al tllfno 987215200</p><p>Para más información acuda a <a href='http://empleocastillayleon.jcyl.es/oficinavirtual/buscoEmpleoPub.do?srvc=ver&scope=reg&cod=390550'>Oficina Virtual</a></p>";;ECYL;1179298004282;Vegas del Condado;42.682964;-5.364514;24;1285664545989;2026-07-20;https://empleo.jcyl.es/web/jcyl/Empleo/es/Plantilla100Detalle/1284216458054/OfertasEmpleo/1285664545989/Empleo;42.682964, -5.364514
ENFERMEROS DE CUIDADOS GENERALES;Zamora;2026-07-20;"<p>Oferta Núm. 999 ENFERMERO/A para Residencia de Villarrín de Campos (Zamora).
Los interesados/as deben enviar su CV a (ecyldoctorfleming.ofertas@jcyl.es) indicando en el asunto el Núm. de la oferta.
FUNCIONES: Atención a los usuarios/as en la Residencia.
CONDICIONES: Contrato indefinido a jornada completa. 
REQUISITOS: Diplomatura o Grado en Enfermería.</p><p>Para más información acuda a <a href='http://empleocastillayleon.jcyl.es/oficinavirtual/buscoEmpleoPub.do?srvc=ver&scope=reg&cod=375815'>Oficina Virtual</a></p>";;ECYL;1179469489754;Villarrín de Campos;41.79514;-5.639223;49;1285664452075;2026-07-20;https://empleo.jcyl.es/web/jcyl/Empleo/es/Plantilla100Detalle/1284216458054/OfertasEmpleo/1285664452075/Empleo;41.79514, -5.639223
TERAPEUTAS OCUPACIONALES;Zamora;2026-07-20;"<p>Oferta Núm. 1327 TERAPEUTA OCUPACIONAL para Residencia de Rabanales de Aliste (Zamora).
Los interesados/as deben enviar su CV a (ecyldoctorfleming.ofertas@jcyl.es) indicando en el asunto el Núm. de la oferta.
FUNCIONES: Atención a usuarios/as en la Residencia.
CONDICIONES: Contrato indefinido a jornada completa. 
REQUISITOS: Diplomatura o Grado en Terapia Ocupacional.</p><p>Para más información acuda a <a href='http://empleocastillayleon.jcyl.es/oficinavirtual/buscoEmpleoPub.do?srvc=ver&scope=reg&cod=376143'>Oficina Virtual</a></p>";;ECYL;1179469423040;Rabanales;41.74163;-6.276766;49;1285664452104;2026-07-20;https://empleo.jcyl.es/web/jcyl/Empleo/es/Plantilla100Detalle/1284216458054/OfertasEmpleo/1285664452104/Empleo;41.74163, -6.276766
ENFERMEROS ESPECIALISTAS EN ENFERMERÍA GERIÁTRICA;Zamora;2026-07-20;"<p>Oferta Núm. 1089 ENFERMERO/A para Residencia de Zamora.
Los interesados/as deben enviar su CV a (ecyldoctorfleming.ofertas@jcyl.es) indicando en el asunto el Núm. de la oferta.
FUNCIONES: Atención a los usuarios/as de la Residencia.
CONDICIONES: Contrato indefinido, jornada parcial de 2 horas diarias de lunes a viernes.
REQUISITOS: Diplomatura o Grado en Enfermería. Permiso de conducir.</p><p>Para más información acuda a <a href='http://empleocastillayleon.jcyl.es/oficinavirtual/buscoEmpleoPub.do?srvc=ver&scope=reg&cod=375905'>Oficina Virtual</a></p>";;ECYL;1179469491795;Zamora;41.507324;-5.745313;49;1285664452169;2026-07-20;https://empleo.jcyl.es/web/jcyl/Empleo/es/Plantilla100Detalle/1284216458054/OfertasEmpleo/1285664452169/Empleo;41.507324, -5.745313
ENFERMEROS DE CUIDADOS GENERALES;Zamora;2026-07-20;"<p>Oferta Núm. 2597 ENFERMERO/A para Residencia de Villar del Buey (Zamora).
Los interesados/as deben enviar su CV a (ecyldoctorfleming.ofertas@jcyl.es) indicando en el asunto el Núm. de la oferta.
FUNCIONES: Atención de los ususarios/as de la Residencia.
CONDICIONES: Contrato indefinido, jornada parcial.
REQUISITOS: Diplomatura o Grado en Enfermería.</p><p>Para más información acuda a <a href='http://empleocastillayleon.jcyl.es/oficinavirtual/buscoEmpleoPub.do?srvc=ver&scope=reg&cod=377413'>Oficina Virtual</a></p>";;ECYL;1179469487897;Villar del Buey;41.332542;-6.194774;49;1285664452043;2026-07-20;https://empleo.jcyl.es/web/jcyl/Empleo/es/Plantilla100Detalle/1284216458054/OfertasEmpleo/1285664452043/Empleo;41.332542, -6.194774
MÉDICOS ESPECIALISTAS EN GERIATRÍA;Zamora;2026-07-20;"<p>Oferta Núm. 1079 MÉDICO para Residencia de Zamora.
Los interesados/as deben enviar su CV a (ecyldoctorfleming.ofertas@jcyl.es) indicando en el asunto el Núm. de la oferta.
FUNCIONES: Atención y seguimiento de los usuarios/as de la Residencia.
CONDICIONES: Contrato indefinido, jornada parcial de 2 horas diarias de lunes a viernes.
REQUISITOS: Licenciatura o Grado en Derecho.</p><p>Para más información acuda a <a href='http://empleocastillayleon.jcyl.es/oficinavirtual/buscoEmpleoPub.do?srvc=ver&scope=reg&cod=375895'>Oficina Virtual</a></p>";;ECYL;1179469491795;Zamora;41.507324;-5.745313;49;1285664452012;2026-07-20;https://empleo.jcyl.es/web/jcyl/Empleo/es/Plantilla100Detalle/1284216458054/OfertasEmpleo/1285664452012/Empleo;41.507324, -5.745313
MÉDICOS, MEDICINA GENERAL;Burgos;2026-07-17;"<p>PUESTO SOLICITADO: Médico en residencia privada de mayores
LOCALIDAD: Pradoluengo (Burgos)
SE OFRECE:
. Contrato indefinido
. Jornada parcial mañana (14 h/semana)</p><p>Para más información acuda a <a href='http://empleocastillayleon.jcyl.es/oficinavirtual/buscoEmpleoPub.do?srvc=ver&scope=reg&cod=382295'>Oficina Virtual</a></p>";;ECYL;1179297583348;Pradoluengo;42.337955;-3.7143383;09;1285664159313;2026-07-17;https://empleo.jcyl.es/web/jcyl/Empleo/es/Plantilla100Detalle/1284216458054/OfertasEmpleo/1285664159313/Empleo;42.337955, -3.7143383
MÉDICOS, MEDICINA GENERAL;Burgos;2026-07-17;"<p>PUESTO SOLICITADO: Médico en residencia privada de mayores
LOCALIDAD: Pradoluengo (Burgos)
SE OFRECE:
. Contrato indefinido
. Jornada parcial mañana (14 h/semana)</p><p>Para más información acuda a <a href='http://empleocastillayleon.jcyl.es/oficinavirtual/buscoEmpleoPub.do?srvc=ver&scope=reg&cod=382286'>Oficina Virtual</a></p>";;ECYL;1179297583348;Pradoluengo;42.337955;-3.7143383;09;1285664127436;2026-07-17;https://empleo.jcyl.es/web/jcyl/Empleo/es/Plantilla100Detalle/1284216458054/OfertasEmpleo/1285664127436/Empleo;42.337955, -3.7143383
FISIOTERAPEUTAS, EN GENERAL;Burgos;2026-07-17;"<p>Contrato indefinido, jornada parcial , horario a convenir.
Enviar CV a personas@aspaniasburgos.com (Asunto: Fisioterapia_S) o tfno. 947380897</p><p>Para más información acuda a <a href='http://empleocastillayleon.jcyl.es/oficinavirtual/buscoEmpleoPub.do?srvc=ver&scope=reg&cod=390440'>Oficina Virtual</a></p>";;ECYL;1179297614054;Salas de los Infantes;42.023308;-3.286461;09;1285663973604;2026-07-17;https://empleo.jcyl.es/web/jcyl/Empleo/es/Plantilla100Detalle/1284216458054/OfertasEmpleo/1285663973604/Empleo;42.023308, -3.286461
FISIOTERAPEUTAS, EN GENERAL;Burgos;2026-07-17;"<p>PUESTO SOLICITADO: Fisioterapeuta.
LOCALIDAD: Burgos.
SE OFRECE:
. Contrato indefinido
. Jornada 16 h/semana</p><p>Para más información acuda a <a href='http://empleocastillayleon.jcyl.es/oficinavirtual/buscoEmpleoPub.do?srvc=ver&scope=reg&cod=381801'>Oficina Virtual</a></p>";;ECYL;1179297447246;Burgos;42.3408235575;-3.70205869083;09;1285664158717;2026-07-27;https://empleo.jcyl.es/web/jcyl/Empleo/es/Plantilla100Detalle/1284216458054/OfertasEmpleo/1285664158717/Empleo;42.3408235575, -3.70205869083
ENFERMEROS DE CUIDADOS GENERALES;Burgos;2026-07-17;<p>Oferta de Empleo de ENFERMERO/A para Residencia de Mayores en Villarcayo (Burgos). Necesaria titulación de Grado o Diplomatura. Se ofrece Contrato Indefinido a Jornada Completa.</p><p>Para más información acuda a <a href='http://empleocastillayleon.jcyl.es/oficinavirtual/buscoEmpleoPub.do?srvc=ver&scope=reg&cod=390489'>Oficina Virtual</a></p>;;ECYL;1179297735539;Villarcayo de Merindad de Castilla La Vieja;42.939262;-3.573877;09;1285664127296;2026-07-17;https://empleo.jcyl.es/web/jcyl/Empleo/es/Plantilla100Detalle/1284216458054/OfertasEmpleo/1285664127296/Empleo;42.939262, -3.573877
AUXILIARES DE ENFERMERÍA;Burgos;2026-07-17;<p>Se precisa auxiliar de enfermería o gerontologo para centro de dia en Burgos. Contrato de un año de duración, con posibilidad de convertirlo en indefinido. Jornada completa de lunes a viernes, excepto festivos. Salario según convenio. Función: atención a los usuarios durante su estancia en nuestro centro terapéutico de día, en su higiene, alimentación. Apoyo a fisioterapia y terapia ocupacional, posibilidad de transporte de los usuarios a domicilio. Se valorará el carnet de conducir, apoyo en cocina y limpieza.</p><p>Para más información acuda a <a href='http://empleocastillayleon.jcyl.es/oficinavirtual/buscoEmpleoPub.do?srvc=ver&scope=reg&cod=390442'>Oficina Virtual</a></p>;;ECYL;1179297447246;Burgos;42.3408235575;-3.70205869083;09;1285663973548;2026-07-17;https://empleo.jcyl.es/web/jcyl/Empleo/es/Plantilla100Detalle/1284216458054/OfertasEmpleo/1285663973548/Empleo;42.3408235575, -3.70205869083
ENFERMEROS DE CUIDADOS GENERALES;Burgos;2026-07-17;"<p>Contrato indefinido, jornada completa.
Residencia Río Arlanza, en Salas de los Infantes.
Enviar CV a personas@aspaniasburgos.com (Asunto: Enfermería_S) o tfno. 947380897</p><p>Para más información acuda a <a href='http://empleocastillayleon.jcyl.es/oficinavirtual/buscoEmpleoPub.do?srvc=ver&scope=reg&cod=390439'>Oficina Virtual</a></p>";;ECYL;1179297614054;Salas de los Infantes;42.023308;-3.286461;09;1285663973576;2026-07-17;https://empleo.jcyl.es/web/jcyl/Empleo/es/Plantilla100Detalle/1284216458054/OfertasEmpleo/1285663973576/Empleo;42.023308, -3.286461
TERAPEUTAS OCUPACIONALES;León;2026-07-17;"<p>Oferta 15638 de terapeuta ocupacional para residencia de mayores en Villar de Mazarife (Chozas de Abajo)
Contrato temporal, jornada parcial
Interesadas/os ponerse en contacto con la oficina de empleo Serna.Tf.987215200</p><p>Para más información acuda a <a href='http://empleocastillayleon.jcyl.es/oficinavirtual/buscoEmpleoPub.do?srvc=ver&scope=reg&cod=390454'>Oficina Virtual</a></p>";;ECYL;1179297832581;Chozas de Abajo;42.50797;-5.686555;24;1285663973670;2026-07-17;https://empleo.jcyl.es/web/jcyl/Empleo/es/Plantilla100Detalle/1284216458054/OfertasEmpleo/1285663973670/Empleo;42.50797, -5.686555
AUXILIARES DE ENFERMERÍA DE GERIATRÍA;León;2026-07-17;"<p>Oferta 15630: Gerocultor/Auxiliar de enfermería para Residencia de Mayores en Chozas de Abajo.
Contrato indefinido.
Interesados/as llamar a la Oficina de Empleo Serna al tlfno 987215200</p><p>Para más información acuda a <a href='http://empleocastillayleon.jcyl.es/oficinavirtual/buscoEmpleoPub.do?srvc=ver&scope=reg&cod=390446'>Oficina Virtual</a></p>";;ECYL;1179297832581;Chozas de Abajo;42.50797;-5.686555;24;1285663973698;2026-07-17;https://empleo.jcyl.es/web/jcyl/Empleo/es/Plantilla100Detalle/1284216458054/OfertasEmpleo/1285663973698/Empleo;42.50797, -5.686555
PERSONAL DE LIMPIEZA O LIMPIADORES EN GENERAL;León;2026-07-17;"<p>Oferta 15631 de limpiador/a para residencia de mayores en Vegaquemada
Contrato temporal, jornada completa
Interesadas/os ponerse en contacto co la oficina de empleo Serna.Tf.987215200</p><p>Para más información acuda a <a href='http://empleocastillayleon.jcyl.es/oficinavirtual/buscoEmpleoPub.do?srvc=ver&scope=reg&cod=390447'>Oficina Virtual</a></p>";;ECYL;1179298002983;Vegaquemada;42.818714;-5.3321457;24;1285663973726;2026-07-17;https://empleo.jcyl.es/web/jcyl/Empleo/es/Plantilla100Detalle/1284216458054/OfertasEmpleo/1285663973726/Empleo;42.818714, -5.3321457
ALBAÑILES;Zamora;2026-07-17;"<p>Oferta Núm. 15628 ALBAÑIL OFICIAL DE 1ª para empresa de Zamora.
Los interesados/as deben enviar su CV a (ecyldoctorfleming.ofertas@jcyl.es) indicando en el asunto el Núm. de la oferta.
FUNCIONES: Las propias de la ocupación.
CONDICIONES: Contrato indefinido a jornada completa.
REQUISITOS: Acreditación de la Formación en PRL.</p><p>Para más información acuda a <a href='http://empleocastillayleon.jcyl.es/oficinavirtual/buscoEmpleoPub.do?srvc=ver&scope=reg&cod=390444'>Oficina Virtual</a></p>";;ECYL;1179469491795;Zamora;41.507324;-5.745313;49;1285663974168;2026-08-18;https://empleo.jcyl.es/web/jcyl/Empleo/es/Plantilla100Detalle/1284216458054/OfertasEmpleo/1285663974168/Empleo;41.507324, -5.745313
CUIDADORES DE PERSONAS CON DISCAPACIDAD Y/O DEPENDENCIA, EN INSTITUCIONES;Burgos;2026-07-16;"<p>Jornada completa, turnos mañana , tarde y noche.
Llamar al 947380897 o de manera presencial en Residencia Río Arlanza ( Salas de los Infantes).</p><p>Para más información acuda a <a href='http://empleocastillayleon.jcyl.es/oficinavirtual/buscoEmpleoPub.do?srvc=ver&scope=reg&cod=390357'>Oficina Virtual</a></p>";;ECYL;1179297614054;Salas de los Infantes;42.023308;-3.286461;09;1285663630132;2026-07-16;https://empleo.jcyl.es/web/jcyl/Empleo/es/Plantilla100Detalle/1284216458054/OfertasEmpleo/1285663630132/Empleo;42.023308, -3.286461
TERAPEUTAS OCUPACIONALES;Burgos;2026-07-16;"<p>TERAPEUTA OCUPACIONAL PARA RESIDENCIA VIRGEN DE LAS VIÑAS EN ARANDA DE DUERO(BURGOS).
CONTRATO LABORAL TEMPORAL A JORNADA COMPLETA CON UNA DURACIÓN DE 10 MESES.
TITULACIÓN ACADÉMICA: DIPLOMATURA O GRADO EN TERAPIA OCUPACIONAL.
CONTACTAR CON NOEMÍ MARTÍNEZ RODRIGUEZ DESDE 22/07/2026 DE 09:00 A 16:00 H. al tfno 947 546274 - 947 546030 ó nmartinez@vitaliaplus.es
CONTACTAR CON OFICINA DE EMPLEO DE ARANDA DE DUERO al tfno 947 244280 ext.820922 ó ecylaranda@jcyl.es
REFERENCIA: OFERTA 08/2026/009547</p><p>Para más información acuda a <a href='http://empleocastillayleon.jcyl.es/oficinavirtual/buscoEmpleoPub.do?srvc=ver&scope=reg&cod=384363'>Oficina Virtual</a></p>";;ECYL;1179297429124;Aranda de Duero;41.67027;-3.68877;09;1285663548075;2026-07-16;https://empleo.jcyl.es/web/jcyl/Empleo/es/Plantilla100Detalle/1284216458054/OfertasEmpleo/1285663548075/Empleo;41.67027, -3.68877
AUXILIARES DE ENFERMERÍA;Burgos;2026-07-16;<p>OFERTA TECNICO DE ATENCION DIRECTA (AUXILIAR DE ENFERMERIA) PARA RESIDENCIA DE MAYORES (CORTES) GTSS. OFRECEN CONTRATO SUSTITUCION POR VACACIONES. TITULO DE ATENCION A PERSONALAS EN SITUACION DE DEPENDENCIA/TECNICO DE ATENCION SOCIOSANITARIA/TECNICO EN CUIDADOS AUXILIARES DE ENFERMERIA O EQUIVALENTE. IMPRESCINDIBLE TITULO. SI REUNE UN PERFIL Y ESTÁ INTERESADO DEBE ENVIAR UN MAIL A ecyljuandepadilla.ofertas@jcyl.es (REF 11722-TAD CORTES) INDICANDO SU NOMBRE, APELLIDOS Y NUMERO DNI/NIE. SOLO SE ATENDERÁN LAS CANDIDATURAS DE LAS PERSONAS QUE REUNIENDO EL PERFIL ESTEN INSCRITAS EN UNA OFICINA DE EMPLEO.</p><p>Para más información acuda a <a href='http://empleocastillayleon.jcyl.es/oficinavirtual/buscoEmpleoPub.do?srvc=ver&scope=reg&cod=386538'>Oficina Virtual</a></p>;;ECYL;1179297447246;Burgos;42.3408235575;-3.70205869083;09;1285663666487;2026-08-14;https://empleo.jcyl.es/web/jcyl/Empleo/es/Plantilla100Detalle/1284216458054/OfertasEmpleo/1285663666487/Empleo;42.3408235575, -3.70205869083
ENFERMEROS ESPECIALISTAS EN ENFERMERÍA GERIÁTRICA;Zamora;2026-07-16;"<p>Oferta Núm. 15596 ENFERMERO/A para Centro Residencial de Almeida de Sayago (Zamora).
Los interesados/as deben enviar su CV a (ecyldoctorfleming.ofertas@jcyl.es) indicando en el asunto el Núm. de la oferta.
FUNCIONES: Atención a usuarios/as del Centro Residencial.
CONDICIONES: Contrato temporal. Jornada parcial.
REQUISITOS: Titulación de Diplomatura o Grado en Enfermería.</p><p>Para más información acuda a <a href='http://empleocastillayleon.jcyl.es/oficinavirtual/buscoEmpleoPub.do?srvc=ver&scope=reg&cod=390412'>Oficina Virtual</a></p>";;ECYL;1179469333638;Almeida de Sayago;41.267624;-6.071891;49;1285663784466;2026-08-17;https://empleo.jcyl.es/web/jcyl/Empleo/es/Plantilla100Detalle/1284216458054/OfertasEmpleo/1285663784466/Empleo;41.267624, -6.071891
TERAPEUTAS OCUPACIONALES;Burgos;2026-07-15;"<p>TERAPEUTA OCUPACIONAL PARA RESIDENCIA SAN MIGUEL EN FUENTESPINA(BURGOS).
CONTRATO LABORAL INDEFINIDO A JORNADA COMPLETA.
TITULACIÓN ACADÉMICA: DIPLOMATURA O GRADO EN TERAPIA OCUPACIONAL.
CONTACTAR CON JESÚS JAVIER ESCANCIANO AL tfno 947 515914 de 09:00 a 15:00 h. ó jesus@residenciasanmiguel.com.es
CONTACTAR CON OFICINA DE EMPLEO DE ARANDA DE DUERO AL tfno 947 244280 ext.820922 ó ecylaranda@jcyl.es
REFERENCIA: OFERTA 08/2026/015394</p><p>Para más información acuda a <a href='http://empleocastillayleon.jcyl.es/oficinavirtual/buscoEmpleoPub.do?srvc=ver&scope=reg&cod=390210'>Oficina Virtual</a></p>";;ECYL;1182753763500;Fuentespina;41.6318849967;-3.68622950121;09;1285663123804;2026-07-15;https://empleo.jcyl.es/web/jcyl/Empleo/es/Plantilla100Detalle/1284216458054/OfertasEmpleo/1285663123804/Empleo;41.6318849967, -3.68622950121
CUIDADORES DE PERSONAS CON DISCAPACIDAD Y/O DEPENDENCIA, EN INSTITUCIONES;Burgos;2026-07-15;"<p>GEROCULTORAS PARA RESIDENCIA SAN MIGUEL EN FUENTESPINA (BURGOS).
CONTRATO LABORAL INDEFINIDO A JORNADA COMPLETA MAÑANAS Y TARDES.
NIVEL FORMATIVO: TÉCNICO EN ATENCIÓN A PERSONAS EN SITUACIÓN DE DEPENDENCIA (TAPSD). TÉCNICO EN CUIDADOS AUXILIARES DE ENFERMERÍA (TCAE). CERTIFICADO DE PROFESIONALIDAD DE ATENCIÓN SOCIOSANITARIA A PERSONAS DEPENDIENTES EN INSTITUCIONES SOCIALES O HABILITACIÓN CORRESPONDIENTE.
CONTACTAR CON JESÚS JAVIER ESCANCIANO AL tfno 947 515914 ó jesus@residenciasanmiguel.com.es
CONTACTAR CON OFICINA DE EMPLEO DE ARANDA AL tfno 947 244280 ext.820922 ó ecylaranda@jcyl.es
REFERENCIA: OFERTA 08/2026/015367</p><p>Para más información acuda a <a href='http://empleocastillayleon.jcyl.es/oficinavirtual/buscoEmpleoPub.do?srvc=ver&scope=reg&cod=390183'>Oficina Virtual</a></p>";;ECYL;1182753763500;Fuentespina;41.6318849967;-3.68622950121;09;1285663123683;2026-07-15;https://empleo.jcyl.es/web/jcyl/Empleo/es/Plantilla100Detalle/1284216458054/OfertasEmpleo/1285663123683/Empleo;41.6318849967, -3.68622950121
FISIOTERAPEUTAS, EN GENERAL;Burgos;2026-07-15;"<p>FISIOTERAPEUTA PARA RESIDENCIA SAN MIGUEL EN FUENTESPINA(BURGOS).
CONTRATO LABORAL INDEFINIDO A JORNADA PARCIAL.
TITULACIÓN ACADÉMICA: DIPLOMATURA O GRADO EN FISIOTERAPIA.
CONTACTAR CON JESÚS JAVIER ESCANCIANO AL tfno 947 515914 de 09:00 a 15:00 h. ó jesus@residenciasanmiguel.com.es
CONTACTAR CO OFICINA DE EMPLEO DE ARANDA DE DUERO AL tfno 947 244280 ext 820922 ó ecylaranda@jcyl.es
REFERENCIA: OFERTA 08/2026/015386</p><p>Para más información acuda a <a href='http://empleocastillayleon.jcyl.es/oficinavirtual/buscoEmpleoPub.do?srvc=ver&scope=reg&cod=390202'>Oficina Virtual</a></p>";;ECYL;1182753763500;Fuentespina;41.6318849967;-3.68622950121;09;1285663123776;2026-07-15;https://empleo.jcyl.es/web/jcyl/Empleo/es/Plantilla100Detalle/1284216458054/OfertasEmpleo/1285663123776/Empleo;41.6318849967, -3.68622950121
ASISTENTES DOMICILIARIOS;León;2026-07-15;"<p>Oferta 15442 de auxiliar ayuda a domicilio para Chozas de Abajo
Contrato indefinido, jornada completa
Funciones de atención domiciliaria a personas con dificultades de autonomía y/o diversidad funcional: acompañamiento en domicilio, asistencia personal, ayuda en las tareas domésticas.
Los servicios son para los pueblos de Banuncias y Mozóndiga.
Horario partido de Lunes a Sábado. Jornada completa
Es imprescindible disponer de coche, ya que el trabajo puede requerir desplazamientos.
Interesadas/os ponerse en contacto con la oficina de empleo Serna.Tf.987215200</p><p>Para más información acuda a <a href='http://empleocastillayleon.jcyl.es/oficinavirtual/buscoEmpleoPub.do?srvc=ver&scope=reg&cod=390258'>Oficina Virtual</a></p>";;ECYL;1179297832581;Chozas de Abajo;42.50797;-5.686555;24;1285663192909;2026-07-15;https://empleo.jcyl.es/web/jcyl/Empleo/es/Plantilla100Detalle/1284216458054/OfertasEmpleo/1285663192909/Empleo;42.50797, -5.686555
General & Hygienist Dentist and Periodontal Assitant(Países Bajos);Otra;2026-07-15;"<p><strong>Dental Hygienist</strong></p>
<p><span style='text-decoration: underline;'>Requirements:</span></p>
<ul>
<li>A diploma in Oral Health Care / Dental Hygiene</li>
<li>Minimum B1 level English and willing to learn the Dutch language</li>
<li>A completed Hepatitis B titer test</li>
<li>A valid X-ray certificate</li>
</ul>
<p><strong>General Dentist</strong></p>
<p><span style='text-decoration: underline;'>Requirements:</span></p>
<ul>
<li style='text-align: justify;'>Completed a relevant study in the sector Health-technical professions at WO/Master&rsquo;s degree</li>
<li style='text-align: justify;'>Minimum B1 level English and willing to learn the Dutch language</li>
<li style='text-align: justify;'>Minimum 3 months&rsquo; work experience as a dentist</li>
<li style='text-align: justify;'>Driving licence: catergory B</li>
</ul>
<p style='text-align: justify;'> </p>
<p style='text-align: justify;'><strong>Periodontal Prevention Assistant</strong></p>
<p style='text-align: justify;'><span style='text-decoration: underline;'>Requirements:</span></p>
<ul>
<li style='text-align: justify;'>Relevant dental education as a prevention assistant or periodontal prevention assistant;</li>
<li style='text-align: justify;'>A valid certificate or diploma allowing you to work independently within your scope of practice;</li>
<li style='text-align: justify;'>Minimum B1 level English and willing to learn the Dutch language;</li>
<li style='text-align: justify;'>Experience as a prevention assistant is preferred, but motivated starters with the right qualifications are also welcome to apply</li>
</ul>
<p style='text-align: justify;'>How to apply:</p>
<p style='text-align: justify;'>Send an email to: <a href='mailto:melvin.zalmijn@uwv.nl'>melvin.zalmijn@uwv.nl</a> con copia a <a href='mailto:eures.franciasuizabenelux@sepe.es'>eures.franciasuizabenelux@sepe.es </a> quoting the name of the vacancy</p>
<p style='text-align: justify;'> </p><p><strong>Información obtenida de: </strong>EURES. <a href='http://www.sepe.es/redEURES' target='_blank'>http://www.sepe.es/redEURES</a></p><p><strong>Enlaces relacionados:</strong><ul><li><a href='https://www.sepe.es/HomeSepe/encontrar-trabajo/empleo-europa/Ofertas-empleo-destacadas-informacion-paises/empleo-holanda.html' target='_blank'>Ofertas en Países Bajos</a></li><li><a href='https://servicios3.jcyl.es/enbo/siau/contenido/VDVRMVVocFRpMWJiTE8rek94Ym5PVEN1M0FmbjVQdXBDV2ZxbVFLeXNjQT0%3D' target='_blank'>Periodontal Prevention Assistant</a></li><li><a href='https://servicios3.jcyl.es/enbo/siau/contenido/K1ZIZ1I1bVQ1NkpnVTFydU9SZktKblBpT3hjYmhuNjVMTkhOUHlNVTV1Zz0%3D' target='_blank'>General Dentist</a></li><li><a href='https://servicios3.jcyl.es/enbo/siau/contenido/bUxsUSs2MmpmZlhhcTlxci9lV0xOWjZBMHd1SjZBNDljbEFYelc4c2dqUT0%3D' target='_blank'>Dental Hygienist</a></li></ul></p><p>Información procedente de: <a href='https://servicios3.jcyl.es/enbo/siau/webapp/boletinEmpleoCyL/boletin/Vm9aa3RDeHlLcVJsNGdOdHYxdEU0VE1GUzZQV3FTcEk1WmJYTUFnUmhBTT0%3D/EMPLEO-EURES/146778' target='_blank'><strong>Boletín de Empleo de Castilla y León (Ecyl)</strong>.</a></p>";Europa;Red EURES;;;;;;1285663401841;2026-07-15;https://empleo.jcyl.es/web/jcyl/Empleo/es/Plantilla100Detalle/1284216458054/OfertasEmpleo/1285663401841/Empleo;
INGENIEROS EN MECÁNICA, EN GENERAL;Zamora;2026-07-15;"<p>Oferta Núm. 15440 INGENIERO/A MECÁNICO/A para empresa de Corrales del Vino (Zamora).
Los interesados/as deben enviar su CV a (ecyldoctorfleming.ofertas@jcyl.es) indicando en el asunto el Núm. de la oferta.
FUNCIONES: Diseño y revisión de componentes mecánicos. Elaboración de documentación técnica. Validación de equipos. Montaje e instalación.
CONDICIONES: Contrato indefinido a jornada completa. 
REQUISITOS: Titulación Grado en Mecánica o similar.</p><p>Para más información acuda a <a href='http://empleocastillayleon.jcyl.es/oficinavirtual/buscoEmpleoPub.do?srvc=ver&scope=reg&cod=390256'>Oficina Virtual</a></p>";;ECYL;1179469355997;Corrales del Vino;41.357876;-5.7256117;49;1285663193462;2026-08-14;https://empleo.jcyl.es/web/jcyl/Empleo/es/Plantilla100Detalle/1284216458054/OfertasEmpleo/1285663193462/Empleo;41.357876, -5.7256117
PEONES DE LA CONSTRUCCIÓN DE EDIFICIOS;Zamora;2026-07-15;"<p>Oferta Núm. 15459 DOS PEONES DE CONSTRUCCIÓN para empresa de Corrales del Vino (Zamora).
Los interesados/as deben enviar su CV a (ecyldoctorfleming.ofertas@jcyl.es) indicando en el asunto el Núm. de la oferta.
FUNCIONES: Montaje y desmontaje de encofrados, excavación, colocación de adoquín, apoyo a oficiales de obra.
CONDICIONES: Contrato indefinido a jornada completa.
REQUISITOS: Valorable el permiso de circulación.</p><p>Para más información acuda a <a href='http://empleocastillayleon.jcyl.es/oficinavirtual/buscoEmpleoPub.do?srvc=ver&scope=reg&cod=390275'>Oficina Virtual</a></p>";;ECYL;1179469355997;Corrales del Vino;41.357876;-5.7256117;49;1285663193331;2026-08-14;https://empleo.jcyl.es/web/jcyl/Empleo/es/Plantilla100Detalle/1284216458054/OfertasEmpleo/1285663193331/Empleo;41.357876, -5.7256117
EMPLEADOS ADMINISTRATIVOS, EN GENERAL;Zamora;2026-07-15;"<p>Oferta Núm. 15434 ADMINISTRATIVO/A-CONTABLE para empresa de Corrales del Vino (Zamora).
Los interesados/as deben enviar su CV a (ecyldoctorfleming.ofertas@jcyl.es) indicando en el asunto el Núm. de la oferta.
FUNCIONES: Elaboración de informes financieros, Control de gastos e ingresos, Coordinación con entidades financieras, Elaboración de cierres, Registro de facturas....
CONDICIONES: Contrato indefinido a jornada completa.
REQUISITOS: Formación en ADE, Finanzas y Contabilidad, Administración ó similar.</p><p>Para más información acuda a <a href='http://empleocastillayleon.jcyl.es/oficinavirtual/buscoEmpleoPub.do?srvc=ver&scope=reg&cod=390250'>Oficina Virtual</a></p>";;ECYL;1179469355997;Corrales del Vino;41.357876;-5.7256117;49;1285663160239;2026-08-14;https://empleo.jcyl.es/web/jcyl/Empleo/es/Plantilla100Detalle/1284216458054/OfertasEmpleo/1285663160239/Empleo;41.357876, -5.7256117
AUXILIARES DE ENFERMERÍA DE GERIATRÍA;León;2026-07-14;"<p>Oferta 15416: Gerocultor/a para Residencia de mayores en Valdefresno. 
Contrato temporal a jornada completa.
Interesados llamar a la Oficina Empleo Serna al tflno 987215200</p><p>Para más información acuda a <a href='http://empleocastillayleon.jcyl.es/oficinavirtual/buscoEmpleoPub.do?srvc=ver&scope=reg&cod=390232'>Oficina Virtual</a></p>";;ECYL;1179297967519;Valdefresno;42.594204;-5.493184;24;1285662949567;2026-07-14;https://empleo.jcyl.es/web/jcyl/Empleo/es/Plantilla100Detalle/1284216458054/OfertasEmpleo/1285662949567/Empleo;42.594204, -5.493184
ENCARGADOS DE OBRA CIVIL, EN GENERAL;Zamora;2026-07-14;"<p>Oferta Núm 15399 de JEFE/A DE OBRA para CORESES (Zamora).
Los interesados/as deben enviar su CV a (ecyldoctorfleming.ofertas@jcyl.es) indicando en el asunto el Núm. de la oferta.
FUNCIONES: Planificar, coordinar, supervisar, organizar y controlar los trabajos de obra.
CONDICIONES: Contrato indefinido a jornada completa. 
REQUISITOS: Grado o Ingeniería Técnica en Obras Públicas. Permiso de conducir tipo B.</p><p>Para más información acuda a <a href='http://empleocastillayleon.jcyl.es/oficinavirtual/buscoEmpleoPub.do?srvc=ver&scope=reg&cod=390215'>Oficina Virtual</a></p>";;ECYL;1179469355420;Coreses;41.547596;-5.6208253;49;1285662904138;2026-08-13;https://empleo.jcyl.es/web/jcyl/Empleo/es/Plantilla100Detalle/1284216458054/OfertasEmpleo/1285662904138/Empleo;41.547596, -5.6208253
ALBAÑILES;Zamora;2026-07-14;"<p>Oferta Núm. 15417 OFICIAL DE CONSTRUCCIÓN para empresa de Coreses (Zamora).
Los interesados/as deben enviar su CV a (ecyldoctorfleming.ofertas@jcyl.es) indicando en el asunto el Núm. de la oferta.
FUNCIONES: Tareas de asfaltado y obra civil.
CONDICIONES: Contrato indefinido a jornada completa.
REQUISITOS: Curso de PRL de 20 horas en albañilería o otro oficio similar.</p><p>Para más información acuda a <a href='http://empleocastillayleon.jcyl.es/oficinavirtual/buscoEmpleoPub.do?srvc=ver&scope=reg&cod=390233'>Oficina Virtual</a></p>";;ECYL;1179469355420;Coreses;41.547596;-5.6208253;49;1285662949857;2026-08-14;https://empleo.jcyl.es/web/jcyl/Empleo/es/Plantilla100Detalle/1284216458054/OfertasEmpleo/1285662949857/Empleo;41.547596, -5.6208253
CONDUCTORES DE CAMIÓN, EN GENERAL;Zamora;2026-07-14;"<p>Oferta Núm. 15384 TRES CONDUCTORES DE CAMIÓN DUMPER-BAÑERA para empresa de Coreses (Zamora).
Los interesados/as deben enviar su CV a (ecyldoctorfleming.ofertas@jcyl.es) indicando en el asunto el Núm. de la oferta.
FUNCIONES: Conducción de camión dumper (rígido) y camión bañera o articulado.
CONDICIONES: Contrato indefinido a jornada completa. Salario S/C.
REQUISITOS: Permiso de circulación C, C1,C1E,CE. Imprescindible CAP en vigor. Recomendable disponer de curso de formación de PRL de 20 horas de movimiento de tierras.</p><p>Para más información acuda a <a href='http://empleocastillayleon.jcyl.es/oficinavirtual/buscoEmpleoPub.do?srvc=ver&scope=reg&cod=390200'>Oficina Virtual</a></p>";;ECYL;1179469355420;Coreses;41.547596;-5.6208253;49;1285662874773;2026-08-14;https://empleo.jcyl.es/web/jcyl/Empleo/es/Plantilla100Detalle/1284216458054/OfertasEmpleo/1285662874773/Empleo;41.547596, -5.6208253
CONDUCTORES DE CAMIÓN, EN GENERAL;Zamora;2026-07-14;"<p>Oferta Núm. 15384 CONDUCTOR/A DE CAMIÓN CUBA DE RIEGO ASFÁLTICO para empresa de CORESES (Zamora).
Los interesados/as deben enviar su CV a (ecyldoctorfleming.ofertas@jcyl.es) indicando en el asunto el Núm. de la oferta.
FUNCIONES: Conducción de camión cuba, aplicación de emulsiones, carga, transporte y descarga de materiales.
CONDICIONES: Contrato indefinido. Jornada completa. Salario S/C.
REQUISITOS: Permiso de conducir C y el CAP en vigor. Se valorará experiencia previa en trabajos de asfaltado y formación en PRL en estabilización de firmes.</p><p>Para más información acuda a <a href='http://empleocastillayleon.jcyl.es/oficinavirtual/buscoEmpleoPub.do?srvc=ver&scope=reg&cod=390205'>Oficina Virtual</a></p>";;ECYL;1179469355420;Coreses;41.547596;-5.6208253;49;1285662874801;2026-08-14;https://empleo.jcyl.es/web/jcyl/Empleo/es/Plantilla100Detalle/1284216458054/OfertasEmpleo/1285662874801/Empleo;41.547596, -5.6208253
CUIDADORES DE PERSONAS CON DISCAPACIDAD Y/O DEPENDENCIA, EN INSTITUCIONES;León;2026-07-13;"<p>SE NECESITA CUBRIR UN PUESTO DE GEROCULTOR/AUXILAR DE ENFERMERIA PARA RESIDENCIA DE ANCIANOS
SE OFRECE CONTRATO TEMPORAL A JORNADA COMPLETA
PERSONAS INTERESADAS CONTACTAR CON LA OFICINA DE EMPLEO DE BEMBIBRE (987511461) EN HORARIO DE 9:00 A 14:00 HORAS INDICANDO OFERTA Nº 15315</p><p>Para más información acuda a <a href='http://empleocastillayleon.jcyl.es/oficinavirtual/buscoEmpleoPub.do?srvc=ver&scope=reg&cod=390131'>Oficina Virtual</a></p>";;ECYL;1179297775135;Bembibre;42.617176;-6.4186482;24;1285662568334;2026-07-13;https://empleo.jcyl.es/web/jcyl/Empleo/es/Plantilla100Detalle/1284216458054/OfertasEmpleo/1285662568334/Empleo;42.617176, -6.4186482
AUXILIARES DE ENFERMERÍA DE GERIATRÍA;León;2026-07-13;<p>Para más información acuda a <a href='http://empleocastillayleon.jcyl.es/oficinavirtual/buscoEmpleoPub.do?srvc=ver&scope=reg&cod=390127'>Oficina Virtual</a></p>;;ECYL;1179297865414;Mansilla de las Mulas;42.4989227004;-5.41787795395;24;1285662541494;2026-07-13;https://empleo.jcyl.es/web/jcyl/Empleo/es/Plantilla100Detalle/1284216458054/OfertasEmpleo/1285662541494/Empleo;42.4989227004, -5.41787795395
FISIOTERAPEUTAS, EN GENERAL;León;2026-07-13;"<p>SE NECESITA CUBRIR 1 PUESTO DE FISIOTERAPEUTA PARA RESIDENCIA DE ANCIANOS
SE OFRECE: CONTRATO INDEFINIDO DE MEDIA JORNADA
PERSONAS INTERESADAS CONTACTAR CON LA OFICINA DE EMPLEO DE BEMBIBRE (987511461) EN HORARIO DE 9:00 A 14:00 HORAS INDICADO OFERTA Nº 4951</p><p>Para más información acuda a <a href='http://empleocastillayleon.jcyl.es/oficinavirtual/buscoEmpleoPub.do?srvc=ver&scope=reg&cod=390091'>Oficina Virtual</a></p>";;ECYL;1179297775135;Bembibre;42.617176;-6.4186482;24;1285662569389;2026-07-13;https://empleo.jcyl.es/web/jcyl/Empleo/es/Plantilla100Detalle/1284216458054/OfertasEmpleo/1285662569389/Empleo;42.617176, -6.4186482
ASISTENTES DOMICILIARIOS;Zamora;2026-07-13;"<p>Oferta Núm 15273 de AUXILIAR AYUDA A DOMICILIO para SAN CEBRIAN DE CASTRO (Zamora).
Los interesados/as deben enviar su CV a (ecyldoctorfleming.ofertas@jcyl.es) indicando en el asunto el Núm. de la oferta.
FUNCIONES: Propias de la ocupación.
CONDICIONES: Contrato temporal a jornada parcial durante 15 dias.</p><p>Para más información acuda a <a href='http://empleocastillayleon.jcyl.es/oficinavirtual/buscoEmpleoPub.do?srvc=ver&scope=reg&cod=390089'>Oficina Virtual</a></p>";;ECYL;1179469434744;San Cebrián de Castro;41.70727;-5.754657;49;1285662467588;2026-08-13;https://empleo.jcyl.es/web/jcyl/Empleo/es/Plantilla100Detalle/1284216458054/OfertasEmpleo/1285662467588/Empleo;41.70727, -5.754657
MÉDICOS, MEDICINA GENERAL;Zamora;2026-07-13;"<p>Oferta Núm. 742 MÉDICO para Residencia de Villardeciervos (Zamora).
Los interesados/as deben enviar su CV a (ecyldoctorfleming.ofertas@jcyl.es) indicando en el asunto el Núm. de la oferta.
FUNCIONES: Atención a los usuarios del Centro.
CONDICIONES: Contrato temporal. Jornada parcial.
REQUISITOS: Titulación de Licenciatura o Grado en Medicina.</p><p>Para más información acuda a <a href='http://empleocastillayleon.jcyl.es/oficinavirtual/buscoEmpleoPub.do?srvc=ver&scope=reg&cod=375558'>Oficina Virtual</a></p>";;ECYL;1179469487216;Villardeciervos;41.94216;-6.280655;49;1285662408330;2026-07-13;https://empleo.jcyl.es/web/jcyl/Empleo/es/Plantilla100Detalle/1284216458054/OfertasEmpleo/1285662408330/Empleo;41.94216, -6.280655
CUIDADORES DE PERSONAS CON DISCAPACIDAD Y/O DEPENDENCIA, EN INSTITUCIONES;Zamora;2026-07-13;"<p>Oferta Núm 15343 de AUXILIAR DE ENFERMERIA/GEROCULTOR/A para ALMEIDA DE SAYAGO (Zamora).
Los interesados/as deben enviar su CV a (ecyldoctorfleming.ofertas@jcyl.es) indicando en el asunto el Núm. de la oferta.
FUNCIONES: Las propias de la profesión
CONDICIONES: Laboral temporal a jornada completa. 
REQUISITOS: Técnico en Cuidados Auxiliares de Enfermería o Certificación Profesional Sociosanitaria.</p><p>Para más información acuda a <a href='http://empleocastillayleon.jcyl.es/oficinavirtual/buscoEmpleoPub.do?srvc=ver&scope=reg&cod=390159'>Oficina Virtual</a></p>";;ECYL;1179469333638;Almeida de Sayago;41.267624;-6.071891;49;1285662605845;2026-08-13;https://empleo.jcyl.es/web/jcyl/Empleo/es/Plantilla100Detalle/1284216458054/OfertasEmpleo/1285662605845/Empleo;41.267624, -6.071891
FISIOTERAPEUTAS, EN GENERAL;Zamora;2026-07-13;"<p>Oferta Núm. 746 FISIOTERAPEUTA para Residencia de Villardeciervos (Zamora).
Los interesados/as deben enviar su CV a (ecyldoctorfleming.ofertas@jcyl.es) indicando en el asunto el Núm. de la oferta.
FUNCIONES: Realizar los tratamientos y técnicas rehabilitadoras que se prescriban. Participar en el equipo multiprofesional del Centro para la realización de pruebas o valoraciones.
CONDICIONES: Contrato indefinido. Jornada parcial.
REQUISITOS: Titulación de Diplomatura o Grado en Fisioterapia.</p><p>Para más información acuda a <a href='http://empleocastillayleon.jcyl.es/oficinavirtual/buscoEmpleoPub.do?srvc=ver&scope=reg&cod=375562'>Oficina Virtual</a></p>";;ECYL;1179469487216;Villardeciervos;41.94216;-6.280655;49;1285662408386;2026-07-13;https://empleo.jcyl.es/web/jcyl/Empleo/es/Plantilla100Detalle/1284216458054/OfertasEmpleo/1285662408386/Empleo;41.94216, -6.280655
ASISTENTES DOMICILIARIOS;Zamora;2026-07-13;"<p>Oferta Núm. 15288 ASISTENTE PERSONAL para Moreruela de los Infanzones (Zamora).
Los interesados/as deben enviar su CV a (ecyldoctorfleming.ofertas@jcyl.es) indicando en el asunto el Núm. de la oferta.
FUNCIONES: Apoyo, intervención y acompañamiento a personas dependientes en su domicilio.
CONDICIONES: Contrato temporal. Jornada de 30 horas semanales de lunes a sábados de 16 a 21 horas.
REQUISITOS: Valorable titulación relacionada con el puesto. Vehículo y permiso de circulación.</p><p>Para más información acuda a <a href='http://empleocastillayleon.jcyl.es/oficinavirtual/buscoEmpleoPub.do?srvc=ver&scope=reg&cod=390104'>Oficina Virtual</a></p>";;ECYL;1179469400514;Moreruela de los Infanzones;41.632378;-5.70349;49;1285662467522;2026-08-14;https://empleo.jcyl.es/web/jcyl/Empleo/es/Plantilla100Detalle/1284216458054/OfertasEmpleo/1285662467522/Empleo;41.632378, -5.70349
ENFERMEROS DE CUIDADOS GENERALES;Zamora;2026-07-13;"<p>Oferta Núm. 730 ENFERMERO/A para Residencia de Villardeciervos (Zamora).
Los interesados/as deben enviar su CV a (ecyldoctorfleming.ofertas@jcyl.es) indicando en el asunto el Núm. de la oferta.
FUNCIONES: Las encomendadas por el Convenio de Residencias para un/a Enfermero/a.
CONDICIONES: Contrato indefinido. Jornada Parcial.
REQUISITOS: Titulación de Diplomatura o Grado en Enfermería.</p><p>Para más información acuda a <a href='http://empleocastillayleon.jcyl.es/oficinavirtual/buscoEmpleoPub.do?srvc=ver&scope=reg&cod=375546'>Oficina Virtual</a></p>";;ECYL;1179469487216;Villardeciervos;41.94216;-6.280655;49;1285662408358;2026-07-13;https://empleo.jcyl.es/web/jcyl/Empleo/es/Plantilla100Detalle/1284216458054/OfertasEmpleo/1285662408358/Empleo;41.94216, -6.280655
TERAPEUTAS OCUPACIONALES;Zamora;2026-07-13;"<p>Oferta Núm. 750 TERAPEUTA OCUPACIONAL para Centro de mayores de Villardeciervos (Zamora).
Los interesados/as deben enviar su CV a (ecyldoctorfleming.ofertas@jcyl.es) indicando en el asunto el Núm. de la oferta.
FUNCIONES: Dinamización del centro a través de actividades lúdicas y cognitivas.
CONDICIONES: Contrato temporal. Jornada parcial.
REQUISITOS: Titulación de Diplomatura o Grado en Terapia Ocupacional.</p><p>Para más información acuda a <a href='http://empleocastillayleon.jcyl.es/oficinavirtual/buscoEmpleoPub.do?srvc=ver&scope=reg&cod=375566'>Oficina Virtual</a></p>";;ECYL;1179469487216;Villardeciervos;41.94216;-6.280655;49;1285662408414;2026-07-13;https://empleo.jcyl.es/web/jcyl/Empleo/es/Plantilla100Detalle/1284216458054/OfertasEmpleo/1285662408414/Empleo;41.94216, -6.280655
CUIDADORES DE PERSONAS CON DISCAPACIDAD Y/O DEPENDENCIA, EN INSTITUCIONES;Ávila;2026-07-12;<p>SE NECESITA GEROCULTOR PARA RESIDENCIA DE MAYORES EN MOMBELTRAN (AVILA). INTERESADOS ENVIAR CV A CORREO: ressidencia.mombeltran@gmail.com</p><p>Para más información acuda a <a href='http://empleocastillayleon.jcyl.es/oficinavirtual/buscoEmpleoPub.do?srvc=ver&scope=reg&cod=389917'>Oficina Virtual</a></p>;;ECYL;1179297233166;Mombeltrán;40.25992;-5.01777;05;1285662378714;2026-07-13;https://empleo.jcyl.es/web/jcyl/Empleo/es/Plantilla100Detalle/1284216458054/OfertasEmpleo/1285662378714/Empleo;40.25992, -5.01777
TRABAJADORES SOCIALES;Ávila;2026-07-11;<p>SE NECESITA TRABAJADOR SOCIAL PARA RESIDENCIA DE MAYORES EN LA LOCALIDAD DE LA HIGUERA (AVILA) INTERESADOS ENVIAR CV AL CORREO seleccion@grupomimara.es</p><p>Para más información acuda a <a href='http://empleocastillayleon.jcyl.es/oficinavirtual/buscoEmpleoPub.do?srvc=ver&scope=reg&cod=389799'>Oficina Virtual</a></p>;;ECYL;1179297233166;Mombeltrán;40.25992;-5.01777;05;1285662379218;2026-07-13;https://empleo.jcyl.es/web/jcyl/Empleo/es/Plantilla100Detalle/1284216458054/OfertasEmpleo/1285662379218/Empleo;40.25992, -5.01777
ENFERMEROS DE CUIDADOS GENERALES;Ávila;2026-07-10;<p>SE NECESITA ENFERMER@ PARA RESIDENCIA DE MAYORES EN LA LOCALIDAD DE CANDELEDA (AVILA). INTERESADOS ENVIAR CV A direccion@residencialaspalmeras.com</p><p>Para más información acuda a <a href='http://empleocastillayleon.jcyl.es/oficinavirtual/buscoEmpleoPub.do?srvc=ver&scope=reg&cod=389754'>Oficina Virtual</a></p>;;ECYL;1179297190675;Arenas de San Pedro;40.2096926184;-5.09137409319;05;1285662076969;2026-07-10;https://empleo.jcyl.es/web/jcyl/Empleo/es/Plantilla100Detalle/1284216458054/OfertasEmpleo/1285662076969/Empleo;40.2096926184, -5.09137409319
CUIDADORES DE PERSONAS CON DISCAPACIDAD Y/O DEPENDENCIA, EN INSTITUCIONES;Ávila;2026-07-10;<p>SE NECESITA GEROCULTOR PARA RESIDENCIA DE MAYORES EN LA LOCALIDAD DE CANDELEDA (AVILA). INTERESADOS ENVIAR CV AL CORREO direccion@residencialaspalmeras.com</p><p>Para más información acuda a <a href='http://empleocastillayleon.jcyl.es/oficinavirtual/buscoEmpleoPub.do?srvc=ver&scope=reg&cod=389762'>Oficina Virtual</a></p>;;ECYL;1179297203732;Candeleda;40.155926;-5.243635;05;1285662075582;2026-07-10;https://empleo.jcyl.es/web/jcyl/Empleo/es/Plantilla100Detalle/1284216458054/OfertasEmpleo/1285662075582/Empleo;40.155926, -5.243635
AUXILIARES DE ENFERMERÍA DE GERIATRÍA;Zamora;2026-07-10;"<p>Oferta Núm. 15224 AUXILIAR DE GERIATRÍA para Zamora.
Los interesados/as deben enviar su CV a (ecyldoctorfleming.ofertas@jcyl.es) indicando en el asunto el Núm. de la oferta.
FUNCIONES: Atención directa a los usuarios, apoyo en las actividades básicas de la vida diaria, acompañamiento.
CONDICIONES: Contrato temporal. Jornada completa. Horario de 10 a 18. 
REQUISITOS: Titulación Técnico en Atención a personas en situación de dependencia o certificado de profesionalidad.</p><p>Para más información acuda a <a href='http://empleocastillayleon.jcyl.es/oficinavirtual/buscoEmpleoPub.do?srvc=ver&scope=reg&cod=390040'>Oficina Virtual</a></p>";;ECYL;1179469491795;Zamora;41.507324;-5.745313;49;1285662030438;2026-08-11;https://empleo.jcyl.es/web/jcyl/Empleo/es/Plantilla100Detalle/1284216458054/OfertasEmpleo/1285662030438/Empleo;41.507324, -5.745313
TERAPEUTAS OCUPACIONALES;Zamora;2026-07-09;"<p>la UT EL PUENTE DE SANABRIA necesita un TERAPEUTA OCUPACIONAL para la residencia de mayores del Puente de Sanabria, Zamora.
Se requiere Grado en Terapia Ocupacional.
Se ofrece contrato laboral temporal, en jornada parcial de lunes a viernes, salario según convenio mas pluses.
Las funciones son las propias de la TERAPIA OCUPACIONAL en un centro de personas dependientes (mayores).
Interesados/as enviar c/v a amara@grupomatellanes.com con copia a ecylpueblasa@jcyl.es</p><p>Para más información acuda a <a href='http://empleocastillayleon.jcyl.es/oficinavirtual/buscoEmpleoPub.do?srvc=ver&scope=reg&cod=389879'>Oficina Virtual</a></p>";;ECYL;1179469367844;Galende;42.10532;-6.6618075;49;1285661559786;2026-07-09;https://empleo.jcyl.es/web/jcyl/Empleo/es/Plantilla100Detalle/1284216458054/OfertasEmpleo/1285661559786/Empleo;42.10532, -6.6618075
ASISTENTES DOMICILIARIOS;León;2026-07-08;"<p>OFERTA 08/2026/AUXILIAR DE AYUDA A DOMICILIO ZONAS: CARBAJAL, SARIEGOS, LORENZANA, CUADROS
ATENCIÓN PERSONAL Y TAREAS DOMÉSTICAS. SE REQUIERE CARNET DE CONDUCIR
CONTRATO INDEFINIDO, JORNADA COMPLETA
INTERESADAS/OS PONERSE EN CONTACTO CON LA OFICINA DE EMPLEO SERNA.TF.987215200</p><p>Para más información acuda a <a href='http://empleocastillayleon.jcyl.es/oficinavirtual/buscoEmpleoPub.do?srvc=ver&scope=reg&cod=389845'>Oficina Virtual</a></p>";;ECYL;1179297828529;Cuadros;42.711884;-5.636376;24;1285661241095;2026-07-08;https://empleo.jcyl.es/web/jcyl/Empleo/es/Plantilla100Detalle/1284216458054/OfertasEmpleo/1285661241095/Empleo;42.711884, -5.636376
ASISTENTES DOMICILIARIOS;León;2026-07-08;"<p>Oferta 14975: Auxiliar de Ayuda a Domicilio para Boñar y alrededores.
Contrato indefinido a jornada parcial.
Interesados/as llamar a la Oficina de Empleo Serna al tlfno 987215200</p><p>Para más información acuda a <a href='http://empleocastillayleon.jcyl.es/oficinavirtual/buscoEmpleoPub.do?srvc=ver&scope=reg&cod=389791'>Oficina Virtual</a></p>";;ECYL;1179297781780;Boñar;42.866188;-5.323526;24;1285661179988;2026-07-08;https://empleo.jcyl.es/web/jcyl/Empleo/es/Plantilla100Detalle/1284216458054/OfertasEmpleo/1285661179988/Empleo;42.866188, -5.323526
Ofertas de empleo en la prensa regional;Otra;2026-07-08;"<p>Para poder consultar las ofertas publicadas en los principales periódicos regionales y provinciales de Castilla y León, clasificadas por provincia y día.</p>
<p style='text-align: justify;'>El Servicio Público de Empleo de Castilla y León no tiene ninguna vinculación con las empresas titulares de las ofertas difundidas, por lo que no se hace responsable de la veracidad del contenido y características de las mismas.</p><p><strong>Información obtenida de: </strong>Internet/Prensa. <a href='https://empleo.jcyl.es' target='_blank'>https://empleo.jcyl.es</a></p><p><strong>Enlaces relacionados:</strong><ul><li><a href='https://empleo.jcyl.es/web/es/busco-empleo/buscador-ofertas-empleo.html' target='_blank'>Más información</a></li></ul></p><p>Información procedente de: <a href='https://servicios3.jcyl.es/enbo/siau/webapp/boletinEmpleoCyL/boletin/UDkrWGlLM01QMTJZWUVzbk03dXZIcm1CTCt4R2lPTXV5MDBGMFAyV3NHTT0%3D/EMPLEO-INTERNET-PRENSA/146421' target='_blank'><strong>Boletín de Empleo de Castilla y León (Ecyl)</strong>.</a></p>";Castilla y León;Internet / Prensa;;;;;;1285661277770;2026-07-08;https://empleo.jcyl.es/web/jcyl/Empleo/es/Plantilla100Detalle/1284216458054/OfertasEmpleo/1285661277770/Empleo;
FISIOTERAPEUTAS, EN GENERAL;Zamora;2026-07-08;"<p>Oferta Núm. 252 FISIOTERAPEUTA para Residencia en Almaraz de Duero (Zamora).
Los interesados/as deben enviar su CV a (ecyldoctorfleming.ofertas@jcyl.es) indicando en el asunto el Núm. de la oferta.
FUNCIONES: Las propias del puesto en un Centro de Mayores.
CONDICIONES: Contrato temporal, posibilidad de fijo. Jornada parcial de mañana. Salario S/C.
REQUISITOS: Diplomatura o Grado en Fisioterapia.</p><p>Para más información acuda a <a href='http://empleocastillayleon.jcyl.es/oficinavirtual/buscoEmpleoPub.do?srvc=ver&scope=reg&cod=375068'>Oficina Virtual</a></p>";;ECYL;1179469332884;Almaraz de Duero;41.475048;-5.916932;49;1285661108005;2026-07-08;https://empleo.jcyl.es/web/jcyl/Empleo/es/Plantilla100Detalle/1284216458054/OfertasEmpleo/1285661108005/Empleo;41.475048, -5.916932
MÉDICOS, MEDICINA GENERAL;Burgos;2026-07-06;"<p>PUESTO SOLICITADO: Médico/a
LOCALIDAD: Lerma (Burgos)
REQUISITOS: Titulación Correspondiente
SE OFRECE: Contrato laboral indefinido
Jornada Parcial</p><p>Para más información acuda a <a href='http://empleocastillayleon.jcyl.es/oficinavirtual/buscoEmpleoPub.do?srvc=ver&scope=reg&cod=389652'>Oficina Virtual</a></p>";;ECYL;1182753783538;Lerma;42.026592;-3.7567337;09;1285660587826;2026-07-06;https://empleo.jcyl.es/web/jcyl/Empleo/es/Plantilla100Detalle/1284216458054/OfertasEmpleo/1285660587826/Empleo;42.026592, -3.7567337
TERAPEUTAS OCUPACIONALES;León;2026-07-06;<p>Para más información acuda a <a href='http://empleocastillayleon.jcyl.es/oficinavirtual/buscoEmpleoPub.do?srvc=ver&scope=reg&cod=389595'>Oficina Virtual</a></p>;;ECYL;1179298039540;Villaornate Y Castro;42.191906;-5.530234;24;1285660489750;2026-07-06;https://empleo.jcyl.es/web/jcyl/Empleo/es/Plantilla100Detalle/1284216458054/OfertasEmpleo/1285660489750/Empleo;42.191906, -5.530234
TERAPEUTAS OCUPACIONALES;León;2026-07-06;<p>Para más información acuda a <a href='http://empleocastillayleon.jcyl.es/oficinavirtual/buscoEmpleoPub.do?srvc=ver&scope=reg&cod=377305'>Oficina Virtual</a></p>;;ECYL;1179298006426;Villablino;42.94157;-6.327653;24;1285660450130;2026-07-06;https://empleo.jcyl.es/web/jcyl/Empleo/es/Plantilla100Detalle/1284216458054/OfertasEmpleo/1285660450130/Empleo;42.94157, -6.327653
FISIOTERAPEUTAS, EN GENERAL;León;2026-07-06;<p>Para más información acuda a <a href='http://empleocastillayleon.jcyl.es/oficinavirtual/buscoEmpleoPub.do?srvc=ver&scope=reg&cod=377308'>Oficina Virtual</a></p>;;ECYL;1179298006426;Villablino;42.94157;-6.327653;24;1285660450102;2026-07-06;https://empleo.jcyl.es/web/jcyl/Empleo/es/Plantilla100Detalle/1284216458054/OfertasEmpleo/1285660450102/Empleo;42.94157, -6.327653
ENFERMEROS DE CUIDADOS GENERALES;León;2026-07-06;<p>Para más información acuda a <a href='http://empleocastillayleon.jcyl.es/oficinavirtual/buscoEmpleoPub.do?srvc=ver&scope=reg&cod=377302'>Oficina Virtual</a></p>;;ECYL;1179298006426;Villablino;42.94157;-6.327653;24;1285660450018;2026-07-06;https://empleo.jcyl.es/web/jcyl/Empleo/es/Plantilla100Detalle/1284216458054/OfertasEmpleo/1285660450018/Empleo;42.94157, -6.327653
ASISTENTES DOMICILIARIOS;Zamora;2026-07-06;"<p>Oferta Núm. 14798 ASISTENTE PERSONAL/AUXILIAR DE AYUDA A DOMICILIO para San Juan del Rebollar (Zamora).
Los interesados/as deben enviar su CV a (ecyldoctorfleming.ofertas@jcyl.es) indicando en el asunto el Núm. de la oferta.
FUNCIONES: Apoyo en la gestión y funcionamiento de la unidad convivencial.
CONDICIONES: Contrato indefinido. Jornada de 27 horas semanales.
REQUISITOS: Valorable titulación relacionada o Certificado de profesionalidad de atención sociosanitaria a personas dependientes en su domicilio.</p><p>Para más información acuda a <a href='http://empleocastillayleon.jcyl.es/oficinavirtual/buscoEmpleoPub.do?srvc=ver&scope=reg&cod=389614'>Oficina Virtual</a></p>";;ECYL;1179469470473;San Vitero;41.776035;-6.346957;49;1285660489054;2026-08-28;https://empleo.jcyl.es/web/jcyl/Empleo/es/Plantilla100Detalle/1284216458054/OfertasEmpleo/1285660489054/Empleo;41.776035, -6.346957
INSTALADORES ELECTRICISTAS, EN GENERAL;Zamora;2026-07-06;"<p>Oferta Núm. 11506 INSTALADOR ELECTRICISTA DE PLANTA FOTOVOLTAICA para Pozuelo de Tábara (Zamora).
Los interesados/as deben enviar su CV a (ecyldoctorfleming.ofertas@jcyl.es) indicando en el asunto el Núm. de la oferta.
FUNCIONES: Trabajor eléctricos de baja tensión en planta fotovoltaica, montaje y conexionado de instalaciones solares
CONDICIONES: Contrato temporal a jornada completa. Salario de 1600 euros.
REQUISITOS: Permiso de conducir y disponibilidad de vehículo. Curso PRL 20 horas especialidad electricidad (imprescindible). Valorable disponer de formación PRL de 60 horas.</p><p>Para más información acuda a <a href='http://empleocastillayleon.jcyl.es/oficinavirtual/buscoEmpleoPub.do?srvc=ver&scope=reg&cod=386322'>Oficina Virtual</a></p>";;ECYL;1179469418130;Pozuelo de Tábara;41.784958;-5.893181;49;1285660449822;2026-07-06;https://empleo.jcyl.es/web/jcyl/Empleo/es/Plantilla100Detalle/1284216458054/OfertasEmpleo/1285660449822/Empleo;41.784958, -5.893181
ENCARGADOS DE OBRA CIVIL, EN GENERAL;Zamora;2026-07-06;"<p>Oferta Núm. 14793 ENCARGADO/A-JEFE/A DE OBRA para empresa de Zamora.
Los interesados/as deben enviar su CV a (ecyldoctorfleming.ofertas@jcyl.es) indicando en el asunto el Núm. de la oferta.
FUNCIONES: Jefatura de obra, certificaciones, presupuestos, ofertas.
CONDICIONES: Contrato indefinido a jornada completa. 
REQUISITOS: Ingeniería ó Grado en Obras Públicas</p><p>Para más información acuda a <a href='http://empleocastillayleon.jcyl.es/oficinavirtual/buscoEmpleoPub.do?srvc=ver&scope=reg&cod=389609'>Oficina Virtual</a></p>";;ECYL;1179469491795;Zamora;41.507324;-5.745313;49;1285660488718;2026-07-06;https://empleo.jcyl.es/web/jcyl/Empleo/es/Plantilla100Detalle/1284216458054/OfertasEmpleo/1285660488718/Empleo;41.507324, -5.745313
MÉDICOS, MEDICINA GENERAL;Zamora;2026-07-06;"<p>Oferta Núm. 219 MÉDICO para Zamora.
Los interesados/as deben enviar su CV a (ecyldoctorfleming.ofertas@jcyl.es) indicando en el asunto el Núm. de la oferta.
FUNCIONES: Medicina General y Geriatría en Centro de Día.
CONDICIONES: Contrato indefinido, jornada parcial (una hora diaria), flexibilidad horaria.
REQUISITOS: Licenciatura o Grado en Medicina.</p><p>Para más información acuda a <a href='http://empleocastillayleon.jcyl.es/oficinavirtual/buscoEmpleoPub.do?srvc=ver&scope=reg&cod=375035'>Oficina Virtual</a></p>";;ECYL;1179469491795;Zamora;41.507324;-5.745313;49;1285660449962;2026-07-06;https://empleo.jcyl.es/web/jcyl/Empleo/es/Plantilla100Detalle/1284216458054/OfertasEmpleo/1285660449962/Empleo;41.507324, -5.745313
LIMPIADORES EN INSTITUCIONES SANITARIAS;León;2026-07-03;<p>Para más información acuda a <a href='http://empleocastillayleon.jcyl.es/oficinavirtual/buscoEmpleoPub.do?srvc=ver&scope=reg&cod=389522'>Oficina Virtual</a></p>;;ECYL;1179297967519;Valdefresno;42.594204;-5.493184;24;1285659912595;2026-07-03;https://empleo.jcyl.es/web/jcyl/Empleo/es/Plantilla100Detalle/1284216458054/OfertasEmpleo/1285659912595/Empleo;42.594204, -5.493184
FISIOTERAPEUTAS, EN GENERAL;León;2026-07-03;<p>Para más información acuda a <a href='http://empleocastillayleon.jcyl.es/oficinavirtual/buscoEmpleoPub.do?srvc=ver&scope=reg&cod=389519'>Oficina Virtual</a></p>;;ECYL;1179297967519;Valdefresno;42.594204;-5.493184;24;1285659912626;2026-07-03;https://empleo.jcyl.es/web/jcyl/Empleo/es/Plantilla100Detalle/1284216458054/OfertasEmpleo/1285659912626/Empleo;42.594204, -5.493184
ASISTENTES DOMICILIARIOS;León;2026-07-03;"<p>Oferta 14651 de auxiliar de ayuda a domicilio para Vilecha, Cembranos, Grulleros y alrededores
Contrato temporal con posibilidad de indefinido
Se requiere carnet de conducir
Interesadas/os ponerse en contacto con la oficina de empleo Serna.Tf.987215200</p><p>Para más información acuda a <a href='http://empleocastillayleon.jcyl.es/oficinavirtual/buscoEmpleoPub.do?srvc=ver&scope=reg&cod=389467'>Oficina Virtual</a></p>";;ECYL;1179297876426;Onzonilla;42.524754;-5.580901;24;1285660030053;2026-07-03;https://empleo.jcyl.es/web/jcyl/Empleo/es/Plantilla100Detalle/1284216458054/OfertasEmpleo/1285660030053/Empleo;42.524754, -5.580901
FISIOTERAPEUTAS, EN GENERAL;Zamora;2026-07-03;"<p>Oferta N. 1838 de FISIOTERAPEUTA para Pozoantiguo (Zamora)
Los interesados/as deben enviar su CV a (ecyltoro@jcyl.es), indicando en el asunto el N. de la oferta.
FUNCIONES: Cuidados de ancianos en residencia familiar
CONDICIONES: Contrato indefinido a jornada parcial de 5 horas a la semana.
REQUISITOS: Grado en Fisioterapia.</p><p>Para más información acuda a <a href='http://empleocastillayleon.jcyl.es/oficinavirtual/buscoEmpleoPub.do?srvc=ver&scope=reg&cod=376654'>Oficina Virtual</a></p>";;ECYL;1179469417902;Pozoantiguo;41.596413;-5.433467;49;1285659957727;2026-09-15;https://empleo.jcyl.es/web/jcyl/Empleo/es/Plantilla100Detalle/1284216458054/OfertasEmpleo/1285659957727/Empleo;41.596413, -5.433467
MÉDICOS, MEDICINA GENERAL;Zamora;2026-07-03;"<p>Oferta N. 6675 de MEDICO para Fuentesauco ( Zamora)
Los interesados/as deben enviar su CV a (ecyltoro@jcyl.es), indicando en el asunto el N. de la oferta.
FUNCIONES: Las propias del puesto de Médico
CONDICIONES: Contrato indefinido a jornada parcial.
REQUISITOS: Licenciatura o Grado en Medicina.</p><p>Para más información acuda a <a href='http://empleocastillayleon.jcyl.es/oficinavirtual/buscoEmpleoPub.do?srvc=ver&scope=reg&cod=381491'>Oficina Virtual</a></p>";;ECYL;1179469366921;Fuentesaúco;41.23182;-5.494259;49;1285659912814;2026-09-15;https://empleo.jcyl.es/web/jcyl/Empleo/es/Plantilla100Detalle/1284216458054/OfertasEmpleo/1285659912814/Empleo;41.23182, -5.494259
CUIDADORES DE PERSONAS CON DISCAPACIDAD Y/O DEPENDENCIA, EN INSTITUCIONES;Zamora;2026-07-03;"<p>Oferta N. 6666 de GEROCULTOR/A para Fuentesauco ( Zamora)
Los interesados/as deben enviar su CV a (ecyltoro@jcyl.es), indicando en el asunto el N. de la oferta.
FUNCIONES: Las propias del puesto de Gerocultor. 
CONDICIONES: Contrato de 8 meses a jornada completa.
REQUISITOS: Certificado de profesionalidad en atención sociosanitaria a personas dependientes en instituciones sociales.</p><p>Para más información acuda a <a href='http://empleocastillayleon.jcyl.es/oficinavirtual/buscoEmpleoPub.do?srvc=ver&scope=reg&cod=381482'>Oficina Virtual</a></p>";;ECYL;1179469366921;Fuentesaúco;41.23182;-5.494259;49;1285659912842;2026-09-15;https://empleo.jcyl.es/web/jcyl/Empleo/es/Plantilla100Detalle/1284216458054/OfertasEmpleo/1285659912842/Empleo;41.23182, -5.494259
TERAPEUTAS OCUPACIONALES;Zamora;2026-07-03;"<p>Oferta N. 1840 de TERAPEUTA OCUPACIONAL para Pozoantiguo (Zamora)
Los interesados/as deben enviar su CV a (ecyltoro@jcyl.es), indicando en el asunto el N. de la oferta.
FUNCIONES: Mejora calidad vida de personas mayores.
CONDICIONES: Contrato indefinido a jornada parcial de 5 horas a la semana.
REQUISITOS: Grado en Terapia Ocupacional.</p><p>Para más información acuda a <a href='http://empleocastillayleon.jcyl.es/oficinavirtual/buscoEmpleoPub.do?srvc=ver&scope=reg&cod=376656'>Oficina Virtual</a></p>";;ECYL;1179469417902;Pozoantiguo;41.596413;-5.433467;49;1285659957783;2026-09-15;https://empleo.jcyl.es/web/jcyl/Empleo/es/Plantilla100Detalle/1284216458054/OfertasEmpleo/1285659957783/Empleo;41.596413, -5.433467
MÉDICOS, MEDICINA GENERAL;Zamora;2026-07-03;"<p>Oferta N. 1835 de MEDICO para Pozoantiguo (Zamora)
Los interesados/as deben enviar su CV a (ecyltoro@jcyl.es), indicando en el asunto el N. de la oferta.
FUNCIONES: Atención de ancianos en residencia familiar
CONDICIONES: Contrato indefinido a jornada parcial de 7 horas a la semana.
REQUISITOS: Licenciado/Grado en Medicina.</p><p>Para más información acuda a <a href='http://empleocastillayleon.jcyl.es/oficinavirtual/buscoEmpleoPub.do?srvc=ver&scope=reg&cod=376651'>Oficina Virtual</a></p>";;ECYL;1179469417902;Pozoantiguo;41.596413;-5.433467;49;1285659957812;2026-09-15;https://empleo.jcyl.es/web/jcyl/Empleo/es/Plantilla100Detalle/1284216458054/OfertasEmpleo/1285659957812/Empleo;41.596413, -5.433467
ENFERMEROS DE CUIDADOS GENERALES;Zamora;2026-07-03;"<p>Oferta N. 1837 de ENFERMERO/A para Pozoantiguo (Zamora)
Los interesados/as deben enviar su CV a (ecyltoro@jcyl.es), indicando en el asunto el N. de la oferta.
FUNCIONES: Cuidados de ancianos en residencia familiar
CONDICIONES: Contrato indefinido a jornada parcial de 14 horas a la semana.
REQUISITOS: Licenciado/Grado en Enfermería.</p><p>Para más información acuda a <a href='http://empleocastillayleon.jcyl.es/oficinavirtual/buscoEmpleoPub.do?srvc=ver&scope=reg&cod=376653'>Oficina Virtual</a></p>";;ECYL;1179469417902;Pozoantiguo;41.596413;-5.433467;49;1285659957755;2026-09-15;https://empleo.jcyl.es/web/jcyl/Empleo/es/Plantilla100Detalle/1284216458054/OfertasEmpleo/1285659957755/Empleo;41.596413, -5.433467
MÉDICOS, MEDICINA GENERAL;Burgos;2026-07-02;<p>Para más información acuda a <a href='http://empleocastillayleon.jcyl.es/oficinavirtual/buscoEmpleoPub.do?srvc=ver&scope=reg&cod=389391'>Oficina Virtual</a></p>;;ECYL;1179297429124;Aranda de Duero;41.67027;-3.68877;09;1285659294569;2026-07-24;https://empleo.jcyl.es/web/jcyl/Empleo/es/Plantilla100Detalle/1284216458054/OfertasEmpleo/1285659294569/Empleo;41.67027, -3.68877
ENFERMEROS DE CUIDADOS GENERALES;León;2026-07-02;"<p>Oferta 14656 de Enfermera/o para residencia de mayores en Lorenzana.
Contrato indefinido, jornada parcial de 20 horas semanales
Interesadas7os ponerse en contacto con la oficina de empleo Serna.Tf.987215200</p><p>Para más información acuda a <a href='http://empleocastillayleon.jcyl.es/oficinavirtual/buscoEmpleoPub.do?srvc=ver&scope=reg&cod=389472'>Oficina Virtual</a></p>";;ECYL;1179297828529;Cuadros;42.711884;-5.636376;24;1285659482972;2026-07-02;https://empleo.jcyl.es/web/jcyl/Empleo/es/Plantilla100Detalle/1284216458054/OfertasEmpleo/1285659482972/Empleo;42.711884, -5.636376
TERAPEUTAS OCUPACIONALES;León;2026-07-02;<p>Para más información acuda a <a href='http://empleocastillayleon.jcyl.es/oficinavirtual/buscoEmpleoPub.do?srvc=ver&scope=reg&cod=389141'>Oficina Virtual</a></p>;;ECYL;1179297865414;Mansilla de las Mulas;42.4989227004;-5.41787795395;24;1285659294625;2026-07-02;https://empleo.jcyl.es/web/jcyl/Empleo/es/Plantilla100Detalle/1284216458054/OfertasEmpleo/1285659294625/Empleo;42.4989227004, -5.41787795395
ENFERMEROS DE CUIDADOS GENERALES;León;2026-07-01;<p>Para más información acuda a <a href='http://empleocastillayleon.jcyl.es/oficinavirtual/buscoEmpleoPub.do?srvc=ver&scope=reg&cod=389239'>Oficina Virtual</a></p>;;ECYL;1179297985730;Valverde de la Virgen;42.57029;-5.679403;24;1285658994495;2026-07-01;https://empleo.jcyl.es/web/jcyl/Empleo/es/Plantilla100Detalle/1284216458054/OfertasEmpleo/1285658994495/Empleo;42.57029, -5.679403
TERAPEUTAS OCUPACIONALES;León;2026-07-01;<p>Para más información acuda a <a href='http://empleocastillayleon.jcyl.es/oficinavirtual/buscoEmpleoPub.do?srvc=ver&scope=reg&cod=376967'>Oficina Virtual</a></p>;;ECYL;1179298006426;Villablino;42.94157;-6.327653;24;1285658958545;2026-07-01;https://empleo.jcyl.es/web/jcyl/Empleo/es/Plantilla100Detalle/1284216458054/OfertasEmpleo/1285658958545/Empleo;42.94157, -6.327653
TERAPEUTAS OCUPACIONALES;León;2026-07-01;<p>Para más información acuda a <a href='http://empleocastillayleon.jcyl.es/oficinavirtual/buscoEmpleoPub.do?srvc=ver&scope=reg&cod=389312'>Oficina Virtual</a></p>;;ECYL;1179297828529;Cuadros;42.711884;-5.636376;24;1285658958452;2026-07-01;https://empleo.jcyl.es/web/jcyl/Empleo/es/Plantilla100Detalle/1284216458054/OfertasEmpleo/1285658958452/Empleo;42.711884, -5.636376
CUIDADORES DE PERSONAS CON DISCAPACIDAD Y/O DEPENDENCIA, EN INSTITUCIONES;León;2026-07-01;<p>Para más información acuda a <a href='http://empleocastillayleon.jcyl.es/oficinavirtual/buscoEmpleoPub.do?srvc=ver&scope=reg&cod=389225'>Oficina Virtual</a></p>;;ECYL;1179297985730;Valverde de la Virgen;42.57029;-5.679403;24;1285658958517;2026-07-01;https://empleo.jcyl.es/web/jcyl/Empleo/es/Plantilla100Detalle/1284216458054/OfertasEmpleo/1285658958517/Empleo;42.57029, -5.679403
Enfermeros para residencias y hospitales (Bélgica);Otra;2026-07-01;"<p>Las vacantes pertenecen a centros situados en:</p>
<ul>
<li style='text-align: justify;'>Residencias sociosanitarias en Región de Amberes, Área RoeselareIzegem y Zona costera cercana a De Haan</li>
<li style='text-align: justify;'>Hospitales (Knokke-Heist): Unidades de geriatría, gastroenterología, quirófano y Unidades especializadas: ThoraxNeuro y Centro Abdominal</li>
</ul>
<p><strong>Requisitos generales</strong></p>
<ul>
<li style='text-align: justify;'>Titulación en Enfermería, susceptible de reconocimiento en Bélgica.</li>
<li style='text-align: justify;'>Nacionalidad de la Unión Europea.</li>
<li style='text-align: justify;'>Compromiso para aprender neerlandés antes y después del inicio del contrato laboral, con el fin de alcanzar el nivel requerido y superar los exámenes necesarios para el reconocimiento profesional.</li>
<li style='text-align: justify;'>Capacidad de adaptación a un entorno sanitario internacional.</li>
</ul>
<p><strong>Cómo inscribirse</strong></p>
<ul>
<li>Prepara tu CV en español o inglés y ten disponible tu título de Enfermería.</li>
<li>Envía tu candidatura a:<a href='mailto:julia@teamtalent.be'> julia@teamtalent.be</a> con copia a <a href='mailto:eures.franciasuizabenelux@sepe.es'>eures.franciasuizabenelux@sepe.es</a></li>
</ul><p><strong>Información obtenida de: </strong>EURES. <a href='http://www.sepe.es/redEURES' target='_blank'>http://www.sepe.es/redEURES</a></p><p><strong>Enlaces relacionados:</strong><ul><li><a href='https://servicios3.jcyl.es/enbo/siau/contenido/alJvZnlERzIyOVc2VFp0dDVzbE5PdmZ3VDhjeDBXMUFGQ09rSjFCY1ZBZz0%3D' target='_blank'>Enfermeros para residencias y hospitales</a></li><li><a href='https://www.sepe.es/HomeSepe/encontrar-trabajo/empleo-europa/Ofertas-empleo-destacadas-informacion-paises/empleo-belgica.html' target='_blank'>Ofertas en Bélgica</a></li></ul></p><p>Información procedente de: <a href='https://servicios3.jcyl.es/enbo/siau/webapp/boletinEmpleoCyL/boletin/SmYrb1huZ0JmMGJYOVBIYjdRYk11M1dVOHpXR2lObXVqanY3RWpuN3lQUT0%3D/EMPLEO-EURES/146153' target='_blank'><strong>Boletín de Empleo de Castilla y León (Ecyl)</strong>.</a></p>";Europa;Red EURES;;;;;;1285659082151;2026-07-01;https://empleo.jcyl.es/web/jcyl/Empleo/es/Plantilla100Detalle/1284216458054/OfertasEmpleo/1285659082151/Empleo;
Soldador/a para Herrera de Pisuerga (Palencia);Palencia;2026-07-01;"<p>Empresa ubicada en Herrera de Pisuerga (Palencia) necesita incorporar una <strong>SOLDADOR/A.</strong></p>
<p><strong>Funciones:</strong></p>
<ul>
<li>Soldadura de tubería en parques y jardines.</li>
</ul>
<p><strong>Se ofrece:</strong></p>
<ul>
<li>Contrato indefinido.</li>
<li>Jornada completa.</li>
<li>Horario (de lunes a viernes): de 08:00 a 14:00 h y de 15:30 a 17:30 h.</li>
<li>Salario según convenio.</li>
</ul>
<p><strong>Para solicitar:</strong></p>
<ul>
<li>Contactar con la Oficina de Empleo de Aguilar de Campoo en el teléfono 979122176 o en el mail evamaria.garciaaguilar@jcyl.es. Referencia 08-2026-14187.</li>
<li>Vincularse a la oferta a través de la Oficina Virtual de empleo en el enlace adjunto.</li>
</ul><p><strong>Información obtenida de: </strong>ECYL. O.E. Aguilar de Campoo</p><p><strong>Enlaces relacionados:</strong><ul><li><a href='https://empleocastillayleon.jcyl.es/oficinavirtual/buscoEmpleoPub.do?srvc=ver&scope=reg&cod=389003' target='_blank'>Más información e inscripción a la oferta en la oficina virtual</a></li></ul></p><p>Información procedente de: <a href='https://servicios3.jcyl.es/enbo/siau/webapp/boletinEmpleoCyL/boletin/SmYrb1huZ0JmMGJYOVBIYjdRYk11M1dVOHpXR2lObXVqanY3RWpuN3lQUT0%3D/EMPLEO-ECYL/146292' target='_blank'><strong>Boletín de Empleo de Castilla y León (Ecyl)</strong>.</a></p>";;ECYL;1179298086424;Herrera de Pisuerga;42.595364;-4.3321114;34;1285659081872;2026-07-01;https://empleo.jcyl.es/web/jcyl/Empleo/es/Plantilla100Detalle/1284216458054/OfertasEmpleo/1285659081872/Empleo;42.595364, -4.3321114
TERAPEUTAS OCUPACIONALES;Zamora;2026-07-01;"<p>Oferta Núm 69 de TERAPEUTA OCUPACIONAL para residencia de Zamora.
Los interesados/as deben enviar su CV a (ecyldoctorfleming.ofertas@jcyl.es) indicando en el asunto el Núm. de la oferta.
FUNCIONES: Las propias de la profesión.
CONDICIONES: Laboral indefinido a jornada parcial de 5 horas semanales. 
REQUISITOS: Titulación en Terapia Ocupacional.</p><p>Para más información acuda a <a href='http://empleocastillayleon.jcyl.es/oficinavirtual/buscoEmpleoPub.do?srvc=ver&scope=reg&cod=374885'>Oficina Virtual</a></p>";;ECYL;1179469491795;Zamora;41.507324;-5.745313;49;1285658958809;2026-07-30;https://empleo.jcyl.es/web/jcyl/Empleo/es/Plantilla100Detalle/1284216458054/OfertasEmpleo/1285658958809/Empleo;41.507324, -5.745313
ALBAÑILES;Zamora;2026-07-01;"<p>Oferta Núm 158 de DOS OFICIALES DE LA CONSTRUCCIÓN para BERMILLO DE SAYAGO (Zamora).
Los interesados/as deben enviar su CV a (ecyldoctorfleming.ofertas@jcyl.es) indicando en el asunto el Núm. de la oferta.
FUNCIONES: Pavimentaciones y reparación de caminos.
CONDICIONES: Contrato indefinido a jornada completa.
REQUISITOS: Permiso de conducir.</p><p>Para más información acuda a <a href='http://empleocastillayleon.jcyl.es/oficinavirtual/buscoEmpleoPub.do?srvc=ver&scope=reg&cod=374974'>Oficina Virtual</a></p>";;ECYL;1179469339571;Bermillo de Sayago;41.36622;-6.109632;49;1285658958752;2026-08-28;https://empleo.jcyl.es/web/jcyl/Empleo/es/Plantilla100Detalle/1284216458054/OfertasEmpleo/1285658958752/Empleo;41.36622, -6.109632
ASISTENTES DOMICILIARIOS;Zamora;2026-07-01;"<p>Oferta Núm 14512 de ASISTENTE PERSONAL para CARBAJALES DE ALBA (Zamora).
Los interesados/as deben enviar su CV a (ecyldoctorfleming.ofertas@jcyl.es) indicando en el asunto el Núm. de la oferta.
FUNCIONES: Acompañamiento, apoyo en higiene, elaboración de comidas, limpieza y organización en el domicilio de personas dependientes.
CONDICIONES: Contrato indefinido a jornada parcial de 25 h. semanales 
REQUISITOS: Permiso de conducir y vehículo. Valorable titulación o Certificado Profesionalidad.</p><p>Para más información acuda a <a href='http://empleocastillayleon.jcyl.es/oficinavirtual/buscoEmpleoPub.do?srvc=ver&scope=reg&cod=389328'>Oficina Virtual</a></p>";;ECYL;1179469348512;Carbajales de Alba;41.652912;-5.9978004;49;1285658994748;2026-07-30;https://empleo.jcyl.es/web/jcyl/Empleo/es/Plantilla100Detalle/1284216458054/OfertasEmpleo/1285658994748/Empleo;41.652912, -5.9978004
CUIDADORES DE PERSONAS CON DISCAPACIDAD Y/O DEPENDENCIA, EN INSTITUCIONES;Burgos;2026-06-30;<p>Para más información acuda a <a href='http://empleocastillayleon.jcyl.es/oficinavirtual/buscoEmpleoPub.do?srvc=ver&scope=reg&cod=389115'>Oficina Virtual</a></p>;;ECYL;1179297583348;Pradoluengo;42.337955;-3.7143383;09;1285658342301;2026-06-30;https://empleo.jcyl.es/web/jcyl/Empleo/es/Plantilla100Detalle/1284216458054/OfertasEmpleo/1285658342301/Empleo;42.337955, -3.7143383
FISIOTERAPEUTAS, EN GENERAL;Burgos;2026-06-30;"<p>PUESTO SOLICITADO: Fisioterapeuta
LOCALIDAD: Burgos.
SE OFRECE:
. 12 h./semana (horario a convenir)
. contrato indefinido</p><p>Para más información acuda a <a href='http://empleocastillayleon.jcyl.es/oficinavirtual/buscoEmpleoPub.do?srvc=ver&scope=reg&cod=385611'>Oficina Virtual</a></p>";;ECYL;1179297447246;Burgos;42.3408235575;-3.70205869083;09;1285658677058;2026-08-18;https://empleo.jcyl.es/web/jcyl/Empleo/es/Plantilla100Detalle/1284216458054/OfertasEmpleo/1285658677058/Empleo;42.3408235575, -3.70205869083
TÉCNICOS DE MANTENIMIENTO DE EQUIPOS ELECTROMECÁNICOS;León;2026-06-30;"<p>Oferta nº 14341
Funciones propias de su categoría. Contrato temporal a jornada completa. Horario de 08:00 a 15:00 horas.
Requisitos: grado medio en Instalaciones eléctricas ó Mantenimiento electromecánico.
INTERESADOS CONTACTAR O.E. PONFERRADA tfno. 987410859 ? EXT.2</p><p>Para más información acuda a <a href='http://empleocastillayleon.jcyl.es/oficinavirtual/buscoEmpleoPub.do?srvc=ver&scope=reg&cod=389157'>Oficina Virtual</a></p>";;ECYL;1179297888504;Ponferrada;42.549995;-6.598259;24;1285658342400;2026-06-30;https://empleo.jcyl.es/web/jcyl/Empleo/es/Plantilla100Detalle/1284216458054/OfertasEmpleo/1285658342400/Empleo;42.549995, -6.598259
DIRECTORES DE SERVICIOS SOCIALES PARA PERSONAS MAYORES;Burgos;2026-06-28;<p>OFERTA DE EMPLEO DE DIRECTOR DE RESIDENCIA DE ANCIANOS EN ESPINOSA DE LOS MONTEROS (CONTRATO LABORAL INDEFINIDO A JORNADA COMPLETA). REQUISITOS: EXPERIENCIA EN PUESTOS SIMILARES DE 5 AÑOS. TITULACION UNIVERSITARIA. FORMACION COMPLEMENTARIA EN DEPENDENCIA (DISCAPACIDAD, GERIATRIA, GERONTOLOGIA, DIRECCION DE CENTROS RESIDENCIALES U OTRAS AREAS RELACIONADAS CON EL AMBITO DE ATENCION A LA DEPENDENCIA). INTERESADOS PUEDEN INCORPORARSE A LA OFERTA O PONERSE EN CONTACTO CON LA OFICINA DE EMPLEO DE VILLARCAYO EN EL CORREO ecylvillarcayo@jcyl.es (OFERTA 08/2026/14100)</p><p>Para más información acuda a <a href='http://empleocastillayleon.jcyl.es/oficinavirtual/buscoEmpleoPub.do?srvc=ver&scope=reg&cod=388916'>Oficina Virtual</a></p>;;ECYL;1182753755452;Espinosa de los Monteros;43.076225;-3.551615;09;1285657901807;2026-06-29;https://empleo.jcyl.es/web/jcyl/Empleo/es/Plantilla100Detalle/1284216458054/OfertasEmpleo/1285657901807/Empleo;43.076225, -3.551615
TERAPEUTAS OCUPACIONALES;Burgos;2026-06-26;<p>Terapeuta ocupacional en Roa (Burgos). Se ofrece contrato indefinido + jornada completa</p><p>Para más información acuda a <a href='http://empleocastillayleon.jcyl.es/oficinavirtual/buscoEmpleoPub.do?srvc=ver&scope=reg&cod=389068'>Oficina Virtual</a></p>;;ECYL;1179297610830;Roa;41.69703424;-3.92804691116;09;1285656851421;2026-07-24;https://empleo.jcyl.es/web/jcyl/Empleo/es/Plantilla100Detalle/1284216458054/OfertasEmpleo/1285656851421/Empleo;41.69703424, -3.92804691116
FISIOTERAPEUTAS, EN GENERAL;León;2026-06-26;<p>OFERTA 13933: Se precisa Fisoterapeuta para residencia de ancianos en León ciudad. Se ofrece contrato indefinido a jornada completa. Interesados contactar con oficina de empleo León Centro. C/ Ramón y Cajal 14, tfno. 987 24 95 30.</p><p>Para más información acuda a <a href='http://empleocastillayleon.jcyl.es/oficinavirtual/buscoEmpleoPub.do?srvc=ver&scope=reg&cod=388749'>Oficina Virtual</a></p>;;ECYL;1179297860755;León;42.59873;-5.5670958;24;1285656986473;2026-06-26;https://empleo.jcyl.es/web/jcyl/Empleo/es/Plantilla100Detalle/1284216458054/OfertasEmpleo/1285656986473/Empleo;42.59873, -5.5670958
AUXILIARES DE ENFERMERÍA DE GERIATRÍA;León;2026-06-26;<p>OFERTA 14228. Gerocultor/a para residencia de ancianos en León. Contrato indefinido, jornada completa, turnos rotativos de mañana y tarde. Se requiere titulación de auxiliar de enfermeria o certificado de profesionalidad para la atención a personas dependientes en instituciones sociales. Interesados contactar con oficina de empleo León Centro. C/ Ramón y Cajal 14, tfno. 987 24 95 30.</p><p>Para más información acuda a <a href='http://empleocastillayleon.jcyl.es/oficinavirtual/buscoEmpleoPub.do?srvc=ver&scope=reg&cod=389044'>Oficina Virtual</a></p>;;ECYL;1179297860755;León;42.59873;-5.5670958;24;1285656851320;2026-06-26;https://empleo.jcyl.es/web/jcyl/Empleo/es/Plantilla100Detalle/1284216458054/OfertasEmpleo/1285656851320/Empleo;42.59873, -5.5670958
PERSONAL DE LIMPIEZA O LIMPIADORES EN GENERAL;León;2026-06-26;<p>Para más información acuda a <a href='http://empleocastillayleon.jcyl.es/oficinavirtual/buscoEmpleoPub.do?srvc=ver&scope=reg&cod=384838'>Oficina Virtual</a></p>;;ECYL;1179298039540;Villaornate Y Castro;42.191906;-5.530234;24;1285656985953;2026-06-26;https://empleo.jcyl.es/web/jcyl/Empleo/es/Plantilla100Detalle/1284216458054/OfertasEmpleo/1285656985953/Empleo;42.191906, -5.530234
MÉDICOS, MEDICINA GENERAL;León;2026-06-26;<p>OFERTA 13958. Se precisa Médico/a para residencia de ancianos en León ciudad. Contrato indefinido, jornada parcial de tarde (28 horas semanales). Interesados contactar con oficina de empleo León Centro. C/ Ramón y Cajal 14, tfno. 987 24 95 30.</p><p>Para más información acuda a <a href='http://empleocastillayleon.jcyl.es/oficinavirtual/buscoEmpleoPub.do?srvc=ver&scope=reg&cod=388774'>Oficina Virtual</a></p>;;ECYL;1179297860755;León;42.59873;-5.5670958;24;1285657042859;2026-06-26;https://empleo.jcyl.es/web/jcyl/Empleo/es/Plantilla100Detalle/1284216458054/OfertasEmpleo/1285657042859/Empleo;42.59873, -5.5670958
TERAPEUTAS OCUPACIONALES;León;2026-06-26;<p>OFERTA 13942. Se requiere terapeuta ocupacional para residencia de ancianos en León ciudad. Contrato temporal por sustitución de IT, jornada de 33 horas semanales. Imprescindible diplomatura o grado en Terapia Ocupacional. Interesados contactar con oficina de empleo León Centro. C/ Ramón y Cajal 14, tfno. 987 24 95 30.</p><p>Para más información acuda a <a href='http://empleocastillayleon.jcyl.es/oficinavirtual/buscoEmpleoPub.do?srvc=ver&scope=reg&cod=388758'>Oficina Virtual</a></p>;;ECYL;1179297860755;León;42.59873;-5.5670958;24;1285656986580;2026-06-26;https://empleo.jcyl.es/web/jcyl/Empleo/es/Plantilla100Detalle/1284216458054/OfertasEmpleo/1285656986580/Empleo;42.59873, -5.5670958
TERAPEUTAS OCUPACIONALES;Burgos;2026-06-25;<p>Terapeuta ocupacional en Adrada de Haza (Burgos). Contrato indefinido en jornada parcial de tarde</p><p>Para más información acuda a <a href='http://empleocastillayleon.jcyl.es/oficinavirtual/buscoEmpleoPub.do?srvc=ver&scope=reg&cod=388992'>Oficina Virtual</a></p>;;ECYL;1179297422470;Adrada de Haza;41.594288;-3.8213274;09;1285656060812;2026-07-24;https://empleo.jcyl.es/web/jcyl/Empleo/es/Plantilla100Detalle/1284216458054/OfertasEmpleo/1285656060812/Empleo;41.594288, -3.8213274
ASISTENTES DOMICILIARIOS;Zamora;2026-06-25;"<p>Oferta Núm 14223 de AUXILIAR AYUDA A DOMICILIO para MUELAS DEL PAN (Zamora).
Los interesados/as deben enviar su CV a (ecyldoctorfleming.ofertas@jcyl.es) indicando en el asunto el Núm. de la oferta.
FUNCIONES: Ayudar en ingesta, tareas del hogar, ayuda en el aseo, acompañamiento.
CONDICIONES: Contrato temporal a jornada parcial de 15 horas semanales. 
REQUISITOS: Permiso conducir y vehículo. No es necesario tener formación, pero si valorable.</p><p>Para más información acuda a <a href='http://empleocastillayleon.jcyl.es/oficinavirtual/buscoEmpleoPub.do?srvc=ver&scope=reg&cod=389039'>Oficina Virtual</a></p>";;ECYL;1179469401730;Muelas del Pan;41.524765;-5.967455;49;1285656209312;2026-09-10;https://empleo.jcyl.es/web/jcyl/Empleo/es/Plantilla100Detalle/1284216458054/OfertasEmpleo/1285656209312/Empleo;41.524765, -5.967455
FISIOTERAPEUTAS, EN GENERAL;Burgos;2026-06-24;"<p>FISIOTERAPEUTA PARA RESIDENCIA LAS ERAS EN VADOCONDES(BURGOS).
CONTRATO LABORAL INDEFINIDO A JORNADA PARCIAL DE 5 A 15 H/SEMANA. HORARIO FLEXIBLE DE LUNES A VIERNES.
TITULACIÓN: DIPLOMATURA O GRADO EN FISIOTERAPIA.
CONTACTAR CON MIGUEL ÁNGEL al tfno 686999230 ó residencialaseras@gmail.com
CONTACTAR CON OFICINA DE EMPLEO DE ARANDA DE DUERO al tfno 947 244280 ext 820922
REFERENCIA: OFERTA 08/2026/013878</p><p>Para más información acuda a <a href='http://empleocastillayleon.jcyl.es/oficinavirtual/buscoEmpleoPub.do?srvc=ver&scope=reg&cod=388694'>Oficina Virtual</a></p>";;ECYL;1179297635579;Vadocondes;41.6404941226;-3.57354139;09;1285654730137;2026-06-24;https://empleo.jcyl.es/web/jcyl/Empleo/es/Plantilla100Detalle/1284216458054/OfertasEmpleo/1285654730137/Empleo;41.6404941226, -3.57354139
Bus Driver Public Transport (Países Bajos);Otra;2026-06-24;"<p style='text-align: justify;'><strong>Requisitos:</strong></p>
<ul style='text-align: justify;'>
<li style='text-align: justify;'>You have a driver's license D and code 95</li>
<li style='text-align: justify;'>You should be able to submit a Certificate of Conduct</li>
<li style='text-align: justify;'>Minimum of 1 year of bus driving experience</li>
<li style='text-align: justify;'>You have a good knowledge of the English language. Speaking a little bit Dutch is a bonus</li>
<li style='text-align: justify;'>You are flexible and enjoy working on different hours</li>
</ul>
<p style='text-align: justify;'><strong>Modo de solicitud:</strong></p>
<p style='text-align: justify;'>Enviar email con CV con fotografía y carta de motivación a <a href='mailto:Susana.mourellefernandez@uwv.n'>Susana.mourellefernandez@uwv.n</a>l con copia a <a href='mailto:eures.franciasuizabenelux@sepe.es'>eures.franciasuizabenelux@sepe.es </a></p>
<p style='text-align: justify;'>Referencia WBS number: WBS1276826 Bus Driver Public Transport</p>
<p style='text-align: justify;'>Vacancy: <a href='EURES%20Portal%20h$ps:/shorturl.at/Ck3Ds'>EURES Portal h$ps://shorturl.at/Ck3Ds</a></p>
<p style='text-align: justify;'> </p><p><strong>Información obtenida de: </strong>EURES. <a href='http://www.sepe.es/redEURES' target='_blank'>http://www.sepe.es/redEURES</a></p><p><strong>Enlaces relacionados:</strong><ul><li><a href='https://servicios3.jcyl.es/enbo/siau/contenido/dmdRSk1VcDVlSW9DZzdQcFdVNVZnbHIxNjlFakVsaXZnSEVFM3VON2dSWT0%3D' target='_blank'>Bus Driver Public Transport </a></li><li><a href='https://www.sepe.es/HomeSepe/encontrar-trabajo/empleo-europa/Ofertas-empleo-destacadas-informacion-paises/empleo-holanda.html' target='_blank'>Ofertas en Países Bajos</a></li></ul></p><p>Información procedente de: <a href='https://servicios3.jcyl.es/enbo/siau/webapp/boletinEmpleoCyL/boletin/WmdiektFcVZpYjJtckhoNE0wbDUzSnhyY3plc25GOFR4bGJOeWlQR0psWT0%3D/EMPLEO-EURES/146001' target='_blank'><strong>Boletín de Empleo de Castilla y León (Ecyl)</strong>.</a></p>";Europa;Red EURES;;;;;;1285654999059;2026-06-24;https://empleo.jcyl.es/web/jcyl/Empleo/es/Plantilla100Detalle/1284216458054/OfertasEmpleo/1285654999059/Empleo;
Repair and maintenance technician (Países Bajos);Otra;2026-06-24;"<p style='text-align: justify;'><strong>Requisitos:</strong></p>
<ul style='text-align: justify;'>
<li style='text-align: justify;'>You are an experienced and eager-to-learn commercial vehicle technician;</li>
<li style='text-align: justify;'>You appreciate having flexible working hours;</li>
<li style='text-align: justify;'>You have a technical education at a minimum of MBO-4 level (secondary vocational education);</li>
<li style='text-align: justify;'>It is an advantage if you hold a category D driving licence, or are willing to obtain one in the near future;</li>
<li style='text-align: justify;'>You have a good command of the Dutch or English language</li>
</ul>
<p style='text-align: justify;'><strong>Modo de solicitud:</strong></p>
<p style='text-align: justify;'>Enviar email con CV con fotografia y carta de motivación a <a href='mailto:Susana.mourellefernandez@uwv.nl'>Susana.mourellefernandez@uwv.nl</a> con copia a <a href='mailto:eures.franciasuizabenelux@sepe.es'>eures.franciasuizabenelux@sepe.es </a></p>
<p style='text-align: justify;'>Referencia WBS number: WBS1302726 Repair and maintenance technician-Países Bajos</p>
<p>Vacancy: EURES Portal <a href='h$ps:/shorturl.at/c3fTq'>h$ps://shorturl.at/c3fTq</a></p>
<p> </p><p><strong>Información obtenida de: </strong>EURES. <a href='http://www.sepe.es/redEURES' target='_blank'>http://www.sepe.es/redEURES</a></p><p><strong>Enlaces relacionados:</strong><ul><li><a href='https://servicios3.jcyl.es/enbo/siau/contenido/YXF6WTZyUzY2VWQveVl0U1ovOURjWlpMMisxVUZ1aXQvemEreUZvTnFWMD0%3D' target='_blank'>Repair and maintenance technician </a></li><li><a href='https://www.sepe.es/HomeSepe/encontrar-trabajo/empleo-europa/Ofertas-empleo-destacadas-informacion-paises/empleo-holanda.html' target='_blank'>Ofertas en Países Bajos</a></li></ul></p><p>Información procedente de: <a href='https://servicios3.jcyl.es/enbo/siau/webapp/boletinEmpleoCyL/boletin/WmdiektFcVZpYjJtckhoNE0wbDUzSnhyY3plc25GOFR4bGJOeWlQR0psWT0%3D/EMPLEO-EURES/146003' target='_blank'><strong>Boletín de Empleo de Castilla y León (Ecyl)</strong>.</a></p>";Europa;Red EURES;;;;;;1285654999202;2026-06-24;https://empleo.jcyl.es/web/jcyl/Empleo/es/Plantilla100Detalle/1284216458054/OfertasEmpleo/1285654999202/Empleo;
PERSONAL DE LIMPIEZA O LIMPIADORES EN GENERAL;Zamora;2026-06-24;"<p>Oferta Núm 14001 de PERSONAL DE LIMPIEZA para CARBAJALES DE ALBA (Zamora).
Los interesados/as deben enviar su CV a (ecyldoctorfleming.ofertas@jcyl.es) indicando en el asunto el Núm. de la oferta.
FUNCIONES: Tareas de limpieza de superficies y mobiliario.
CONDICIONES: Contrato temporal a jornada completa. 
REQUISITOS: Permiso de conducir y disponibilidad vehículo.</p><p>Para más información acuda a <a href='http://empleocastillayleon.jcyl.es/oficinavirtual/buscoEmpleoPub.do?srvc=ver&scope=reg&cod=388817'>Oficina Virtual</a></p>";;ECYL;1179469348512;Carbajales de Alba;41.652912;-5.9978004;49;1285654838426;2026-09-10;https://empleo.jcyl.es/web/jcyl/Empleo/es/Plantilla100Detalle/1284216458054/OfertasEmpleo/1285654838426/Empleo;41.652912, -5.9978004
COCINEROS, EN GENERAL;Zamora;2026-06-24;"<p>Oferta Núm 14087 de COCINERO/A para Residencia en ZAMORA.
Los interesados/as deben enviar su CV a (ecyldoctorfleming.ofertas@jcyl.es) indicando en el asunto el Núm. de la oferta.
FUNCIONES: Las propias de cocinero-a para colectividades.
CONDICIONES: Contrato temporal a jornada completa con posibilidad a indefinido.</p><p>Para más información acuda a <a href='http://empleocastillayleon.jcyl.es/oficinavirtual/buscoEmpleoPub.do?srvc=ver&scope=reg&cod=388903'>Oficina Virtual</a></p>";;ECYL;1179469491795;Zamora;41.507324;-5.745313;49;1285655155784;2026-07-24;https://empleo.jcyl.es/web/jcyl/Empleo/es/Plantilla100Detalle/1284216458054/OfertasEmpleo/1285655155784/Empleo;41.507324, -5.745313
TERAPEUTAS OCUPACIONALES;Burgos;2026-06-23;"<p>REALIZACON DE PROYECTO DE VIDA Y PAPV
DESARROYAR LOS DIFERENTES PROGRAMAS DE ACTIVIDADES ESPECIALIZADOS PARA CADA USUARIO SEGUN SU AUTONOMIA PARA CONSERVAR O EVOLUCIONAR EN SU ESTADO.</p><p>Para más información acuda a <a href='http://empleocastillayleon.jcyl.es/oficinavirtual/buscoEmpleoPub.do?srvc=ver&scope=reg&cod=388698'>Oficina Virtual</a></p>";;ECYL;1179297618480;Santa María del Campo;42.13185;-3.973813;09;1285654157964;2026-06-23;https://empleo.jcyl.es/web/jcyl/Empleo/es/Plantilla100Detalle/1284216458054/OfertasEmpleo/1285654157964/Empleo;42.13185, -3.973813
MÉDICOS ESPECIALISTAS EN GERIATRÍA;Burgos;2026-06-23;"<p>MÉDICO PARA RESIDENCIA GERIÁTRICA LAS ERAS EN VADOCONDES(BURGOS)
CONTRATO LABORAL INDEFINIDO A TIEMPO PARCIAL 14 H/SEMANA.
TITULACIÓN: LICENCIATURA O GRADO EN MEDICINA.
CONTACTAR CON MIGUEL ÁNGEL al tfno 686999230 ó residencialaseras@gmail.com
CONTACTAR CON OFICINA DE EMPLEO DE ARANDA DE DUERO al tfno 947 244280 ext.820922 ó ecylaranda@jcyl.es
REFERENCIA: OFERTA 08/2026/013809</p><p>Para más información acuda a <a href='http://empleocastillayleon.jcyl.es/oficinavirtual/buscoEmpleoPub.do?srvc=ver&scope=reg&cod=388625'>Oficina Virtual</a></p>";;ECYL;1179297635579;Vadocondes;41.6404941226;-3.57354139;09;1285653965093;2026-06-23;https://empleo.jcyl.es/web/jcyl/Empleo/es/Plantilla100Detalle/1284216458054/OfertasEmpleo/1285653965093/Empleo;41.6404941226, -3.57354139
DIRECTORES DE DEPARTAMENTO DE OPERACIONES EN EMPRESAS DE SERVICIOS PERSONALES, DE LIMPIEZA Y SIMILARES, EN GENERAL;Burgos;2026-06-23;"<p>DIRECTOR/A DE RESIDENCIA GERIÁTRICA-RESIDENCIA LAS ERAS EN VADOCONDES(BURGOS)
CONTRATO LABORAL INDEFINIDO A JORNADA COMPLETA
TITULACIÓN: GRADO UNIVERSITARIO.
CURSO ESPECÍFICO DE DIRECCIÓN DE CENTROS RESIDENCIALES O SIMILAR.
CONTACTAR CON MIGUEL ÁNGEL al tfno 686999230 ó residencialaseras@gmail.com
CONTACTAR CON OFICINA DE EMPLEO DE ARANDA DE DUERO al tfno 947 244280 ext.820922 ó ecylaranda@jcyl.es
REFERENCIA: OFERTA 08/2026/013762</p><p>Para más información acuda a <a href='http://empleocastillayleon.jcyl.es/oficinavirtual/buscoEmpleoPub.do?srvc=ver&scope=reg&cod=388578'>Oficina Virtual</a></p>";;ECYL;1179297635579;Vadocondes;41.6404941226;-3.57354139;09;1285653965065;2026-06-23;https://empleo.jcyl.es/web/jcyl/Empleo/es/Plantilla100Detalle/1284216458054/OfertasEmpleo/1285653965065/Empleo;41.6404941226, -3.57354139
ENFERMEROS ESPECIALISTAS EN ENFERMERÍA GERIÁTRICA;Burgos;2026-06-23;"<p>ENFERMERO/A PARA RESIDENCIA GERIÁTRICA LAS ERAS EN VADOCONDES(BURGOS).
CONTRATO LABORAL INDEFINIDO A JORNADA PARCIAL DE 20 H/SEMANA, POSIBILIDAD DE JORNADA COMPLETA.
TITULACIÓN: DIPLOMATURA O GRADO EN ENFERMERÍA
CONTACTAR CON MIGUEL ÁNGEL al tfno 686999230 ó residencialaseras@gmail.com
CONTACTAR CON OFICINA DE EMPLEO DE ARANDA DE DUERO al tfno 947 244280 ext 820922 ó ecylaranda@jcyl.es
REFERENCIA: OFERTA 08/2026/013843</p><p>Para más información acuda a <a href='http://empleocastillayleon.jcyl.es/oficinavirtual/buscoEmpleoPub.do?srvc=ver&scope=reg&cod=388659'>Oficina Virtual</a></p>";;ECYL;1179297635579;Vadocondes;41.6404941226;-3.57354139;09;1285653965121;2026-06-23;https://empleo.jcyl.es/web/jcyl/Empleo/es/Plantilla100Detalle/1284216458054/OfertasEmpleo/1285653965121/Empleo;41.6404941226, -3.57354139
ASISTENTES DOMICILIARIOS;Zamora;2026-06-23;"<p>Oferta Núm. 13849 de AUXILIAR DE AYUDA A DOMICILIO para Villar del Buey (Zamora).
Los interesados/as deben enviar su CV a (ecyldoctorfleming.ofertas@jcyl.es) indicando en el asunto el Núm. de la oferta.
FUNCIONES: Atención física, psicosocial, de acompañamiento y apoyo a personas dependientes en su domicilio.
CONDICIONES: Contrato indefinido, jornada parcial de 20 horas semanales de lunes a viernes de 10:30 a 12:00 y de 16:30 a 19:00.
REQUISITOS: Carnet de conducir y vehículo. Valorable titulación relacionada o certificado de profesionalidad de atención sociosanitaria a personas dependientes en domicilios.</p><p>Para más información acuda a <a href='http://empleocastillayleon.jcyl.es/oficinavirtual/buscoEmpleoPub.do?srvc=ver&scope=reg&cod=388665'>Oficina Virtual</a></p>";;ECYL;1179469487897;Villar del Buey;41.332542;-6.194774;49;1285654004126;2026-08-28;https://empleo.jcyl.es/web/jcyl/Empleo/es/Plantilla100Detalle/1284216458054/OfertasEmpleo/1285654004126/Empleo;41.332542, -6.194774
FISIOTERAPEUTAS, EN GENERAL;Burgos;2026-06-22;<p>Para más información acuda a <a href='http://empleocastillayleon.jcyl.es/oficinavirtual/buscoEmpleoPub.do?srvc=ver&scope=reg&cod=388413'>Oficina Virtual</a></p>;;ECYL;1179297632526;Trespaderne;42.33172;-3.7059214;09;1285653201601;2026-06-22;https://empleo.jcyl.es/web/jcyl/Empleo/es/Plantilla100Detalle/1284216458054/OfertasEmpleo/1285653201601/Empleo;42.33172, -3.7059214
Técnico/a de campo para Coca (Segovia);Segovia;2026-06-18;"<p><em>El Pinar</em> selecciona un/a <strong>TÉCNICO/A DE CAMPO</strong> para Coca (Segovia).</p>
<p><strong>Funciones:</strong></p>
<ul>
<li>Previsión, coordinación, organización de actividades.</li>
<li>Realizar Presupuestos y control de costes.</li>
<li>Gestión documental, ensayos, evaluación y realización de informes.</li>
</ul>
<p><strong>Requisitos:</strong></p>
<ul>
<li>Grado/licenciatura en Ingeniería Técnica.</li>
<li>Experiencia mínima de 12 meses.</li>
</ul>
<p><strong>Se ofrece:</strong></p>
<ul>
<li>Contrato indefinido.</li>
<li>Jornada completa.</li>
<li>Salario 24.000euros-28.000euros Brutos/ año.</li>
</ul>
<p><strong>Para más información y solicitudes:</strong></p>
<ul>
<li>En el enlace adjunto se puede acceder a la solicitud para el puesto. <strong>Se recuerda que, para poder presentar su candidatura debe estar inscrito en el portal de empleo</strong> <strong>que publica la oferta.</strong></li>
</ul><p><strong>Información obtenida de: </strong>Internet/Prensa. <a href='https://www.infojobs.net' target='_blank'>https://www.infojobs.net</a></p><p><strong>Enlaces relacionados:</strong><ul><li><a href='https://www.infojobs.net/coca/tecnico-campo/of-ief34d012c8432bb74062918ff1deea?applicationOrigin=search-new&page=1&sortBy=PUBLICATION_DATE' target='_blank'>Más información e inscripción a la oferta en la oficina virtual</a></li></ul></p><p>Información procedente de: <a href='https://servicios3.jcyl.es/enbo/siau/webapp/boletinEmpleoCyL/boletin/aElwQm1zM1FIUjFDNFJRa2xGZjVTNWRJTlR3RGdoN3N3OGYyaUl4bG1IVT0%3D/EMPLEO-INTERNET-PRENSA/145716' target='_blank'><strong>Boletín de Empleo de Castilla y León (Ecyl)</strong>.</a></p>";;Internet / Prensa;1179298425057;Coca;41.216118;-4.524248;40;1285650693838;2026-06-18;https://empleo.jcyl.es/web/jcyl/Empleo/es/Plantilla100Detalle/1284216458054/OfertasEmpleo/1285650693838/Empleo;41.216118, -4.524248
Conductor/a de servicios de higiene para San Cristóbal de Segovia (Segovia);Segovia;2026-06-18;"<p><em>Rentokil Initial </em>selecciona un/a <strong>CONDUCTOR/A DE SERVICIOS DE HIGIENE</strong> para San Cristóbal (Segovia).</p>
<p><strong>Funciones:</strong></p>
<ul>
<li>Responsable de instalación, limpieza, reparación y mantenimiento de dispositivos higiénicos.</li>
<li>Colocar material de fontanería.</li>
</ul>
<p><strong>Requisitos:</strong></p>
<ul>
<li>Formación: ESO.</li>
<li>Experiencia mínima de 12 meses.</li>
<li>Permiso de conducción B.</li>
</ul>
<p><strong>Se ofrece:</strong></p>
<ul>
<li>Contrato laboral indefinido.</li>
<li>Jornada completa.</li>
</ul>
<p><strong>Para más información y solicitudes:</strong></p>
<ul>
<li>En el enlace adjunto se puede acceder a la solicitud para el puesto. <strong>Se recuerda que, para poder presentar su candidatura debe estar inscrito en el portal de empleo que publica la oferta.</strong></li>
</ul><p><strong>Información obtenida de: </strong>Internet/Prensa. <a href='https://www.infojobs.net' target='_blank'>https://www.infojobs.net</a></p><p><strong>Enlaces relacionados:</strong><ul><li><a href='https://www.infojobs.net/san-cristobal-de-segovia/conductor-servicios-higiene-segovia/of-i9cdda8c31b4f54b45483a02f79c018?applicationOrigin=search-new&page=1&sortBy=PUBLICATION_DATE' target='_blank'>Más información e inscripción a la oferta en la oficina virtual</a></li></ul></p><p>Información procedente de: <a href='https://servicios3.jcyl.es/enbo/siau/webapp/boletinEmpleoCyL/boletin/aElwQm1zM1FIUjFDNFJRa2xGZjVTNWRJTlR3RGdoN3N3OGYyaUl4bG1IVT0%3D/EMPLEO-INTERNET-PRENSA/145714' target='_blank'><strong>Boletín de Empleo de Castilla y León (Ecyl)</strong>.</a></p>";;Internet / Prensa;1179298582367;San Cristóbal de Segovia;40.951176;-4.075934;40;1285650694131;2026-06-18;https://empleo.jcyl.es/web/jcyl/Empleo/es/Plantilla100Detalle/1284216458054/OfertasEmpleo/1285650694131/Empleo;40.951176, -4.075934
CHAPISTAS INDUSTRIALES;Zamora;2026-06-18;"<p>Oferta Núm. 13578 CHAPISTA para empresa de Valcaboado (Zamora).
Los interesados/as deben enviar su CV a (ecyldoctorfleming.ofertas@jcyl.es) indicando en el asunto el Núm. de la oferta.
FUNCIONES: Enderezar chasis, bastidores, puertas, abollamientos...
CONDICIONES: Contrato indefinido a jornada completa.
REQUISITOS: FP de Automoción. Permiso de circulación.</p><p>Para más información acuda a <a href='http://empleocastillayleon.jcyl.es/oficinavirtual/buscoEmpleoPub.do?srvc=ver&scope=reg&cod=388394'>Oficina Virtual</a></p>";;ECYL;1179469476851;Valcabado;41.5485813501;-5.74864127629;49;1285650939495;2026-08-28;https://empleo.jcyl.es/web/jcyl/Empleo/es/Plantilla100Detalle/1284216458054/OfertasEmpleo/1285650939495/Empleo;41.5485813501, -5.74864127629
CONDUCTORES DE CAMIÓN, EN GENERAL;Zamora;2026-06-18;"<p>Oferta Núm. 1376 CONDUCTOR DE CAMIÓN para empresa de Zamora.
Los interesados/as deben enviar su CV a (ecyldoctorfleming.ofertas@jcyl.es) indicando en el asunto el Núm. de la oferta.
FUNCIONES: Conductor para empresa de asistencia en carretera.
CONDICIONES: Contrato temporal. Jornada completa.
REQUISITOS: CARNET C + CAP</p><p>Para más información acuda a <a href='http://empleocastillayleon.jcyl.es/oficinavirtual/buscoEmpleoPub.do?srvc=ver&scope=reg&cod=376192'>Oficina Virtual</a></p>";;ECYL;1179469491795;Zamora;41.507324;-5.745313;49;1285650825937;2026-09-10;https://empleo.jcyl.es/web/jcyl/Empleo/es/Plantilla100Detalle/1284216458054/OfertasEmpleo/1285650825937/Empleo;41.507324, -5.745313
ENCARGADOS DE OBRA CIVIL, EN GENERAL;Zamora;2026-06-18;"<p>Oferta Núm. 13474 de TÉCNICO AUXILIAR OBRAS para Administración Pública de Zamora.
Los interesados/as deben enviar su CV a (ecyldoctorfleming.ofertas@jcyl.es) indicando en el asunto el Núm. de la oferta.
FUNCIONES: Vigilancia, dirección, control y distribución del trabajo de los oficiales, especialistas, y personal no cualificado a su cargo, de forma personal y directa, en las tareas encomendadas en el área de consevación de carreteras.
CONDICIONES: Contrato temporal. Jornada completa.
REQUISITOS: Título de formación profesional de Grado Superior Proyectos de Obra Civil. Permiso de conducir clase B.</p><p>Para más información acuda a <a href='http://empleocastillayleon.jcyl.es/oficinavirtual/buscoEmpleoPub.do?srvc=ver&scope=reg&cod=388290'>Oficina Virtual</a></p>";;ECYL;1179469491795;Zamora;41.507324;-5.745313;49;1285650938999;2026-07-30;https://empleo.jcyl.es/web/jcyl/Empleo/es/Plantilla100Detalle/1284216458054/OfertasEmpleo/1285650938999/Empleo;41.507324, -5.745313
LAVACOCHES, A MANO;Zamora;2026-06-18;"<p>Oferta Núm 13542 de OPERARIO/A LIMPIEZA DE VEHÍCULOS para ZAMORA. 
Los interesados/as deben enviar su CV a (ecyldoctorfleming.ofertas@jcyl.es) indicando en el asunto el Núm. de la oferta. 
FUNCIONES: Las propias de la ocupación. 
CONDICIONES: Contrato indefinido a jornada completa.
REQUISITOS: Grado de discapacidad igual o superior al 33%. Permiso de conducir.</p><p>Para más información acuda a <a href='http://empleocastillayleon.jcyl.es/oficinavirtual/buscoEmpleoPub.do?srvc=ver&scope=reg&cod=388358'>Oficina Virtual</a></p>";;ECYL;1179469491795;Zamora;41.507324;-5.745313;49;1285650887891;2026-08-28;https://empleo.jcyl.es/web/jcyl/Empleo/es/Plantilla100Detalle/1284216458054/OfertasEmpleo/1285650887891/Empleo;41.507324, -5.745313
ENFERMEROS DE CUIDADOS GENERALES;León;2026-06-17;<p>Para más información acuda a <a href='http://empleocastillayleon.jcyl.es/oficinavirtual/buscoEmpleoPub.do?srvc=ver&scope=reg&cod=388212'>Oficina Virtual</a></p>;;ECYL;1179298039540;Villaornate Y Castro;42.191906;-5.530234;24;1285650402228;2026-06-17;https://empleo.jcyl.es/web/jcyl/Empleo/es/Plantilla100Detalle/1284216458054/OfertasEmpleo/1285650402228/Empleo;42.191906, -5.530234
FISIOTERAPEUTAS, EN GENERAL;León;2026-06-15;"<p>N.º OFERTA 12997 FISIOTERAPEUTA PARA RESIDENCIA DE PERSONAS MAYORES EN TORAL DE LOS VADOS
CONDICIONES: CONTRATO INDFINIDO, 5 HORAS SEMANALES.
PERSONAS INTERESADAS CONTACTAR O.E DE PONFERRADA TEFL.: 987 410 859 EXT-2</p><p>Para más información acuda a <a href='http://empleocastillayleon.jcyl.es/oficinavirtual/buscoEmpleoPub.do?srvc=ver&scope=reg&cod=387813'>Oficina Virtual</a></p>";;ECYL;1179298009865;Toral de los Vados;42.57988;-6.7594366;24;1285649017621;2026-06-15;https://empleo.jcyl.es/web/jcyl/Empleo/es/Plantilla100Detalle/1284216458054/OfertasEmpleo/1285649017621/Empleo;42.57988, -6.7594366
EURES: Información, Servicios y Ayudas económicas a la movilidad;Otra;2026-06-10;"<p style='text-align: justify;'><a href='https://ec.europa.eu/eures/public/es/homepage'>EURES</a> es la red de cooperación para el empleo y para la libre circulación de trabajadores de la Unión Europea.</p>
<p style='text-align: justify;'>En Castilla y León puedes contactar con el <a href='http://www.empleo.jcyl.es/web/jcyl/Empleo/es/Plantilla100/1284347279440/_/_/_'>consejero Eures</a> de tu provincia para solicitar más información sobre nuestros servicios y ofertas de empleo.</p>
<p style='text-align: justify;'><strong>Dónde encontrar todas las ofertas EURES</strong></p>
<ul style='text-align: justify;'>
<li>
<div><a href='https://www.sepe.es/contenidos/personas/encontrar_empleo/empleo_europa.html'>Portal EURES del SEPE</a></div>
</li>
<li>
<div><a href='https://eures.europa.eu/index_es'>Portal EURES Comisión Europea</a></div>
</li>
</ul>
<p style='text-align: justify;'><strong>Ayudas económicas a la movilidad: </strong>Tienen como objetivo dar apoyo financiero en la búsqueda de empleo en un país de la UE distinto al de residencia y a empresas interesadas en la contratación de trabajadores procedentes de otros países de la UE. Son ayudas de la Comisión Europea y se gestionan a través del programa TMS - <em>Targeted Mobility Scheme</em>.</p>
<p style='text-align: justify;'>Tipos de ayudas: Desplazamiento para asistir a entrevistas de trabajo, Incorporación a un puesto de trabajo, Realización de un curso de idiomas, Convalidación de cualificaciones e Integración.</p>
<p style='text-align: justify;'>La información sobre estas ayudas económicas y cómo solicitarlas en el enlace: <a href='http://www.sepe.es/contenidos/personas/encontrar_empleo/encontrar_empleo_europa/tu_primer_empleo_eures.html'>Ayudas a la movilidad EURES</a></p>
<p style='text-align: justify;'><strong>EURES en redes sociales </strong></p>
<p style='text-align: justify;'>Eures España también está en las redes sociales, en ellas encontrarás contenidos sobre mercado laboral, profesiones específicas y su ejercicio en distintos países, sobre tus Derechos en Europa y sobre el Retorno.</p>
<p style='text-align: justify;'>Síguenos y podrás conocer las últimas noticias y ayudarnos a mejorar con tus comentarios, te escuchamos en:</p>
<ul>
<li style='text-align: justify;'><a href='https://www.instagram.com/EURES_SPAIN/'>Instagram</a></li>
<li style='text-align: justify;'><a href='https://www.tiktok.com/@euresspain'>TikTok</a></li>
<li style='text-align: justify;'>
<div><a href='https://www.facebook.com/EuresSpain?ref=hl'>Facebook</a></div>
</li>
<li style='text-align: justify;'><a href='https://twitter.com/EuresSpain'>X</a></li>
<li style='text-align: justify;'><a href='https://es.linkedin.com/company/euresspain'>LinkedIn</a></li>
<li style='text-align: justify;'><a href='http://euresspain.blogspot.com.es/'>Blog Eures España</a> </li>
</ul><p><strong>Información obtenida de: </strong>EURES. <a href='http://www.sepe.es/redEURES' target='_blank'>http://www.sepe.es/redEURES</a></p><p><strong>Enlaces relacionados:</strong><ul><li><a href='https://www.sepe.es/HomeSepe/encontrar-trabajo/empleo-europa' target='_blank'>Portal Eures del SEPE</a></li><li><a href='https://eures.europa.eu/index_es' target='_blank'>Portal Eures de la Comisión</a></li><li><a href='https://www.sepe.es/HomeSepe/encontrar-trabajo/empleo-europa/tu-primer-empleo-eures.html' target='_blank'>Ayudas a la movilidad Eures</a></li></ul></p><p>Información procedente de: <a href='https://servicios3.jcyl.es/enbo/siau/webapp/boletinEmpleoCyL/boletin/Sm56MXFBRUpiZDR4dDhiSmlsTXFTOWlFZTBFM3ZEc3RuaUFUNHN5MWRhMD0%3D/EMPLEO-EURES/145408' target='_blank'><strong>Boletín de Empleo de Castilla y León (Ecyl)</strong>.</a></p>";Europa;Red EURES;;;;;;1285647782006;2026-06-10;https://empleo.jcyl.es/web/jcyl/Empleo/es/Plantilla100Detalle/1284216458054/OfertasEmpleo/1285647782006/Empleo;
Ofertas de empleo en la prensa regional;Otra;2026-06-10;"<p>Para poder consultar las ofertas publicadas en los principales periódicos regionales y provinciales de Castilla y León, clasificadas por provincia y día.</p>
<p style='text-align: justify;'>El Servicio Público de Empleo de Castilla y León no tiene ninguna vinculación con las empresas titulares de las ofertas difundidas, por lo que no se hace responsable de la veracidad del contenido y características de las mismas.</p><p><strong>Información obtenida de: </strong>Internet/Prensa. <a href='https://empleo.jcyl.es' target='_blank'>https://empleo.jcyl.es</a></p><p><strong>Enlaces relacionados:</strong><ul><li><a href='https://empleo.jcyl.es/web/es/busco-empleo/buscador-ofertas-empleo.html' target='_blank'>Más información</a></li></ul></p><p>Información procedente de: <a href='https://servicios3.jcyl.es/enbo/siau/webapp/boletinEmpleoCyL/boletin/Sm56MXFBRUpiZDR4dDhiSmlsTXFTOWlFZTBFM3ZEc3RuaUFUNHN5MWRhMD0%3D/EMPLEO-INTERNET-PRENSA/145512' target='_blank'><strong>Boletín de Empleo de Castilla y León (Ecyl)</strong>.</a></p>";Castilla y León;Internet / Prensa;;;;;;1285647782336;2026-06-10;https://empleo.jcyl.es/web/jcyl/Empleo/es/Plantilla100Detalle/1284216458054/OfertasEmpleo/1285647782336/Empleo;
Empleo privado en otras Comunidades Autónomas;Otra;2026-06-10;"<p style='text-align: justify;'>En los enlaces que figuran al final aparece una relación de ofertas difundidas en las páginas Web de los Servicios Públicos de Empleo de varias Comunidades Autónomas. </p>
<p style='text-align: justify;'>En algunas de las ofertas no aparece la manera de presentar la candidatura, aunque sí figura la Oficina de Empleo que las gestiona; para esos casos se recomienda localizar los datos de contacto de la Oficina en el enlace que se facilita más abajo.</p><p><strong>Información obtenida de: </strong>Internet/Prensa. <a href='http://www.sistemanacionalempleo.es' target='_blank'>http://www.sistemanacionalempleo.es</a></p><p><strong>Enlaces relacionados:</strong><ul><li><a href='https://www.sistemanacionalempleo.es/SNE_ListadoOfertasDifusionWEB/consultarOfertas.do?frame=NO&anularCompFlujo=true' target='_blank'>Ofertas</a></li><li><a href='https://www.sepe.es/HomeSepe/que-es-el-sepe/que-es-el-sepe/Red-de-oficinas.html' target='_blank'>Directorio de Oficinas de Empleo</a></li></ul></p><p>Información procedente de: <a href='https://servicios3.jcyl.es/enbo/siau/webapp/boletinEmpleoCyL/boletin/Sm56MXFBRUpiZDR4dDhiSmlsTXFTOWlFZTBFM3ZEc3RuaUFUNHN5MWRhMD0%3D/EMPLEO-INTERNET-PRENSA/145513' target='_blank'><strong>Boletín de Empleo de Castilla y León (Ecyl)</strong>.</a></p>";España;Internet / Prensa;;;;;;1285647782226;2026-06-10;https://empleo.jcyl.es/web/jcyl/Empleo/es/Plantilla100Detalle/1284216458054/OfertasEmpleo/1285647782226/Empleo;
AUXILIARES DE ENFERMERÍA;Zamora;2026-06-10;"<p>Oferta Núm 12575 de AUXILIAR DE ENFERMERIA para MORALEJA DEL VINO (Zamora).
Los interesados/as deben enviar su CV a (ecyldoctorfleming.ofertas@jcyl.es) indicando en el asunto el Núm. de la oferta.
FUNCIONES: Las propias de la profesión
CONDICIONES: Laboral indefinido a jornada completa. 
REQUISITOS: Técnico en Cuidados Auxiliares de Enfermería o Certificado de profesionalidad.</p><p>Para más información acuda a <a href='http://empleocastillayleon.jcyl.es/oficinavirtual/buscoEmpleoPub.do?srvc=ver&scope=reg&cod=387391'>Oficina Virtual</a></p>";;ECYL;1179469398387;Moraleja del Vino;41.46505;-5.654337;49;1285647645560;2026-07-10;https://empleo.jcyl.es/web/jcyl/Empleo/es/Plantilla100Detalle/1284216458054/OfertasEmpleo/1285647645560/Empleo;41.46505, -5.654337
ASISTENTES DOMICILIARIOS;Zamora;2026-06-10;"<p>Oferta Núm 12620 de ASISTENTE PERSONAL para FARAMONTANOS DE TÁBARA (Zamora).
Los interesados/as deben enviar su CV a (ecyldoctorfleming.ofertas@jcyl.es) indicando en el asunto el Núm. de la oferta.
FUNCIONES: Acompañamiento, apoyo en higiene, elaboración de comidas, limpieza y organización en el domicilio de personas dependientes.
CONDICIONES: Contrato indefinido a jornada parcial de 23 h. semanales 
REQUISITOS: Permiso de conducir y vehículo. Valorable titulación o Certificado Profesionalidad.</p><p>Para más información acuda a <a href='http://empleocastillayleon.jcyl.es/oficinavirtual/buscoEmpleoPub.do?srvc=ver&scope=reg&cod=387436'>Oficina Virtual</a></p>";;ECYL;1179469359175;Faramontanos de Tábara;41.833054;-5.88854;49;1285647687060;2026-08-28;https://empleo.jcyl.es/web/jcyl/Empleo/es/Plantilla100Detalle/1284216458054/OfertasEmpleo/1285647687060/Empleo;41.833054, -5.88854
AUXILIARES DE ENFERMERÍA;Zamora;2026-06-10;"<p>Oferta Núm 12616 de AUXILIAR DE ENFERMERIA para VILLALCAMPO (Zamora).
Los interesados/as deben enviar su CV a (ecyldoctorfleming.ofertas@jcyl.es) indicando en el asunto el Núm. de la oferta.
FUNCIONES: Las propias de la profesión
CONDICIONES: Laboral indefinido a jornada completa. 
REQUISITOS: Técnico en Cuidados Auxiliares de Enfermería o Certificado de profesionalidad.</p><p>Para más información acuda a <a href='http://empleocastillayleon.jcyl.es/oficinavirtual/buscoEmpleoPub.do?srvc=ver&scope=reg&cod=387432'>Oficina Virtual</a></p>";;ECYL;1179469483164;Villalcampo;41.52211;-6.045514;49;1285647686967;2026-07-10;https://empleo.jcyl.es/web/jcyl/Empleo/es/Plantilla100Detalle/1284216458054/OfertasEmpleo/1285647686967/Empleo;41.52211, -6.045514
CONDUCTORES DE CAMIÓN, EN GENERAL;Zamora;2026-06-10;"<p>Oferta Núm. 12576 CONDUCTOR-REPARTIDOR DE BOMBONAS para empresa de Zamora.
Los interesados/as deben enviar su CV a (ecyldoctorfleming.ofertas@jcyl.es) indicando en el asunto el Núm. de la oferta.
FUNCIONES: Conductor-repartidor de bombonas de butano-propano.
CONDICIONES: Contrato indefinido a jornada completa.
REQUISITOS: Carnte C. Se valorará carnet de mercancias peligrosas.</p><p>Para más información acuda a <a href='http://empleocastillayleon.jcyl.es/oficinavirtual/buscoEmpleoPub.do?srvc=ver&scope=reg&cod=387392'>Oficina Virtual</a></p>";;ECYL;1179469491795;Zamora;41.507324;-5.745313;49;1285647645918;2026-09-18;https://empleo.jcyl.es/web/jcyl/Empleo/es/Plantilla100Detalle/1284216458054/OfertasEmpleo/1285647645918/Empleo;41.507324, -5.745313
AUXILIARES DE ENFERMERÍA;Burgos;2026-06-09;"<p>PUESTO SOLCITADO: Auxiliares de enfermería en centros residenciales públicos
LOCALIDAD. Burgos
REQUISITOS: Título de Técnico en cuidados auxiliares de enfermería
SE OFRECE: contratos de diferente duración en diferentes residencias.</p><p>Para más información acuda a <a href='http://empleocastillayleon.jcyl.es/oficinavirtual/buscoEmpleoPub.do?srvc=ver&scope=reg&cod=386645'>Oficina Virtual</a></p>";;ECYL;1179297447246;Burgos;42.3408235575;-3.70205869083;09;1285647322439;2026-08-31;https://empleo.jcyl.es/web/jcyl/Empleo/es/Plantilla100Detalle/1284216458054/OfertasEmpleo/1285647322439/Empleo;42.3408235575, -3.70205869083
ENFERMEROS ESPECIALISTAS EN ENFERMERÍA GERIÁTRICA;León;2026-06-09;<p>OFERTA 12398. Enfermero/a especialista en geriatría para León capital. Contrato de 4 meses, jornada de 10 horas semanales de lunes a viernes de 11:00 a 18:00. Interesados contactar con oficina de empleo León Centro. C/ Ramón y Cajal 14, tfno. 987 24 95 30.</p><p>Para más información acuda a <a href='http://empleocastillayleon.jcyl.es/oficinavirtual/buscoEmpleoPub.do?srvc=ver&scope=reg&cod=387214'>Oficina Virtual</a></p>;;ECYL;1179297860755;León;42.59873;-5.5670958;24;1285647282463;2026-06-09;https://empleo.jcyl.es/web/jcyl/Empleo/es/Plantilla100Detalle/1284216458054/OfertasEmpleo/1285647282463/Empleo;42.59873, -5.5670958
ENFERMEROS ESPECIALISTAS EN ENFERMERÍA GERIÁTRICA;Zamora;2026-06-09;"<p>Oferta Núm. 12475 ENFERMERO/A PARA CENTRO RESIDENCIAL de Fariza (Zamora).
Los interesados/as deben enviar su CV a (ecyldoctorfleming.ofertas@jcyl.es) indicando en el asunto el Núm. de la oferta.
FUNCIONES: Atención integral, personalizada y continua del usuario, combinando cuidados asistenciales, gestión de equipos....
CONDICIONES: Contrato indefinido. Jornada parcial.
REQUISITOS: Diplomatura o Grado en Enfermería.</p><p>Para más información acuda a <a href='http://empleocastillayleon.jcyl.es/oficinavirtual/buscoEmpleoPub.do?srvc=ver&scope=reg&cod=387291'>Oficina Virtual</a></p>";;ECYL;1179469359403;Fariza;41.420048;-6.270465;49;1285647355591;2026-07-30;https://empleo.jcyl.es/web/jcyl/Empleo/es/Plantilla100Detalle/1284216458054/OfertasEmpleo/1285647355591/Empleo;41.420048, -6.270465
ENFERMEROS DE CUIDADOS GENERALES;León;2026-06-08;<p>Para más información acuda a <a href='http://empleocastillayleon.jcyl.es/oficinavirtual/buscoEmpleoPub.do?srvc=ver&scope=reg&cod=386923'>Oficina Virtual</a></p>;;ECYL;1179297976155;Valderas;42.0777170736;-5.44227215336;24;1285646985327;2026-06-08;https://empleo.jcyl.es/web/jcyl/Empleo/es/Plantilla100Detalle/1284216458054/OfertasEmpleo/1285646985327/Empleo;42.0777170736, -5.44227215336
FISIOTERAPEUTAS, EN GENERAL;León;2026-06-07;"<p>SE NECESITA FISIOTERAPEUTA PARA RESIDENCIA DE PERSONAS MAYORES DE VILLAFRANCA DEL BIERZO
LABORAL INDEFINIDO A JORNADA PARCIAL, 14 H A LA SEMANA.
CONTACTAR O.E DE PONFERRADA, TELF.: 987 410 859 EXT-2</p><p>Para más información acuda a <a href='http://empleocastillayleon.jcyl.es/oficinavirtual/buscoEmpleoPub.do?srvc=ver&scope=reg&cod=386759'>Oficina Virtual</a></p>";;ECYL;1179298012175;Villafranca del Bierzo;42.608395;-6.808554;24;1285646727476;2026-06-08;https://empleo.jcyl.es/web/jcyl/Empleo/es/Plantilla100Detalle/1284216458054/OfertasEmpleo/1285646727476/Empleo;42.608395, -6.808554
Electromecánico/a mantenimiento industrial para taller de automoción para Segovia.;Segovia;2026-06-03;"<p><em>Suministros Trancose SL</em> selecciona un/a <strong>ELECTROMECÁNICO/A MANTENIMIENTO INDUSTRIAL PARA TALLER DE AUTOMOCIÓN</strong> para Segovia.</p>
<p><strong>Funciones:</strong></p>
<ul>
<li>Explicación y demostración de características de maquinaria al cliente.</li>
<li>Montaje de equipamiento de taller.</li>
</ul>
<p><strong>Requisitos:</strong></p>
<ul>
<li>Estudios mínimos: Ciclo Formativo Grado Superior.</li>
<li>Experiencia mínima: Experiencia de al menos 1 año como Electromecánico.</li>
<li>Carnet de conducir B.</li>
<li>Capacidad de análisis y de organización.</li>
<li>Orientación a resultado.</li>
<li>Orientación al cliente.</li>
</ul>
<p><strong>Se ofrece:</strong></p>
<ul>
<li>Contrato indefinido.</li>
<li>Jornada completa.</li>
<li>Salario: no disponible.</li>
</ul>
<p><strong>Para solicitar:</strong></p>
<p>En el enlace adjunto se puede acceder a la solicitud para el puesto. <strong>Se recuerda que, para presentar su candidatura, deberá estar inscrito/a en el portal que publica la oferta.</strong></p>
<p><em>SUMINISTROS TRANSCOSE, SL</em> un/a <strong>ELECTROMECÁNICO/A MANTENIMIENTO INDUSTRIAL - TALLER AUTOOCIÓN </strong>para Segovia.</p>
<p><strong>Requisitos:</strong></p>
<ul>
<li>Ciclo formativo Grado Superior.</li>
<li>Experiencia mínima de 2años.</li>
</ul>
<p><strong>Se ofrece:</strong></p>
<ul>
<li>Contrato laboral indefinido.</li>
<li>Jornada completa.</li>
</ul>
<p><strong>Para más información y solicitudes:</strong></p>
<ul>
<li>En el enlace adjunto se puede acceder a la solicitud para el puesto. Se recuerda que, para poder presentar su candidatura debe estar inscrito en el portal de empleo que publica la oferta.</li>
</ul><p><strong>Información obtenida de: </strong>Internet/Prensa. </p><p><strong>Enlaces relacionados:</strong><ul><li><a href='https://www.infojobs.net/segovia/electromecanico-mantenimiento-industrial-taller-automocion/of-i9ca0ecc6034d1a92b9469f408896a5?applicationOrigin=search-new&page=1&sortBy=PUBLICATION_DATE' target='_blank'>Más información e inscripción a la oferta en la oficina virtual</a></li></ul></p><p>Información procedente de: <a href='https://servicios3.jcyl.es/enbo/siau/webapp/boletinEmpleoCyL/boletin/QVBpaXQ4UmtBb0hHTEZ4SzFXNDNwVCtBSm1rUlB1YjVxTzgxSktWcG1lRT0%3D/EMPLEO-INTERNET-PRENSA/145070' target='_blank'><strong>Boletín de Empleo de Castilla y León (Ecyl)</strong>.</a></p>";;Internet / Prensa;1179298563848;Segovia;40.94356;-4.1130023;40;1285645492093;2026-06-03;https://empleo.jcyl.es/web/jcyl/Empleo/es/Plantilla100Detalle/1284216458054/OfertasEmpleo/1285645492093/Empleo;40.94356, -4.1130023
Farmaceútico/a para Segovia.;Segovia;2026-06-03;"<p><em>Santiago García Javier</em> selecciona un/a <strong>FARMECÉUTICA/O ADJUNTA/O</strong> para Segovia.</p>
<p><strong>Funciones:</strong></p>
<ul>
<li>Trabajo en equipo.</li>
<li>Uso de herramientas informáticas aplicadas al sector farmacéutico.</li>
</ul>
<p><strong>Requisitos:</strong></p>
<ul>
<li>Estudios mínimos: Título universitario en Farmacia y colegiación activa.</li>
<li>Experiencia mínima: no requerida.</li>
</ul>
<p><strong>Se ofrece:</strong></p>
<ul>
<li>Contrato duración determinada.</li>
<li>Jornada completa.</li>
<li>Salario bruto 2300-2400 euros/MES.</li>
</ul>
<p><strong>Para solicitar:</strong></p>
<p>En el enlace adjunto se puede acceder a la solicitud para el puesto. <strong>Se recuerda que, para presentar su candidatura, deberá estar inscrito/a en el portal que publica la oferta.</strong></p><p><strong>Información obtenida de: </strong>Internet/Prensa. <a href='https://www.infojobs.net' target='_blank'>https://www.infojobs.net</a></p><p><strong>Enlaces relacionados:</strong><ul><li><a href='https://www.infojobs.net/segovia/farmaceutico-adjunto/of-i0d7d03c98d424c97f782b7d4eb5eb4?applicationOrigin=search-new&page=1&sortBy=PUBLICATION_DATE' target='_blank'>Más información e inscripción a la oferta en la oficina virtual</a></li></ul></p><p>Información procedente de: <a href='https://servicios3.jcyl.es/enbo/siau/webapp/boletinEmpleoCyL/boletin/QVBpaXQ4UmtBb0hHTEZ4SzFXNDNwVCtBSm1rUlB1YjVxTzgxSktWcG1lRT0%3D/EMPLEO-INTERNET-PRENSA/145065' target='_blank'><strong>Boletín de Empleo de Castilla y León (Ecyl)</strong>.</a></p>";;Internet / Prensa;1179298563848;Segovia;40.94356;-4.1130023;40;1285645491761;2026-06-03;https://empleo.jcyl.es/web/jcyl/Empleo/es/Plantilla100Detalle/1284216458054/OfertasEmpleo/1285645491761/Empleo;40.94356, -4.1130023
Audioprotesista para Segovia.;Segovia;2026-06-03;"<p><em>GAES</em> necesita un/a <strong>AUDIOPROTESISTA</strong> para Segovia.</p>
<p><strong>Requisitos:</strong></p>
<ul>
<li>Ciclo de Grado Superior.</li>
<li>Experiencia mínima no requerida.</li>
</ul>
<p><strong>Se ofrece:</strong></p>
<ul>
<li>Contrato indefinido.</li>
<li>Jornada completa partida.</li>
</ul>
<p><strong>Para más información y solicitudes:</strong></p>
<ul>
<li>En el enlace adjunto se puede acceder a la solicitud para el puesto. Se recuerda que, para poder presentar su candidatura debe estar inscrito en el portal de empleo que publica la oferta.</li>
</ul><p><strong>Información obtenida de: </strong>Internet/Prensa. </p><p><strong>Enlaces relacionados:</strong><ul><li><a href='https://www.infojobs.net/segovia/audioprotesista-segovia/of-i06d8648eeb4cd794495637414d1041?applicationOrigin=search-new&page=1&sortBy=PUBLICATION_DATE' target='_blank'>Más información e inscripción a la oferta en la oficina virtual</a></li></ul></p><p>Información procedente de: <a href='https://servicios3.jcyl.es/enbo/siau/webapp/boletinEmpleoCyL/boletin/QVBpaXQ4UmtBb0hHTEZ4SzFXNDNwVCtBSm1rUlB1YjVxTzgxSktWcG1lRT0%3D/EMPLEO-INTERNET-PRENSA/145074' target='_blank'><strong>Boletín de Empleo de Castilla y León (Ecyl)</strong>.</a></p>";;Internet / Prensa;1179298563848;Segovia;40.94356;-4.1130023;40;1285645491622;2026-06-03;https://empleo.jcyl.es/web/jcyl/Empleo/es/Plantilla100Detalle/1284216458054/OfertasEmpleo/1285645491622/Empleo;40.94356, -4.1130023
DEPENDIENTES DE RELOJERÍA Y JOYERÍA;Zamora;2026-06-03;"<p>Oferta Núm. 11792 DEPENDIENTE DE JOYERÍA para empresa de Zamora.
Los interesados/as deben enviar su CV a (ecyldoctorfleming.ofertas@jcyl.es) indicando en el asunto el Núm. de la oferta.
FUNCIONES: Las propias de la ocupación y tareas de apoyo administrativo.
CONDICIONES: Contrato temporal a jornada completa.
REQUISITOS: Formación de Bachillerato o similar. Conocimientos informáticos y contables. Valorable Inglés y permiso de conducir. Se valorará experiencia en el sector.</p><p>Para más información acuda a <a href='http://empleocastillayleon.jcyl.es/oficinavirtual/buscoEmpleoPub.do?srvc=ver&scope=reg&cod=386608'>Oficina Virtual</a></p>";;ECYL;1179469491795;Zamora;41.507324;-5.745313;49;1285645657811;2026-09-15;https://empleo.jcyl.es/web/jcyl/Empleo/es/Plantilla100Detalle/1284216458054/OfertasEmpleo/1285645657811/Empleo;41.507324, -5.745313
AUXILIARES DE ENFERMERÍA DE GERIATRÍA;Zamora;2026-06-03;"<p>Oferta Núm 11788 de AUXILIAR DE ENFERMERIA/GEROCULTOR-A para TÁBARA (Zamora).
Los interesados/as deben enviar su CV a (ecyldoctorfleming.ofertas@jcyl.es) indicando en el asunto el Núm. de la oferta.
FUNCIONES: Las propias de la profesión
CONDICIONES: Laboral indefinido a jornada completa. 
REQUISITOS: Técnico en Cuidados Auxiliares de Enfermería.</p><p>Para más información acuda a <a href='http://empleocastillayleon.jcyl.es/oficinavirtual/buscoEmpleoPub.do?srvc=ver&scope=reg&cod=386604'>Oficina Virtual</a></p>";;ECYL;1179469471707;Tábara;41.8253;-5.957271;49;1285645658066;2026-08-20;https://empleo.jcyl.es/web/jcyl/Empleo/es/Plantilla100Detalle/1284216458054/OfertasEmpleo/1285645658066/Empleo;41.8253, -5.957271
CUIDADORES DE PERSONAS CON DISCAPACIDAD Y/O DEPENDENCIA, EN INSTITUCIONES;Zamora;2026-06-03;"<p>Oferta Núm 11775 de AUXILIAR DE ENFERMERIA/GEROCULTOR/A para GEMA DEL VINO (Zamora).
Los interesados/as deben enviar su CV a (ecyldoctorfleming.ofertas@jcyl.es) indicando en el asunto el Núm. de la oferta.
FUNCIONES: Las propias de la profesión
CONDICIONES: Laboral indefinido a jornada completa.</p><p>Para más información acuda a <a href='http://empleocastillayleon.jcyl.es/oficinavirtual/buscoEmpleoPub.do?srvc=ver&scope=reg&cod=386591'>Oficina Virtual</a></p>";;ECYL;1179469371649;Gema;41.41824;-5.650921;49;1285645616933;2026-08-20;https://empleo.jcyl.es/web/jcyl/Empleo/es/Plantilla100Detalle/1284216458054/OfertasEmpleo/1285645616933/Empleo;41.41824, -5.650921
ENFERMEROS DE CUIDADOS GENERALES;León;2026-06-02;"<p>SE NECESITA CUBRIR DOS PUESTOS DE ATS DUE EN BEMBIBRE
SE OFRECE CONTRATO INDEFINIDO A JORNADA COMPLETA
SE REQUIERE GRADO UNIVERSITARIO EN ENFERMERIA , CARNET DE CONDUCIR E INFORMATICA BASICA
PERSONAS INTERESADAS CONTACTAR CON LA OFICINA DE EMPLEO DE BEMBIBRE (987511461) EN HORARIO DE 9:00 A 14.00 HORAS INDICANDO OFERTA Nº11430</p><p>Para más información acuda a <a href='http://empleocastillayleon.jcyl.es/oficinavirtual/buscoEmpleoPub.do?srvc=ver&scope=reg&cod=386246'>Oficina Virtual</a></p>";;ECYL;1179297775135;Bembibre;42.617176;-6.4186482;24;1285645176875;2026-06-02;https://empleo.jcyl.es/web/jcyl/Empleo/es/Plantilla100Detalle/1284216458054/OfertasEmpleo/1285645176875/Empleo;42.617176, -6.4186482
PROTÉSICOS DENTALES;Zamora;2026-06-02;"<p>Oferta Núm 8576 de PROTÉSICO DENTAL para MORALES DEL VINO (Zamora).
Los interesados/as deben enviar su CV a (ecyldoctorfleming.ofertas@jcyl.es) indicando en el asunto el Núm. de la oferta.
FUNCIONES: Las propias de la profesión.
CONDICIONES: Contrato indefinido a jornada completa. 
REQUISITOS: Técnico Superior especialista en Prótesis dental.</p><p>Para más información acuda a <a href='http://empleocastillayleon.jcyl.es/oficinavirtual/buscoEmpleoPub.do?srvc=ver&scope=reg&cod=383392'>Oficina Virtual</a></p>";;ECYL;1179469398892;Morales del Vino;41.446526;-5.730482;49;1285645125900;2026-07-23;https://empleo.jcyl.es/web/jcyl/Empleo/es/Plantilla100Detalle/1284216458054/OfertasEmpleo/1285645125900/Empleo;41.446526, -5.730482
ENFERMEROS DE CUIDADOS GENERALES;León;2026-06-01;"<p>ENFERMERO/A PARA RESIDENCIA DE PERSONAS MAYORES EN FUENTESNUEVAS (PONFERRADA)
LABORAL TEMPORAL A JORNADA COMPLETA, HORARIO FLEXIBLE.
CONTACTAR O.E DE PONFERRADA, TELF.: 987 410 859 EXT-2</p><p>Para más información acuda a <a href='http://empleocastillayleon.jcyl.es/oficinavirtual/buscoEmpleoPub.do?srvc=ver&scope=reg&cod=386133'>Oficina Virtual</a></p>";;ECYL;1179297888504;Ponferrada;42.549995;-6.598259;24;1285644526097;2026-06-01;https://empleo.jcyl.es/web/jcyl/Empleo/es/Plantilla100Detalle/1284216458054/OfertasEmpleo/1285644526097/Empleo;42.549995, -6.598259
CARPINTEROS DE ALUMINIO, METÁLICO Y PVC;Zamora;2026-05-29;"<p>Oferta Núm. 11254 de CARPINTERO/A-MONTADOR-A DE CARPINTERÍA METÁLICA para empresa de Valcabado (Zamora).
Los interesados/as deben enviar su CV a (ecyldoctorfleming.ofertas@jcyl.es) indicando en el asunto el Núm. de la oferta.
FUNCIONES: Fabricar, instalar y reparar estructuras y productos metálicos como puertas, ventanas o cerrramientos.
CONDICIONES: Contrato indefinido a jornada completa. Horario de 8 a14 horas y de 15:30 a 17:30.
REQUISITOS: Se valorará experiencia.</p><p>Para más información acuda a <a href='http://empleocastillayleon.jcyl.es/oficinavirtual/buscoEmpleoPub.do?srvc=ver&scope=reg&cod=386070'>Oficina Virtual</a></p>";;ECYL;1179469476851;Valcabado;41.5485813501;-5.74864127629;49;1285644082180;2026-08-20;https://empleo.jcyl.es/web/jcyl/Empleo/es/Plantilla100Detalle/1284216458054/OfertasEmpleo/1285644082180/Empleo;41.5485813501, -5.74864127629
ENFERMEROS DE CUIDADOS GENERALES;Zamora;2026-05-28;"<p>Oferta Núm 11061 de ENFERMERO/A para CORESES(Zamora).
Los interesados/as deben enviar su CV a (ecyldoctorfleming.ofertas@jcyl.es) indicando en el asunto el Núm. de la oferta.
FUNCIONES: Las propias de la profesión
CONDICIONES: Laboral temporal, jornada a convenir. 
REQUISITOS: Grado en Enfermería.</p><p>Para más información acuda a <a href='http://empleocastillayleon.jcyl.es/oficinavirtual/buscoEmpleoPub.do?srvc=ver&scope=reg&cod=385877'>Oficina Virtual</a></p>";;ECYL;1179469355420;Coreses;41.547596;-5.6208253;49;1285643614679;2026-09-17;https://empleo.jcyl.es/web/jcyl/Empleo/es/Plantilla100Detalle/1284216458054/OfertasEmpleo/1285643614679/Empleo;41.547596, -5.6208253
AUXILIARES DE ENFERMERÍA;Zamora;2026-05-22;"<p>Oferta Núm 10586 de AUXILIAR DE ENFERMERIA/GEROCULTOR/A para VILLARALBO (Zamora).
Los interesados/as deben enviar su CV a (ecyldoctorfleming.ofertas@jcyl.es) indicando en el asunto el Núm. de la oferta.
FUNCIONES: Las propias de la profesión
CONDICIONES: Laboral temporal a jornada completa. 
REQUISITOS: Técnico en Cuidados Auxiliares de Enfermería o Certificación Profesional Sociosanitaria.</p><p>Para más información acuda a <a href='http://empleocastillayleon.jcyl.es/oficinavirtual/buscoEmpleoPub.do?srvc=ver&scope=reg&cod=385402'>Oficina Virtual</a></p>";;ECYL;1179469486911;Villaralbo;41.492573;-5.680964;49;1285641969963;2026-07-23;https://empleo.jcyl.es/web/jcyl/Empleo/es/Plantilla100Detalle/1284216458054/OfertasEmpleo/1285641969963/Empleo;41.492573, -5.680964
ASISTENTES DOMICILIARIOS;León;2026-05-20;<p>Para más información acuda a <a href='http://empleocastillayleon.jcyl.es/oficinavirtual/buscoEmpleoPub.do?srvc=ver&scope=reg&cod=385042'>Oficina Virtual</a></p>;;ECYL;1179297781780;Boñar;42.866188;-5.323526;24;1285640948901;2026-06-22;https://empleo.jcyl.es/web/jcyl/Empleo/es/Plantilla100Detalle/1284216458054/OfertasEmpleo/1285640948901/Empleo;42.866188, -5.323526
Empleo privado en otras Comunidades Autónomas;Otra;2026-05-20;"Información actualizada a 20 de mayo de 2026<p/><p style='text-align: justify;'>En los enlaces que figuran más abajo aparece una relación de ofertas difundidas en las páginas Web de los Servicios Públicos de Empleo de varias Comunidades Autónomas. </p>
<p style='text-align: justify;'>En algunas de las ofertas no aparece la manera de presentar la candidatura, aunque sí figura la Oficina de Empleo que las gestiona; para esos casos se recomienda localizar los datos de contacto de la Oficina en el enlace que se facilita más abajo.</p><p><strong>Información obtenida de: </strong>Internet/Prensa. <a href='http://www.sistemanacionalempleo.es' target='_blank'>http://www.sistemanacionalempleo.es</a></p><p><strong>Enlaces relacionados:</strong><ul><li><a href='https://www.sepe.es/HomeSepe/que-es-el-sepe/que-es-el-sepe/Red-de-oficinas.html' target='_blank'>Directorio de Oficinas de Empleo</a></li><li><a href='https://www.sistemanacionalempleo.es/SNE_ListadoOfertasDifusionWEB/consultarOfertas.do?frame=NO&anularCompFlujo=true' target='_blank'>Ofertas</a></li></ul></p><p>Información procedente de: <a href='https://servicios3.jcyl.es/enbo/siau/webapp/boletinEmpleoCyL/boletin/bStDb0cyQ0V1UHJlb2M0cEhJY1JscG9kUlNkMlloVHJVTUFjVTdqeUdMOD0%3D/EMPLEO-INTERNET-PRENSA/144255' target='_blank'><strong>Boletín de Empleo de Castilla y León (Ecyl)</strong>.</a></p>";España;Internet / Prensa;;;;;;1285641048034;2026-05-20;https://empleo.jcyl.es/web/jcyl/Empleo/es/Plantilla100Detalle/1284216458054/OfertasEmpleo/1285641048034/Empleo;
Ofertas de empleo en la prensa regional;Otra;2026-05-20;"<p>Para poder consultar las ofertas publicadas en los principales periódicos regionales y provinciales de Castilla y León, clasificadas por provincia y día.</p>
<p style='text-align: justify;'>El Servicio Público de Empleo de Castilla y León no tiene ninguna vinculación con las empresas titulares de las ofertas difundidas, por lo que no se hace responsable de la veracidad del contenido y características de las mismas.</p><p><strong>Información obtenida de: </strong>Internet/Prensa. <a href='https://empleo.jcyl.es' target='_blank'>https://empleo.jcyl.es</a></p><p><strong>Enlaces relacionados:</strong><ul><li><a href='https://empleo.jcyl.es/web/es/busco-empleo/buscador-ofertas-empleo.html' target='_blank'>Más información</a></li></ul></p><p>Información procedente de: <a href='https://servicios3.jcyl.es/enbo/siau/webapp/boletinEmpleoCyL/boletin/bStDb0cyQ0V1UHJlb2M0cEhJY1JscG9kUlNkMlloVHJVTUFjVTdqeUdMOD0%3D/EMPLEO-INTERNET-PRENSA/144258' target='_blank'><strong>Boletín de Empleo de Castilla y León (Ecyl)</strong>.</a></p>";Castilla y León;Internet / Prensa;;;;;;1285641048705;2026-05-20;https://empleo.jcyl.es/web/jcyl/Empleo/es/Plantilla100Detalle/1284216458054/OfertasEmpleo/1285641048705/Empleo;
EURES: Información, Servicios y Ayudas económicas a la movilidad;Otra;2026-05-20;"<p style='text-align: justify;'><a href='https://ec.europa.eu/eures/public/es/homepage'>EURES</a> es la red de cooperación para el empleo y para la libre circulación de trabajadores de la Unión Europea.</p>
<p style='text-align: justify;'>En Castilla y León puedes contactar con el <a href='http://www.empleo.jcyl.es/web/jcyl/Empleo/es/Plantilla100/1284347279440/_/_/_'>consejero Eures</a> de tu provincia para solicitar más información sobre nuestros servicios y ofertas de empleo.</p>
<p style='text-align: justify;'><strong>Dónde encontrar todas las ofertas EURES</strong></p>
<ul style='text-align: justify;'>
<li>
<div><a href='https://www.sepe.es/contenidos/personas/encontrar_empleo/empleo_europa.html'>Portal EURES del SEPE</a></div>
</li>
<li>
<div><a href='https://eures.europa.eu/index_es'>Portal EURES Comisión Europea</a></div>
</li>
</ul>
<p style='text-align: justify;'><strong>Ayudas económicas a la movilidad: </strong>Tienen como objetivo dar apoyo financiero en la búsqueda de empleo en un país de la UE distinto al de residencia y a empresas interesadas en la contratación de trabajadores procedentes de otros países de la UE. Son ayudas de la Comisión Europea y se gestionan a través del programa TMS - <em>Targeted Mobility Scheme</em>.</p>
<p style='text-align: justify;'>Tipos de ayudas: Desplazamiento para asistir a entrevistas de trabajo, Incorporación a un puesto de trabajo, Realización de un curso de idiomas, Convalidación de cualificaciones e Integración.</p>
<p style='text-align: justify;'>La información sobre estas ayudas económicas y cómo solicitarlas en el enlace: <a href='http://www.sepe.es/contenidos/personas/encontrar_empleo/encontrar_empleo_europa/tu_primer_empleo_eures.html'>Ayudas a la movilidad EURES</a></p>
<p style='text-align: justify;'><strong>EURES en redes sociales </strong></p>
<p style='text-align: justify;'>Eures España también está en las redes sociales, en ellas encontrarás contenidos sobre mercado laboral, profesiones específicas y su ejercicio en distintos países, sobre tus Derechos en Europa y sobre el Retorno.</p>
<p style='text-align: justify;'>Síguenos y podrás conocer las últimas noticias y ayudarnos a mejorar con tus comentarios, te escuchamos en:</p>
<ul>
<li style='text-align: justify;'><a href='https://www.instagram.com/EURES_SPAIN/'>Instagram</a></li>
<li style='text-align: justify;'><a href='https://www.tiktok.com/@euresspain'>TikTok</a></li>
<li style='text-align: justify;'>
<div><a href='https://www.facebook.com/EuresSpain?ref=hl'>Facebook</a></div>
</li>
<li style='text-align: justify;'><a href='https://twitter.com/EuresSpain'>X</a></li>
<li style='text-align: justify;'><a href='https://es.linkedin.com/company/euresspain'>LinkedIn</a></li>
<li style='text-align: justify;'><a href='http://euresspain.blogspot.com.es/'>Blog Eures España</a> </li>
</ul><p><strong>Información obtenida de: </strong>EURES. <a href='http://www.sepe.es/redEURES' target='_blank'>http://www.sepe.es/redEURES</a></p><p><strong>Enlaces relacionados:</strong><ul><li><a href='https://www.sepe.es/HomeSepe/encontrar-trabajo/empleo-europa/tu-primer-empleo-eures.html' target='_blank'>Ayudas a la movilidad Eures</a></li><li><a href='https://eures.europa.eu/index_es' target='_blank'>Portal Eures de la Comisión</a></li><li><a href='https://www.sepe.es/HomeSepe/encontrar-trabajo/empleo-europa' target='_blank'>Portal Eures del SEPE</a></li></ul></p><p>Información procedente de: <a href='https://servicios3.jcyl.es/enbo/siau/webapp/boletinEmpleoCyL/boletin/bStDb0cyQ0V1UHJlb2M0cEhJY1JscG9kUlNkMlloVHJVTUFjVTdqeUdMOD0%3D/EMPLEO-EURES/144250' target='_blank'><strong>Boletín de Empleo de Castilla y León (Ecyl)</strong>.</a></p>";Europa;Red EURES;;;;;;1285641047111;2026-05-20;https://empleo.jcyl.es/web/jcyl/Empleo/es/Plantilla100Detalle/1284216458054/OfertasEmpleo/1285641047111/Empleo;
ENFERMEROS DE CUIDADOS GENERALES;Zamora;2026-05-20;"<p>Oferta Núm 10304 de ENFERMERO/A para VILLARALBO (Zamora).
Los interesados/as deben enviar su CV a (ecyldoctorfleming.ofertas@jcyl.es) indicando en el asunto el Núm. de la oferta.
FUNCIONES: Las propias de la profesión
CONDICIONES: Laboral indefinido a jornada completa. 
REQUISITOS: Grado en Enfermería.</p><p>Para más información acuda a <a href='http://empleocastillayleon.jcyl.es/oficinavirtual/buscoEmpleoPub.do?srvc=ver&scope=reg&cod=385120'>Oficina Virtual</a></p>";;ECYL;1179469486911;Villaralbo;41.492573;-5.680964;49;1285641113411;2026-06-19;https://empleo.jcyl.es/web/jcyl/Empleo/es/Plantilla100Detalle/1284216458054/OfertasEmpleo/1285641113411/Empleo;41.492573, -5.680964
MÉDICOS, MEDICINA GENERAL;León;2026-05-19;<p>OFERTA 10161. Médico/a para residencia de ancianos en León. Contrato indefinido, jornada completa. Interesados contactar con oficina de empleo León Centro. C/ Ramón y Cajal 14, tfno. 987 24 95 30.</p><p>Para más información acuda a <a href='http://empleocastillayleon.jcyl.es/oficinavirtual/buscoEmpleoPub.do?srvc=ver&scope=reg&cod=384977'>Oficina Virtual</a></p>;;ECYL;1179297860755;León;42.59873;-5.5670958;24;1285640713978;2026-05-19;https://empleo.jcyl.es/web/jcyl/Empleo/es/Plantilla100Detalle/1284216458054/OfertasEmpleo/1285640713978/Empleo;42.59873, -5.5670958
FISIOTERAPEUTAS, EN GENERAL;Zamora;2026-05-19;"<p>Oferta Núm 10128 de FISIOTERAPEUTA para MONTAMARTA (Zamora).
Los interesados/as deben enviar su CV a (ecyldoctorfleming.ofertas@jcyl.es) indicando en el asunto el Núm. de la oferta.
FUNCIONES: Las propias de la profesión
CONDICIONES: Laboral temporal a jornada semanal de 5 horas, horario flexible. 
REQUISITOS: Grado en Fisioterapia.</p><p>Para más información acuda a <a href='http://empleocastillayleon.jcyl.es/oficinavirtual/buscoEmpleoPub.do?srvc=ver&scope=reg&cod=384944'>Oficina Virtual</a></p>";;ECYL;1179469397778;Montamarta;41.6479;-5.805062;49;1285640580510;2026-06-19;https://empleo.jcyl.es/web/jcyl/Empleo/es/Plantilla100Detalle/1284216458054/OfertasEmpleo/1285640580510/Empleo;41.6479, -5.805062
MÉDICOS ESPECIALISTAS EN GERIATRÍA;León;2026-05-18;"<p>SE NECESITA CUBRIR 1 PUESTO DE MÉDICO PARA RESIDENCIA DE MAYORES EN BEMBIBRE
SE OFRECE: CONTRATO INDEFINIDO A JORNADA PARCIAL
SE REQUIERE: FORMACIÓN UNIVERSITARIA DE TERAPEUTA OCUPACIONAL
PERSONAS INTERESADAS CONTACTAR CON LA OFICINA DE EMPLEO DE BEMBIBRE (987511461) EN HORARIO DE 9:00 A 14:00 HORAS INDICADO OFERTA Nº 10039</p><p>Para más información acuda a <a href='http://empleocastillayleon.jcyl.es/oficinavirtual/buscoEmpleoPub.do?srvc=ver&scope=reg&cod=384855'>Oficina Virtual</a></p>";;ECYL;1179297775135;Bembibre;42.617176;-6.4186482;24;1285640255439;2026-05-18;https://empleo.jcyl.es/web/jcyl/Empleo/es/Plantilla100Detalle/1284216458054/OfertasEmpleo/1285640255439/Empleo;42.617176, -6.4186482
TERAPEUTAS OCUPACIONALES;León;2026-05-18;"<p>SE NECESITA CUBRIR 1 PUESTO DE TERAPEUTA OCUPACIONAL PARA RESIDENCIA DE MAYORES EN BEMBIBRE
SE OFRECE: CONTRATO INDEFINIDO A JORNADA PARCIAL
SE REQUIERE: FORMACIÓN UNIVERSITARIA DE TERAPEUTA OCUPACIONAL
PERSONAS INTERESADAS CONTACTAR CON LA OFICINA DE EMPLEO DE BEMBIBRE (987511461) EN HORARIO DE 9:00 A 14:00 HORAS INDICADO OFERTA Nº 9953</p><p>Para más información acuda a <a href='http://empleocastillayleon.jcyl.es/oficinavirtual/buscoEmpleoPub.do?srvc=ver&scope=reg&cod=384769'>Oficina Virtual</a></p>";;ECYL;1179297775135;Bembibre;42.617176;-6.4186482;24;1285640211689;2026-05-18;https://empleo.jcyl.es/web/jcyl/Empleo/es/Plantilla100Detalle/1284216458054/OfertasEmpleo/1285640211689/Empleo;42.617176, -6.4186482
TRABAJADORES SOCIALES;León;2026-05-18;<p>Para más información acuda a <a href='http://empleocastillayleon.jcyl.es/oficinavirtual/buscoEmpleoPub.do?srvc=ver&scope=reg&cod=384676'>Oficina Virtual</a></p>;;ECYL;1179297958332;Toreno;42.69927;-6.51315;24;1285640092170;2026-05-18;https://empleo.jcyl.es/web/jcyl/Empleo/es/Plantilla100Detalle/1284216458054/OfertasEmpleo/1285640092170/Empleo;42.69927, -6.51315
COCINEROS, EN GENERAL;Zamora;2026-05-15;"<p>Oferta Núm.9844 COCINERO/A para empresa de Morales del Vino (Zamora).
Los interesados/as deben enviar su CV a (ecyldoctorfleming.ofertas@jcyl.es) indicando en el asunto el Núm. de la oferta.
FUNCIONES: Las propias del puesto de trabajo. Elaboración de desayunos, tapas y menu diario.
CONDICIONES: Contrato temporal con posibilidad de indefinido. Jornada completa.
REQUISITOS: Valorable titulación y experiencia en el puesto.</p><p>Para más información acuda a <a href='http://empleocastillayleon.jcyl.es/oficinavirtual/buscoEmpleoPub.do?srvc=ver&scope=reg&cod=384660'>Oficina Virtual</a></p>";;ECYL;1179469398892;Morales del Vino;41.446526;-5.730482;49;1285639495437;2026-07-16;https://empleo.jcyl.es/web/jcyl/Empleo/es/Plantilla100Detalle/1284216458054/OfertasEmpleo/1285639495437/Empleo;41.446526, -5.730482
FISIOTERAPEUTAS, EN GENERAL;Burgos;2026-05-14;<p>Para más información acuda a <a href='http://empleocastillayleon.jcyl.es/oficinavirtual/buscoEmpleoPub.do?srvc=ver&scope=reg&cod=384554'>Oficina Virtual</a></p>;;ECYL;1179297709418;Villalmanzo;42.0477144509;-3.74148788862;09;1285639173598;2026-08-14;https://empleo.jcyl.es/web/jcyl/Empleo/es/Plantilla100Detalle/1284216458054/OfertasEmpleo/1285639173598/Empleo;42.0477144509, -3.74148788862
CUIDADORES DE PERSONAS CON DISCAPACIDAD Y/O DEPENDENCIA, EN INSTITUCIONES;Zamora;2026-05-14;"<p>Oferta Núm. 9755 DOS CUIDADORES/AS DE PERSONAS CON DISCAPACIDAD Y/O DEPENDENCIA, EN INSTITUCIONES para Morales del Vino (Zamora).
Los interesados/as deben enviar su CV a (ecyldoctorfleming.ofertas@jcyl.es) indicando en el asunto el Núm. de la oferta.
FUNCIONES: Atención a personas con discapacidad intelectual en residencia en todos los apoyos necesarios en el desarrollo de su vida diaria en residencia de Morales del Vino y en vivienda tutelada en Zamora.
CONDICIONES: Contrato temporal. Jornada completa. Horario a turnos.
REQUISITOS: Formación Profesional ó Certificado de Profesionalidad relacionado con la ocupación. Permiso de circulación.</p><p>Para más información acuda a <a href='http://empleocastillayleon.jcyl.es/oficinavirtual/buscoEmpleoPub.do?srvc=ver&scope=reg&cod=384571'>Oficina Virtual</a></p>";;ECYL;1179469398892;Morales del Vino;41.446526;-5.730482;49;1285639171849;2026-07-30;https://empleo.jcyl.es/web/jcyl/Empleo/es/Plantilla100Detalle/1284216458054/OfertasEmpleo/1285639171849/Empleo;41.446526, -5.730482
TERAPEUTAS OCUPACIONALES;León;2026-05-12;<p>Contrato 6 meses con posibilidad de convertir a indefinido, salario según convenio. Jornada parcial 25 horas semanales, horario flexible mañana o tarde.</p><p>Para más información acuda a <a href='http://empleocastillayleon.jcyl.es/oficinavirtual/buscoEmpleoPub.do?srvc=ver&scope=reg&cod=384314'>Oficina Virtual</a></p>;;ECYL;1179298006426;Villablino;42.94157;-6.327653;24;1285638404343;2026-06-23;https://empleo.jcyl.es/web/jcyl/Empleo/es/Plantilla100Detalle/1284216458054/OfertasEmpleo/1285638404343/Empleo;42.94157, -6.327653
ASISTENTES DOMICILIARIOS;Zamora;2026-05-11;"<p>Oferta Núm. 9382 ASISTENTE DOMICILIARIO para Tábara (Zamora).
Los interesados/as deben enviar su CV a (ecyldoctorfleming.ofertas@jcyl.es) indicando en el asunto el Núm. de la oferta.
FUNCIONES: Las propias del puesto de trabajo.
CONDICIONES: Contrato indefinido. Jornada parcial de 17 horas y media semanales de lunes a sábado.
REQUISITOS: Permiso de circulación.</p><p>Para más información acuda a <a href='http://empleocastillayleon.jcyl.es/oficinavirtual/buscoEmpleoPub.do?srvc=ver&scope=reg&cod=384198'>Oficina Virtual</a></p>";;ECYL;1179469471707;Tábara;41.8253;-5.957271;49;1285637975976;2026-07-30;https://empleo.jcyl.es/web/jcyl/Empleo/es/Plantilla100Detalle/1284216458054/OfertasEmpleo/1285637975976/Empleo;41.8253, -5.957271
AUXILIARES DE ENFERMERÍA DE GERIATRÍA;León;2026-05-09;<p>Para más información acuda a <a href='http://empleocastillayleon.jcyl.es/oficinavirtual/buscoEmpleoPub.do?srvc=ver&scope=reg&cod=383839'>Oficina Virtual</a></p>;;ECYL;1179297976155;Valderas;42.0777170736;-5.44227215336;24;1285637783304;2026-06-05;https://empleo.jcyl.es/web/jcyl/Empleo/es/Plantilla100Detalle/1284216458054/OfertasEmpleo/1285637783304/Empleo;42.0777170736, -5.44227215336
TERAPEUTAS OCUPACIONALES;Zamora;2026-05-07;"<p>Oferta Núm.9054 TERAPEUTA OCUPACIONAL para Roelos de Sayago (Zamora)
Los interesados/as deben enviar su CV a (ecyldoctorfleming.ofertas@jcyl.es) indicando en el asunto el Núm. de la oferta.
FUNCIONES: Las propias del puesto de trabajo.
CONDICIONES: Contrato temporal. Jornada parcial. Horario de 08:30 a 13:30.
REQUISITOS: Diplomatura o Grado en Terapia Ocupacional.</p><p>Para más información acuda a <a href='http://empleocastillayleon.jcyl.es/oficinavirtual/buscoEmpleoPub.do?srvc=ver&scope=reg&cod=383870'>Oficina Virtual</a></p>";;ECYL;1179469430825;Roelos de Sayago;41.252712;-6.1724977;49;1285636821315;2026-06-08;https://empleo.jcyl.es/web/jcyl/Empleo/es/Plantilla100Detalle/1284216458054/OfertasEmpleo/1285636821315/Empleo;41.252712, -6.1724977
CONDUCTORES DE CAMIÓN CON REMOLQUE Y/O DE TRACTOCAMIÓN;Zamora;2026-05-07;"<p>Oferta Núm. 9140 CONDUCTOR DE CAMIÓN CON REMOLQUE Y/O TRACTOCAMIÓN para empresa de Zamora.
Los interesados/as deben enviar su CV a (ecyldoctorfleming.ofertas@jcyl.es) indicando en el asunto el Núm. de la oferta.
FUNCIONES: Transporte de mercancia por carretera con camión basculante, realización de cartas de porte.
CONDICIONES: Contrato indefinido a jornada completa.
REQUISITOS: Permiso de conducir trailer C+E.</p><p>Para más información acuda a <a href='http://empleocastillayleon.jcyl.es/oficinavirtual/buscoEmpleoPub.do?srvc=ver&scope=reg&cod=383956'>Oficina Virtual</a></p>";;ECYL;1179469491795;Zamora;41.507324;-5.745313;49;1285636984058;2026-06-08;https://empleo.jcyl.es/web/jcyl/Empleo/es/Plantilla100Detalle/1284216458054/OfertasEmpleo/1285636984058/Empleo;41.507324, -5.745313
Camarero/a para León;León;2026-05-06;"<p><em>El Doblete Pinilla, S.L.</em>, selecciona un/a <strong>CAMARERO/A</strong> para León.</p>
<p><strong>Funciones:</strong></p>
<ul>
<li>Trabajo en establecimientos de hostelería.</li>
</ul>
<p><strong>Requisitos:</strong></p>
<ul>
<li>Estudios mínimos: Sin estudios.</li>
<li>Experiencia mínima: No requerida.</li>
</ul>
<p><strong>Se ofrece:</strong></p>
<ul>
<li>Contrato indefinido.</li>
<li>Jornada indiferente.</li>
<li>Incorporación inmediata.</li>
</ul>
<p><strong>Para solicitar:</strong></p>
<ul>
<li>En el enlace adjunto se puede acceder a la solicitud para el puesto. <strong>Se recuerda que, para poder presentar su candidatura, debe estar inscrito/a en el portal de empleo que publica la oferta.</strong></li>
</ul><p><strong>Información obtenida de: </strong>Internet/Prensa. <a href='https://www.infojobs.net' target='_blank'>https://www.infojobs.net</a></p><p><strong>Enlaces relacionados:</strong><ul><li><a href='https://www.infojobs.net/leon/camarero/of-i5a096303724d3b8b5f53610d4f161d?applicationOrigin=mahout-view-offer%7Cversion%7EITEM_BASED%7Cengine%7EITEM_BASED' target='_blank'>Más información e inscripción a la oferta</a></li></ul></p><p>Información procedente de: <a href='https://servicios3.jcyl.es/enbo/siau/webapp/boletinEmpleoCyL/boletin/bjEvODVkS3FPVnFoOFgxTUZERWVmTE9vUVpNWnB2bDRzek1KY3dxS1BhVT0%3D/EMPLEO-INTERNET-PRENSA/143768' target='_blank'><strong>Boletín de Empleo de Castilla y León (Ecyl)</strong>.</a></p>";;Internet / Prensa;1179297860755;León;42.59873;-5.5670958;24;1285636525301;2026-05-06;https://empleo.jcyl.es/web/jcyl/Empleo/es/Plantilla100Detalle/1284216458054/OfertasEmpleo/1285636525301/Empleo;42.59873, -5.5670958
ENFERMEROS ESPECIALISTAS EN ENFERMERÍA GERIÁTRICA;León;2026-05-05;"<p>SE NECESIA ENFERMERO/A PARA RESIDENCIA DE PERSONAS MAYORES EN PONFERRADA
LABORAL INDEFINIDO A JORNADA COMPLETA.
CONTACTAR O.E DE PONFERRADA, TELF.: 987 410 859 EXT-2</p><p>Para más información acuda a <a href='http://empleocastillayleon.jcyl.es/oficinavirtual/buscoEmpleoPub.do?srvc=ver&scope=reg&cod=380808'>Oficina Virtual</a></p>";;ECYL;1179297888504;Ponferrada;42.549995;-6.598259;24;1285635844022;2026-05-05;https://empleo.jcyl.es/web/jcyl/Empleo/es/Plantilla100Detalle/1284216458054/OfertasEmpleo/1285635844022/Empleo;42.549995, -6.598259
ENFERMEROS DE CUIDADOS GENERALES;Burgos;2026-05-04;"<p>PUESTO SOLICITADO: Enfermero/a en residencia privada
LOCALIDAD: Burgos
REQUISITOS: Titulación correspondiente
SE OFRECE: Contrato indefinido
Jornada parcial (2 horas semanales en fin de semana)</p><p>Para más información acuda a <a href='http://empleocastillayleon.jcyl.es/oficinavirtual/buscoEmpleoPub.do?srvc=ver&scope=reg&cod=383517'>Oficina Virtual</a></p>";;ECYL;1179297447246;Burgos;42.3408235575;-3.70205869083;09;1285635471945;2026-07-23;https://empleo.jcyl.es/web/jcyl/Empleo/es/Plantilla100Detalle/1284216458054/OfertasEmpleo/1285635471945/Empleo;42.3408235575, -3.70205869083
AUXILIARES DE ENFERMERÍA;León;2026-05-03;"<p>OFERTA Nº 8582. SE NECESITA AUXILIAR DE ENFERMERÍA/GEROCULTOR/A PARA RESIDENCIA DE PERSONAS MAYORES EN
TORENO.
CONDICIONES: LABORAL INDEFINIDO A JORNADA COMPLETA. TURNOS DE M/T
REQUISITOS: IMPRESCINDIBLE TÍTULO TÉCNICO CUIDADO AUXILIAR ENFERMERÍA/CERTIFICADO DE PROFESIONALDAD EN ATENCIÓN SOCIOSANITARIA EN INSTITUCIONES SOCIALES.
CONTACTAR O.E DE PONFERRADA, TELF.: 987 410 859 EXT-2</p><p>Para más información acuda a <a href='http://empleocastillayleon.jcyl.es/oficinavirtual/buscoEmpleoPub.do?srvc=ver&scope=reg&cod=383398'>Oficina Virtual</a></p>";;ECYL;1179297958332;Toreno;42.69927;-6.51315;24;1285635288961;2026-05-04;https://empleo.jcyl.es/web/jcyl/Empleo/es/Plantilla100Detalle/1284216458054/OfertasEmpleo/1285635288961/Empleo;42.69927, -6.51315
Oposiciones, bolsas de empleo y pruebas de capacitación profesional en otras CC. AA.;Otra;2026-04-29;"<p>En los siguientes enlaces tienes a tu disposición:</p>
<ul>
<li style='text-align: justify;'>Un documento, en formato PDF, en el que puedes encontrar las últimas oposiciones convocadas, las bolsas de empleo que se ofertan y las pruebas de capacitación profesional, para descargar</li>
<li style='text-align: justify;'>Un buscador de oposiciones, bolsas de empleo y pruebas de capacitación profesional que te puedan interesar en las distintas comunidades autónomas (<em><strong>Selecciona</strong></em> Ámbito geográfico, <em>autonómico</em> &gt; Comunidad autónoma,<em> la que desees,</em> Provincia, <em>la que desees , o utiliza la <strong>Búsqueda avanzada)</strong></em></li>
</ul><p><strong>Información obtenida de: </strong>Empleo público. </p><p><strong>Enlaces relacionados:</strong><ul><li><a href='https://administracion.gob.es/pag_Home/empleoPublico/boletin.html' target='_blank'>Boletín</a></li><li><a href='https://administracion.gob.es/pagFront/empleoBecas/empleo/buscadorEmpleo.htm' target='_blank'>Buscador oposiciones</a></li></ul></p><p>Información procedente de: <a href='https://servicios3.jcyl.es/enbo/siau/webapp/boletinEmpleoCyL/boletin/TW1zQzMxMTBuUk9OVWt2cGhSRWorbVNKdGRCZFJIc0k2Vk92b21FNzNUdz0%3D/EMPLEO-PUBLICO/143572' target='_blank'><strong>Boletín de Empleo de Castilla y León (Ecyl)</strong>.</a></p>";España;Organismo oficial;;;;;;1285634366257;2026-04-29;https://empleo.jcyl.es/web/jcyl/Empleo/es/Plantilla100Detalle/1284216458054/OfertasEmpleo/1285634366257/Empleo;
ASISTENTES DOMICILIARIOS;Zamora;2026-04-21;"<p>Oferta Núm 7974 de AUXILIAR AYUDA A DOMICILIO para MORALEJA DE SAYAGO Y CARBELLINO (Zamora).
Los interesados/as deben enviar su CV a (ecyldoctorfleming.ofertas@jcyl.es) indicando en el asunto el Núm. de la oferta.
FUNCIONES: Ayudar en ingesta, tareas del hogar, ayuda en el aseo, acompañamiento.
CONDICIONES: Contrato indefinido a jornada parcial mañanas de 22 horas 
REQUISITOS: Permiso conducir y vehículo. No es necesario tener formación, pero si valorable.</p><p>Para más información acuda a <a href='http://empleocastillayleon.jcyl.es/oficinavirtual/buscoEmpleoPub.do?srvc=ver&scope=reg&cod=382790'>Oficina Virtual</a></p>";;ECYL;1179469398664;Moraleja de Sayago;41.170494;-6.0024285;49;1285631739680;2026-09-08;https://empleo.jcyl.es/web/jcyl/Empleo/es/Plantilla100Detalle/1284216458054/OfertasEmpleo/1285631739680/Empleo;41.170494, -6.0024285
CHAPISTAS-PINTORES DE VEHÍCULOS;Zamora;2026-04-20;"<p>Oferta Núm 7853 de CHAPISTA DE VEHÍCULOS para MORALES DEL VINO(Zamora).
Los interesados/as deben enviar su CV a (ecyldoctorfleming.ofertas@jcyl.es) indicando en el asunto el Núm. de la oferta.
FUNCIONES: Reparación de chapa y pintado.
CONDICIONES: Contrato indefinido a jornada completa. 
REQUISITOS: Permiso de conducir. Grado medio chapa y pintura. Experiencia 24 meses.</p><p>Para más información acuda a <a href='http://empleocastillayleon.jcyl.es/oficinavirtual/buscoEmpleoPub.do?srvc=ver&scope=reg&cod=382669'>Oficina Virtual</a></p>";;ECYL;1179469398892;Morales del Vino;41.446526;-5.730482;49;1285631247493;2026-09-15;https://empleo.jcyl.es/web/jcyl/Empleo/es/Plantilla100Detalle/1284216458054/OfertasEmpleo/1285631247493/Empleo;41.446526, -5.730482
ASISTENTES DOMICILIARIOS;Zamora;2026-04-14;"<p>Oferta Núm 7329 de AUXILIAR AYUDA A DOMICILIO para FONFRIA (Zamora).
Los interesados/as deben enviar su CV a (ecyldoctorfleming.ofertas@jcyl.es) indicando en el asunto el Núm. de la oferta.
FUNCIONES: Ayudar en ingesta, tareas del hogar, ayuda en el aseo, acompañamiento.
CONDICIONES: Contrato temporal a jornada parcial de 39 horas 
REQUISITOS: Permiso conducir y vehículo. No es necesario tener formación, pero si valorable.</p><p>Para más información acuda a <a href='http://empleocastillayleon.jcyl.es/oficinavirtual/buscoEmpleoPub.do?srvc=ver&scope=reg&cod=382145'>Oficina Virtual</a></p>";;ECYL;1179469363785;Fonfría;41.640385;-6.138013;49;1285629158396;2026-07-30;https://empleo.jcyl.es/web/jcyl/Empleo/es/Plantilla100Detalle/1284216458054/OfertasEmpleo/1285629158396/Empleo;41.640385, -6.138013
AUXILIARES DE ENFERMERÍA;Zamora;2026-04-13;"<p>Oferta Núm. 7244 GEROCULTOR/A-AUXILIAR DE ENFERMERÍA para empresa de Fariza de Sayago (Zamora).
Los interesados/as deben enviar su CV a (ecyldoctorfleming.ofertas@jcyl.es) indicando en el asunto el Núm. de la oferta.
FUNCIONES: Tareas propias de Auxiliar de Enfermería /Cuidador en Residencias de personas mayores y con discapacidad física.
CONDICIONES: Contrato indefinido. Jornada completa.
REQUISITOS: Alguna de las siguientes titulaciones: Técnico en Cuidados Auxiliares de Enfermería (TCAE), Atención Sociosanitaria a personas dependientes en Instituciones Sociales. Auxiliar de Clínica en Geriatría. Auxiliar de Enfermería. Certificado Profesionalidad Instituciones. Habilitación excepcional/provisional.</p><p>Para más información acuda a <a href='http://empleocastillayleon.jcyl.es/oficinavirtual/buscoEmpleoPub.do?srvc=ver&scope=reg&cod=382060'>Oficina Virtual</a></p>";;ECYL;1179469359403;Fariza;41.420048;-6.270465;49;1285628708474;2026-07-30;https://empleo.jcyl.es/web/jcyl/Empleo/es/Plantilla100Detalle/1284216458054/OfertasEmpleo/1285628708474/Empleo;41.420048, -6.270465
CUIDADORES DE PERSONAS CON DISCAPACIDAD Y/O DEPENDENCIA, EN INSTITUCIONES;León;2026-04-09;"<p>Nº OFERTA 6560. SE NECESITA GEROCULTOR/A PARA RESIDENCIA DE PERSONAS MAYORES EN VEGA DE VALCARCE (BIERZO).
CONDICIONES: LABORAL INDEFINIDO A JORNADA COMPLETA.
REQUISITOS: TÉCNICO DE CUIDADOS AUXILIARES EN ENFERMERÍA/ATENCIÓN A PERSONAS DEPENDIENTES EN INSTITUCIONES/DEPENDIENTES EN EL DOMICILIO/CERTIFICADO DE PROFESIONALIDAD ATENCIÓN SOCIOSANITARIA EN INSTITUCIONES.
CONTACTAR O.E DE PONFERRADA, TELF.: 987 410 859 EXT-2</p><p>Para más información acuda a <a href='http://empleocastillayleon.jcyl.es/oficinavirtual/buscoEmpleoPub.do?srvc=ver&scope=reg&cod=381376'>Oficina Virtual</a></p>";;ECYL;1179297998989;Vega de Valcarce;42.66409;-6.9454045;24;1285627556968;2026-05-04;https://empleo.jcyl.es/web/jcyl/Empleo/es/Plantilla100Detalle/1284216458054/OfertasEmpleo/1285627556968/Empleo;42.66409, -6.9454045
PEONES GANADEROS, EN GENERAL;Zamora;2026-04-08;"<p>Oferta Núm. 6855 PEÓN GANADERO para empresa de Andavías (Zamora).
Los interesados/as deben enviar su CV a (ecyldoctorfleming.ofertas@jcyl.es) indicando en el asunto el Núm. de la oferta.
FUNCIONES: Manejo diario de ganado en campo abierto, mantenimiento de instalaciones.
CONDICIONES: Contrato temporal a media jornada con horario flexible.
REQUISITOS: Permiso de conducir y vehículo.</p><p>Para más información acuda a <a href='http://empleocastillayleon.jcyl.es/oficinavirtual/buscoEmpleoPub.do?srvc=ver&scope=reg&cod=381671'>Oficina Virtual</a></p>";;ECYL;1179469334384;Andavías;41.59553;-5.859239;49;1285627064677;2026-07-10;https://empleo.jcyl.es/web/jcyl/Empleo/es/Plantilla100Detalle/1284216458054/OfertasEmpleo/1285627064677/Empleo;41.59553, -5.859239
TERAPEUTAS OCUPACIONALES;Zamora;2026-04-07;"<p>Oferta Núm. 6739 de TERAPEUTA OCUPACIONAL para Fermoselle (Zamora).
Los interesados/as deben enviar su CV a (ecyldoctorfleming.ofertas@jcyl.es) indicando en el asunto el Núm. de la oferta.
FUNCIONES: Las propias del puesto de trabajo.
CONDICIONES: Contrato indefinido. Jornada de 14 horas semanales.
REQUISITOS: Diplomatura o Grado en Terapia Ocupaciona.</p><p>Para más información acuda a <a href='http://empleocastillayleon.jcyl.es/oficinavirtual/buscoEmpleoPub.do?srvc=ver&scope=reg&cod=381555'>Oficina Virtual</a></p>";;ECYL;1179469360630;Fermoselle;41.3191222826;-6.39979318979;49;1285626623696;2026-07-30;https://empleo.jcyl.es/web/jcyl/Empleo/es/Plantilla100Detalle/1284216458054/OfertasEmpleo/1285626623696/Empleo;41.3191222826, -6.39979318979
TERAPEUTAS OCUPACIONALES;Zamora;2026-04-07;"<p>Oferta Núm. 6754 TERAPEUTA OCUPACIONAL para Fermoselle (Zamora).
Los interesados/as deben enviar su CV a (ecyldoctorfleming.ofertas@jcyl.es) indicando en el asunto el Núm. de la oferta.
FUNCIONES: Las propias del puesto de trabajo.
CONDICIONES: Contrato indefinido. Jornada parcial de 5 horas semanales.
REQUISITOS: Diplomatura o Grado en Terapia Ocupacional.</p><p>Para más información acuda a <a href='http://empleocastillayleon.jcyl.es/oficinavirtual/buscoEmpleoPub.do?srvc=ver&scope=reg&cod=381570'>Oficina Virtual</a></p>";;ECYL;1179469360630;Fermoselle;41.3191222826;-6.39979318979;49;1285626623731;2026-07-30;https://empleo.jcyl.es/web/jcyl/Empleo/es/Plantilla100Detalle/1284216458054/OfertasEmpleo/1285626623731/Empleo;41.3191222826, -6.39979318979
ENCARGADOS O CAPATACES FORESTALES;Zamora;2026-04-06;"<p>Oferta Núm. 6633 de DOS ENCARGADOS-CAPATACES FORESTALES para Alcañices (Zamora).
Los interesados/as deben enviar su CV a (ecyldoctorfleming.ofertas@jcyl.es) indicando en el asunto el Núm. de la oferta.
FUNCIONES: Recogida de datos en campo mediante aplicaciones móviles, uso de GPS de precisión, desplazamientos dentro de la zona asignada, trabajo en entornos forestales y rurales.
CONDICIONES: Contrato temporal. Jornada completa. 
REQUISITOS: Valorable Ingeniería Foresta, Montes, Agrónomos o similar, Técnico Superior en Gestión Forestal y del Medio Natural. Permiso de circulación B.</p><p>Para más información acuda a <a href='http://empleocastillayleon.jcyl.es/oficinavirtual/buscoEmpleoPub.do?srvc=ver&scope=reg&cod=381449'>Oficina Virtual</a></p>";;ECYL;1179469330041;Alcañices;41.700134;-6.346265;49;1285626144286;2026-08-28;https://empleo.jcyl.es/web/jcyl/Empleo/es/Plantilla100Detalle/1284216458054/OfertasEmpleo/1285626144286/Empleo;41.700134, -6.346265
Soldador/a TIG para Burgos;Burgos;2026-04-01;"<p><em>Adecco INT</em> selecciona un/a<strong> SOLDADOR/A TIG</strong> en Burgos.</p>
<p> </p>
<p><strong>Funciones: </strong></p>
<ul>
<li>Soldadura principalmente TIG en acero inoxidable (1.5 y 2 mm).</li>
<li>Abastecer y preparar materiales y accesorios de soldadura necesarios para el proceso.</li>
<li>Realizar soldaduras interiores, repasar defectos de soldadura láser y soldar accesorios según especificaciones.</li>
<li>Puntear y soldar las tapas traseras, incluyendo repasos de soldadura CMT robotizada y soldadura manual en piezas que lo requieran.</li>
<li>Cumplir con los estándares de calidad ISO 3834, completando la formación y homologaciones internas antes de la producción directa.</li>
</ul>
<p> </p>
<p><strong>Requisitos:</strong></p>
<ul>
<li>Formación Profesional Grado Superior o Ciclo formativo de Grado Medio en soldadura o áreas similares.</li>
<li>Experiencia en soldadura TIG y MIG.</li>
<li>Conocer el empleo y uso de las diversas herramientas mecánicos/as del puesto (Rotaflex, pistolas de pernos) así como usar siempre de forma constante los EPIS.</li>
<li>Incorporación inmediata.</li>
<li>Residencia en la provincia de Burgos o alrededores.</li>
</ul>
<p> </p>
<p><strong>Se ofrece:</strong></p>
<ul>
<li>Contrato indefinido directamente por empresa.</li>
<li>Jornada completa de lunes a viernes en turnos rotativos mañana y tarde.</li>
<li>Salario competitivo: 24.000euros - 27.000euros Bruto/año.</li>
</ul>
<p> </p>
<p><strong>Para solicitar: </strong>En el enlace adjunto se puede acceder a la solicitud del puesto.<strong> Se recuerda que para presentar su candidatura, debe estar inscrito/a en el portal que publica la oferta.</strong></p>
<p> </p>
<p> </p><p><strong>Información obtenida de: </strong>Internet/Prensa. <a href='https://www.infojobs.net' target='_blank'>https://www.infojobs.net</a></p><p><strong>Enlaces relacionados:</strong><ul><li><a href='https://www.infojobs.net/burgos/soldador-tig/of-i81b93e68c14564a2ba83c997c94733?applicationOrigin=search-new&page=1&sortBy=PUBLICATION_DATE' target='_blank'>Más información</a></li></ul></p><p>Información procedente de: <a href='https://servicios3.jcyl.es/enbo/siau/webapp/boletinEmpleoCyL/boletin/em5yd2U2Mnpoa2FLSzBRT051aG5zeFBTTnE2dTdaRi9CV2plQkNRUWZjND0%3D/EMPLEO-INTERNET-PRENSA/141549' target='_blank'><strong>Boletín de Empleo de Castilla y León (Ecyl)</strong>.</a></p>";;Internet / Prensa;;;;;;1285625266787;2026-04-01;https://empleo.jcyl.es/web/jcyl/Empleo/es/Plantilla100Detalle/1284216458054/OfertasEmpleo/1285625266787/Empleo;
Administrativo/a- soporte a Comercial en Metrología para Burgos;Burgos;2026-04-01;"<p><em> Teciman Outsourcing</em> selecciona un/a<strong> ADMINISTRATIVO/A -SOPORTE A COMERCIAL</strong> <strong>EN METROLOGÍA</strong> para Burgos. </p>
<p><strong>Funciones:</strong></p>
<ul>
<li>Dar soporte al equipo comercial de Téciman Metrología (servicios y soluciones en Metrología 3D).</li>
<li>Elaboración de ofertas técnico-económicas y gestión del CRM.</li>
<li>Gestión de plataformas de clientes. Asistencia a clientes, gestión de consultas, gestión de tickets.</li>
<li>Trabajar en la optimizar los flujos de trabajo comerciales, asegurando un uso correcto y estratégico del CRM, BITRIX. Optimizar el uso de las herramientas. Revisar, depurar y asegurar que todos los registros se actualicen correctamente.</li>
<li>Gestión de las ofertas periódicas de mantenimiento.</li>
<li>Colaborar en la planificación del plan de mantenimiento y calibración anual de los clientes.</li>
<li>Actualizar y mantener listas de precios de proveedores.</li>
<li>Soporte a operaciones de Téciman Metrología (recopilación de información y elaboración de informes).</li>
<li>Realizar tareas de administración como gestión de cobros, colaborar en la previsión de tesorería, colaboración en el seguimiento de presupuestos anuales por líneas de negocio.</li>
</ul>
<p><strong>Requisitos:</strong></p>
<ul>
<li>
<p style='display: inline !important;'>Grado Medio/Superior en Administración, Secretariado o similar.</p>
</li>
<li>
<p style='display: inline !important;'>Experiencia laboral de 2 años en entornos comerciales y gestión de CRM; Bitrix 24, Salesforce.</p>
</li>
<li>
<p style='display: inline !important;'>Proactividad, organización, multitarea, trato impecable, confidencialidad, orientación a cliente interno/externo.</p>
</li>
<li>
<p style='display: inline !important;'>Proactividad, organización, multitarea, trato impecable, confidencialidad, orientación al cliente interno/externo.</p>
</li>
<li>
<p style='display: inline !important;'>Se valorará experiencia en softwares de facturación y gestión comercial.</p>
</li>
<li>
<p style='display: inline !important;'>Manejo avanzado de herramientas Office.</p>
</li>
<li>
<p style='display: inline !important;'>Lugar de trabajo: </p>
Burgos.</li>
<li>Disposición a viajar (también internacional). Viajes puntuales a cliente y ferias.</li>
<li>Idiomas: Inglés B1. Se valorará otros idiomas.</li>
</ul>
<p><strong>Se ofrece:</strong></p>
<ul>
<li>Contrato indefinido.</li>
<li>Proyecto alto valor añadido.</li>
<li>Oportunidades de desarrollo profesional.</li>
<li>Horario: partido, lunes a jueves de 8h a 17:30h y viernes de 7:45h a 14:30h.</li>
<li>Salario: 24.000euros - 25.000euros Bruto/año. </li>
</ul>
<p><strong>Para solicitar: </strong>en el enlace adjunto se puede acceder a la solicitud del puesto. <strong>Se recuerda que para presentar candidatura, debe estar inscrito/a en el portal que publica la oferta.</strong></p><p><strong>Información obtenida de: </strong>Internet/Prensa. <a href='https://www.infojobs.net' target='_blank'>https://www.infojobs.net</a></p><p><strong>Enlaces relacionados:</strong><ul><li><a href='https://www.infojobs.net/burgos/administrativo-soporte-comercial-metrologia-m/of-i65b15344b84faea5db86800cac7872?applicationOrigin=search-new&page=1&sortBy=PUBLICATION_DATE' target='_blank'>Más información</a></li></ul></p><p>Información procedente de: <a href='https://servicios3.jcyl.es/enbo/siau/webapp/boletinEmpleoCyL/boletin/em5yd2U2Mnpoa2FLSzBRT051aG5zeFBTTnE2dTdaRi9CV2plQkNRUWZjND0%3D/EMPLEO-INTERNET-PRENSA/141473' target='_blank'><strong>Boletín de Empleo de Castilla y León (Ecyl)</strong>.</a></p>";;Internet / Prensa;;;;;;1285625266995;2026-04-01;https://empleo.jcyl.es/web/jcyl/Empleo/es/Plantilla100Detalle/1284216458054/OfertasEmpleo/1285625266995/Empleo;
Auxiliar de ayuda a domicilio para Burgos;Burgos;2026-04-01;"<p><em>Caser Residencial</em> selecciona un/a<strong> AUXILIAR DE AYUDA A DOMICILIO</strong> en Burgos.</p>
<p> </p>
<p><strong>Requisitos:</strong></p>
<ul>
<li>FPGS Técnico en Cuidados Auxiliares de Enfermería.</li>
<li>FPGS Técnico en Atención a Personas en Situación de Dependencia (Técnico de Atención Sociosanitaria).</li>
<li>Certificado de Profesionalidad de Atención Sociosanitaria a Personas Dependientes en Instituciones Sociales.</li>
<li>Certificado de Profesionalidad de Atención Sociosanitaria a Personas en el Domicilio (Certificado de Profesionalidad de la ocupación de auxiliar de ayuda a domicilio).</li>
<li>Valorable: Formación específica en geriatría. Experiencia previa en una posición similar.</li>
</ul>
<p><strong> Funciones:</strong></p>
<ul>
<li>Atención personal (aseo e higiene personal, cuidados básicos usuarios incontinentes).</li>
<li>Atención en el domicilio (mantenimiento general del hogar con usuarios dependientes y apoyo en la preparación de alimentos).</li>
<li>Apoyo familiar y del entorno (acompañamiento, realización y acompañamiento de gestiones fuera del domicilio, estimulación y hábitos saludables y entretenimiento).</li>
</ul>
<p><strong>Se ofrece:</strong></p>
<ul>
<li>Contrato temporal.</li>
<li>Disponibilidad a convenir en función de la disponibilidad del candidato/a.</li>
<li>Servicio de 4 horas a la semana con posibilidad de unir con otros en la zona.</li>
<li>Horario a convenir.</li>
<li>Salario competitivo.</li>
</ul>
<p> </p>
<p><strong>Para solicitar: </strong>en el enlace adjunto se puede acceder a la solicitud para el puesto. <strong>Se recuerda que para presentar candidatura, debe estar inscrito/a en el portal que publica la oferta.</strong></p><p><strong>Información obtenida de: </strong>Internet/Prensa. <a href='https://www.infojobs.net' target='_blank'>https://www.infojobs.net</a></p><p><strong>Enlaces relacionados:</strong><ul><li><a href='https://www.infojobs.net/burgos/auxiliar-ayuda-domicilio-burgos/of-iad605666804a91860e246c35da60bf?applicationOrigin=search-new&page=1&sortBy=PUBLICATION_DATE' target='_blank'>Más información</a></li></ul></p><p>Información procedente de: <a href='https://servicios3.jcyl.es/enbo/siau/webapp/boletinEmpleoCyL/boletin/em5yd2U2Mnpoa2FLSzBRT051aG5zeFBTTnE2dTdaRi9CV2plQkNRUWZjND0%3D/EMPLEO-INTERNET-PRENSA/141504' target='_blank'><strong>Boletín de Empleo de Castilla y León (Ecyl)</strong>.</a></p>";;Internet / Prensa;;;;;;1285625266971;2026-04-01;https://empleo.jcyl.es/web/jcyl/Empleo/es/Plantilla100Detalle/1284216458054/OfertasEmpleo/1285625266971/Empleo;
Vendedor/a Club del Gourmet para León;León;2026-04-01;"<p><em>El Corte Inglés</em> selecciona un/a <strong>VENDEDOR/A CLUB DEL GOURMET</strong> en León</p>
<p><strong>Funciones:</strong></p>
<ul>
<li>Conocimiento de los productos.</li>
<li>Gestión y tratamiento de la mercancía.</li>
<li>Operativa en el TPV (Cobro al cliente, información sobre promociones, devoluciones, arqueos y demás funciones relacionadas con el puesto).</li>
<li>Mantenimiento de la implantación.</li>
<li>Reposición y mantenimiento de almacenes.</li>
<li>Venta personalizada.</li>
</ul>
<p><strong>Requisitos:</strong></p>
<ul>
<li>Habilidades de comunicación.</li>
<li>Vocación comercial.</li>
<li>Valorable experiencia en charcutería.</li>
</ul>
<p><strong>Se ofrece:</strong></p>
<ul>
<li>Jornada completa.</li>
<li>Contrato de duración determinada, con posibilidad de contar contigo en futuras ocasiones. </li>
<li>
<p style='display: inline !important;'>Descuentos exclusivos y opciones de financiación. </p>
</li>
<li>Seguro de vida. </li>
<li>Universidad Corporativa.</li>
<li>Formación continua para el desarrollo profesional. </li>
<li>Ayudas al estudio para hijos e hijas de empleados.</li>
<li>Servicio Médico propio. </li>
<li>Plan de retribución flexible.</li>
</ul>
<p><strong>Para solicitar:</strong></p>
<ul>
<li>En el enlace adjunto se puede acceder a la solicitud para el puesto. <strong>Se recuerda que, para poder presentar su candidatura, debe estar inscrito/a en el portal de empleo que publica la oferta.</strong></li>
</ul>
<p> </p>
<p> </p>
<p> </p><p><strong>Información obtenida de: </strong>Internet/Prensa. <a href='https://wd3.myworkdaysite.com/es/recruiting/elcorteingles/' target='_blank'>https://wd3.myworkdaysite.com/es/recruiting/elc...</a></p><p>Información procedente de: <a href='https://servicios3.jcyl.es/enbo/siau/webapp/boletinEmpleoCyL/boletin/em5yd2U2Mnpoa2FLSzBRT051aG5zeFBTTnE2dTdaRi9CV2plQkNRUWZjND0%3D/EMPLEO-INTERNET-PRENSA/141551' target='_blank'><strong>Boletín de Empleo de Castilla y León (Ecyl)</strong>.</a></p>";;Internet / Prensa;1179297860755;León;42.59873;-5.5670958;24;1285625266919;2026-04-01;https://empleo.jcyl.es/web/jcyl/Empleo/es/Plantilla100Detalle/1284216458054/OfertasEmpleo/1285625266919/Empleo;42.59873, -5.5670958
Arquitecto/a técnico/a para León;León;2026-04-01;"<p><em>Arquidolmark, SL </em>selecciona un/a <strong>ARQUITECTO/A TÉCNICO/A</strong> en León.</p>
<p><strong>Funciones:</strong></p>
<ul>
<li>Realización, colaboración, cálculo y redacción de documentación propia del proyecto arquitectónico: memorias, justificaciones del CTE, pliegos de condiciones, plan básico de seguridad y salud, plan de control de calidad, presupuestos y mediciones.</li>
</ul>
<p><strong>Requisitos:</strong></p>
<ul>
<li>Estudios mínimos: Ingeniería Técnica.</li>
<li>experiencia: Al menos de 3 años.</li>
<li>Se valoran conocimientos técnicos para la redacción de informes, certificados, inspecciones técnicas de edificios (ITE), certificaciones de eficiencia energéticas (CEE), así como habilidades para gestiones en Ayuntamientos y organismos oficiales para obtención de consultas, licencias y permisos.</li>
<li>Office, AutoCAD, CYPE, así como programas de dibujo, diseño y cálculo para proyectos arquitectónicos.</li>
</ul>
<p><strong>Se ofrece:</strong></p>
<ul>
<li>Contrato indefinido.</li>
<li>Jornada continua / completa.</li>
<li>Horario de lunes a jueves, de 09:00 horas a 14:00 horas y de 16:00 horas a 19:30 horas; viernes, de 09:00 horas a 15:00 horas.</li>
<li>Salario acorde a tu propuesta de valor.</li>
</ul>
<p><strong>Para solicitar:</strong></p>
<ul>
<li>En el enlace adjunto se puede acceder a la solicitud para el puesto. <strong>Se recuerda que, para poder presentar su candidatura, debe estar inscrito en el portal de empleo que publica la oferta.</strong></li>
</ul><p><strong>Información obtenida de: </strong>Internet/Prensa. <a href='https://www.infojobs.net' target='_blank'>https://www.infojobs.net</a></p><p><strong>Enlaces relacionados:</strong><ul><li><a href='https://www.infojobs.net/leon/arquitecto-arquitecto-tecnico/of-i64c822797041ee8f5fe8dea05a414a?applicationOrigin=search-new&page=1&sortBy=PUBLICATION_DATE' target='_blank'>Más información e inscripción a la oferta</a></li></ul></p><p>Información procedente de: <a href='https://servicios3.jcyl.es/enbo/siau/webapp/boletinEmpleoCyL/boletin/em5yd2U2Mnpoa2FLSzBRT051aG5zeFBTTnE2dTdaRi9CV2plQkNRUWZjND0%3D/EMPLEO-INTERNET-PRENSA/141550' target='_blank'><strong>Boletín de Empleo de Castilla y León (Ecyl)</strong>.</a></p>";;Internet / Prensa;1179297860755;León;42.59873;-5.5670958;24;1285625267101;2026-04-01;https://empleo.jcyl.es/web/jcyl/Empleo/es/Plantilla100Detalle/1284216458054/OfertasEmpleo/1285625267101/Empleo;42.59873, -5.5670958
4 Electricista para León;León;2026-04-01;"<p><em>Sea soluciones León, SL.</em> selecciona <strong>4 ELECTRICISTAS</strong> para León.</p>
<p><strong>Funciones:</strong></p>
<ul>
<li>Realizar instalaciones eléctricas, reparaciones y mantenimiento de sistemas eléctricos de baja tensión.</li>
<li>Realizar el tendido de cables, instalación de paneles eléctricos, enchufes y otros componentes.</li>
<li>Instalar y mantener sistemas de automatización y control eléctrico.</li>
<li>Utilizar herramientas especializadas para llevar a cabo tareas eléctricas de manera eficiente y segura.</li>
<li>Estar capacitado/a y cómodo/a trabajando en alturas utilizando equipos de seguridad adecuados.</li>
<li>Diagnosticar y resolver problemas en sistemas eléctricos, realizando ajustes y reparaciones cuando sea necesario.</li>
<li>Instalar y configurar diversos equipos eléctricos y electrotécnicos.</li>
<li>Realizar trabajos de instalación y mantenimiento en instalaciones eléctricas de edificios.</li>
<li>Realizar el mantenimiento preventivo y correctivo de los equipos eléctricos.</li>
</ul>
<p><br><strong>Requisitos:</strong></p>
<ul>
<li>Formación: Título de Técnico/a en Electricidad o similar.</li>
<li>Experiencia: Al menos 2 años de experiencia previa como Electricista en el sector.</li>
<li>Conocimientos: Sólidos conocimientos en electricidad, instalaciones eléctricas, automatismos eléctricos, herramientas eléctricas y baja tensión eléctrica.</li>
<li>Habilidades: Capacidad para trabajar en equipo, resolución de problemas, atención al detalle y compromiso con la seguridad.</li>
</ul>
<p><strong>Se ofrece:</strong></p>
<ul>
<li>Contrato indefinido.</li>
<li>Jornada completa.</li>
<li>Salario: 24.000euros - 33.000euros Bruto/año.</li>
<li>Un entorno de trabajo desafiante y oportunidades de desarrollo profesional.</li>
</ul>
<p><strong>Para solicitar:</strong></p>
<ul>
<li>En el enlace adjunto se puede acceder a la solicitud para el puesto. <strong>Se recuerda que, para poder presentar su candidatura, debe estar inscrito en el portal de empleo que publica la oferta.</strong></li>
</ul>
<p> </p><p><strong>Información obtenida de: </strong>Internet/Prensa. <a href='https://www.infojobs.net' target='_blank'>https://www.infojobs.net</a></p><p><strong>Enlaces relacionados:</strong><ul><li><a href='https://www.infojobs.net/leon/electricista/of-ibf2a20785542e4a5883311185e46e3?applicationOrigin=search-new&page=1&sortBy=PUBLICATION_DATE' target='_blank'>Más información e inscripción a la oferta</a></li></ul></p><p>Información procedente de: <a href='https://servicios3.jcyl.es/enbo/siau/webapp/boletinEmpleoCyL/boletin/em5yd2U2Mnpoa2FLSzBRT051aG5zeFBTTnE2dTdaRi9CV2plQkNRUWZjND0%3D/EMPLEO-INTERNET-PRENSA/141548' target='_blank'><strong>Boletín de Empleo de Castilla y León (Ecyl)</strong>.</a></p>";;Internet / Prensa;1179297860755;León;42.59873;-5.5670958;24;1285625266945;2026-04-01;https://empleo.jcyl.es/web/jcyl/Empleo/es/Plantilla100Detalle/1284216458054/OfertasEmpleo/1285625266945/Empleo;42.59873, -5.5670958
Empleo privado en otras Comunidades Autónomas;Otra;2026-04-01;"Información actualizada a 01 de abril de 2026<p/><p style='text-align: justify;'>En los enlaces que figuran más abajo aparece una relación de ofertas difundidas en las páginas Web de los Servicios Públicos de Empleo de varias Comunidades Autónomas. </p>
<p style='text-align: justify;'>En algunas de las ofertas no aparece la manera de presentar la candidatura, aunque sí figura la Oficina de Empleo que las gestiona; para esos casos se recomienda localizar los datos de contacto de la Oficina en el enlace que se facilita más abajo.</p><p><strong>Información obtenida de: </strong>Internet/Prensa. <a href='http://www.sistemanacionalempleo.es' target='_blank'>http://www.sistemanacionalempleo.es</a></p><p><strong>Enlaces relacionados:</strong><ul><li><a href='https://www.sistemanacionalempleo.es/SNE_ListadoOfertasDifusionWEB/consultarOfertas.do?frame=NO&anularCompFlujo=true' target='_blank'>Ofertas</a></li><li><a href='https://www.sepe.es/HomeSepe/que-es-el-sepe/que-es-el-sepe/Red-de-oficinas.html' target='_blank'>Directorio de Oficinas de Empleo</a></li></ul></p><p>Información procedente de: <a href='https://servicios3.jcyl.es/enbo/siau/webapp/boletinEmpleoCyL/boletin/em5yd2U2Mnpoa2FLSzBRT051aG5zeFBTTnE2dTdaRi9CV2plQkNRUWZjND0%3D/EMPLEO-INTERNET-PRENSA/141714' target='_blank'><strong>Boletín de Empleo de Castilla y León (Ecyl)</strong>.</a></p>";España;Internet / Prensa;;;;;;1285625266839;2026-04-01;https://empleo.jcyl.es/web/jcyl/Empleo/es/Plantilla100Detalle/1284216458054/OfertasEmpleo/1285625266839/Empleo;
Ofertas de empleo en la prensa regional;Otra;2026-04-01;"<p>Para poder consultar las ofertas publicadas en los principales periódicos regionales y provinciales de Castilla y León, clasificadas por provincia y día.</p>
<p style='text-align: justify;'>El Servicio Público de Empleo de Castilla y León no tiene ninguna vinculación con las empresas titulares de las ofertas difundidas, por lo que no se hace responsable de la veracidad del contenido y características de las mismas.</p><p><strong>Información obtenida de: </strong>Internet/Prensa. <a href='https://empleo.jcyl.es' target='_blank'>https://empleo.jcyl.es</a></p><p><strong>Enlaces relacionados:</strong><ul><li><a href='https://empleo.jcyl.es/web/jcyl/Empleo/es/PlantillaBuscadorContenidos/1284326172296/OfertasEmpleo/1284730393895/_?p0=false&p2=OfertasEmpleo&tituloc=true&q=&aceptar=Buscar&idioma=es&paginaID=1284326172296&param1=OfertasEmpleo&param2=1284730393895&param3=&portal=Portal_Empleo%3AEmpleo&sentry=SEntry&p3=Cualquiera&p4=1281372813921' target='_blank'>Buscador ofertas</a></li></ul></p><p>Información procedente de: <a href='https://servicios3.jcyl.es/enbo/siau/webapp/boletinEmpleoCyL/boletin/em5yd2U2Mnpoa2FLSzBRT051aG5zeFBTTnE2dTdaRi9CV2plQkNRUWZjND0%3D/EMPLEO-INTERNET-PRENSA/141713' target='_blank'><strong>Boletín de Empleo de Castilla y León (Ecyl)</strong>.</a></p>";Castilla y León;Internet / Prensa;;;;;;1285625266893;2026-04-01;https://empleo.jcyl.es/web/jcyl/Empleo/es/Plantilla100Detalle/1284216458054/OfertasEmpleo/1285625266893/Empleo;
Paid International Apprenticeship: Contratos de Prácticas y Aprendizaje (Dinamarca);Otra;2026-04-01;"<p style='text-align: justify;'>The international apprenticeship programme in Denmark is designed as an entry level vocational education for those who want to begin a technical career combining education with paid work, gain practical experience and build a solid foundation for a long term future within industry, construction and technology.</p>
<p style='text-align: justify;'>As an apprentice, you will:</p>
<ul style='text-align: justify;'>
<li>Receive a salary during your internships</li>
<li>Be entitled to paid vacation</li>
<li>Study in an international environment</li>
<li>Have access to student accommodation during school periods</li>
</ul>
<p style='text-align: justify;'>Your company c<span style='text-decoration: underline;'><em>overs accommodation costs</em> </span>during school stays (you only pay a small amount for mealsin the weekend).</p>
<p style='text-align: justify;'><span style='text-decoration: underline;'>Duration</span>: 4-year vocational program, officially recognised within the Danish education system and aligned with EU standards.</p>
<p style='text-align: justify;'><span style='text-decoration: underline;'>Deadline for applications</span>: 01. May 2026</p>
<p style='text-align: justify;'><span style='text-decoration: underline;'>Employment start date:</span> 01. August 2026</p>
<p style='text-align: justify;'><span style='text-decoration: underline;'><em>Questions?</em></span> Contact Head of International Staffing, Andrei Maierean by mail <a href='mailto:anma@jks.dk'>anma@jks.dk</a></p>
<p> </p>
<p><strong>Equipment Machinery Mechanic 15 vacant positions</strong></p>
<p>You work with large, advanced machines used in:</p>
<ul>
<li>Construction</li>
<li>Agriculture</li>
<li>Transport</li>
<li>Industrial and green technology sectors</li>
</ul>
<p>Application method Via website: <a href='https://www.jks.dk/jobs/become-a-blacksmith-metal-fabricator-in-denmark-paid-international-apprenticeship-for-eu-students-158911'>Search job</a></p>
<p> </p>
<p><strong>Blacksmith / Metal Fabricator 20 vacant positions</strong></p>
<p>You will learn to:</p>
<p>&bull; Weld using MIG/MAG and TIG methods</p>
<p>&bull; Work with steel, stainless steel and aluminium</p>
<p>&bull; Read and work from technical drawings</p>
<p>&bull; Measure, test and ensure quality and precision</p>
<p>&bull; Cut, form and assemble metal components</p>
<p>&bull; Use workshop machines such as presses, rollers and bending equipment</p>
<p>&bull; Build, install and maintain metal structures</p>
<p>&bull; Apply mathematics and physics in practical craftsmanship</p>
<p>Application method Via website: <a href='https://www.jks.dk/jobs/become-a-blacksmith-metal-fabricator-in-denmark-paid-international-apprenticeship-for-eu-students-158911'>Search job</a></p>
<p> </p>
<p><strong>Automation Technician - 20 vacant positions</strong></p>
<p>You will learn to:</p>
<p>&bull; Operate, troubleshoot and maintain automated production systems</p>
<p>&bull; Program and optimise automation and robotics</p>
<p>&bull; Work with electronics, hydraulics and pneumatics</p>
<p>&bull; Ensure safety, quality and efficiency in industrial production</p>
<p>&bull; Apply mathematics and physics in real technical solutions</p>
<p>Application method Via website: <a href='https://www.jks.dk/jobs/become-an-automation-technician-in-denmark-paid-international-apprenticeship-for-eu-students-158856'>Search job</a></p>
<p> </p>
<p><strong>Industrial Technician - 20 vacant positions</strong></p>
<p>You will learn to:</p>
<ul>
<li>Set up, operate and program CNC milling and turning machines</li>
<li>Work with metal and plastic processing and high-precision components</li>
<li>Read and create technical drawings (CAD/CAM)</li>
<li>Perform measurement, testing and quality control</li>
<li>Understand materials, machining processes and machine maintenance</li>
<li>Apply mathematics and physics in practical production solutions</li>
<li>Gain insight into automation and modern production methods</li>
</ul>
<p>Application method Via website: <a href='https://www.jks.dk/jobs/become-an-industrial-technician-in-denmark-paid-international-apprenticeship-for-eu-students-158899'>Search job</a></p><p><strong>Información obtenida de: </strong>EURES. <a href='http://www.sepe.es/redEURES' target='_blank'>http://www.sepe.es/redEURES</a></p><p><strong>Enlaces relacionados:</strong><ul><li><a href='https://servicios3.jcyl.es/enbo/siau/contenido/MXhkZXI0Zys2RGRSVHIrT2RBOTZwVkp4WGdPUllMVmJ2dHFNbC9YbENjRT0%3D' target='_blank'>Blacksmith / Metal Fabricator</a></li><li><a href='https://servicios3.jcyl.es/enbo/siau/contenido/MEVnY2NQZGpTcmlSWVJPWVM2dkZjandsaVR6UTUvdzlJYjN2ckRhV24xVT0%3D' target='_blank'>Automation Technician</a></li><li><a href='https://servicios3.jcyl.es/enbo/siau/contenido/YTFtNWFUNmY5em5MM1dsa2w5Wng2Tm5hb1dYOTNia1loVjljK3BTUHl5VT0%3D' target='_blank'>Equipment Machinery Mechanic </a></li><li><a href='https://servicios3.jcyl.es/enbo/siau/contenido/NXB2Y2ZmUkdDTTB5alZ4ODk2NnRINVNGSHAva0hCY3BoTVdtZi9EajEydz0%3D' target='_blank'>Industrial tecnician</a></li><li><a href='https://www.sepe.es/HomeSepe/encontrar-trabajo/empleo-europa/Ofertas-empleo-destacadas-informacion-paises/empleo-dinamarca.html' target='_blank'>Más ofertas en Dinamarca</a></li></ul></p><p>Información procedente de: <a href='https://servicios3.jcyl.es/enbo/siau/webapp/boletinEmpleoCyL/boletin/em5yd2U2Mnpoa2FLSzBRT051aG5zeFBTTnE2dTdaRi9CV2plQkNRUWZjND0%3D/EMPLEO-EURES/141488' target='_blank'><strong>Boletín de Empleo de Castilla y León (Ecyl)</strong>.</a></p>";Europa;Red EURES;;;;;;1285625266317;2026-04-01;https://empleo.jcyl.es/web/jcyl/Empleo/es/Plantilla100Detalle/1284216458054/OfertasEmpleo/1285625266317/Empleo;
Enfermero/a para Zamora;Zamora;2026-04-01;"<p><em>Grupo Recoletas</em> busca un/a <strong>ENFERMERO/A</strong> para su hospital en Zamora.</p>
<p><strong>Funciones:</strong></p>
<ul>
<li>Enfermería.</li>
<li>Hospitalización.</li>
<li>Cura de heridas.</li>
<li>Atención a mayores dependientes.</li>
<li>Emergencias.</li>
<li>Gestión de pacientes.</li>
</ul>
<p><strong>Requisitos:</strong></p>
<ul>
<li>Grado en enfermería.</li>
<li>Al menos un año de experiencia.</li>
</ul>
<p><strong>Se ofrece:</strong></p>
<ul>
<li>Contrato indefinido.</li>
<li>Jornada completa.</li>
</ul>
<p><strong>Para solicitar:</strong></p>
<ul>
<li> En el enlace adjunto se puede acceder a la solicitud para el puesto. <strong>Se recuerda que para presentar su candidatura, deberá estar inscrito/a en el portal que publica la oferta.</strong></li>
</ul><p><strong>Información obtenida de: </strong>Internet/Prensa. <a href='https://www.infojobs.net/' target='_blank'>https://www.infojobs.net/</a></p><p><strong>Enlaces relacionados:</strong><ul><li><a href='https://www.infojobs.net/zamora/enfermero/of-i448aad0f494b3186381d17fc4825d6?applicationOrigin=search-new&page=1&sortBy=PUBLICATION_DATE' target='_blank'>Mas información e inscripción en la oferta</a></li></ul></p><p>Información procedente de: <a href='https://servicios3.jcyl.es/enbo/siau/webapp/boletinEmpleoCyL/boletin/em5yd2U2Mnpoa2FLSzBRT051aG5zeFBTTnE2dTdaRi9CV2plQkNRUWZjND0%3D/EMPLEO-INTERNET-PRENSA/141527' target='_blank'><strong>Boletín de Empleo de Castilla y León (Ecyl)</strong>.</a></p>";;Internet / Prensa;1179469491795;Zamora;41.507324;-5.745313;49;1285625267155;2026-04-01;https://empleo.jcyl.es/web/jcyl/Empleo/es/Plantilla100Detalle/1284216458054/OfertasEmpleo/1285625267155/Empleo;41.507324, -5.745313
Auxiliar de cajas/reposición para Zamora;Zamora;2026-04-01;"<p><em>Carrefour</em> busca <strong>AUXILIARES DE CAJAS/REPOSICIÓN</strong> para Zamora.</p>
<p><strong>Funciones:</strong></p>
<ul>
<li>Aportar la ayuda a clientes.</li>
<li>Mantenimiento de la imagen de la tienda.</li>
<li>Organización del almacén.</li>
<li>Cobro en caja.</li>
<li>Reposición de productos.</li>
</ul>
<p><strong>Requisitos:</strong></p>
<ul>
<li>Educación Secundaria Obligatoria (formación mínima requerida).</li>
<li>Habilidades: orientación al cliente, trabajo en equipo, proactividad.</li>
</ul>
<p><strong>Se ofrece:</strong></p>
<ul>
<li>Media jornada.</li>
<li>Formación continua para desarrollarte profesionalmente.</li>
<li>Descuentos en productos.</li>
</ul>
<p><strong>Para solicitar:</strong></p>
<ul>
<li>En el enlace adjunto se puede acceder a la solicitud para el puesto<strong>. Se recuerda que para presentar su candidatura, deberá estar inscrito/a en el portal que publica la oferta.</strong></li>
</ul>
<p> </p><p><strong>Información obtenida de: </strong>Internet/Prensa. <a href='https://es.indeed.com/' target='_blank'>https://es.indeed.com/</a></p><p><strong>Enlaces relacionados:</strong><ul><li><a href='https://es.indeed.com/viewjob?jk=18edda080e7341a3&from=shareddesktop_copy' target='_blank'>Mas información e inscripción en la oferta</a></li></ul></p><p>Información procedente de: <a href='https://servicios3.jcyl.es/enbo/siau/webapp/boletinEmpleoCyL/boletin/em5yd2U2Mnpoa2FLSzBRT051aG5zeFBTTnE2dTdaRi9CV2plQkNRUWZjND0%3D/EMPLEO-INTERNET-PRENSA/141535' target='_blank'><strong>Boletín de Empleo de Castilla y León (Ecyl)</strong>.</a></p>";;Internet / Prensa;1179469491795;Zamora;41.507324;-5.745313;49;1285625267075;2026-04-01;https://empleo.jcyl.es/web/jcyl/Empleo/es/Plantilla100Detalle/1284216458054/OfertasEmpleo/1285625267075/Empleo;41.507324, -5.745313
