CURSO ACADÉMICO;CÓDIGO;C.SITUACIÓN;SITUACIÓN;C.NATURALEZA;NATURALEZA;C.DENOMINACIÓN GENÉRICA;DENOMINACIÓN GENÉRICA;DENOMINACIÓN GENÉRICA BREVE;DENOMINACIÓN ESPECÍFICA;C.VÍA;VÍA;NOMBRE DE LA VÍA;NÚMERO;NÚMERO(EXT);PISO;PISO(EXT);ESCALERA;LETRA;C.PROV;C.MUNI;C.LOCA;PROVINCIA;MUNICIPIO;LOCALIDAD;C.POSTAL;TELÉFONO;FAX;LETRA;CORREO ELECTRÓNICO;WEB;COORD. LONGITUD;COORD. LATITUD;C.R.A;INTERNADO;CONCIERTO;JORNADA CONTINUA;COMEDOR;TRANSPORTE;Localización
2026;05000749;A;ALTA;1;PÚBLICO;14;COLEGIO DE EDUCACION INFANTIL Y PRIMARIA;CEIP;CERVANTES;CALLE;CALLE;JESÚS DEL GRAN PODER;12;;;;;;5;19;3;AVILA;ÁVILA;ÁVILA;5003;920221849;920221849;;05000749@educa.jcyl.es;http://cpcervantes.centros.educa.jcyl.es;-4.69544;40.65235;N;N;N;S;S;N;40.65235, -4.69544
2026;05009583;A;ALTA;1;PÚBLICO;14;COLEGIO DE EDUCACION INFANTIL Y PRIMARIA;CEIP;CRA ALTO ALBERCHE;CALLE;CALLE;PILÓN;5;;;;;;5;160;1;AVILA;NAVALOSA;NAVALOSA;5123;920299358;920299358;;05009583@educa.jcyl.es;http://craaltoalberche.centros.educa.jcyl.es/;-4.9331;40.40074;S;N;N;S;N;N;40.40074, -4.9331
2026;05006132;A;ALTA;1;PÚBLICO;14;COLEGIO DE EDUCACION INFANTIL Y PRIMARIA;CEIP;CRA ALTO TIÉTAR;CALLE;CALLE;CAMINO DE LOS PRADOS;;S/N;;;;;5;227;1;AVILA;SANTA MARÍA DEL TIÉTAR;SANTA MARÍA DEL TIÉTAR;5429;918662474;918662474;;05006132@educa.jcyl.es;http://craaltotietar.centros.educa.jcyl.es;-4.55124;40.30658;S;N;N;S;N;N;40.30658, -4.55124
2026;05005875;A;ALTA;1;PÚBLICO;14;COLEGIO DE EDUCACION INFANTIL Y PRIMARIA;CEIP;CRA CAMILO JOSÉ CELA;CALLE;CALLE;ESCUELAS;1;;;;;;5;13;1;AVILA;ARENAL (EL);ARENAL (EL);5416;920375470;920375483;;05005875@educa.jcyl.es;http://cracamilojosecela.centros.educa.jcyl.es;-5.08736;40.26526;S;N;N;S;N;N;40.26526, -5.08736
2026;05005887;A;ALTA;1;PÚBLICO;14;COLEGIO DE EDUCACION INFANTIL Y PRIMARIA;CEIP;CRA EL BARRANCO;PS.;PASEO;DE SAN ESTEBAN;;S/N;;;;;5;207;1;AVILA;SAN ESTEBAN DEL VALLE;SAN ESTEBAN DEL VALLE;5412;920383556;;;05005887@educa.jcyl.es;http://craelbarranco.centros.educa.jcyl.es;-4.98299;40.27561;S;N;N;S;S;N;40.27561, -4.98299
2026;05006053;A;ALTA;1;PÚBLICO;14;COLEGIO DE EDUCACION INFANTIL Y PRIMARIA;CEIP;CRA EL CALVITERO;CALLE;CALLE;BELLOTERA;;S/N;;;;;5;97;2;AVILA;HORCAJADA (LA);HORCAJADA (LA);5695;920364224;;;05006053@educa.jcyl.es;http://craelcalvitero.centros.educa.jcyl.es;-5.46846;40.43422;S;N;N;S;N;N;40.43422, -5.46846
2026;05005930;A;ALTA;1;PÚBLICO;14;COLEGIO DE EDUCACION INFANTIL Y PRIMARIA;CEIP;CRA FUENTEADAJA;CALLE;CALLE;LA SERRADA;1;;;;;;5;135;1;AVILA;MUÑANA;MUÑANA;5540;920231488;920231488;;05005930@educa.jcyl.es;http://crafuenteadaja.centros.educa.jcyl.es;-5.01513;40.5889;S;N;N;S;S;S;40.5889, -5.01513
2026;05006016;A;ALTA;1;PÚBLICO;14;COLEGIO DE EDUCACION INFANTIL Y PRIMARIA;CEIP;CRA LAS TORRES;CALLE;CALLE;CHORRITO;2;;;;;;5;127;1;AVILA;MIJARES;MIJARES;5461;920385212;920385212;;05006016@educa.jcyl.es;http://cralastorres.centros.educa.jcyl.es;-4.83875;40.29681;S;N;N;S;N;N;40.29681, -4.83875
2026;05005966;A;ALTA;1;PÚBLICO;14;COLEGIO DE EDUCACION INFANTIL Y PRIMARIA;CEIP;CRA LOS FRESNOS;AV.;AVENIDA;JOSÉ ANTONIO;30;;;;;;5;76;1;AVILA;FRESNO (EL);FRESNO (EL);5197;920268987;920081542;;05005966@educa.jcyl.es;http://cralosfresnos.centros.educa.jcyl.es;-4.7489;40.61585;S;N;N;S;N;N;40.61585, -4.7489
2026;05006090;A;ALTA;1;PÚBLICO;14;COLEGIO DE EDUCACION INFANTIL Y PRIMARIA;CEIP;CRA MORAÑA BAJA;CALLE;CALLE;LA LARGA;16;;;;;;5;117;1;AVILA;MAMBLAS;MAMBLAS;5298;920321309;920310175;;05006090@educa.jcyl.es;http://cramoranabaja.centros.educa.jcyl.es;-5.0129;41.01862;S;N;N;S;N;N;41.01862, -5.0129
2026;05003571;A;ALTA;1;PÚBLICO;14;COLEGIO DE EDUCACION INFANTIL Y PRIMARIA;CEIP;CRA VALLE AMBLÉS;CALLE;CALLE;PELAYO SAHAGÚN;3;;;;;;5;138;1;AVILA;MUÑOGALINDO;MUÑOGALINDO;5530;920265260;;;05003571@educa.jcyl.es;http://cravalleambles.centros.educa.jcyl.es/;-4.89784;40.60274;S;N;N;S;N;N;40.60274, -4.89784
2026;05001493;A;ALTA;1;PÚBLICO;14;COLEGIO DE EDUCACION INFANTIL Y PRIMARIA;CEIP;DOÑA CONCEPCIÓN ARENAL;AV.;AVENIDA;DE CASTILLA-LEÓN;15;;;;;;5;54;1;AVILA;CASAVIEJA;CASAVIEJA;5450;918678330;;;05001493@educa.jcyl.es;http://ceipdonaconcepcionarenal.centros.educa.jcyl.es;-4.766;40.28114;N;N;N;S;N;N;40.28114, -4.766
2026;05000816;A;ALTA;1;PÚBLICO;14;COLEGIO DE EDUCACION INFANTIL Y PRIMARIA;CEIP;JUAN ARRABAL;CALLE;CALLE;DEL TESO;;S/N;;;;;5;21;1;AVILA;BARCO DE ÁVILA (EL);BARCO DE ÁVILA (EL);5600;920341053;920341053;;05000816@educa.jcyl.es;http://ceipjuanarrabal.centros.educa.jcyl.es/sitio/;-5.52157;40.35701;N;N;N;S;S;S;40.35701, -5.52157
2026;05001535;A;ALTA;1;PÚBLICO;14;COLEGIO DE EDUCACION INFANTIL Y PRIMARIA;CEIP;MORENO ESPINOSA;AV.;AVENIDA;DE LA CONSTITUCIÓN;64;;;;;;5;57;1;AVILA;CEBREROS;CEBREROS;5260;918630289;918630289;;05001535@educa.jcyl.es;http://ceipmorenoespinosa.centros.educa.jcyl.es;-4.46481;40.45794;N;N;N;S;N;N;40.45794, -4.46481
2026;05000521;A;ALTA;1;PÚBLICO;14;COLEGIO DE EDUCACION INFANTIL Y PRIMARIA;CEIP;REINA FABIOLA DE BÉLGICA;CALLE;CALLE;DAVID HERRERO;16;;;;;;5;19;3;AVILA;ÁVILA;ÁVILA;5005;920222137;920222137;;05000521@educa.jcyl.es;http://ceipreinafabiola.centros.educa.jcyl.es;-4.69036;40.65977;N;N;N;S;S;N;40.65977, -4.69036
2026;05002497;A;ALTA;1;PÚBLICO;14;COLEGIO DE EDUCACION INFANTIL Y PRIMARIA;CEIP;REYES CATÓLICOS;PZ.;PLAZA;DEL CRISTO;7;;;;;;5;114;1;AVILA;MADRIGAL DE LAS ALTAS TORRES;MADRIGAL DE LAS ALTAS TORRES;5220;920320267;920320267;;05002497@educa.jcyl.es;http://cpreyescatolicos.centros.educa.jcyl.es;-4.99753;41.087;N;N;N;S;S;S;41.087, -4.99753
2026;05003799;A;ALTA;1;PÚBLICO;14;COLEGIO DE EDUCACION INFANTIL Y PRIMARIA;CEIP;SAN JUAN DE LA CRUZ;CALLE;CALLE;NAVAREJOS;77;;;;;;5;187;1;AVILA;PIEDRALAVES;PIEDRALAVES;5440;918665033;918665033;;05003799@educa.jcyl.es;http://ceipsanjuandelacruz.centros.educa.jcyl.es/;-4.70707;40.31404;N;N;N;S;S;N;40.31404, -4.70707
2026;05005449;A;ALTA;1;PÚBLICO;14;COLEGIO DE EDUCACION INFANTIL Y PRIMARIA;CEIP;SANTA ANA;CALLE;CALLE;SAN JOAQUÍN;;S/N;;;;;5;19;3;AVILA;ÁVILA;ÁVILA;5001;920228310;920228310;;05005449@educa.jcyl.es;http://cpsantaana.centros.educa.jcyl.es;-4.69066;40.65511;N;N;N;S;N;N;40.65511, -4.69066
2026;05000038;A;ALTA;1;PÚBLICO;14;COLEGIO DE EDUCACION INFANTIL Y PRIMARIA;CEIP;VILLA DE LA ADRADA;AV.;AVENIDA;DE CASTILLA Y LEÓN;13;;;;;;5;2;1;AVILA;ADRADA (LA);ADRADA (LA);5430;918670486;918670486;;05000038@educa.jcyl.es;http://ceipvilladelaadrada.centros.educa.jcyl.es;-4.63428;40.29901;N;N;N;S;S;N;40.29901, -4.63428
2026;05002291;A;ALTA;1;PÚBLICO;77;CENTRO DE EDUCACIÓN OBLIGATORIA;CEO;VIRGEN DE NAVASERRADA;CALLE;CALLE;LA PITANZA;6;;;;;;5;102;1;AVILA;HOYO DE PINARES (EL);HOYO DE PINARES (EL);5250;918638124;918638229;;05002291@educa.jcyl.es;http://ceovirgendenavaserrada.centros.educa.jcyl.es;-4.41906;40.50003;N;N;N;S;N;N;40.50003, -4.41906
2026;05009601;A;ALTA;1;PÚBLICO;31;CENTRO PUBLICO DE EDUCACION DE PERSONAS ADULTAS;CEPA;CENTRO DE ADULTOS DE EL BARCO DE ÁVILA;CALLE;CALLE;Cordel de Extremadura;2;;;;;;5;21;1;AVILA;BARCO DE ÁVILA (EL);BARCO DE ÁVILA (EL);5600;920340800;;;05009601@educa.jcyl.es;http://cepaelbarcodeavila.centros.educa.jcyl.es/sitio/;-5.52011;40.35617;N;N;N;N;N;N;40.35617, -5.52011
2026;05006557;A;ALTA;1;PÚBLICO;31;CENTRO PUBLICO DE EDUCACION DE PERSONAS ADULTAS;CEPA;CENTRO DE ADULTOS DE EL TIEMBLO;PZ.;PLAZA;DE LA NAVA;15;;;;;;5;241;5;AVILA;TIEMBLO (EL);TIEMBLO (EL);5270;918627148;;;05006557@educa.jcyl.es;http://cepaeltiemblo.centros.educa.jcyl.es;-4.50143;40.41223;N;N;N;N;N;N;40.41223, -4.50143
2026;05006569;A;ALTA;1;PÚBLICO;31;CENTRO PUBLICO DE EDUCACION DE PERSONAS ADULTAS;CEPA;CENTRO DE ADULTOS DE SOTILLO DE LA ADRADA;CALLE;CALLE;DOCTOR DÍAZ PALACIOS;80;;;;;;5;240;2;AVILA;SOTILLO DE LA ADRADA;SOTILLO DE LA ADRADA;5420;918601200;;;05006569@educa.jcyl.es;http://cepasotillodelaadrada.centros.educa.jcyl.es/;-4.57986;40.29278;N;N;N;N;N;N;40.29278, -4.57986
2026;05000661;A;ALTA;2;PRIVADO;72;CENTRO PRIVADO DE EDUCACION INFANTIL PRIMARIA Y SECUNDARIA;Colegio;PABLO VI;CALLE;CALLE;RAFAELA DE ANTONIO;2;;;;;;5;19;3;AVILA;ÁVILA;ÁVILA;5002;920223157;920256549;;05000661@educa.jcyl.es;http://www.colegiopablovi.es;-4.69951;40.64858;N;N;S;S;S;N;40.64858, -4.69951
2026;05009901;A;ALTA;2;PRIVADO;602;CENTRO PRIVADO AUTORIZADO DE ENSEÑANZAS DEPORTIVAS DE HÍPICA;CPR ED H.;ALL SPORTS HÍPICA;CALLE;CALLE;RAFAELA DE ANTONIO;2;;;;;;5;19;3;AVILA;ÁVILA;ÁVILA;5002;;;;05009901@educa.jcyl.es;;-4.70247;40.64876;N;N;N;N;N;N;40.64876, -4.70247
2026;05009984;A;ALTA;2;PRIVADO;4;CENTRO PRIVADO DE EDUCACION INFANTIL;CPrEI;ARLEQUÍN;PZ.;PLAZA;DE LOS SAUCES;6;LOCAL 1;;;;;5;16;1;AVILA;ARÉVALO;ARÉVALO;5200;615194626;;;05009984@educa.jcyl.es;;-4.72347;41.05492;N;N;N;N;N;N;41.05492, -4.72347
2026;05010044;A;ALTA;2;PRIVADO;4;CENTRO PRIVADO DE EDUCACION INFANTIL;CPrEI;Jardín Santísima Trinidad;CALLE;CALLE;Molino Nuevo;23;;;;;;5;241;5;AVILA;TIEMBLO (EL);TIEMBLO (EL);5270;918627341;;;05010044@educa.jcyl.es;;-4.50191;40.41749;N;N;N;N;N;N;40.41749, -4.50191
2026;05010007;A;ALTA;2;PRIVADO;4;CENTRO PRIVADO DE EDUCACION INFANTIL;CPrEI;Minúscula;CALLE;CALLE;Hornos Caleros;62;;;;;;5;19;3;AVILA;ÁVILA;ÁVILA;5003;643513858;;;05010007@educa.jcyl.es;;-4.67712;40.64948;N;N;N;N;N;N;40.64948, -4.67712
2026;05009960;A;ALTA;2;PRIVADO;4;CENTRO PRIVADO DE EDUCACION INFANTIL;CPrEI;PIRULETAS;CALLE;CALLE;RIOJA;5;;;;;;5;19;3;AVILA;ÁVILA;ÁVILA;5003;616520582;;;05009960@educa.jcyl.es;;-4.69798;40.64842;N;N;N;N;N;N;40.64842, -4.69798
2026;05000774;A;ALTA;1;PÚBLICO;501;ESCUELA DE ARTE Y SUPERIOR DE CONSERVACIÓN Y RESTAURACIÓN DE BIENES CULTURALES;EA;ESCUELA DE ARTE DE ÁVILA;PZ.;PLAZA;DE GRANADA;2;;;;;;5;19;3;AVILA;ÁVILA;ÁVILA;5003;920221662;920253204;;05000774@educa.jcyl.es;http://www.escueladeartedeavila.es/;-4.69024;40.65004;N;N;N;N;N;N;40.65004, -4.69024
2026;05006481;A;ALTA;1;PÚBLICO;3;ESCUELA DE EDUCACION INFANTIL;EEI;CAMPO DEL HABANERO;CALLE;CALLE;MADRIGAL DE LAS ALTAS TORRES;5;;;;;;5;19;3;AVILA;ÁVILA;ÁVILA;5003;920251787;920251787;;05006481@educa.jcyl.es;;-4.68507;40.65124;N;N;N;N;S;N;40.65124, -4.68507
2026;05009789;A;ALTA;1;PÚBLICO;3;ESCUELA DE EDUCACION INFANTIL;EEI;I NAVALUENGA;CALLE;CALLE;DOCTOR MIGUEL TOLEDANO;1;;;;;;5;163;1;AVILA;NAVALUENGA;NAVALUENGA;5100;920286001;920298497;;05009789@educa.jcyl.es;http://www.navaluenga.es/;-4.70769;40.41096;N;N;N;N;S;N;40.41096, -4.70769
2026;05009728;A;ALTA;1;PÚBLICO;3;ESCUELA DE EDUCACION INFANTIL;EEI;LAS MORERAS;CALLE;CALLE;GERARDO SÁNCHEZ;10;;;;;;5;47;1;AVILA;CANDELEDA;CANDELEDA;5480;610101039;;;05009728@educa.jcyl.es;;-5.23832;40.15454;N;N;N;N;S;N;40.15454, -5.23832
2026;05009935;A;ALTA;1;PÚBLICO;3;ESCUELA DE EDUCACION INFANTIL;EEI;LAS NAVAS DEL MARQUÉS;TR.;TRAVESIA;GRUPO ESCOLAR;12;;;;;;5;168;3;AVILA;NAVAS DEL MARQUÉS (LAS);NAVAS DEL MARQUÉS (LAS);5230;918972000;;;05009935@educa.jcyl.es;;-4.33734;40.60495;N;N;N;N;N;N;40.60495, -4.33734
2026;05009613;A;ALTA;1;PÚBLICO;3;ESCUELA DE EDUCACION INFANTIL;EEI;PIEDRA MACHUCANA;CALLE;CALLE;SANTO TOMÁS;1;;;;;;5;19;3;AVILA;ÁVILA;ÁVILA;5003;920201660;;;05009613@educa.jcyl.es;;-4.69129;40.64809;N;N;N;N;S;N;40.64809, -4.69129
2026;05009753;A;ALTA;1;PÚBLICO;3;ESCUELA DE EDUCACION INFANTIL;EEI;SOLETILLOS;CALLE;CALLE;MÁRTIRES;;S/N;;;;;5;240;2;AVILA;SOTILLO DE LA ADRADA;SOTILLO DE LA ADRADA;5420;918601071;;;05009753@educa.jcyl.es;;-4.55433;40.30351;N;N;N;N;S;N;40.30351, -4.55433
2026;05006375;A;ALTA;1;PÚBLICO;185;ESCUELA DE MUSICA;EM;ESCUELA DE MÚSICA DE ARENAS DE SAN PEDRO;PZ.;PLAZA;DEL GENERALÍSIMO;1;;;;;;5;14;1;AVILA;ARENAS DE SAN PEDRO;ARENAS DE SAN PEDRO;5400;920370005;;;05006375@educa.jcyl.es;;-5.09046;40.20898;N;N;N;N;N;N;40.20898, -5.09046
2026;05005644;A;ALTA;1;PÚBLICO;80;ESCUELA OFICIAL DE IDIOMAS;EOI;ESCUELA OFICIAL DE IDIOMAS DE ÁVILA;CALLE;CALLE;SOTERA ALCÁNTARA;;;;;;;5;19;3;AVILA;ÁVILA;ÁVILA;5003;920212089;920352477;;05005644@educa.jcyl.es;http://eoiavila.centros.educa.jcyl.es;-4.68004;40.65089;N;N;N;N;N;N;40.65089, -4.68004
2026;05000701;A;ALTA;1;PÚBLICO;42;INSTITUTO DE EDUCACION SECUNDARIA;IES;ALONSO DE MADRIGAL;CALLE;CALLE;JUAN GRANDE;1;;;;;;5;19;3;AVILA;ÁVILA;ÁVILA;5003;920222185;920227448;;05000701@educa.jcyl.es;http://iesalonsodemadrigal.centros.educa.jcyl.es/sitio/;-4.69048;40.649;N;N;N;S;N;S;40.649, -4.69048
2026;05005395;A;ALTA;1;PÚBLICO;42;INSTITUTO DE EDUCACION SECUNDARIA;IES;ARAVALLE;CALLE;CALLE;LAS ERAS;;S/N;;;;;5;21;1;AVILA;BARCO DE ÁVILA (EL);BARCO DE ÁVILA (EL);5600;920340179;920341072;;05005395@educa.jcyl.es;http://iesaravalle.centros.educa.jcyl.es;-5.52091;40.3577;N;N;N;S;S;S;40.3577, -5.52091
2026;05003775;A;ALTA;1;PÚBLICO;42;INSTITUTO DE EDUCACION SECUNDARIA;IES;GREDOS;CRA.;CARRETERA;DE PESQUERA;;S/N;;;;;5;186;5;AVILA;PIEDRAHÍTA;PIEDRAHÍTA;5500;920360025;920360823;;05003775@educa.jcyl.es;http://iesgredos.centros.educa.jcyl.es;-5.32459;40.45991;N;N;N;S;S;S;40.45991, -5.32459
2026;05001547;A;ALTA;1;PÚBLICO;42;INSTITUTO DE EDUCACION SECUNDARIA;IES;HERMENEGILDO MARTÍN BORRO;CALLE;CALLE;EL MANCHO;;S/N;;;;;5;57;1;AVILA;CEBREROS;CEBREROS;5260;918630129;;;05001547@educa.jcyl.es;http://ieshermenegildomartinborro.centros.educa.jcyl.es;-4.46293;40.46284;N;N;N;S;N;S;40.46284, -4.46293
2026;05000671;A;ALTA;1;PÚBLICO;14;COLEGIO DE EDUCACION INFANTIL Y PRIMARIA;CEIP;ARTURO DUPERIER;AV.;AVENIDA;DE LA JUVENTUD;10;;;;;;5;19;3;AVILA;ÁVILA;ÁVILA;5003;920229511;920229511;;05000671@educa.jcyl.es;http://ceiparturoduperier.centros.educa.jcyl.es;-4.68705;40.6481;N;N;N;S;S;N;40.6481, -4.68705
2026;05000488;A;ALTA;1;PÚBLICO;14;COLEGIO DE EDUCACION INFANTIL Y PRIMARIA;CEIP;CLAUDIO SÁNCHEZ ALBORNOZ;CALLE;CALLE;CRUZ ROJA;2;;;;;;5;19;3;AVILA;ÁVILA;ÁVILA;5001;920221909;920221909;;05000488@educa.jcyl.es;http://cpclaudiosanchezalbornoz.centros.educa.jcyl.es;-4.68826;40.65637;N;N;N;S;S;N;40.65637, -4.68826
2026;05002345;A;ALTA;1;PÚBLICO;14;COLEGIO DE EDUCACION INFANTIL Y PRIMARIA;CEIP;CRA ALTO GREDOS;CALLE;CALLE;ENSALERO;11;;;;;;5;105;1;AVILA;HOYOS DEL ESPINO;HOYOS DEL ESPINO;5634;920349066;920349066;;05002345@educa.jcyl.es;http://craaltogredos.centros.educa.jcyl.es/;-5.17696;40.3525;S;N;N;S;N;N;40.3525, -5.17696
2026;05005942;A;ALTA;1;PÚBLICO;14;COLEGIO DE EDUCACION INFANTIL Y PRIMARIA;CEIP;CRA LA SIERRA;CALLE;CALLE;LA FUENTE;;S/N;;;;;5;59;1;AVILA;CILLÁN;CILLÁN;5149;920232533;;;05005942@educa.jcyl.es;http://cra-lasierra.centros.educa.jcyl.es/;-4.97559;40.7062;S;N;N;S;S;N;40.7062, -4.97559
2026;05005954;A;ALTA;1;PÚBLICO;14;COLEGIO DE EDUCACION INFANTIL Y PRIMARIA;CEIP;CRA LAS COGOTAS;CALLE;CALLE;LA ESTACIÓN;4;;;;;;5;49;1;AVILA;CARDEÑOSA;CARDEÑOSA;5320;920260187;;;05005954@educa.jcyl.es;http://cralascogotas.centros.educa.jcyl.es;-4.74669;40.74105;S;N;N;S;N;N;40.74105, -4.74669
2026;05006077;A;ALTA;1;PÚBLICO;14;COLEGIO DE EDUCACION INFANTIL Y PRIMARIA;CEIP;CRA SANTA TERESA;CALLE;CALLE;CAMINO DE VITA;8;;;;;;5;65;1;AVILA;CRESPOS;CRESPOS;5300;920244015;920244015;;05006077@educa.jcyl.es;http://crasantateresa.centros.educa.jcyl.es;-4.97116;40.86957;S;N;N;S;N;S;40.86957, -4.97116
2026;05006089;A;ALTA;1;PÚBLICO;14;COLEGIO DE EDUCACION INFANTIL Y PRIMARIA;CEIP;CRA TOMÁS LUIS DE VICTORIA;CALLE;CALLE;ALEJANDRO RABADÁN;;S/N;;;;;5;204;2;AVILA;SANCHIDRIÁN;SANCHIDRIÁN;5290;920318290;920318290;;05006089@educa.jcyl.es;http://cratomasluisdevictoria.centros.educa.jcyl.es;-4.58284;40.89152;S;N;N;S;N;S;40.89152, -4.58284
2026;05005991;A;ALTA;1;PÚBLICO;14;COLEGIO DE EDUCACION INFANTIL Y PRIMARIA;CEIP;CRA VETONIA;CALLE;CALLE;CAMINO DE TEJAR;;S/N;;;;;5;189;1;AVILA;POYALES DEL HOYO;POYALES DEL HOYO;5492;920390168;;;05005991@educa.jcyl.es;http://cravetonia.centros.educa.jcyl.es;-5.16512;40.17354;S;N;N;S;S;N;40.17354, -5.16512
2026;05005383;A;ALTA;1;PÚBLICO;14;COLEGIO DE EDUCACION INFANTIL Y PRIMARIA;CEIP;EL PRADILLO;CALLE;CALLE;ARSENIO GUTIÉRREZ PALACIOS;;S/N;;;;;5;19;3;AVILA;ÁVILA;ÁVILA;5005;920256839;920256839;;05005383@educa.jcyl.es;http://ceipelpradillo.centros.educa.jcyl.es/;-4.69255;40.66429;N;N;N;S;S;S;40.66429, -4.69255
2026;05001237;A;ALTA;1;PÚBLICO;14;COLEGIO DE EDUCACION INFANTIL Y PRIMARIA;CEIP;EL ZAIRE;CALLE;CALLE;GOYA;31;;;;;;5;41;1;AVILA;BURGOHONDO;BURGOHONDO;5113;920283038;920283038;;05001237@educa.jcyl.es;http://cpelzaire.centros.educa.jcyl.es;-4.78933;40.4152;N;N;N;S;N;S;40.4152, -4.78933
2026;05005632;A;ALTA;1;PÚBLICO;14;COLEGIO DE EDUCACION INFANTIL Y PRIMARIA;CEIP;JUAN DE YEPES;CALLE;CALLE;JUAN DE YEPES;2;;;;;;5;19;3;AVILA;ÁVILA;ÁVILA;5002;920227554;920227554;;05005632@educa.jcyl.es;http://ceipjuandeyepes.centros.educa.jcyl.es;-4.70235;40.64882;N;N;N;S;S;N;40.64882, -4.70235
2026;05004780;A;ALTA;1;PÚBLICO;14;COLEGIO DE EDUCACION INFANTIL Y PRIMARIA;CEIP;JUAN LUIS VIVES;CALLE;CALLE;LA DEHESA;89;;;;;;5;240;2;AVILA;SOTILLO DE LA ADRADA;SOTILLO DE LA ADRADA;5420;918660250;;;05004780@educa.jcyl.es;http://ceipjuanluisvives.centros.educa.jcyl.es;-4.59087;40.29085;N;N;N;S;S;S;40.29085, -4.59087
2026;05001791;A;ALTA;1;PÚBLICO;14;COLEGIO DE EDUCACION INFANTIL Y PRIMARIA;CEIP;JUAN XXIII;CALLE;CALLE;DEL CARMEN;23;;;;;;5;74;1;AVILA;FONTIVEROS;FONTIVEROS;5310;920245231;920245353;;05001791@educa.jcyl.es;http://ceipjuanxxiiifontiveros.centros.educa.jcyl.es;-4.96404;40.93271;N;N;N;S;S;S;40.93271, -4.96404
2026;05000361;A;ALTA;1;PÚBLICO;14;COLEGIO DE EDUCACION INFANTIL Y PRIMARIA;CEIP;LA MORAÑA;CALLE;CALLE;DE LOS DESCALZOS;87;;;;;;5;16;1;AVILA;ARÉVALO;ARÉVALO;5200;920300075;920300075;;05000361@educa.jcyl.es;http://ceiplamorana.centros.educa.jcyl.es/sitio/;-4.71395;41.05662;N;N;N;S;S;S;41.05662, -4.71395
2026;05003337;A;ALTA;1;PÚBLICO;14;COLEGIO DE EDUCACION INFANTIL Y PRIMARIA;CEIP;LAS RUBIERAS;PS.;PASEO;DE LAS ACACIAS;26;;;;;;5;163;1;AVILA;NAVALUENGA;NAVALUENGA;5100;920286160;920286160;;05003337@educa.jcyl.es;http://ceiplasrubieras.centros.educa.jcyl.es;-4.70565;40.41205;N;N;N;S;N;N;40.41205, -4.70565
2026;05000506;A;ALTA;1;PÚBLICO;14;COLEGIO DE EDUCACION INFANTIL Y PRIMARIA;CEIP;SAN ESTEBAN;CALLE;CALLE;MÉDICO FERNANDO TOMÉ;1;;;;;;5;19;3;AVILA;ÁVILA;ÁVILA;5001;920213026;;;05000506@educa.jcyl.es;http://ceipsanesteban.centros.educa.jcyl.es;-4.70586;40.65666;N;N;N;S;S;N;40.65666, -4.70586
2026;05000491;A;ALTA;1;PÚBLICO;14;COLEGIO DE EDUCACION INFANTIL Y PRIMARIA;CEIP;SAN PEDRO BAUTISTA;PZ.;PLAZA;DE LA FERIA;;S/N;;;;;5;19;3;AVILA;ÁVILA;ÁVILA;5002;920211608;920211608;;05000491@educa.jcyl.es;http://ceipsanpedrobautista.centros.educa.jcyl.es/;-4.70073;40.65158;N;N;N;S;S;N;40.65158, -4.70073
2026;05000518;A;ALTA;1;PÚBLICO;14;COLEGIO DE EDUCACION INFANTIL Y PRIMARIA;CEIP;SANTA TERESA;CALLE;CALLE;CARLOS LUIS DE CUENCA;2;;;;;;5;19;3;AVILA;ÁVILA;ÁVILA;5001;920257217;;;05000518@educa.jcyl.es;http://ceipsantateresa.centros.educa.jcyl.es;-4.69437;40.6571;N;N;N;S;S;N;40.6571, -4.69437
2026;05003431;A;ALTA;1;PÚBLICO;14;COLEGIO DE EDUCACION INFANTIL Y PRIMARIA;CEIP;VICENTE ALEIXANDRE;TR.;TRAVESIA;DEL SAÚCO;;S/N;;;;;5;168;3;AVILA;NAVAS DEL MARQUÉS (LAS);NAVAS DEL MARQUÉS (LAS);5230;918970208;918970208;;05003431@educa.jcyl.es;http://cpvicentealeixandre.centros.educa.jcyl.es;-4.33368;40.60577;N;N;N;S;S;N;40.60577, -4.33368
2026;05009595;A;ALTA;1;PÚBLICO;31;CENTRO PUBLICO DE EDUCACION DE PERSONAS ADULTAS;CEPA;CENTRO DE ADULTOS DE ARENAS DE SAN PEDRO;CALLE;CALLE;JOSÉ GOCHICOA;20;;;;;;5;14;1;AVILA;ARENAS DE SAN PEDRO;ARENAS DE SAN PEDRO;5400;920372683;;;05009595@educa.jcyl.es;http://cepaarenasdesanpedro.centros.educa.jcyl.es;-5.08643;40.21094;N;N;N;N;N;N;40.21094, -5.08643
2026;05005504;A;ALTA;1;PÚBLICO;31;CENTRO PUBLICO DE EDUCACION DE PERSONAS ADULTAS;CEPA;CENTRO DE ADULTOS DE ÁVILA;CALLE;CALLE;CASIMIRO HERNÁNDEZ;7;;;;;;5;19;3;AVILA;ÁVILA;ÁVILA;5002;920352125;;;05005504@educa.jcyl.es;http://cepaavila.centros.educa.jcyl.es/sitio/;-4.70097;40.65334;N;N;N;N;N;N;40.65334, -4.70097
2026;05009698;A;ALTA;1;PÚBLICO;68;CENTRO PUBLICO INTEGRADO DE FORMACION PROFESIONAL;CIFP;CENTRO INTEGRADO DE FP DE AVILA;CALLE;CALLE;GIACOMO PUCCINI;2;;;;;;5;19;3;AVILA;ÁVILA;ÁVILA;5003;920258290;;;05009698@educa.jcyl.es;http://cifpavila.centros.educa.jcyl.es;-4.68422;40.64327;N;N;N;N;N;N;40.64327, -4.68422
2026;05009923;A;ALTA;1;PÚBLICO;68;CENTRO PUBLICO INTEGRADO DE FORMACION PROFESIONAL;CIFP;LAS FERRERÍAS;AV.;AVENIDA;DE LOURDES;2;;;;;;5;14;1;AVILA;ARENAS DE SAN PEDRO;ARENAS DE SAN PEDRO;5400;920370056;;;05009923@educa.jcyl.es;https://www.cifplasferrerias.es/;-5.08499;40.21005;N;N;N;N;N;S;40.21005, -5.08499
2026;05000415;A;ALTA;2;PRIVADO;72;CENTRO PRIVADO DE EDUCACION INFANTIL PRIMARIA Y SECUNDARIA;Colegio;AMOR DE DIOS;AV.;AVENIDA;EMILIO ROMERO;45;;;;;;5;16;1;AVILA;ARÉVALO;ARÉVALO;5200;920300126;;;05000415@educa.jcyl.es;http://www.colegiosamordedios.es/centros/arevalo;-4.71383;41.05608;N;S;S;S;S;N;41.05608, -4.71383
2026;05000580;A;ALTA;2;PRIVADO;72;CENTRO PRIVADO DE EDUCACION INFANTIL PRIMARIA Y SECUNDARIA;Colegio;MILAGROSA LAS NIEVES;CALLE;CALLE;DUQUE DE ALBA;12;;;;;;5;19;3;AVILA;ÁVILA;ÁVILA;5001;920221508;920251349;;05000580@educa.jcyl.es;http://www.milagrosalasnieves.es;-4.69326;40.65511;N;N;S;S;S;N;40.65511, -4.69326
2026;05000592;A;ALTA;2;PRIVADO;72;CENTRO PRIVADO DE EDUCACION INFANTIL PRIMARIA Y SECUNDARIA;Colegio;SANTÍSIMO ROSARIO;CALLE;CALLE;BRIEVA;1;;;;;;5;19;3;AVILA;ÁVILA;ÁVILA;5001;920252805;;;05000592@educa.jcyl.es;http://avila.fesd.es/;-4.70101;40.65817;N;S;S;S;S;N;40.65817, -4.70101
2026;05009881;A;ALTA;2;PRIVADO;600;CENTRO PRIVADO AUTORIZADO DE ENSEÑANZAS DEPORTIVAS DE FÚTBOL;CPr DEP;DOCENTER FORMACIÓN DEPORTIVA ÁVILA;CALLE;CALLE;RAFAELA DE ANTONIO;2;;;;;;5;19;3;AVILA;ÁVILA;ÁVILA;5002;;;;05009881@educa.jcyl.es;;-4.70049;40.64884;N;N;N;N;N;N;40.64884, -4.70049
2026;05009832;A;ALTA;2;PRIVADO;600;CENTRO PRIVADO AUTORIZADO DE ENSEÑANZAS DEPORTIVAS DE FÚTBOL;CPr DEP;ESCUELA DE ENTRENADORES DEPORTIVOS;CALLE;CALLE;LESQUINAS;2;;;;;;5;19;3;AVILA;ÁVILA;ÁVILA;5001;;;;05009832@educa.jcyl.es;;-4.6969;40.6556;N;N;N;N;N;N;40.6556, -4.6969
2026;05010032;A;ALTA;2;PRIVADO;4;CENTRO PRIVADO DE EDUCACION INFANTIL;CPrEI;COLORINES;AV.;AVENIDA;de la Juventud;12;P IV-3;;;;;5;19;3;AVILA;ÁVILA;ÁVILA;5003;;;;05010032@educa.jcyl.es;;-4.68746;40.64681;N;N;N;N;N;N;40.64681, -4.68746
2026;05010020;A;ALTA;2;PRIVADO;4;CENTRO PRIVADO DE EDUCACION INFANTIL;CPrEI;GARABATOS;CALLE;CALLE;PROFESOR JOSÉ LUIS LÓPEZ ARANGUREN;43;;;;;;5;19;3;AVILA;ÁVILA;ÁVILA;5004;652088796;;;05010020@educa.jcyl.es;;-4.68153;40.65743;N;N;N;N;N;N;40.65743, -4.68153
2026;05009959;A;ALTA;2;PRIVADO;4;CENTRO PRIVADO DE EDUCACION INFANTIL;CPrEI;PAJARITA DE PAPEL;CALLE;CALLE;BAJADA DON ALONSO;15;;;;;;5;19;3;AVILA;ÁVILA;ÁVILA;5003;653663241;;;05009959@educa.jcyl.es;;-4.69066;40.65171;N;N;N;N;N;N;40.65171, -4.69066
2026;05009947;A;ALTA;2;PRIVADO;4;CENTRO PRIVADO DE EDUCACION INFANTIL;CPrEI;PIAN PIANITO;CRA.;CARRETERA;DE BURGOHONDO;7;;;;;;5;19;3;AVILA;ÁVILA;ÁVILA;5002;655641999;;;05009947@educa.jcyl.es;;;;N;N;N;N;N;N;
2026;05009972;A;ALTA;2;PRIVADO;4;CENTRO PRIVADO DE EDUCACION INFANTIL;CPrEI;TRAVIESOS;AV.;AVENIDA;DERECHOS HUMANOS;82;;;;;;5;19;3;AVILA;ÁVILA;ÁVILA;5003;655545411;;;05009972@educa.jcyl.es;;-4.68012;40.6475;N;N;N;N;N;N;40.6475, -4.68012
2026;05009868;A;ALTA;2;PRIVADO;58;CENTRO PRIVADO DE FORMACION PROFESIONAL ESPECIFICA;CPrFP;LALDEA;CRA.;CARRETERA;ALDEA DEL REY NIÑO, KM. 0,850;;;;;;;5;19;2;AVILA;ÁVILA;ALDEA DEL REY NIÑO;5197;920223947;;;05009868@educa.jcyl.es;;-4.74358;40.58528;N;N;S;S;N;N;40.58528, -4.74358
2026;05009819;A;ALTA;1;PÚBLICO;3;ESCUELA DE EDUCACION INFANTIL;EEI;AREVALILLO;CALLE;CALLE;REYES CATÓLICOS;4;;;;;;5;16;1;AVILA;ARÉVALO;ARÉVALO;5200;920328033;;;05009819@educa.jcyl.es;http://www.guarderias-infantiles.com/guarderias-avila/guarderias-arevalillo/;-4.71726;41.05323;N;N;N;N;N;N;41.05323, -4.71726
2026;05009731;A;ALTA;1;PÚBLICO;3;ESCUELA DE EDUCACION INFANTIL;EEI;CHIQUIPIEDRA;CALLE;CALLE;NAVAREJOS;73;;;;;;5;187;1;AVILA;PIEDRALAVES;PIEDRALAVES;5440;913101627;;;05009731@educa.jcyl.es;;-4.70602;40.31455;N;N;N;N;S;N;40.31455, -4.70602
2026;05006491;A;ALTA;1;PÚBLICO;3;ESCUELA DE EDUCACION INFANTIL;EEI;LA CACHARRA;CALLE;CALLE;DAVID HERRERO;26;;;;;;5;19;3;AVILA;ÁVILA;ÁVILA;5005;920251670;920251670;;05006491@educa.jcyl.es;http://centros5.pntic.mec.es/cpei.la.encarnacion;-4.69057;40.6609;N;N;N;N;S;N;40.6609, -4.69057
2026;05005371;A;ALTA;1;PÚBLICO;3;ESCUELA DE EDUCACION INFANTIL;EEI;LA ENCARNACIÓN;CALLE;CALLE;ZAMORA;20;;;;;;5;19;3;AVILA;ÁVILA;ÁVILA;5005;920253373;920253373;;05005371@educa.jcyl.es;http://eeilaencarnacion.centros.educa.jcyl.es/;-4.69518;40.66213;N;N;N;S;S;S;40.66213, -4.69518
2026;05009704;A;ALTA;1;PÚBLICO;3;ESCUELA DE EDUCACION INFANTIL;EEI;LA FERIA;CALLE;CALLE;PLAZA DE TOROS;;S/N;;;;;5;22;1;AVILA;BARRACO (EL);BARRACO (EL);5100;920281527;;;05009704@educa.jcyl.es;;-4.63996;40.47409;N;N;N;N;S;N;40.47409, -4.63996
2026;05009856;A;ALTA;1;PÚBLICO;3;ESCUELA DE EDUCACION INFANTIL;EEI;LANZAHÍTA;CALLE;CALLE;PARQUE DE LA HISPANIDAD;;S/N;;;;;5;110;1;AVILA;LANZAHÍTA;LANZAHÍTA;5490;660417175;920378542;;05009856@educa.jcyl.es;;-4.93776;40.20402;N;N;N;N;N;N;40.20402, -4.93776
2026;05009996;A;ALTA;1;PÚBLICO;3;ESCUELA DE EDUCACION INFANTIL;EEI;LOS TOMATITOS;CALLE;CALLE;ISABEL LA CATÓLICA;;S/N;;;;;5;241;5;AVILA;TIEMBLO (EL);TIEMBLO (EL);5270;607379911;;;05009996@educa.jcyl.es;;-4.50584;40.41425;N;N;N;N;N;N;40.41425, -4.50584
2026;05009820;A;ALTA;1;PÚBLICO;3;ESCUELA DE EDUCACION INFANTIL;EEI;NUBE DE AZUCAR;CALLE;CALLE;LAS ESCUELAS;1;;;;;;5;102;1;AVILA;HOYO DE PINARES (EL);HOYO DE PINARES (EL);5250;918638137;918638002;;05009820@educa.jcyl.es;;-4.42588;40.50083;N;N;N;N;N;N;40.50083, -4.42588
2026;05009662;A;ALTA;1;PÚBLICO;185;ESCUELA DE MUSICA;EM;ESCUELA DE MÚSICA DE ÁVILA;CALLE;CALLE;FRANCISCO GALLEGO;10;;;;;;5;19;3;AVILA;ÁVILA;ÁVILA;5002;920257970;920257785;;05009662@educa.jcyl.es;;-4.69919;40.65334;N;N;N;N;N;N;40.65334, -4.69919
2026;05009716;A;ALTA;1;PÚBLICO;185;ESCUELA DE MUSICA;EM;ESCUELA DE MÚSICA DE EL TIEMBLO;PZ.;PLAZA;ISIDORO RODRÍGUEZ MAROTO;;S/N;;;;;5;241;5;AVILA;TIEMBLO (EL);TIEMBLO (EL);5270;918625002;918627243;;05009716@educa.jcyl.es;;-4.70043;40.65641;N;N;N;N;N;N;40.65641, -4.70043
2026;05006028;A;ALTA;1;PÚBLICO;80;ESCUELA OFICIAL DE IDIOMAS;EOI;ESCUELA OFICIAL DE IDIOMAS DE ARÉVALO;AV.;AVENIDA;EMILIO ROMERO;24;;;;;;5;16;1;AVILA;ARÉVALO;ARÉVALO;5200;920300664;920300664;;05006028@educa.jcyl.es;http://eoiarevalo.centros.educa.jcyl.es;-4.71489;41.05625;N;N;N;N;N;N;41.05625, -4.71489
2026;05005462;A;ALTA;1;PÚBLICO;42;INSTITUTO DE EDUCACION SECUNDARIA;IES;ADAJA;CALLE;CALLE;ASUNCIÓN VALCARCEL MAESTRO;;S/N;;;;;5;16;1;AVILA;ARÉVALO;ARÉVALO;5200;920301983;920303501;;05005462@educa.jcyl.es;http://iesadaja.centros.educa.jcyl.es;-4.71187;41.05268;N;N;N;S;N;S;41.05268, -4.71187
2026;05009871;A;ALTA;1;PÚBLICO;42;INSTITUTO DE EDUCACION SECUNDARIA;IES;ARENAS DE SAN PEDRO;CALLE;CALLE;FRAY LUIS DE LEON;1;;;;;;5;14;1;AVILA;ARENAS DE SAN PEDRO;ARENAS DE SAN PEDRO;5400;920372167;920372167;;05009871@educa.jcyl.es;http://iesarenasdesanpedro.centros.educa.jcyl.es/;-5.08332;40.20695;N;N;N;S;N;S;40.20695, -5.08332
2026;05006387;A;ALTA;1;PÚBLICO;42;INSTITUTO DE EDUCACION SECUNDARIA;IES;CANDAVERA;CALLE;CALLE;UMBRIA;;S/N;;;;;5;47;1;AVILA;CANDELEDA;CANDELEDA;5480;920382305;920382163;;05006387@educa.jcyl.es;http://iescandavera.centros.educa.jcyl.es;-5.23886;40.15344;N;N;N;S;N;S;40.15344, -5.23886
2026;05000725;A;ALTA;1;PÚBLICO;42;INSTITUTO DE EDUCACION SECUNDARIA;IES;ISABEL DE CASTILLA;PS.;PASEO;SAN ROQUE;;S/N;;;;;5;19;3;AVILA;ÁVILA;ÁVILA;5001;920352144;920213382;;05000725@educa.jcyl.es;http://iesisabeldecastilla.centros.educa.jcyl.es;-4.68693;40.65395;N;N;N;S;N;S;40.65395, -4.68693
2026;05006156;A;ALTA;1;PÚBLICO;42;INSTITUTO DE EDUCACION SECUNDARIA;IES;JORGE SANTAYANA;CALLE;CALLE;SANTO TOMAS;6;;;;;;5;19;3;AVILA;ÁVILA;ÁVILA;5003;920352135;920352143;;05006156@educa.jcyl.es;http://iesjorgesantayana.centros.educa.jcyl.es;-4.69151;40.64841;N;N;N;S;N;S;40.64841, -4.69151
2026;05005425;A;ALTA;1;PÚBLICO;42;INSTITUTO DE EDUCACION SECUNDARIA;IES;SIERRA DEL VALLE;AV.;AVENIDA;DR. MARTIN LAZARO;;S/N;;;;;5;2;1;AVILA;ADRADA (LA);ADRADA (LA);5430;918670911;918670861;;05005425@educa.jcyl.es;http://iessierradelvalle.centros.educa.jcyl.es/;-4.63168;40.29822;N;N;N;S;N;S;40.29822, -4.63168
2026;05006430;A;ALTA;1;PÚBLICO;42;INSTITUTO DE EDUCACION SECUNDARIA;IES;VALLE DEL ALBERCHE;PZ.;PLAZA;DOCTOR MIGUEL TOLEDANO;4;;;;;;5;163;1;AVILA;NAVALUENGA;NAVALUENGA;5100;920298460;920298730;;05006430@educa.jcyl.es;http://iesvalledelalberche.centros.educa.jcyl.es;-4.7051;40.41265;N;N;N;S;N;S;40.41265, -4.7051
2026;05000737;A;ALTA;1;PÚBLICO;42;INSTITUTO DE EDUCACION SECUNDARIA;IES;VASCO DE LA ZARZA;CALLE;CALLE;VALLADOLID;19;;;;;;5;19;3;AVILA;ÁVILA;ÁVILA;5005;920227300;920253176;;05000737@educa.jcyl.es;http://www.vascodelazarza.com;-4.6936;40.65966;N;N;N;S;N;S;40.65966, -4.6936
2026;05006429;A;ALTA;1;PÚBLICO;49;INSTITUTO DE EDUCACION SECUNDARIA OBLIGATORIA;IESO;SAN JUAN DE LA CRUZ;CALLE;CALLE;DEL CARMEN;21;;;;;;5;74;1;AVILA;FONTIVEROS;FONTIVEROS;5310;920245504;920245506;;05006429@educa.jcyl.es;http://iesosanjuandelacruz.centros.educa.jcyl.es;-4.96404;40.93271;N;N;N;S;S;S;40.93271, -4.96404
2026;05006478;A;ALTA;1;PÚBLICO;49;INSTITUTO DE EDUCACION SECUNDARIA OBLIGATORIA;IESO;VILLA DE SOTILLO;CALLE;CALLE;MARTIRES;134;;;;;;5;240;2;AVILA;SOTILLO DE LA ADRADA;SOTILLO DE LA ADRADA;5420;918601201;918668413;;05006478@educa.jcyl.es;http://iesvilladesotillo.centros.educa.jcyl.es/;-4.59134;40.28853;N;N;N;S;N;S;40.28853, -4.59134
2026;05005577;A;ALTA;1;PÚBLICO;131;CONSERVATORIO PROFESIONAL DE MUSICA;C Música;TOMÁS LUIS DE VICTORIA;AV.;AVENIDA;DE ESPAÑA;;S/N;;;;;5;19;3;AVILA;ÁVILA;ÁVILA;5004;920227075;;;05005577@educa.jcyl.es;http://www.conservatoriodeavila.es;-4.67161;40.66514;N;N;N;N;N;N;40.66514, -4.67161
2026;05009741;A;ALTA;1;PÚBLICO;20;COLEGIO DE EDUCACION ESPECIAL;CEE;PRÍNCIPE DON JUAN;CALLE;CALLE;DE LA IGUALDAD;;S/N;;;;;5;19;3;AVILA;ÁVILA;ÁVILA;5003;920258194;920258194;;05009741@educa.jcyl.es;http://ceeprincipedonjuan.centros.educa.jcyl.es;-4.68265;40.64313;N;S;N;S;S;S;40.64313, -4.68265
2026;05001316;A;ALTA;1;PÚBLICO;14;COLEGIO DE EDUCACION INFANTIL Y PRIMARIA;CEIP;ALMANZOR;CALLE;CALLE;ESCUELAS;1;;;;;;5;47;1;AVILA;CANDELEDA;CANDELEDA;5480;920382180;920380688;;05001316@educa.jcyl.es;http://ceipalmanzor.centros.educa.jcyl.es;-5.23889;40.15546;N;N;N;S;S;S;40.15546, -5.23889
2026;05005565;A;ALTA;1;PÚBLICO;14;COLEGIO DE EDUCACION INFANTIL Y PRIMARIA;CEIP;COMUNEROS DE CASTILLA;CALLE;CALLE;PADRE VICTORIANO;;S/N;;;;;5;19;3;AVILA;ÁVILA;ÁVILA;5005;920221351;;;05005565@educa.jcyl.es;http://ceipcomunerosdecastilla.centros.educa.jcyl.es;-4.68718;40.66156;N;N;N;S;S;N;40.66156, -4.68718
2026;05006120;A;ALTA;1;PÚBLICO;14;COLEGIO DE EDUCACION INFANTIL Y PRIMARIA;CEIP;CRA ARTURO DUPERIER;CRA.;CARRETERA;DE MADRID;;S/N;;;;;5;110;1;AVILA;LANZAHÍTA;LANZAHÍTA;5490;920378586;920378586;;05006120@educa.jcyl.es;http://craarturoduperier.centros.educa.jcyl.es;-4.93666;40.2049;S;N;N;S;N;N;40.2049, -4.93666
2026;05005978;A;ALTA;1;PÚBLICO;14;COLEGIO DE EDUCACION INFANTIL Y PRIMARIA;CEIP;CRA EL VALLE;CALLE;CALLE;ESCUELAS;;S/N;;;;;5;262;1;AVILA;VILLAREJO DEL VALLE;VILLAREJO DEL VALLE;5413;920383145;920383145;;05005978@educa.jcyl.es;http://cra-elvalle.centros.educa.jcyl.es;-4.99675;40.2869;S;N;N;S;N;N;40.2869, -4.99675
2026;05006065;A;ALTA;1;PÚBLICO;14;COLEGIO DE EDUCACION INFANTIL Y PRIMARIA;CEIP;CRA LLANOS DE MORAÑA;CRA.;CARRETERA;SANTO TOMÉ DE ZABARCOS;;S/N;;;;;5;220;2;AVILA;SAN PEDRO DEL ARROYO;SAN PEDRO DEL ARROYO;5350;920240201;920240201;;05006065@educa.jcyl.es;http://crallanosdemorana.centros.educa.jcyl.es;-4.87298;40.80078;S;N;N;S;S;S;40.80078, -4.87298
2026;05006031;A;ALTA;1;PÚBLICO;14;COLEGIO DE EDUCACION INFANTIL Y PRIMARIA;CEIP;CRA LOS REGAJALES;CALLE;CALLE;NUEVA;;S/N;;;;;5;152;2;AVILA;NAVA DE ARÉVALO;NAVA DE ARÉVALO;5216;920314278;;;05006031@educa.jcyl.es;http://cralosregajales.centros.educa.jcyl.es;-4.77483;40.97441;S;N;N;S;N;N;40.97441, -4.77483
2026;05002722;A;ALTA;1;PÚBLICO;14;COLEGIO DE EDUCACION INFANTIL Y PRIMARIA;CEIP;CRA MIGUEL DELIBES;AV.;AVENIDA;DE CONCENTRACION PARCELARIA;;;;;;;5;128;1;AVILA;MINGORRÍA;MINGORRÍA;5280;920200319;920200319;;05002722@educa.jcyl.es;http://cramigueldelibes.centros.educa.jcyl.es;-4.66404;40.7502;S;N;N;S;N;N;40.7502, -4.66404
2026;05006144;A;ALTA;1;PÚBLICO;14;COLEGIO DE EDUCACION INFANTIL Y PRIMARIA;CEIP;CRA NAVAS DEL ALBERCHE;PZ.;PLAZA;CHICA;;S/N;;;;;5;158;1;AVILA;NAVALMORAL;NAVALMORAL;5112;920280347;;;05006144@educa.jcyl.es;http://cranavasdelalberche.centros.educa.jcyl.es;-4.76671;40.45986;S;N;N;S;N;N;40.45986, -4.76671
2026;05006119;A;ALTA;1;PÚBLICO;14;COLEGIO DE EDUCACION INFANTIL Y PRIMARIA;CEIP;CRA VALDELAVÍA;CALLE;CALLE;JULIO ARENILLAS;;S/N;;;;;5;161;1;AVILA;NAVALPERAL DE PINARES;NAVALPERAL DE PINARES;5240;918980711;;;05006119@educa.jcyl.es;http://cravaldelavia.centros.educa.jcyl.es/sitio/;-4.41075;40.59323;S;N;N;S;N;N;40.59323, -4.41075
2026;05003751;A;ALTA;1;PÚBLICO;14;COLEGIO DE EDUCACION INFANTIL Y PRIMARIA;CEIP;GRAN DUQUE DE ALBA;CALLE;CALLE;FUERA DE LA VILLA;;S/N;;;;;5;186;5;AVILA;PIEDRAHÍTA;PIEDRAHÍTA;5500;920360440;920360440;;05003751@educa.jcyl.es;http://ceipgranduquedealba.centros.educa.jcyl.es;-5.32594;40.46161;N;N;N;S;S;S;40.46161, -5.32594
2026;05005361;A;ALTA;1;PÚBLICO;14;COLEGIO DE EDUCACION INFANTIL Y PRIMARIA;CEIP;LOS AREVACOS;CALLE;CALLE;TESO NUEVO;13;;;;;;5;16;1;AVILA;ARÉVALO;ARÉVALO;5200;920300416;920303406;;05005361@educa.jcyl.es;http://ceiplosarevacos.centros.educa.jcyl.es/;-4.71876;41.05617;N;N;N;S;S;S;41.05617, -4.71876
2026;05000831;A;ALTA;1;PÚBLICO;14;COLEGIO DE EDUCACION INFANTIL Y PRIMARIA;CEIP;SANTA TERESA DE JESÚS;CALLE;CALLE;SANTA TERESA;64;;;;;;5;22;1;AVILA;BARRACO (EL);BARRACO (EL);5110;920281432;983300193;;05000831@educa.jcyl.es;http://cpsantateresadejesus.centros.educa.jcyl.es;-4.641;40.47582;N;N;N;S;N;N;40.47582, -4.641
2026;05005498;A;ALTA;1;PÚBLICO;14;COLEGIO DE EDUCACION INFANTIL Y PRIMARIA;CEIP;SANTO TOMÁS;CALLE;CALLE;JUAN GRANDE;2;;;;;;5;19;3;AVILA;ÁVILA;ÁVILA;5003;920229676;920229676;;05005498@educa.jcyl.es;http://cpsantotomas.centros.educa.jcyl.es;-4.6905;40.64899;N;N;N;S;S;S;40.64899, -4.6905
2026;05004810;A;ALTA;1;PÚBLICO;14;COLEGIO DE EDUCACION INFANTIL Y PRIMARIA;CEIP;TOROS DE GUISANDO;AV.;AVENIDA;DE LA HISPANIDAD;;S/N;;;;;5;241;5;AVILA;TIEMBLO (EL);TIEMBLO (EL);5270;918625443;918625443;;05004810@educa.jcyl.es;http://cptorosdeguisando.centros.educa.jcyl.es;-4.50272;40.41453;N;N;N;S;N;S;40.41453, -4.50272
2026;05000257;A;ALTA;1;PÚBLICO;14;COLEGIO DE EDUCACION INFANTIL Y PRIMARIA;CEIP;ZORRILLA MONROY;CALLE;CALLE;FRAY LUIS DE LEÓN;3;;;;;;5;14;1;AVILA;ARENAS DE SAN PEDRO;ARENAS DE SAN PEDRO;5400;920370259;920370836;;05000257@educa.jcyl.es;http://ceipzorrillamonroy.centros.educa.jcyl.es;-5.08418;40.207;N;N;N;S;S;S;40.207, -5.08418
2026;05006545;A;ALTA;1;PÚBLICO;31;CENTRO PUBLICO DE EDUCACION DE PERSONAS ADULTAS;CEPA;CENTRO DE ADULTOS DE ARÉVALO;AV.;AVENIDA;SEVERO OCHOA;2;;;;;;5;16;1;AVILA;ARÉVALO;ARÉVALO;5200;920302259;;;05006545@educa.jcyl.es;http://cepaarevalo.centros.educa.jcyl.es/sitio/;-4.71447;41.05499;N;N;N;N;N;N;41.05499, -4.71447
2026;05004378;A;ALTA;1;PÚBLICO;68;CENTRO PUBLICO INTEGRADO DE FORMACION PROFESIONAL;CIFP;AGRARIO DE ÁVILA;CRA.;CARRETERA;PIEDRAHITA;;;;;;;5;19;3;AVILA;ÁVILA;ÁVILA;5002;920253070;920252870;;05004378@educa.jcyl.es;http://cfaavila.centros.educa.jcyl.es;-4.74024;40.64435;N;N;N;N;S;N;40.64435, -4.74024
2026;05000658;A;ALTA;2;PRIVADO;72;CENTRO PRIVADO DE EDUCACION INFANTIL PRIMARIA Y SECUNDARIA;Colegio;ASUNCIÓN DE NUESTRA SEÑORA;CALLE;CALLE;LESQUINAS;2;;;;;;5;19;3;AVILA;ÁVILA;ÁVILA;5001;920212300;920212313;;05000658@educa.jcyl.es;http://www.dioceavila.com;-4.6947;40.65559;N;S;S;S;S;N;40.65559, -4.6947
2026;05000269;A;ALTA;2;PRIVADO;72;CENTRO PRIVADO DE EDUCACION INFANTIL PRIMARIA Y SECUNDARIA;Colegio;DIVINA PASTORA;CALLE;CALLE;TRISTE CONDESA;37;;;;;;5;14;1;AVILA;ARENAS DE SAN PEDRO;ARENAS DE SAN PEDRO;5400;920371241;;;05000269@educa.jcyl.es;http://www.ccdivinapastora.es;-5.08684;40.21038;N;N;S;S;S;N;40.21038, -5.08684
2026;05004822;A;ALTA;2;PRIVADO;72;CENTRO PRIVADO DE EDUCACION INFANTIL PRIMARIA Y SECUNDARIA;Colegio;SANTÍSIMA TRINIDAD;CALLE;CALLE;MOLINO NUEVO;2;;;;;;5;241;5;AVILA;TIEMBLO (EL);TIEMBLO (EL);5270;918625111;918627282;;05004822@educa.jcyl.es;https://colegiosantisimatrinidadeltiemblo.wordpress.com;-4.50207;40.41761;N;S;S;N;S;S;40.41761, -4.50207
2026;05009765;A;ALTA;2;PRIVADO;21;CENTRO PRIVADO DE EDUCACION ESPECIAL;CPrEE;TRÉBOL;CALLE;CALLE;RAFAELA DE ANTONIO;2;;;;;;5;19;3;AVILA;ÁVILA;ÁVILA;5002;722750871;;;05009765@educa.jcyl.es;;-4.69962;40.64862;N;N;S;N;N;N;40.64862, -4.69962
2026;05005450;A;ALTA;2;PRIVADO;4;CENTRO PRIVADO DE EDUCACION INFANTIL;CPrEI;SAGRADA FAMILIA;CALLE;CALLE;PATIO DE LA ENCARNACION;7;;;;;;5;19;3;AVILA;ÁVILA;ÁVILA;5005;920211345;920211245;;05005450@educa.jcyl.es;;-4.70004;40.66236;N;N;S;S;S;N;40.66236, -4.70004
2026;05004585;A;ALTA;2;PRIVADO;58;CENTRO PRIVADO DE FORMACION PROFESIONAL ESPECIFICA;CPrFP;JUAN XXIII;CALLE;CALLE;HUERTOS;20;;;;;;5;232;1;AVILA;SERRADA (LA);SERRADA (LA);5192;920265202;920265202;;05004585@educa.jcyl.es;http://www.centrofpjuanxxiii.es/;-4.75731;40.61557;N;N;S;N;N;S;40.61557, -4.75731
2026;05009807;A;ALTA;1;PÚBLICO;3;ESCUELA DE EDUCACION INFANTIL;EEI;LOS PEQUEÑOS DRUIDAS;CALLE;CALLE;CAMINO DEL TEJAR;;S/N;;;;;5;189;1;AVILA;POYALES DEL HOYO;POYALES DEL HOYO;5492;637470486;;;05009807@educa.jcyl.es;http://ayt.poyalesdelhoyo/;-5.16628;40.17289;N;N;N;N;N;N;40.17289, -5.16628
2026;05009686;A;ALTA;1;PÚBLICO;3;ESCUELA DE EDUCACION INFANTIL;EEI;EL MANCHO;AV.;AVENIDA;CARRETERA DE ROBLEDO;;S/N;;;;;5;57;1;AVILA;CEBREROS;CEBREROS;5260;918630992;;;05009686@educa.jcyl.es;;-4.45485;40.46272;N;N;N;N;S;N;40.46272, -4.45485
2026;05009844;A;ALTA;1;PÚBLICO;3;ESCUELA DE EDUCACION INFANTIL;EEI;LA LUCIÉRNAGA;CALLE;CALLE;FRAY LUIS DE LEÓN;;S/N;;;;;5;14;1;AVILA;ARENAS DE SAN PEDRO;ARENAS DE SAN PEDRO;5400;920370005;920372170;;05009844@educa.jcyl.es;;-5.08473;40.20695;N;N;N;N;N;N;40.20695, -5.08473
2026;05009893;A;ALTA;1;PÚBLICO;3;ESCUELA DE EDUCACION INFANTIL;EEI;PELONCETES;CALLE;CALLE;DOCTOR PEDRO CIFUENTES;9;;;;;;5;2;1;AVILA;ADRADA (LA);ADRADA (LA);5430;918670799;;;05009893@educa.jcyl.es;;-4.63653;40.29956;N;N;N;N;N;N;40.29956, -4.63653
2026;05010019;A;ALTA;1;PÚBLICO;3;ESCUELA DE EDUCACION INFANTIL;EEI;PEQUE BARCO;CALLE;CALLE;LAS ESCUELAS;8;;;;;;5;21;1;AVILA;BARCO DE ÁVILA (EL);BARCO DE ÁVILA (EL);5600;920340013;;;05010019@educa.jcyl.es;;-5.52515;40.35594;N;N;N;N;N;N;40.35594, -5.52515
2026;05009790;A;ALTA;1;PÚBLICO;3;ESCUELA DE EDUCACION INFANTIL;EEI;ULAQUILLOS;PZ.;PLAZA;DE LAS ESCUELAS;;S/N;;;;;5;238;3;AVILA;SOLOSANCHO;SOLOSANCHO;5130;920291141;920293451;;05009790@educa.jcyl.es;http://www.solosancho.com/;-4.90447;40.55129;N;N;N;N;N;N;40.55129, -4.90447
2026;05009650;A;ALTA;1;PÚBLICO;187;ESCUELA DE MUSICA Y DANZA;EMD;ESCUELA MUNICIPAL DE MÚSICA Y DANZA DE ARÉVALO;CALLE;CALLE;DESCALZOS;87;;;;;;5;16;1;AVILA;ARÉVALO;ARÉVALO;5200;920300001;920300852;;05009650@educa.jcyl.es;;-4.71395;41.05662;N;N;N;N;N;N;41.05662, -4.71395
2026;05004846;A;ALTA;1;PÚBLICO;42;INSTITUTO DE EDUCACION SECUNDARIA;IES;CLAUDIO SANCHEZ ALBORNOZ;CALLE;CALLE;JUAN RAMON JIMENEZ;14;;;;;;5;241;5;AVILA;TIEMBLO (EL);TIEMBLO (EL);5270;918625161;;;05004846@educa.jcyl.es;http://iessanchezalbornoz.centros.educa.jcyl.es/;-4.49743;40.41286;N;N;N;S;N;N;40.41286, -4.49743
2026;05000427;A;ALTA;1;PÚBLICO;42;INSTITUTO DE EDUCACION SECUNDARIA;IES;EULOGIO FLORENTINO SANZ;AV.;AVENIDA;DE EMILIO ROMERO;22;;;;;;5;16;1;AVILA;ARÉVALO;ARÉVALO;5200;920300221;920303458;;05000427@educa.jcyl.es;http://ieseulogioflorentinosanz.centros.educa.jcyl.es;-4.71445;41.05609;N;N;N;S;N;S;41.05609, -4.71445
2026;05009571;A;ALTA;1;PÚBLICO;42;INSTITUTO DE EDUCACION SECUNDARIA;IES;JOSÉ LUIS L. ARANGUREN;CALLE;CALLE;SANTO TOMÁS;10;;;;;;5;19;3;AVILA;ÁVILA;ÁVILA;5003;920353043;;;05009571@educa.jcyl.es;http://www.iesarangurenavila.com;-4.69248;40.64573;N;S;N;S;N;S;40.64573, -4.69248
2026;05006399;A;ALTA;1;PÚBLICO;42;INSTITUTO DE EDUCACION SECUNDARIA;IES;MARÍA DE CÓRDOBA;CALLE;CALLE;PRADO DE LOS CHARCOS;;S/N;;;;;5;168;3;AVILA;NAVAS DEL MARQUÉS (LAS);NAVAS DEL MARQUÉS (LAS);5230;918971126;;;05006399@educa.jcyl.es;http://iesmariadecordoba.centros.educa.jcyl.es;-4.33301;40.60693;N;N;N;S;N;S;40.60693, -4.33301
2026;09012151;A;ALTA;1;PÚBLICO;131;CONSERVATORIO PROFESIONAL DE MUSICA;C Música;RAFAEL FRÜHBECK;CALLE;CALLE;GONZALO DE BERCEO;27;;;;;;9;59;1;BURGOS;BURGOS;BURGOS;9007;947268373;947271039;;09012151@educa.jcyl.es;http://conservatorioburgos.centros.educa.jcyl.es/;-3.67548;42.35508;N;N;N;N;N;N;42.35508, -3.67548
2026;09008342;A;ALTA;1;PÚBLICO;14;COLEGIO DE EDUCACION INFANTIL Y PRIMARIA;CEIP;ALTAMIRA;CALLE;CALLE;ALFONSO VI;62;;;;;;9;219;11;BURGOS;MIRANDA DE EBRO;MIRANDA DE EBRO;9200;947347338;947347338;;09008342@educa.jcyl.es;http://ceipaltamira.centros.educa.jcyl.es/;-2.94361;42.68554;N;N;N;S;N;N;42.68554, -2.94361
2026;09008226;A;ALTA;1;PÚBLICO;14;COLEGIO DE EDUCACION INFANTIL Y PRIMARIA;CEIP;ANDUVA;CALLE;CALLE;SAN AGUSTÍN;43;;;;;;9;219;11;BURGOS;MIRANDA DE EBRO;MIRANDA DE EBRO;9200;947312669;947316259;;09008226@educa.jcyl.es;http://ceipanduva.centros.educa.jcyl.es;-2.94226;42.68179;N;N;N;S;S;N;42.68179, -2.94226
2026;09007805;A;ALTA;1;PÚBLICO;14;COLEGIO DE EDUCACION INFANTIL Y PRIMARIA;CEIP;ANTONIO MACHADO;CALLE;CALLE;DE SORIA;;S/N;;;;;9;59;1;BURGOS;BURGOS;BURGOS;9004;947228307;947210549;;09007805@educa.jcyl.es;http://cpantoniomachado.centros.educa.jcyl.es;-3.69039;42.34653;N;N;N;S;S;S;42.34653, -3.69039
2026;09005833;A;ALTA;1;PÚBLICO;14;COLEGIO DE EDUCACION INFANTIL Y PRIMARIA;CEIP;CLAUDIA CIANCAS;CRA.;CARRETERA;DE VILLASIDRO;;S/N;;;;;9;363;4;BURGOS;SASAMÓN;SASAMÓN;9123;947370175;947370175;;09005833@educa.jcyl.es;http://cpclaudiaciancas.centros.educa.jcyl.es;-4.04636;42.41785;N;N;N;S;S;S;42.41785, -4.04636
2026;09000744;A;ALTA;1;PÚBLICO;14;COLEGIO DE EDUCACION INFANTIL Y PRIMARIA;CEIP;CRA RAIMUNDO DE MIGUEL;CALLE;CALLE;CAMPO DE DEPORTES;;S/N;;;;;9;48;2;BURGOS;BELORADO;BELORADO;9250;947580185;947580185;;09000744@educa.jcyl.es;http://ceipraimundodemiguel.centros.educa.jcyl.es;-3.19346;42.41707;S;N;N;S;S;S;42.41707, -3.19346
2026;09008755;A;ALTA;1;PÚBLICO;14;COLEGIO DE EDUCACION INFANTIL Y PRIMARIA;CEIP;CRA RIBERDUERO;CALLE;CALLE;SENDA VALDECAÑAS;34;;;;;;9;141;1;BURGOS;FUENTESPINA;FUENTESPINA;9471;947507455;947507455;;09008755@educa.jcyl.es;http://crariberduero.centros.educa.jcyl.es;-3.68619;41.63168;S;N;N;S;S;N;41.63168, -3.68619
2026;09008573;A;ALTA;1;PÚBLICO;14;COLEGIO DE EDUCACION INFANTIL Y PRIMARIA;CEIP;CRA SIGLO XXI;CALLE;CALLE;CAMINO REAL;;S/N;;;;;9;369;2;BURGOS;SOTILLO DE LA RIBERA;SOTILLO DE LA RIBERA;9441;947532425;947532425;;09008573@educa.jcyl.es;http://crasiglo21.centros.educa.jcyl.es;-3.82633;41.77582;S;N;N;S;N;N;41.77582, -3.82633
2026;09006151;A;ALTA;1;PÚBLICO;14;COLEGIO DE EDUCACION INFANTIL Y PRIMARIA;CEIP;CRA TESLA;CALLE;CALLE;MAYOR;;S/N;;;;;9;394;6;BURGOS;TRESPADERNE;TRESPADERNE;9540;947308596;947308596;;09006151@educa.jcyl.es;http://ceiptesla.centros.educa.jcyl.es;-3.39379;42.80267;S;N;N;S;S;S;42.80267, -3.39379
2026;09003630;A;ALTA;1;PÚBLICO;14;COLEGIO DE EDUCACION INFANTIL Y PRIMARIA;CEIP;DOMINGO VIEJO;CALLE;CALLE;DOMINGO VIEJO;2;;;;;;9;211;1;BURGOS;MELGAR DE FERNAMENTAL;MELGAR DE FERNAMENTAL;9100;947372266;947372266;;09003630@educa.jcyl.es;http://ceipdomingoviejo.centros.educa.jcyl.es;-4.24986;42.40191;N;N;N;S;S;S;42.40191, -4.24986
2026;09008068;A;ALTA;1;PÚBLICO;14;COLEGIO DE EDUCACION INFANTIL Y PRIMARIA;CEIP;DOÑA MENCIA DE VELASCO;AV.;AVENIDA;MENCÍA DE VELASCO;31;;;;;;9;56;1;BURGOS;BRIVIESCA;BRIVIESCA;9240;947591106;947591106;;09008068@educa.jcyl.es;http://ceipmenciadevelasco.centros.educa.jcyl.es;-3.32007;42.54355;N;N;N;S;S;N;42.54355, -3.32007
2026;09005420;A;ALTA;1;PÚBLICO;14;COLEGIO DE EDUCACION INFANTIL Y PRIMARIA;CEIP;FERNÁN GONZÁLEZ;CALLE;CALLE;SANTA TERESA;6;;;;;;9;330;4;BURGOS;SALAS DE LOS INFANTES;SALAS DE LOS INFANTES;9600;947380888;947380077;;09005420@educa.jcyl.es;http://ceipfernangonzalez.centros.educa.jcyl.es;-3.28574;42.02252;N;N;N;N;S;S;42.02252, -3.28574
2026;09012412;A;ALTA;1;PÚBLICO;14;COLEGIO DE EDUCACION INFANTIL Y PRIMARIA;CEIP;FUENTECILLAS;CALLE;CALLE;SERRAMAGNA;20;;;;;;9;59;1;BURGOS;BURGOS;BURGOS;9003;947463148;947463148;;09012412@educa.jcyl.es;http://ceipfuentecillas.centros.educa.jcyl.es/;-3.71705;42.34248;N;N;N;S;S;N;42.34248, -3.71705
2026;09000926;A;ALTA;1;PÚBLICO;14;COLEGIO DE EDUCACION INFANTIL Y PRIMARIA;CEIP;ISABEL DE BASILEA;CALLE;CALLE;MARÍA DE MAEZTU;2;;;;;;9;59;1;BURGOS;BURGOS;BURGOS;9007;947481375;;;09000926@educa.jcyl.es;http://ceipisabeldebasilea.centros.educa.jcyl.es/;-3.66169;42.36251;N;N;N;S;S;S;42.36251, -3.66169
2026;09007635;A;ALTA;1;PÚBLICO;14;COLEGIO DE EDUCACION INFANTIL Y PRIMARIA;CEIP;JUAN DE VALLEJO;TR.;TRAVESIA;DE LAS ESCUELAS;;S/N;;;;;9;59;1;BURGOS;BURGOS;BURGOS;9007;947520709;;;09007635@educa.jcyl.es;http://ceipjuandevallejo.centros.educa.jcyl.es;-3.67123;42.3547;N;N;N;S;S;N;42.3547, -3.67123
2026;09007945;A;ALTA;1;PÚBLICO;14;COLEGIO DE EDUCACION INFANTIL Y PRIMARIA;CEIP;JUECES DE CASTILLA;CALLE;CALLE;BATALLA DE VILLALAR;;S/N;;;;;9;59;1;BURGOS;BURGOS;BURGOS;9006;947237390;947214468;;09007945@educa.jcyl.es;http://ceipjuecesdecastilla.centros.educa.jcyl.es;-3.68576;42.35121;N;N;N;S;S;N;42.35121, -3.68576
2026;09004798;A;ALTA;1;PÚBLICO;14;COLEGIO DE EDUCACION INFANTIL Y PRIMARIA;CEIP;LA DEMANDA;CALLE;CALLE;EL PINAR;;S/N;;;;;9;174;2;BURGOS;HUERTA DE REY;HUERTA DE REY;9430;947388102;947388102;;09004798@educa.jcyl.es;http://cralademanda.centros.educa.jcyl.es;-3.35345;41.83795;N;N;N;N;S;S;41.83795, -3.35345
2026;09000975;A;ALTA;1;PÚBLICO;14;COLEGIO DE EDUCACION INFANTIL Y PRIMARIA;CEIP;LAS CANDELAS;CALLE;CALLE;LAS ESCUELAS;;S/N;;;;;9;59;1;BURGOS;BURGOS;BURGOS;9007;947244763;;;09000975@educa.jcyl.es;http://ceiplascandelas.centros.educa.jcyl.es;-3.66903;42.35442;N;N;N;S;S;S;42.35442, -3.66903
2026;09003885;A;ALTA;1;PÚBLICO;14;COLEGIO DE EDUCACION INFANTIL Y PRIMARIA;CEIP;LAS MATILLAS;CALLE;CALLE;CAMINO DE LOS PINOS;;S/N;;;;;9;219;11;BURGOS;MIRANDA DE EBRO;MIRANDA DE EBRO;9200;947335274;947335029;;09003885@educa.jcyl.es;http://ceiplasmatillas.centros.educa.jcyl.es;-2.95585;42.69117;N;N;N;S;S;S;42.69117, -2.95585
2026;09003897;A;ALTA;1;PÚBLICO;14;COLEGIO DE EDUCACION INFANTIL Y PRIMARIA;CEIP;LOS ÁNGELES;CALLE;CALLE;POBLADO LOS ÁNGELES;;S/N;;;;;9;219;11;BURGOS;MIRANDA DE EBRO;MIRANDA DE EBRO;9200;947333449;947333299;;09003897@educa.jcyl.es;http://ceiplosangeles.centros.educa.jcyl.es;-2.91944;42.68388;N;N;N;S;S;S;42.68388, -2.91944
2026;09002169;A;ALTA;1;PÚBLICO;14;COLEGIO DE EDUCACION INFANTIL Y PRIMARIA;CEIP;MARQUÉS DE CAMARASA;CALLE;CALLE;MARQUÉS DE CAMARASA;2;;;;;;9;91;1;BURGOS;CASTROJERIZ;CASTROJERIZ;9110;947377054;947377054;;09002169@educa.jcyl.es;http://ceipmarquesdecamarasa.centros.educa.jcyl.es/;-4.13897;42.28756;N;N;N;S;S;S;42.28756, -4.13897
2026;09005985;A;ALTA;1;PÚBLICO;14;COLEGIO DE EDUCACION INFANTIL Y PRIMARIA;CEIP;PETRA LAFONT;CALLE;CALLE;ASUNCIÓN;7;;;;;;9;377;1;BURGOS;TARDAJOS;TARDAJOS;9130;947451020;947451020;;09005985@educa.jcyl.es;http://ceippetralafont.centros.educa.jcyl.es;-3.82041;42.34957;N;N;N;S;S;S;42.34957, -3.82041
2026;09008767;A;ALTA;1;PÚBLICO;14;COLEGIO DE EDUCACION INFANTIL Y PRIMARIA;CEIP;REY WAMBA;CALLE;CALLE;EL TINTE;;S/N;;;;;9;250;2;BURGOS;PAMPLIEGA;PAMPLIEGA;9220;947161140;947161140;;09008767@educa.jcyl.es;http://ceipreywamba.centros.educa.jcyl.es;-3.98819;42.20702;N;N;N;N;S;S;42.20702, -3.98819
2026;09012047;A;ALTA;1;PÚBLICO;14;COLEGIO DE EDUCACION INFANTIL Y PRIMARIA;CEIP;RIBERA DEL VENA;CALLE;CALLE;LOUDUM;;S/N;;;;;9;59;1;BURGOS;BURGOS;BURGOS;9006;947210727;;;09012047@educa.jcyl.es;http://ceipriberadelvena.centros.educa.jcyl.es/;-3.67415;42.3602;N;N;N;S;S;S;42.3602, -3.67415
2026;09004841;A;ALTA;1;PÚBLICO;14;COLEGIO DE EDUCACION INFANTIL Y PRIMARIA;CEIP;SAN ROQUE;CALLE;CALLE;SAGRADA FAMILIA;67;;;;;;9;274;2;BURGOS;PRADOLUENGO;PRADOLUENGO;9260;947586268;;;09004841@educa.jcyl.es;http://ceipsanroque.centros.educa.jcyl.es/sitio/;-3.20505;42.3261;N;N;N;S;S;S;42.3261, -3.20505
2026;09004440;A;ALTA;1;PÚBLICO;14;COLEGIO DE EDUCACION INFANTIL Y PRIMARIA;CEIP;SAN SALVADOR;CALLE;CALLE;TORREJÓN;9;;;;;;9;238;9;BURGOS;OÑA;OÑA;9530;947300095;947300095;;09004440@educa.jcyl.es;http://cpsansalvador.centros.educa.jcyl.es;-3.41675;42.73329;N;N;N;S;S;S;42.73329, -3.41675
2026;09002480;A;ALTA;1;PÚBLICO;14;COLEGIO DE EDUCACION INFANTIL Y PRIMARIA;CEIP;SANTA CECILIA;CALLE;CALLE;EL SOL;53;;;;;;9;124;2;BURGOS;ESPINOSA DE LOS MONTEROS;ESPINOSA DE LOS MONTEROS;9560;947143859;;;09002480@educa.jcyl.es;http://ceipsantacecilia.centros.educa.jcyl.es;-3.55697;43.08111;N;N;N;N;S;S;43.08111, -3.55697
2026;09012266;A;ALTA;1;PÚBLICO;14;COLEGIO DE EDUCACION INFANTIL Y PRIMARIA;CEIP;SATURNINO CALLEJA;CALLE;CALLE;DEL PRADO;8;;;;;;9;907;4;BURGOS;ALFOZ DE QUINTANADUEÑAS;QUINTANADUEÑAS;9197;947292652;;;09012266@educa.jcyl.es;http://ceipsaturninocalleja.centros.educa.jcyl.es/;-3.73418;42.38347;N;N;N;S;S;S;42.38347, -3.73418
2026;09006539;A;ALTA;1;PÚBLICO;14;COLEGIO DE EDUCACION INFANTIL Y PRIMARIA;CEIP;VALLE DE TOBALINA;CALLE;CALLE;MAYOR;194;;;;;;9;412;22;BURGOS;VALLE DE TOBALINA;QUINTANA MARTÍN GALÍNDEZ;9210;947358753;947358753;;09006539@educa.jcyl.es;http://ceipvalledetobalina.centros.educa.jcyl.es/sitio/;-3.26969;42.79353;N;N;N;S;S;S;42.79353, -3.26969
2026;09005699;A;ALTA;1;PÚBLICO;14;COLEGIO DE EDUCACION INFANTIL Y PRIMARIA;CEIP;VIRGEN DE LOS ESCUDEROS;CRA.;CARRETERA;DE LOS ESCUDEROS;;S/N;;;;;9;350;1;BURGOS;SANTA MARÍA DEL CAMPO;SANTA MARÍA DEL CAMPO;9342;947174139;947174139;;09005699@educa.jcyl.es;http://ceipvirgendelosescuderos.centros.educa.jcyl.es;-3.97106;42.13027;N;N;N;N;S;S;42.13027, -3.97106
2026;09008858;A;ALTA;1;PÚBLICO;31;CENTRO PUBLICO DE EDUCACION DE PERSONAS ADULTAS;CEPA;SAN BRUNO;CALLE;CALLE;SAN BRUNO;13;;;BAJO;;;9;59;1;BURGOS;BURGOS;BURGOS;9007;947213652;947061605;;09008858@educa.jcyl.es;http://cepasanbruno.centros.educa.jcyl.es/sitio/;-3.67307;42.35017;N;N;N;N;N;N;42.35017, -3.67307
2026;09012126;A;ALTA;1;PÚBLICO;68;CENTRO PUBLICO INTEGRADO DE FORMACION PROFESIONAL;CIFP;SIMÓN DE COLONIA;CALLE;CALLE;FRANCISCO DE VITORIA;;S/N;;;;;9;59;1;BURGOS;BURGOS;BURGOS;9006;947245305;;;09012126@educa.jcyl.es;http://www.simondecolonia.net/;-3.6871;42.35302;N;N;N;S;N;S;42.35302, -3.6871
2026;09001426;A;ALTA;2;PRIVADO;72;CENTRO PRIVADO DE EDUCACION INFANTIL PRIMARIA Y SECUNDARIA;Colegio;BLANCA DE CASTILLA;CALLE;CALLE;SAN JUAN DE ORTEGA;12;;;;;;9;59;1;BURGOS;BURGOS;BURGOS;9007;947223060;;;09001426@educa.jcyl.es;http://www.hijasdejesusburgos.com;-3.6683;42.34859;N;N;S;S;S;N;42.34859, -3.6683
2026;09007994;A;ALTA;2;PRIVADO;72;CENTRO PRIVADO DE EDUCACION INFANTIL PRIMARIA Y SECUNDARIA;Colegio;CÍRCULO CATÓLICO DE OBREROS;CALLE;CALLE;RAMÓN Y CAJAL;8;;;;;;9;59;1;BURGOS;BURGOS;BURGOS;9002;947274512;947276028;;09007994@educa.jcyl.es;http://www.colegiocirculo.com;-3.69493;42.33891;N;S;S;S;S;N;42.33891, -3.69493
2026;09000239;A;ALTA;2;PRIVADO;72;CENTRO PRIVADO DE EDUCACION INFANTIL PRIMARIA Y SECUNDARIA;Colegio;CLARET;CALLE;CALLE;AVENIDA PADRE CLARET, S/N, Y PLAZA CORAZÓN DE MARÍA, Nº 1;;;;;;;9;18;2;BURGOS;ARANDA DE DUERO;ARANDA DE DUERO;9400;947511954;947500383;;09000239@educa.jcyl.es;http://www.claretaranda.net/;-3.68537;41.66765;N;N;S;N;S;N;41.66765, -3.68537
2026;09000197;A;ALTA;2;PRIVADO;72;CENTRO PRIVADO DE EDUCACION INFANTIL PRIMARIA Y SECUNDARIA;Colegio;DOMINICAS ARANDA;AV.;AVENIDA;CASTILLA;62;;;;;;9;18;2;BURGOS;ARANDA DE DUERO;ARANDA DE DUERO;9400;947500800;947511776;;09000197@educa.jcyl.es;http://www.dominicasaranda.com;-3.69157;41.66256;N;N;S;N;S;N;41.66256, -3.69157
2026;09001301;A;ALTA;2;PRIVADO;72;CENTRO PRIVADO DE EDUCACION INFANTIL PRIMARIA Y SECUNDARIA;Colegio;LA SALLE;AV.;AVENIDA;DEL CID CAMPEADOR;23;;;;;;9;59;1;BURGOS;BURGOS;BURGOS;9005;947244544;947224651;;09001301@educa.jcyl.es;http://lasalleburgos.es;-3.69772;42.34632;N;N;S;N;S;N;42.34632, -3.69772
2026;09001581;A;ALTA;2;PRIVADO;72;CENTRO PRIVADO DE EDUCACION INFANTIL PRIMARIA Y SECUNDARIA;Colegio;MARÍA MADRE-POLITECNOS;AV.;AVENIDA;ELOY GARCÍA DE QUEVEDO;;S/N;;;;;9;59;1;BURGOS;BURGOS;BURGOS;9006;947221952;947227107;;09001581@educa.jcyl.es;http://www.mariamadre.com;-3.68531;42.3529;N;N;S;S;S;N;42.3529, -3.68531
2026;09001219;A;ALTA;2;PRIVADO;72;CENTRO PRIVADO DE EDUCACION INFANTIL PRIMARIA Y SECUNDARIA;Colegio;SAGRADA FAMILIA;PZ.;PLAZA;DOS DE MAYO;23;;;;;;9;59;1;BURGOS;BURGOS;BURGOS;9006;947220112;947223250;;09001219@educa.jcyl.es;http://www.safaburgos.com/;-3.67996;42.34602;N;N;S;S;S;N;42.34602, -3.67996
2026;09007519;A;ALTA;2;PRIVADO;72;CENTRO PRIVADO DE EDUCACION INFANTIL PRIMARIA Y SECUNDARIA;Colegio;SAGRADO CORAZÓN DE JESÚS;CALLE;CALLE;MADRE ISABEL DE LARRAÑAGA;1;;;;;;9;59;1;BURGOS;BURGOS;BURGOS;9007;947484027;;;09007519@educa.jcyl.es;http://scjesusburgos.corazonistas.org/;-3.65485;42.36384;N;N;S;S;S;N;42.36384, -3.65485
2026;09001268;A;ALTA;2;PRIVADO;72;CENTRO PRIVADO DE EDUCACION INFANTIL PRIMARIA Y SECUNDARIA;Colegio;SAGRADO CORAZÓN-HH.SALESIANAS;CRA.;CARRETERA;DE ARCOS;1;;;;;;9;59;1;BURGOS;BURGOS;BURGOS;9001;947276300;947209263;;09001268@educa.jcyl.es;http://www.scsalesianas.es;-3.7097;42.33074;N;N;S;S;S;N;42.33074, -3.7097
2026;09000057;A;ALTA;2;PRIVADO;45;CENTRO PRIVADO DE EDUCACION SECUNDARIA;Colegio;SAN GABRIEL;CRA.;CARRETERA;DE ARANDA-LA AGUILERA, km. 6.5;;;;;;;9;18;1;BURGOS;ARANDA DE DUERO;AGUILERA (LA);9440;947545006;947545161;;09000057@educa.jcyl.es;http://www.ciudaddelaeducacion.es;-3.751;41.70522;N;S;S;N;S;S;41.70522, -3.751
2026;09005389;A;ALTA;2;PRIVADO;15;CENTRO PRIVADO DE EDUCACION INFANTIL Y PRIMARIA;Colegio;SAN MIGUEL;AV.;AVENIDA;PADRE USERA;16;;;;;;9;321;1;BURGOS;ROA;ROA;9300;947540069;947540069;;09005389@educa.jcyl.es;http://www.colegiosanmiguel.net;-3.93002;41.69752;N;N;S;N;S;N;41.69752, -3.93002
2026;09000240;A;ALTA;2;PRIVADO;72;CENTRO PRIVADO DE EDUCACION INFANTIL PRIMARIA Y SECUNDARIA;Colegio;VERA CRUZ;CALLE;CALLE;SAN FRANCISCO;12;;;;;;9;18;2;BURGOS;ARANDA DE DUERO;ARANDA DE DUERO;9400;947500175;947514001;;09000240@educa.jcyl.es;http://www.colegioveracruzaranda.com;-3.68568;41.67331;N;N;S;S;S;N;41.67331, -3.68568
2026;09008354;A;ALTA;2;PRIVADO;21;CENTRO PRIVADO DE EDUCACION ESPECIAL;CPrEE;EL ALBA-AUTISMO BURGOS;CALLE;CALLE;ALFONSO XI;;S/N;;;;;9;59;1;BURGOS;BURGOS;BURGOS;9007;947239182;947241583;;09008354@educa.jcyl.es;http://www.personal3.iddeo.es/autismoburgos;-3.67645;42.35316;N;N;S;N;S;N;42.35316, -3.67645
2026;09012849;A;ALTA;2;PRIVADO;4;CENTRO PRIVADO DE EDUCACION INFANTIL;CPrEI;BURBUJAS;CALLE;CALLE;SOLIDARIDAD;8;;;;;;9;59;1;BURGOS;BURGOS;BURGOS;9007;665267767;;;09012849@educa.jcyl.es;;-3.66867;42.36211;N;N;N;N;N;N;42.36211, -3.66867
2026;09012862;A;ALTA;2;PRIVADO;4;CENTRO PRIVADO DE EDUCACION INFANTIL;CPrEI;Rayitas y Estrellitas;AV.;AVENIDA;Castilla y León;48;;;;;;9;59;1;BURGOS;BURGOS;BURGOS;9006;635670282;;;09012862@educa.jcyl.es;;-3.68143;42.35551;N;N;N;N;N;N;42.35551, -3.68143
2026;09008329;A;ALTA;2;PRIVADO;4;CENTRO PRIVADO DE EDUCACION INFANTIL;CPrEI;RÍO VENA;CALLE;CALLE;JUAN DE PADILLA;9;;;;;;9;59;1;BURGOS;BURGOS;BURGOS;9006;947236750;;;09008329@educa.jcyl.es;http://www.claretaranda.com;-3.68591;42.34827;N;N;N;N;S;N;42.34827, -3.68591
2026;09012761;A;ALTA;2;PRIVADO;4;CENTRO PRIVADO DE EDUCACION INFANTIL;CPrEI;TRES LUCES;CALLE;CALLE;VITORIA;37;;;;;;9;59;1;BURGOS;BURGOS;BURGOS;9004;659764033;;;09012761@educa.jcyl.es;;-3.6952;42.34287;N;N;N;N;N;N;42.34287, -3.6952
2026;09004099;A;ALTA;2;PRIVADO;69;CENTRO PRIVADO INTEGRADO DE FORMACION PROFESIONAL;CPrIFP;INSTITUTO TÉCNICO INDUSTRIAL DE MIRANDA;CRA.;CARRETERA;DE ORÓN;28;;;;;;9;219;11;BURGOS;MIRANDA DE EBRO;MIRANDA DE EBRO;9200;947310941;947310942;;09004099@educa.jcyl.es;http://www.itimiranda.com;-2.92064;42.69033;N;N;S;N;N;N;42.69033, -2.92064
2026;09012072;A;ALTA;2;PRIVADO;69;CENTRO PRIVADO INTEGRADO DE FORMACION PROFESIONAL;CPrIFP;SAN GABRIEL;CRA.;CARRETERA;DE LA AGUILERA;;KM 6,5;;;;;9;18;1;BURGOS;ARANDA DE DUERO;AGUILERA (LA);9440;947545006;947545161;;09012072@educa.jcyl.es;http://www.ciudaddelaeducacion.es;-3.75059;41.7055;N;N;S;N;S;S;41.7055, -3.75059
2026;09012382;A;ALTA;1;PÚBLICO;3;ESCUELA DE EDUCACION INFANTIL;EEI;ARCOS DE LA LLANA;CALLE;CALLE;CAMINO FRESNILLOS;13;;;;;;9;23;1;BURGOS;ARCOS;ARCOS;9195;947403540;;;09012382@educa.jcyl.es;;-3.75372;42.26208;N;N;N;N;S;N;42.26208, -3.75372
2026;09012369;A;ALTA;1;PÚBLICO;3;ESCUELA DE EDUCACION INFANTIL;EEI;BENJAMÍN;CALLE;CALLE;LOS NOGALES;13;;;;;;9;177;5;BURGOS;IBEAS DE JUARROS;IBEAS DE JUARROS;9198;616704635;;;09012369@educa.jcyl.es;;-3.58117;42.32373;N;N;N;N;S;N;42.32373, -3.58117
2026;09012886;A;ALTA;1;PÚBLICO;3;ESCUELA DE EDUCACION INFANTIL;EEI;Condado de Treviño;URB.;URBANIZACION;Ventas de Armentia;69;;;;;;9;109;8;BURGOS;CONDADO DE TREVIÑO;ARMENTÍA;9215;945360018;;;09012886@educa.jcyl.es;;-2.69853;42.72134;N;N;N;N;N;N;42.72134, -2.69853
2026;09012540;A;ALTA;1;PÚBLICO;3;ESCUELA DE EDUCACION INFANTIL;EEI;CUENTACUENTOS;CALLE;CALLE;LOGROÑO;52;URB LOS MOLINOS;;;;;9;86;1;BURGOS;CASTRILLO DEL VAL;CASTRILLO DEL VAL;9193;947421662;947421802;;09012540@educa.jcyl.es;;-3.56691;42.33292;N;N;N;N;N;N;42.33292, -3.56691
2026;09012394;A;ALTA;1;PÚBLICO;3;ESCUELA DE EDUCACION INFANTIL;EEI;ESCUELA INFANTIL DE LERMA;CRA.;CARRETERA;MADRID-IRÚN;1;;;;;;9;194;2;BURGOS;LERMA;LERMA;9340;600436409;;;09012394@educa.jcyl.es;;-3.75683;42.0266;N;N;N;N;S;N;42.0266, -3.75683
2026;09009000;A;ALTA;1;PÚBLICO;3;ESCUELA DE EDUCACION INFANTIL;EEI;LA GARZA;CALLE;CALLE;MÉJICO;;S/N;;;;;9;59;1;BURGOS;BURGOS;BURGOS;9001;947460398;947460398;;09009000@educa.jcyl.es;http://eeilagarza.centros.educa.jcyl.es;-3.74081;42.35003;N;N;N;N;S;N;42.35003, -3.74081
2026;09012515;A;ALTA;1;PÚBLICO;3;ESCUELA DE EDUCACION INFANTIL;EEI;LOS GIGANTILLOS;CALLE;CALLE;ALICANTE (BULEVAR);4;;;;;;9;59;1;BURGOS;BURGOS;BURGOS;9001;947250354;947288884;;09012515@educa.jcyl.es;;-3.69691;42.34399;N;N;N;N;N;N;42.34399, -3.69691
2026;09009036;A;ALTA;1;PÚBLICO;3;ESCUELA DE EDUCACION INFANTIL;EEI;NUESTRA SEÑORA DE ALTAMIRA;CALLE;CALLE;ANDUVA;;S/N;;;;;9;219;11;BURGOS;MIRANDA DE EBRO;MIRANDA DE EBRO;9200;947310373;947310201;;09009036@educa.jcyl.es;;-2.94361;42.68554;N;N;N;N;S;N;42.68554, -2.94361
2026;09009012;A;ALTA;1;PÚBLICO;3;ESCUELA DE EDUCACION INFANTIL;EEI;SANTA MARÍA LA MAYOR;CALLE;CALLE;ALFONSO XI;;S/N;;;;;9;59;1;BURGOS;BURGOS;BURGOS;9007;947224907;947224907;;09009012@educa.jcyl.es;http://escuelahogarstamalamayor.centros.educa.jcyl.es;-3.67527;42.35438;N;N;N;N;S;N;42.35438, -3.67527
2026;09008810;A;ALTA;1;PÚBLICO;185;ESCUELA DE MUSICA;EM;CARMELO ALONSO BERNAOLA;AV.;AVENIDA;LA RONDA;;38-40;;;;;9;209;11;BURGOS;MEDINA DE POMAR;MEDINA DE POMAR;9500;947147310;947147310;;09008810@educa.jcyl.es;;-3.708;42.33964;N;N;N;N;N;N;42.33964, -3.708
2026;09012175;A;ALTA;1;PÚBLICO;185;ESCUELA DE MUSICA;EM;ESCUELA DE MÚSICA DE BRIVIESCA;CALLE;CALLE;DUQUE DE FRÍAS;9;;;;;;9;56;1;BURGOS;BRIVIESCA;BRIVIESCA;9240;947592821;947592310;;09012175@educa.jcyl.es;;-3.32243;42.55;N;N;N;N;N;N;42.55, -3.32243
2026;09012138;A;ALTA;1;PÚBLICO;185;ESCUELA DE MUSICA;EM;ESCUELA DE MÚSICA DE VILLARCAYO;CALLE;CALLE;SANTA MARÍA;10;;;;;;9;903;32;BURGOS;VILLARCAYO DE MERINDAD DE CASTILLA LA VIEJA;VILLARCAYO;9550;947132261;;;09012138@educa.jcyl.es;;-3.56893;42.94134;N;N;N;N;N;N;42.94134, -3.56893
2026;09008974;A;ALTA;2;PRIVADO;185;ESCUELA DE MUSICA;EM;LA CLAVE;PZ.;PLAZA;DE SAN BRUNO;9;;;;;;9;59;1;BURGOS;BURGOS;BURGOS;9007;947231420;;;09008974@educa.jcyl.es;;-3.67153;42.35024;N;N;N;N;N;N;42.35024, -3.67153
2026;09008101;A;ALTA;1;PÚBLICO;80;ESCUELA OFICIAL DE IDIOMAS;EOI;ESCUELA OFICIAL DE IDIOMAS DE BURGOS;CALLE;CALLE;BATALLA DE VILLALAR;;S/N;;;;;9;59;1;BURGOS;BURGOS;BURGOS;9006;947213252;;;09008101@educa.jcyl.es;http://eoiburgos.centros.educa.jcyl.es/sitio/;-3.68588;42.35033;N;N;N;N;N;N;42.35033, -3.68588
2026;09008561;A;ALTA;1;PÚBLICO;80;ESCUELA OFICIAL DE IDIOMAS;EOI;ESCUELA OFICIAL DE IDIOMAS DE MIRANDA DE EBRO;AV.;AVENIDA;REPÚBLICA ARGENTINA;2;;;;;;9;219;11;BURGOS;MIRANDA DE EBRO;MIRANDA DE EBRO;9200;947317278;;;09008561@educa.jcyl.es;http://eoimirandadeebro.centros.educa.jcyl.es;-2.94608;42.68191;N;N;N;N;N;N;42.68191, -2.94608
2026;09001682;A;ALTA;1;PÚBLICO;42;INSTITUTO DE EDUCACION SECUNDARIA;IES;CARDENAL LÓPEZ DE MENDOZA;PZ.;PLAZA;LUIS MARTÍN SANTOS;;S/N;;;;;9;59;1;BURGOS;BURGOS;BURGOS;9002;947257648;947257649;;09001682@educa.jcyl.es;http://ieslopezdemendoza.centros.educa.jcyl.es;-3.70472;42.33718;N;N;N;S;N;S;42.33718, -3.70472
2026;09007741;A;ALTA;1;PÚBLICO;42;INSTITUTO DE EDUCACION SECUNDARIA;IES;COMUNEROS DE CASTILLA;CALLE;CALLE;BATALLA DE VILLALAR;;S/N;;;;;9;59;1;BURGOS;BURGOS;BURGOS;9006;947214211;947229671;;09007741@educa.jcyl.es;http://iescomunerosdecastilla.centros.educa.jcyl.es;-3.68573;42.35034;N;N;N;S;N;S;42.35034, -3.68573
2026;09008378;A;ALTA;1;PÚBLICO;42;INSTITUTO DE EDUCACION SECUNDARIA;IES;DIEGO DE SILOÉ;CALLE;CALLE;SAN PEDRO Y SAN FELICES;34;;;;;;9;59;1;BURGOS;BURGOS;BURGOS;9001;947257694;947278628;;09008378@educa.jcyl.es;http://iesdiegodesiloe.centros.educa.jcyl.es;-3.70701;42.33187;N;N;N;S;N;S;42.33187, -3.70701
2026;09008263;A;ALTA;1;PÚBLICO;42;INSTITUTO DE EDUCACION SECUNDARIA;IES;DIEGO MARÍN AGUILERA;CRA.;CARRETERA;DE POZA;;S/N;;;;;9;59;1;BURGOS;BURGOS;BURGOS;9007;947485054;947485495;;09008263@educa.jcyl.es;http://iesdiegomarinaguilera.centros.educa.jcyl.es/sitio/;-3.66227;42.35861;N;N;N;S;N;S;42.35861, -3.66227
2026;09001815;A;ALTA;1;PÚBLICO;42;INSTITUTO DE EDUCACION SECUNDARIA;IES;FÉLIX RODRÍGUEZ DE LA FUENTE;CALLE;CALLE;PABLO CASALS;4;;;;;;9;59;1;BURGOS;BURGOS;BURGOS;9007;947470244;947470049;;09001815@educa.jcyl.es;http://iesfelixburgos.centros.educa.jcyl.es;-3.66604;42.3522;N;N;N;S;N;N;42.3522, -3.66604
2026;09004142;A;ALTA;1;PÚBLICO;42;INSTITUTO DE EDUCACION SECUNDARIA;IES;FRAY PEDRO DE URBINA;AV.;AVENIDA;REPUBLICA ARGENTINA;2;;;;;;9;219;11;BURGOS;MIRANDA DE EBRO;MIRANDA DE EBRO;9200;947310490;;;09004142@educa.jcyl.es;http://iesfraypedrodeurbina.centros.educa.jcyl.es/sitio/index.cgi;-2.94584;42.68237;N;N;N;S;N;N;42.68237, -2.94584
2026;09003599;A;ALTA;1;PÚBLICO;42;INSTITUTO DE EDUCACION SECUNDARIA;IES;LA PROVIDENCIA;CALLE;CALLE;MARTÍNEZ PACHECO;5;;;;;;9;209;11;BURGOS;MEDINA DE POMAR;MEDINA DE POMAR;9500;947190153;947190153;;09003599@educa.jcyl.es;http://www.ieslaprovidencia.es/;-3.48727;42.92968;N;N;N;S;N;N;42.92968, -3.48727
2026;09008172;A;ALTA;1;PÚBLICO;20;COLEGIO DE EDUCACION ESPECIAL;CEE;FRAY PEDRO PONCE DE LEÓN;CALLE;CALLE;LAS CALZADAS;6;;;;;;9;59;1;BURGOS;BURGOS;BURGOS;9004;947270904;947269795;;09008172@educa.jcyl.es;http://ceefraypedroponcedeleon.centros.educa.jcyl.es;-3.69124;42.34404;N;S;N;S;S;S;42.34404, -3.69124
2026;09003861;A;ALTA;1;PÚBLICO;14;COLEGIO DE EDUCACION INFANTIL Y PRIMARIA;CEIP;CERVANTES;CALLE;CALLE;RONDA DEL FERROCARRIL;101;;;;;;9;219;11;BURGOS;MIRANDA DE EBRO;MIRANDA DE EBRO;9200;947347283;;;09003861@educa.jcyl.es;http://ceip-cervantes.centros.educa.jcyl.es;-2.94834;42.68407;N;N;N;S;N;N;42.68407, -2.94834
2026;09008706;A;ALTA;1;PÚBLICO;14;COLEGIO DE EDUCACION INFANTIL Y PRIMARIA;CEIP;CRA CARDENAL CISNEROS;CALLE;CALLE;PADRE MANJÓN;;S/N;;;;;9;321;1;BURGOS;ROA;ROA;9300;947540041;947540041;;09008706@educa.jcyl.es;http://cracardenalcisneros.centros.educa.jcyl.es;-3.93156;41.6958;S;N;N;S;S;S;41.6958, -3.93156
2026;09008743;A;ALTA;1;PÚBLICO;14;COLEGIO DE EDUCACION INFANTIL Y PRIMARIA;CEIP;CRA MONTEARLANZA;CRA.;CARRETERA;LERMA;;S/N;;;;;9;384;1;BURGOS;TORDÓMAR;TORDÓMAR;9341;947186026;947171038;;09008743@educa.jcyl.es;http://cramontearlanza.centros.educa.jcyl.es;-3.87015;42.04442;S;N;N;N;N;N;42.04442, -3.87015
2026;09000161;A;ALTA;1;PÚBLICO;14;COLEGIO DE EDUCACION INFANTIL Y PRIMARIA;CEIP;FERNÁN GONZÁLEZ;GL.;GLORIETA;ROSALES;;S/N;;;;;9;18;2;BURGOS;ARANDA DE DUERO;ARANDA DE DUERO;9400;947546282;947546358;;09000161@educa.jcyl.es;http://cpfernangonzalez.centros.educa.jcyl.es;-3.68974;41.66567;N;N;N;S;S;N;41.66567, -3.68974
2026;09000914;A;ALTA;1;PÚBLICO;14;COLEGIO DE EDUCACION INFANTIL Y PRIMARIA;CEIP;FRANCISCO DE VITORIA;AV.;AVENIDA;DE CANTABRIA;;S/N;;;;;9;59;1;BURGOS;BURGOS;BURGOS;9006;947219184;;;09000914@educa.jcyl.es;http://ceipfranciscodevitoria.centros.educa.jcyl.es;-3.69014;42.35335;N;N;N;S;S;S;42.35335, -3.69014
2026;09006761;A;ALTA;1;PÚBLICO;14;COLEGIO DE EDUCACION INFANTIL Y PRIMARIA;CEIP;FRAY ENRIQUE FLÓREZ;CALLE;CALLE;BUENOS AIRES;;S/N;;;;;9;427;22;BURGOS;VILLADIEGO;VILLADIEGO;9120;947360140;;;09006761@educa.jcyl.es;http://ceipfrayenriqueflorez.centros.educa.jcyl.es/;-4.00357;42.5179;N;N;N;S;S;S;42.5179, -4.00357
2026;09001086;A;ALTA;1;PÚBLICO;14;COLEGIO DE EDUCACION INFANTIL Y PRIMARIA;CEIP;FUENTES BLANCAS;CALLE;CALLE;POLIG. RESID. FUENTES BLANCAS;;S/N;;;;;9;59;1;BURGOS;BURGOS;BURGOS;9193;947486378;947486378;;09001086@educa.jcyl.es;http://ceipfuentesblancas.centros.educa.jcyl.es;-3.63513;42.33844;N;N;N;N;S;S;42.33844, -3.63513
2026;09012281;A;ALTA;1;PÚBLICO;14;COLEGIO DE EDUCACION INFANTIL Y PRIMARIA;CEIP;GLORIA FUERTES;CALLE;CALLE;RONDA DE ORIENTE;;S/N;;;;;9;439;3;BURGOS;VILLALBILLA DE BURGOS;VILLALBILLA DE BURGOS;9197;947291055;;;09012281@educa.jcyl.es;http://ceipgloriafuertes.centros.educa.jcyl.es/;-3.77864;42.34725;N;N;N;S;S;S;42.34725, -3.77864
2026;09000835;A;ALTA;1;PÚBLICO;14;COLEGIO DE EDUCACION INFANTIL Y PRIMARIA;CEIP;JUAN ABASCAL;CALLE;CALLE;JUSTO CANTÓN DE SALAZAR;33;;;;;;9;56;1;BURGOS;BRIVIESCA;BRIVIESCA;9240;947590299;947590299;;09000835@educa.jcyl.es;http://ceipjuanabascal.centros.educa.jcyl.es/;-3.32127;42.55099;N;N;N;S;S;S;42.55099, -3.32127
2026;09000963;A;ALTA;1;PÚBLICO;14;COLEGIO DE EDUCACION INFANTIL Y PRIMARIA;CEIP;LOS VADILLOS;CALLE;CALLE;PETRONILA CASADO;2;;;;;;9;59;1;BURGOS;BURGOS;BURGOS;9005;947228387;;;09000963@educa.jcyl.es;http://ceiplosvadillos.centros.educa.jcyl.es;-3.69702;42.34643;N;N;N;S;S;N;42.34643, -3.69702
2026;09007970;A;ALTA;1;PÚBLICO;14;COLEGIO DE EDUCACION INFANTIL Y PRIMARIA;CEIP;MIGUEL DELIBES;CALLE;CALLE;VICTORIA BALFÉ;25;;;;;;9;59;1;BURGOS;BURGOS;BURGOS;9006;947212810;947212810;;09007970@educa.jcyl.es;http://cp-migueldelibes.centros.educa.jcyl.es;-3.68067;42.36114;N;N;N;S;S;S;42.36114, -3.68067
2026;09008688;A;ALTA;1;PÚBLICO;14;COLEGIO DE EDUCACION INFANTIL Y PRIMARIA;CEIP;MONTES OBARENES;CALLE;CALLE;REAL;85;;;;;;9;251;1;BURGOS;PANCORBO;PANCORBO;9280;947354069;947354069;;09008688@educa.jcyl.es;http://ceipmontesobarenes.centros.educa.jcyl.es;-3.11059;42.63524;N;N;N;S;S;S;42.63524, -3.11059
2026;09006497;A;ALTA;1;PÚBLICO;14;COLEGIO DE EDUCACION INFANTIL Y PRIMARIA;CEIP;NUESTRA SEÑORA DE LAS ALTICES;CALLE;CALLE;FÉLIX RODRÍGUEZ DE LA FUENTE;;S/N;;;;;9;410;57;BURGOS;VALLE DE MENA;VILLASANA DE MENA;9580;947126251;947126251;;09006497@educa.jcyl.es;http://ceipnuestrasenoradelasaltices.centros.educa.jcyl.es/;-3.28355;43.09655;N;N;N;S;S;S;43.09655, -3.28355
2026;09003401;A;ALTA;1;PÚBLICO;14;COLEGIO DE EDUCACION INFANTIL Y PRIMARIA;CEIP;PONS SOROLLA;CALLE;CALLE;EL PARQUE;2;;;;;;9;194;2;BURGOS;LERMA;LERMA;9340;947170239;947170239;;09003401@educa.jcyl.es;http://ceipponssorolla.centros.educa.jcyl.es/;-3.75874;42.02631;N;N;N;S;S;S;42.02631, -3.75874
2026;09007143;A;ALTA;1;PÚBLICO;14;COLEGIO DE EDUCACION INFANTIL Y PRIMARIA;CEIP;PRINCESA DE ESPAÑA;CALLE;CALLE;COMPLEJO LA RESIDENCIA;5;;;;;;9;903;32;BURGOS;VILLARCAYO DE MERINDAD DE CASTILLA LA VIEJA;VILLARCAYO;9550;947131141;947131141;;09007143@educa.jcyl.es;http://ceipprincesadeespana.centros.educa.jcyl.es;-3.56892;42.94423;N;N;N;S;S;S;42.94423, -3.56892
2026;09001013;A;ALTA;1;PÚBLICO;14;COLEGIO DE EDUCACION INFANTIL Y PRIMARIA;CEIP;SIERRA DE ATAPUERCA;CALLE;CALLE;ALICANTE;3;;;;;;9;59;1;BURGOS;BURGOS;BURGOS;9001;947261257;947274140;;09001013@educa.jcyl.es;http://ceipsierradeatapuerca.centros.educa.jcyl.es/sitio/;-3.70576;42.33411;N;N;N;S;S;S;42.33411, -3.70576
2026;09012278;A;ALTA;1;PÚBLICO;14;COLEGIO DE EDUCACION INFANTIL Y PRIMARIA;CEIP;VILLAGONZALO-PEDERNALES;CRA.;CARRETERA;DE ARCOS;15;;;;;;9;434;1;BURGOS;VILLAGONZALO PEDERNALES;VILLAGONZALO PEDERNALES;9195;947294173;947294173;;09012278@educa.jcyl.es;http://ceipvillagonzalopedernales.centros.educa.jcyl.es;-3.73397;42.30087;N;N;N;S;S;N;42.30087, -3.73397
2026;09005754;A;ALTA;1;PÚBLICO;14;COLEGIO DE EDUCACION INFANTIL Y PRIMARIA;CEIP;VIRGEN DE LAS ERAS;CRA.;CARRETERA;DE AGUILAR;;S/N;;;;;9;902;8;BURGOS;VALLE DE SANTIBÁÑEZ;SANTIBÁÑEZ-ZARZAGUDA;9150;947453032;947453032;;09005754@educa.jcyl.es;http://ceipvirgendelaseras.centros.educa.jcyl.es;-3.78342;42.48014;N;N;N;S;S;S;42.48014, -3.78342
2026;09008883;A;ALTA;1;PÚBLICO;31;CENTRO PUBLICO DE EDUCACION DE PERSONAS ADULTAS;CEPA;CENTRO DE ADULTOS DE BRIVIESCA;CALLE;CALLE;MARQUÉS DE TORRESOTO;35;;;;;;9;56;1;BURGOS;BRIVIESCA;BRIVIESCA;9240;947590212;947590212;;09008883@educa.jcyl.es;http://cepabriviesca.centros.educa.jcyl.es;-3.3233;42.5491;N;N;N;N;N;N;42.5491, -3.3233
2026;09001131;A;ALTA;1;PÚBLICO;31;CENTRO PUBLICO DE EDUCACION DE PERSONAS ADULTAS;CEPA;VICTORIANO CREMER;CALLE;CALLE;SANZ PASTOR;20;;;;;;9;59;1;BURGOS;BURGOS;BURGOS;9003;947276190;;;09001131@educa.jcyl.es;http://cepavictorianocremer.centros.educa.jcyl.es;-3.70027;42.34412;N;N;N;N;N;N;42.34412, -3.70027
2026;09012096;A;ALTA;1;PÚBLICO;68;CENTRO PUBLICO INTEGRADO DE FORMACION PROFESIONAL;CIFP;JUAN DE COLONIA;CALLE;CALLE;FRANCISCO DE VITORIA;;S/N;;;;;9;59;1;BURGOS;BURGOS;BURGOS;9006;947245004;;;09012096@educa.jcyl.es;http://www.juandecolonia.es;-3.68638;42.35377;N;N;N;S;N;S;42.35377, -3.68638
2026;09008299;A;ALTA;1;PÚBLICO;68;CENTRO PUBLICO INTEGRADO DE FORMACION PROFESIONAL;CIFP;PRÍNCIPE FELIPE;CRA.;CARRETERA;ARCOS DE LA LLANA A ALBILLOS;;S/N;;;;;9;9;1;BURGOS;ALBILLOS;ALBILLOS;9239;947404192;;;09008299@educa.jcyl.es;http://cifpprincipefelipe.centros.educa.jcyl.es;-3.79061;42.27642;N;N;N;N;N;N;42.27642, -3.79061
2026;09012229;A;ALTA;1;PÚBLICO;68;CENTRO PUBLICO INTEGRADO DE FORMACION PROFESIONAL;CIFP;RÍO EBRO;CRA.;CARRETERA;DE ORÓN;78;;;B;;;9;219;11;BURGOS;MIRANDA DE EBRO;MIRANDA DE EBRO;9200;947102821;947102821;;09012229@educa.jcyl.es;http://cifprioebro.centros.educa.jcyl.es;-2.96723;42.67935;N;N;N;S;N;S;42.67935, -2.96723
2026;09001736;A;ALTA;2;PRIVADO;15;CENTRO PRIVADO DE EDUCACION INFANTIL Y PRIMARIA;Colegio;APÓSTOL SAN PABLO;PZ.;PLAZA;DE ROMA;2;;;;;;9;59;1;BURGOS;BURGOS;BURGOS;9007;947211717;947211717;;09001736@educa.jcyl.es;http://www.apostolsanpablo.com/;-3.66825;42.35153;N;N;S;S;S;N;42.35153, -3.66825
2026;09001189;A;ALTA;2;PRIVADO;72;CENTRO PRIVADO DE EDUCACION INFANTIL PRIMARIA Y SECUNDARIA;Colegio;INTERNACIONAL CAMPOLARA;AV.;AVENIDA;DE PALENCIA;3;;;;;;9;59;1;BURGOS;BURGOS;BURGOS;9001;947276931;947208244;;09001189@educa.jcyl.es;http://www.campolara.com;-3.70956;42.33647;N;N;S;N;S;N;42.33647, -3.70956
2026;09001335;A;ALTA;2;PRIVADO;72;CENTRO PRIVADO DE EDUCACION INFANTIL PRIMARIA Y SECUNDARIA;Colegio;JESÚS-MARÍA;CALLE;CALLE;DOCTOR FLÉMING;1;;;;;;9;59;1;BURGOS;BURGOS;BURGOS;9002;947268250;;;09001335@educa.jcyl.es;https://www.jesusmariaburgos.com;-3.69628;42.33909;N;N;S;S;S;N;42.33909, -3.69628
2026;09001281;A;ALTA;2;PRIVADO;72;CENTRO PRIVADO DE EDUCACION INFANTIL PRIMARIA Y SECUNDARIA;Colegio;LICEO CASTILLA;CALLE;CALLE;POZANOS;;S/N;;;;;9;59;1;BURGOS;BURGOS;BURGOS;9006;947238161;947211787;;09001281@educa.jcyl.es;http://www.maristasburgos.org;-3.6887;42.35734;N;N;S;N;S;N;42.35734, -3.6887
2026;09001487;A;ALTA;2;PRIVADO;72;CENTRO PRIVADO DE EDUCACION INFANTIL PRIMARIA Y SECUNDARIA;Colegio;MARÍA MEDIADORA;CALLE;CALLE;CARCEDO;2;;;;;;9;59;1;BURGOS;BURGOS;BURGOS;9002;947267064;;;09001487@educa.jcyl.es;https://mariamediadoraburgos.com;-3.69233;42.3369;N;N;S;S;S;N;42.3369, -3.69233
2026;09004026;A;ALTA;2;PRIVADO;72;CENTRO PRIVADO DE EDUCACION INFANTIL PRIMARIA Y SECUNDARIA;Colegio;SAGRADA FAMILIA;CALLE;CALLE;FRANCISCO CANTERA;16;;;;;;9;219;11;BURGOS;MIRANDA DE EBRO;MIRANDA DE EBRO;9200;947310776;947347123;;09004026@educa.jcyl.es;http://safamiranda.blogspot.com.es/;-2.94435;42.68498;N;N;S;N;S;N;42.68498, -2.94435
2026;09001608;A;ALTA;2;PRIVADO;72;CENTRO PRIVADO DE EDUCACION INFANTIL PRIMARIA Y SECUNDARIA;Colegio;SAN PEDRO Y SAN FELICES;CALLE;CALLE;SANTA ANA;10;;;;;;9;59;1;BURGOS;BURGOS;BURGOS;9001;947206843;;;09001608@educa.jcyl.es;http://www.sanpedroysanfelices.es;-3.70385;42.33169;N;N;S;S;S;N;42.33169, -3.70385
2026;09007520;A;ALTA;2;PRIVADO;45;CENTRO PRIVADO DE EDUCACION SECUNDARIA;Colegio;SEMINARIO SAN JOSÉ;PS.;PASEO;DEL EMPECINADO;5;;;;;;9;59;1;BURGOS;BURGOS;BURGOS;9001;947207646;947202582;;09007520@educa.jcyl.es;http://www.archiburgos.org/guia/formacion/seminario.htm;-3.70783;42.33633;N;S;N;N;S;N;42.33633, -3.70783
2026;09012576;A;ALTA;2;PRIVADO;158;CENTRO PRIVADO AUTORIZADO PROFESIONAL DE DANZA;CPr Danza;ESCUELA PROFESIONAL DE DANZA DE CASTILLA Y LEÓN ANA LAGUNA, BURGOS;CALLE;CALLE;GONZALO DE BERCEO (EDIFICIO DEL CONSERVATORIO PROFESIONAL DE MÚSICA);;S/N;;;;;9;59;1;BURGOS;BURGOS;BURGOS;9006;947245482;;;09012576@educa.jcyl.es;http://www.fuescyl.com/epdcyl;-3.67532;42.35508;N;N;N;N;N;N;42.35508, -3.67532
2026;09008986;A;ALTA;2;PRIVADO;157;CENTRO PRIVADO AUTORIZADO ELEMENTAL DE DANZA;CPr Danza;HÉLADE;PZ.;PLAZA;PEDRO MALDONADO;;S/N;;;;;9;59;1;BURGOS;BURGOS;BURGOS;9005;947216522;947255000;;09008986@educa.jcyl.es;;-3.69196;42.3497;N;N;N;N;N;N;42.3497, -3.69196
2026;09008846;A;ALTA;2;PRIVADO;21;CENTRO PRIVADO DE EDUCACION ESPECIAL;CPrEE;ESTELA;PS.;PASEO;DE LOS PISONES;49;;;;;;9;59;1;BURGOS;BURGOS;BURGOS;9001;947209402;947278997;;09008846@educa.jcyl.es;;-3.69735;42.32832;N;N;S;N;S;N;42.32832, -3.69735
2026;09008834;A;ALTA;2;PRIVADO;21;CENTRO PRIVADO DE EDUCACION ESPECIAL;CPrEE;PUENTESAÚCO;CALLE;CALLE;CONDESA DE MENCÍA;150;;;;;;9;59;1;BURGOS;BURGOS;BURGOS;9006;947229958;947239751;;09008834@educa.jcyl.es;;-3.67501;42.36189;N;S;S;N;S;S;42.36189, -3.67501
2026;09012710;A;ALTA;2;PRIVADO;4;CENTRO PRIVADO DE EDUCACION INFANTIL;CPrEI;ARIES;CALLE;CALLE;LUIS ALBERDI;44;;;;;;9;59;1;BURGOS;BURGOS;BURGOS;9007;947488590;;;09012710@educa.jcyl.es;;-3.66254;42.35145;N;N;N;N;N;N;42.35145, -3.66254
2026;09012060;A;ALTA;2;PRIVADO;4;CENTRO PRIVADO DE EDUCACION INFANTIL;CPrEI;BLANCA DE CASTILLA;CALLE;CALLE;PABLO CASALS;1;;;;;;9;59;1;BURGOS;BURGOS;BURGOS;9007;947489468;947240020;;09012060@educa.jcyl.es;;-3.66707;42.35293;N;N;N;N;S;N;42.35293, -3.66707
2026;09012217;A;ALTA;2;PRIVADO;4;CENTRO PRIVADO DE EDUCACION INFANTIL;CPrEI;CINCO SENTIDOS;CRA.;CARRETERA;DE PALENCIA;;;;;;;9;18;2;BURGOS;ARANDA DE DUERO;ARANDA DE DUERO;9400;653865569;;;09012217@educa.jcyl.es;;-3.69976;42.34089;N;N;N;N;S;N;42.34089, -3.69976
2026;09012680;A;ALTA;2;PRIVADO;4;CENTRO PRIVADO DE EDUCACION INFANTIL;CPrEI;DON GATO Y SUS AMIGOS;CALLE;CALLE;SAN ZADORNIL;12;;;;;;9;59;1;BURGOS;BURGOS;BURGOS;9003;647385588;;;09012680@educa.jcyl.es;;-3.71465;42.34383;N;N;N;N;N;N;42.34383, -3.71465
2026;09012795;A;ALTA;2;PRIVADO;4;CENTRO PRIVADO DE EDUCACION INFANTIL;CPrEI;LA ISLA MÁGICA;PS.;PASEO;DE LA ISLA;7;;;;;;9;59;1;BURGOS;BURGOS;BURGOS;9003;;;;09012795@educa.jcyl.es;;-3.71572;42.34038;N;N;N;N;N;N;42.34038, -3.71572
2026;09012308;A;ALTA;2;PRIVADO;4;CENTRO PRIVADO DE EDUCACION INFANTIL;CPrEI;LAS TORRES;CALLE;CALLE;SEVERO OCHOA;51;;;;;;9;59;1;BURGOS;BURGOS;BURGOS;9007;947041584;;;09012308@educa.jcyl.es;https://escuelainfantillastorres.es/;-3.67642;42.35323;N;N;N;N;S;N;42.35323, -3.67642
2026;09012813;A;ALTA;2;PRIVADO;4;CENTRO PRIVADO DE EDUCACION INFANTIL;CPrEI;LUNA AZUL;CALLE;CALLE;JOSÉ ZORRILLA;8;;;;;;9;59;1;BURGOS;BURGOS;BURGOS;9005;626084830;;;09012813@educa.jcyl.es;;-3.70199;42.34514;N;N;N;N;N;N;42.34514, -3.70199
2026;09012801;A;ALTA;2;PRIVADO;4;CENTRO PRIVADO DE EDUCACION INFANTIL;CPrEI;SAGRADA FAMILIA BABY;CALLE;CALLE;FRANCISCO SARMIENTO;12;;;;;;9;59;1;BURGOS;BURGOS;BURGOS;9005;947227308;;;09012801@educa.jcyl.es;;-3.6943;42.34887;N;N;N;N;N;N;42.34887, -3.6943
2026;09008500;A;ALTA;2;PRIVADO;58;CENTRO PRIVADO DE FORMACION PROFESIONAL ESPECIFICA;CPrFP;SALESIANOS PADRE ARAMBURU;CALLE;CALLE;QUINTANAR DE LA SIERRA;11;;;;;;9;59;1;BURGOS;BURGOS;BURGOS;9001;947209243;947209716;;09008500@educa.jcyl.es;http://www.salesianosburgos.com;-3.7132;42.3366;N;S;S;N;S;N;42.3366, -3.7132
2026;09012451;A;ALTA;1;PÚBLICO;3;ESCUELA DE EDUCACION INFANTIL;EEI;ANDUVA;CALLE;CALLE;RÍO EBRO;41;;;;;;9;219;11;BURGOS;MIRANDA DE EBRO;MIRANDA DE EBRO;9200;617259171;;;09012451@educa.jcyl.es;http://www.mapa.centros.educa.jcyl.es/;-2.94181;42.68073;N;N;N;N;S;N;42.68073, -2.94181
2026;09012254;A;ALTA;1;PÚBLICO;3;ESCUELA DE EDUCACION INFANTIL;EEI;ESCUELA INFANTIL DE ARANDA DE DUERO;PZ.;PLAZA;CASADO DEL ALISAL;;S/N;;;;;9;18;2;BURGOS;ARANDA DE DUERO;ARANDA DE DUERO;9400;947511170;;;09012254@educa.jcyl.es;;-3.68898;41.66114;N;N;N;N;S;N;41.66114, -3.68898
2026;09012564;A;ALTA;1;PÚBLICO;3;ESCUELA DE EDUCACION INFANTIL;EEI;JOSÉ ANTONIO RODRÍGUEZ DE TEMIÑO;CALLE;CALLE;MERINDAD DE SOTOCUEVA,  (POLÍGONO INDUSTRIAL DE VILLALONQUEJAR);7;;;;;;9;59;1;BURGOS;BURGOS;BURGOS;9001;947297144;;;09012564@educa.jcyl.es;;-3.73506;42.374;N;N;N;N;N;N;42.374, -3.73506
2026;09012618;A;ALTA;1;PÚBLICO;3;ESCUELA DE EDUCACION INFANTIL;EEI;LA CASITA DE PAULA;CALLE;CALLE;ESTRELLA POLAR;18;;;;;;9;907;4;BURGOS;ALFOZ DE QUINTANADUEÑAS;QUINTANADUEÑAS;9197;947292865;;;09012618@educa.jcyl.es;;;;N;N;N;N;N;N;
2026;09012643;A;ALTA;1;PÚBLICO;3;ESCUELA DE EDUCACION INFANTIL;EEI;PEDROSA DE DUERO;CRA.;CARRETERA;DE VALCABADO DE ROA;;S/N;;;;;9;256;3;BURGOS;PEDROSA DE DUERO;PEDROSA DE DUERO;9314;947174058;;;09012643@educa.jcyl.es;http://www.escuelainfantil.org;;;N;N;N;N;N;N;
2026;09012527;A;ALTA;1;PÚBLICO;3;ESCUELA DE EDUCACION INFANTIL;EEI;PEQUEÑO CID;CALLE;CALLE;GONZALO DE BERCEO;35;;;;;;9;59;1;BURGOS;BURGOS;BURGOS;9004;947414831;;;09012527@educa.jcyl.es;;-3.67694;42.35444;N;N;N;N;N;N;42.35444, -3.67694
2026;09009024;A;ALTA;1;PÚBLICO;3;ESCUELA DE EDUCACION INFANTIL;EEI;SANTA TERESA-ARCO IRIS;AV.;AVENIDA;GENERAL GUTIERREZ;5;;;;;;9;18;2;BURGOS;ARANDA DE DUERO;ARANDA DE DUERO;9400;947509972;947509972;;09009024@educa.jcyl.es;http://eeisantateresa-arcoiris.centros.educa.jcyl.es/;-3.69448;41.65805;N;N;N;N;S;N;41.65805, -3.69448
2026;09012311;A;ALTA;1;PÚBLICO;185;ESCUELA DE MUSICA;EM;ESCUELA DE MÚSICA DE ALFOZ DE QUINTANADUEÑAS;CALLE;CALLE;LAS VIOLETAS;1;;;;;;9;907;4;BURGOS;ALFOZ DE QUINTANADUEÑAS;QUINTANADUEÑAS;9197;619005740;947292648;;09012311@educa.jcyl.es;;-3.73494;42.38503;N;N;N;N;N;N;42.38503, -3.73494
2026;09012242;A;ALTA;1;PÚBLICO;185;ESCUELA DE MUSICA;EM;ESCUELA DE MÚSICA DE CALERUEGA;CALLE;CALLE;SAN SEBASTIÁN;12;;;;;;9;64;1;BURGOS;CALERUEGA;CALERUEGA;9151;947534005;;;09012242@educa.jcyl.es;;-3.48656;41.82598;N;N;N;N;N;N;41.82598, -3.48656
2026;09012084;A;ALTA;1;PÚBLICO;187;ESCUELA DE MUSICA Y DANZA;EMD;ANTONIO BACIERO;PZ.;PLAZA;DEL TRIGO;9;;;;;;9;18;2;BURGOS;ARANDA DE DUERO;ARANDA DE DUERO;9400;947510887;;;09012084@educa.jcyl.es;;-3.68806;41.67112;N;N;N;N;N;N;41.67112, -3.68806
2026;09008640;A;ALTA;1;PÚBLICO;80;ESCUELA OFICIAL DE IDIOMAS;EOI;ESCUELA OFICIAL DE IDIOMAS DE ARANDA DE DUERO;CALLE;CALLE;ANTONIO BACIERO;2;;4;;;P;9;18;2;BURGOS;ARANDA DE DUERO;ARANDA DE DUERO;9400;947501254;947501309;P;09008640@educa.jcyl.es;http://eoiarandadeduero.centros.educa.jcyl.es;-3.68811;41.66477;N;N;N;N;N;N;41.66477, -3.68811
2026;09008809;A;ALTA;1;PÚBLICO;42;INSTITUTO DE EDUCACION SECUNDARIA;IES;CAMPOS DE AMAYA;CALLE;CALLE;BUENOS AIRES;;S/N;;;;;9;427;22;BURGOS;VILLADIEGO;VILLADIEGO;9120;947360082;947361701;;09008809@educa.jcyl.es;http://iescamposdeamaya.centros.educa.jcyl.es/;-4.00422;42.51719;N;N;N;S;N;S;42.51719, -4.00422
2026;09001670;A;ALTA;1;PÚBLICO;42;INSTITUTO DE EDUCACION SECUNDARIA;IES;CONDE DIEGO PORCELOS;AV.;AVENIDA;ELOY GARCIA DE QUEVEDO;;S/N;;;;;9;59;1;BURGOS;BURGOS;BURGOS;9006;947221825;947244244;;09001670@educa.jcyl.es;http://iesdiegoporcelos.centros.educa.jcyl.es/sitio/;-3.68694;42.3518;N;N;N;S;N;S;42.3518, -3.68694
2026;09007751;A;ALTA;1;PÚBLICO;42;INSTITUTO DE EDUCACION SECUNDARIA;IES;ENRIQUE FLÓREZ;CALLE;CALLE;MADRID;20;;;;;;9;59;1;BURGOS;BURGOS;BURGOS;9002;947269606;947277325;;09007751@educa.jcyl.es;http://iesenriqueflorez.centros.educa.jcyl.es;-3.70028;42.33583;N;N;N;S;N;N;42.33583, -3.70028
2026;09008652;A;ALTA;1;PÚBLICO;42;INSTITUTO DE EDUCACION SECUNDARIA;IES;HIPÓLITO RUIZ LÓPEZ;AV.;AVENIDA;DE BURGOS;7;;;;;;9;48;2;BURGOS;BELORADO;BELORADO;9250;947580345;947580345;;09008652@educa.jcyl.es;http://ieshipolitoruizlopez.centros.educa.jcyl.es;-3.19219;42.4189;N;N;N;S;N;S;42.4189, -3.19219
2026;09007933;A;ALTA;1;PÚBLICO;42;INSTITUTO DE EDUCACION SECUNDARIA;IES;LA BUREBA;AV.;AVENIDA;MENCIA DE VELASCO;27;;;;;;9;56;1;BURGOS;BRIVIESCA;BRIVIESCA;9240;947591025;947593935;;09007933@educa.jcyl.es;http://ieslabureba.centros.educa.jcyl.es;-3.3205;42.54546;N;N;N;S;N;S;42.54546, -3.3205
2026;09007179;A;ALTA;1;PÚBLICO;42;INSTITUTO DE EDUCACION SECUNDARIA;IES;MERINDADES DE CASTILLA;CALLE;CALLE;EL SOTO;;S/N;;;;;9;903;32;BURGOS;VILLARCAYO DE MERINDAD DE CASTILLA LA VIEJA;VILLARCAYO;9550;947131267;947132146;;09007179@educa.jcyl.es;http://iesmerindadesdecastilla.centros.educa.jcyl.es;-3.57489;42.93899;N;N;N;S;N;S;42.93899, -3.57489
2026;09008639;A;ALTA;1;PÚBLICO;42;INSTITUTO DE EDUCACION SECUNDARIA;IES;RIBERA DEL DUERO;CALLE;CALLE;PUERTA DE LA VILLA;18;;;;;;9;321;1;BURGOS;ROA;ROA;9300;947540153;947540171;;09008639@educa.jcyl.es;http://iesriberadelduero.centros.educa.jcyl.es;-3.93073;41.69765;N;N;N;S;N;S;41.69765, -3.93073
2026;09005021;A;ALTA;1;PÚBLICO;42;INSTITUTO DE EDUCACION SECUNDARIA;IES;TIERRA DE ALVARGONZÁLEZ;CRA.;CARRETERA;DE NEILA;57;;;;;;9;289;1;BURGOS;QUINTANAR DE LA SIERRA;QUINTANAR DE LA SIERRA;9670;947395075;947395421;;09005021@educa.jcyl.es;http://iestierradealvargonzalez.centros.educa.jcyl.es;-3.03566;41.98415;N;N;N;S;N;S;41.98415, -3.03566
2026;09008998;A;ALTA;1;PÚBLICO;49;INSTITUTO DE EDUCACION SECUNDARIA OBLIGATORIA;IESO;CONDE SANCHO GARCÍA;CALLE;CALLE;EL SOL;51;;;;;;9;124;2;BURGOS;ESPINOSA DE LOS MONTEROS;ESPINOSA DE LOS MONTEROS;9560;947120201;947120201;;09008998@educa.jcyl.es;http://iesocondesanchogarcia.centros.educa.jcyl.es/sitio/;-3.55242;43.07806;N;N;N;S;N;S;43.07806, -3.55242
2026;09008093;A;ALTA;1;PÚBLICO;130;CONSERVATORIO ELEMENTAL DE MUSICA;C Música;CONSERVATORIO DE MIRANDA DE EBRO;CALLE;CALLE;ENTREHUERTAS;10;;;;;;9;219;11;BURGOS;MIRANDA DE EBRO;MIRANDA DE EBRO;9200;947335844;;;09008093@educa.jcyl.es;;-2.95474;42.68425;N;N;N;N;N;N;42.68425, -2.95474
2026;09008184;A;ALTA;1;PÚBLICO;20;COLEGIO DE EDUCACION ESPECIAL;CEE;FUENTEMINAYA;CALLE;CALLE;PADRE JANÁRIZ;11;;;;;;9;18;2;BURGOS;ARANDA DE DUERO;ARANDA DE DUERO;9400;947500089;947500089;;09008184@educa.jcyl.es;http://cpeefuenteminaya.centros.educa.jcyl.es;-3.68943;41.67397;N;N;N;N;S;S;41.67397, -3.68943
2026;09002388;A;ALTA;1;PÚBLICO;14;COLEGIO DE EDUCACION INFANTIL Y PRIMARIA;CEIP;ALEJANDRO RODRÍGUEZ DE VALCÁRCEL;AV.;AVENIDA;VÍCTOR BARBADILLO;17;;;;;;9;113;1;BURGOS;COVARRUBIAS;COVARRUBIAS;9346;947406471;;;09002388@educa.jcyl.es;http://ceipalejandrorodriguezdevalcarcel.centros.educa.jcyl.es/;-3.51824;42.06029;N;N;N;S;S;S;42.06029, -3.51824
2026;09000148;A;ALTA;1;PÚBLICO;14;COLEGIO DE EDUCACION INFANTIL Y PRIMARIA;CEIP;CASTILLA;AV.;AVENIDA;DEL FERIAL;4;;;;;;9;18;2;BURGOS;ARANDA DE DUERO;ARANDA DE DUERO;9400;947502558;947502558;;09000148@educa.jcyl.es;http://ceipcastilla.centros.educa.jcyl.es;-3.68483;41.67316;N;N;N;S;S;S;41.67316, -3.68483
2026;09008202;A;ALTA;1;PÚBLICO;14;COLEGIO DE EDUCACION INFANTIL Y PRIMARIA;CEIP;CLAUDIO SÁNCHEZ ALBORNOZ;CALLE;CALLE;VILLAFRANCA;;S/N;;;;;9;59;1;BURGOS;BURGOS;BURGOS;9007;947229868;947226127;;09008202@educa.jcyl.es;http://ceipclaudiosanchezalbornoz.centros.educa.jcyl.es/sitio/;-3.66805;42.34531;N;N;N;S;S;N;42.34531, -3.66805
2026;09002339;A;ALTA;1;PÚBLICO;14;COLEGIO DE EDUCACION INFANTIL Y PRIMARIA;CEIP;CONDADO DE TREVIÑO;CRA.;CARRETERA;DE MIRANDA;26;;;;;;9;109;45;BURGOS;CONDADO DE TREVIÑO;TREVIÑO;9215;945360020;945360020;;09002339@educa.jcyl.es;http://ceipcondadodetrevino.centros.educa.jcyl.es;-2.7496;42.73381;N;S;N;N;S;S;42.73381, -2.7496
2026;09008721;A;ALTA;1;PÚBLICO;14;COLEGIO DE EDUCACION INFANTIL Y PRIMARIA;CEIP;CRA ANTONIO DE NEBRIJA;AV.;AVENIDA;DE LA ESCUELAS;31;;;;;;9;390;1;BURGOS;TORRESANDINO;TORRESANDINO;9310;947551130;947551130;;09008721@educa.jcyl.es;http://craantoniodenebrija.centros.educa.jcyl.es;-3.90954;41.82736;S;N;N;S;N;N;41.82736, -3.90954
2026;09008691;A;ALTA;1;PÚBLICO;14;COLEGIO DE EDUCACION INFANTIL Y PRIMARIA;CEIP;CRA DIEGO MARÍN;CALLE;CALLE;ARIAS DE MIRANDA;7;;;;;;9;261;1;BURGOS;PEÑARANDA DE DUERO;PEÑARANDA DE DUERO;9410;947552032;947552032;;09008691@educa.jcyl.es;http://cradiegomarin.centros.educa.jcyl.es;-3.47924;41.68811;S;N;N;S;S;S;41.68811, -3.47924
2026;09008718;A;ALTA;1;PÚBLICO;14;COLEGIO DE EDUCACION INFANTIL Y PRIMARIA;CEIP;CRA ROSA CHACEL;CALLE;CALLE;ZONA RESIDENCIAL PILAR HIDALGO;;S/N;;;;;9;413;18;BURGOS;VALLE DE VALDEBEZANA;SONCILLO;9572;947153040;947153040;;09008718@educa.jcyl.es;http://crarosachacel.centros.educa.jcyl.es;-3.78647;42.96974;S;N;N;N;S;S;42.96974, -3.78647
2026;09008779;A;ALTA;1;PÚBLICO;14;COLEGIO DE EDUCACION INFANTIL Y PRIMARIA;CEIP;CRA SIERRA DE PINARES;CALLE;CALLE;BO. SAN ROQUE;;S/N;;;;;9;425;1;BURGOS;VILVIESTRE DEL PINAR;VILVIESTRE DEL PINAR;9690;947393033;947390715;;09008779@educa.jcyl.es;http://crasierradepinares.centros.educa.jcyl.es;-3.07564;41.95145;S;N;N;S;N;N;41.95145, -3.07564
2026;09008676;A;ALTA;1;PÚBLICO;14;COLEGIO DE EDUCACION INFANTIL Y PRIMARIA;CEIP;CRA VALLE DEL RIAZA;CALLE;CALLE;CAÑADA DEL PRÍNCIPE FELIPE;;S/N;;;;;9;218;1;BURGOS;MILAGROS;MILAGROS;9460;947548173;;;09008676@educa.jcyl.es;http://cravalledelriaza.centros.educa.jcyl.es;-3.69574;41.57996;S;N;N;S;S;S;41.57996, -3.69574
2026;09008822;A;ALTA;1;PÚBLICO;14;COLEGIO DE EDUCACION INFANTIL Y PRIMARIA;CEIP;FERNANDO DE ROJAS;CALLE;CALLE;PASAJE FERNANDO DE ROJAS;;S/N;;;;;9;59;1;BURGOS;BURGOS;BURGOS;9007;947124911;;;09008822@educa.jcyl.es;http://ceipfernandoderojas.centros.educa.jcyl.es;-3.66567;42.34852;N;N;N;S;S;S;42.34852, -3.66567
2026;09008317;A;ALTA;1;PÚBLICO;14;COLEGIO DE EDUCACION INFANTIL Y PRIMARIA;CEIP;LA CHARCA;AV.;AVENIDA;DE EUROPA;;S/N;;;;;9;219;11;BURGOS;MIRANDA DE EBRO;MIRANDA DE EBRO;9200;947313195;947313195;;09008317@educa.jcyl.es;http://ceiplacharca.centros.educa.jcyl.es;-2.93583;42.68468;N;N;N;S;S;S;42.68468, -2.93583
2026;09008664;A;ALTA;1;PÚBLICO;14;COLEGIO DE EDUCACION INFANTIL Y PRIMARIA;CEIP;Mª TERESA LEÓN;CALLE;CALLE;POETA MARTÍN GARRIDO;;2-4;;;;;9;177;5;BURGOS;IBEAS DE JUARROS;IBEAS DE JUARROS;9198;947421723;947421734;;09008664@educa.jcyl.es;http://ceipmariateresaleon.centros.educa.jcyl.es;-3.53481;42.33215;N;N;N;S;S;S;42.33215, -3.53481
2026;09002753;A;ALTA;1;PÚBLICO;14;COLEGIO DE EDUCACION INFANTIL Y PRIMARIA;CEIP;MAXIMINO SAN MIGUEL DE LA CÁMARA;CRA.;CARRETERA;MADRID-IRÚN;;S/N;;;;;9;151;1;BURGOS;GUMIEL DE IZÁN;GUMIEL DE IZÁN;9370;947544041;947544041;;09002753@educa.jcyl.es;http://cpgumieldeizan.centros.educa.jcyl.es;-3.68824;41.77339;N;N;N;S;S;S;41.77339, -3.68824
2026;09000987;A;ALTA;1;PÚBLICO;14;COLEGIO DE EDUCACION INFANTIL Y PRIMARIA;CEIP;PADRE MANJÓN;CALLE;CALLE;SALAS;;S/N;;;;;9;59;1;BURGOS;BURGOS;BURGOS;9001;947205185;947275078;;09000987@educa.jcyl.es;http://ceippadremanjon.centros.educa.jcyl.es;-3.69771;42.33457;N;N;N;S;N;N;42.33457, -3.69771
2026;09003873;A;ALTA;1;PÚBLICO;14;COLEGIO DE EDUCACION INFANTIL Y PRIMARIA;CEIP;PRINCIPE DE ESPAÑA;CALLE;CALLE;ANDUVA;41;;;;;;9;219;11;BURGOS;MIRANDA DE EBRO;MIRANDA DE EBRO;9200;947312141;947331398;;09003873@educa.jcyl.es;http://ceipprincipedeespana.centros.educa.jcyl.es;-2.93703;42.68085;N;N;N;S;S;N;42.68085, -2.93703
2026;09001037;A;ALTA;1;PÚBLICO;14;COLEGIO DE EDUCACION INFANTIL Y PRIMARIA;CEIP;RÍO ARLANZÓN;CALLE;CALLE;VITORIA;33;;;;;;9;59;1;BURGOS;BURGOS;BURGOS;9004;947204458;;;09001037@educa.jcyl.es;http://ceiprioarlanzon.centros.educa.jcyl.es;-3.69489;42.34232;N;N;N;S;S;N;42.34232, -3.69489
2026;09003551;A;ALTA;1;PÚBLICO;14;COLEGIO DE EDUCACION INFANTIL Y PRIMARIA;CEIP;SAN ISIDRO;PS.;PASEO;DE LA VIRGEN;3;;;;;;9;209;11;BURGOS;MEDINA DE POMAR;MEDINA DE POMAR;9500;947190954;;;09003551@educa.jcyl.es;http://ceip-sanisidro.centros.educa.jcyl.es;-3.48468;42.92651;N;N;N;S;S;S;42.92651, -3.48468
2026;09008585;A;ALTA;1;PÚBLICO;14;COLEGIO DE EDUCACION INFANTIL Y PRIMARIA;CEIP;SAN MIGUEL ARCÁNGEL;PZ.;PLAZA;SANTA MARÍA;;S/N;;;;;9;905;3;BURGOS;VALLE DE SEDANO;ESCALADA;9145;947150289;947150289;;09008585@educa.jcyl.es;http://cpsanmiguelarcangel.centros.educa.jcyl.es;-3.76994;42.80079;N;N;N;N;S;S;42.80079, -3.76994
2026;09007908;A;ALTA;1;PÚBLICO;14;COLEGIO DE EDUCACION INFANTIL Y PRIMARIA;CEIP;SANTA CATALINA;CALLE;CALLE;VILLARCAYO;;S/N;;;;;9;18;2;BURGOS;ARANDA DE DUERO;ARANDA DE DUERO;9400;947505207;947505207;;09007908@educa.jcyl.es;http://cpsantacatalina.centros.educa.jcyl.es;-3.67355;41.67338;N;N;N;S;S;S;41.67338, -3.67355
2026;09007817;A;ALTA;1;PÚBLICO;14;COLEGIO DE EDUCACION INFANTIL Y PRIMARIA;CEIP;SANTA MARIA;AV.;AVENIDA;GENERAL GUTIÉRREZ;5;;;;;;9;18;2;BURGOS;ARANDA DE DUERO;ARANDA DE DUERO;9400;947502021;947502021;;09007817@educa.jcyl.es;http://ceipsantamaria.centros.educa.jcyl.es/;-3.69448;41.65805;N;N;N;S;S;N;41.65805, -3.69448
2026;09000151;A;ALTA;1;PÚBLICO;14;COLEGIO DE EDUCACION INFANTIL Y PRIMARIA;CEIP;SIMÓN DE COLONIA;CALLE;CALLE;PADRE JANÁRIZ;11;;;;;;9;18;2;BURGOS;ARANDA DE DUERO;ARANDA DE DUERO;9400;947500035;947546654;;09000151@educa.jcyl.es;http://ceipsimondecolonia.centros.educa.jcyl.es/;-3.68943;41.67397;N;N;N;S;S;S;41.67397, -3.68943
2026;09001025;A;ALTA;1;PÚBLICO;14;COLEGIO DE EDUCACION INFANTIL Y PRIMARIA;CEIP;SOLAR DEL CID;CALLE;CALLE;ENRIQUE III;10;;;;;;9;59;1;BURGOS;BURGOS;BURGOS;9003;947207446;947207446;;09001025@educa.jcyl.es;http://ceipsolardelcid.centros.educa.jcyl.es;-3.71353;42.34358;N;N;N;S;N;N;42.34358, -3.71353
2026;09003290;A;ALTA;1;PÚBLICO;14;COLEGIO DE EDUCACION INFANTIL Y PRIMARIA;CEIP;VALLE DE LOSA;CALLE;CALLE;MIGUEL DE CERVANTES;31;;;;;;9;908;12;BURGOS;VALLE DE LOSA;QUINCOCES DE YUSO;9510;947194155;;;09003290@educa.jcyl.es;http://cpvalledelosa.centros.educa.jcyl.es;-3.23609;42.98714;N;N;N;S;S;S;42.98714, -3.23609
2026;09001001;A;ALTA;1;PÚBLICO;14;COLEGIO DE EDUCACION INFANTIL Y PRIMARIA;CEIP;VENERABLES;CALLE;CALLE;PARQUE DEL DOCTOR VARA;2;;;;;;9;59;1;BURGOS;BURGOS;BURGOS;9003;947206366;947208198;;09001001@educa.jcyl.es;http://ceipvenerables.centros.educa.jcyl.es;-3.70109;42.34469;N;N;N;N;S;N;42.34469, -3.70109
2026;09005018;A;ALTA;1;PÚBLICO;14;COLEGIO DE EDUCACION INFANTIL Y PRIMARIA;CEIP;VERA CRUZ;AV.;AVENIDA;GENERAL JORDANA;2;;;;;;9;289;1;BURGOS;QUINTANAR DE LA SIERRA;QUINTANAR DE LA SIERRA;9670;947395337;947395337;;09005018@educa.jcyl.es;http://ceipveracruz.centros.educa.jcyl.es;-3.04017;41.98138;N;N;N;S;S;S;41.98138, -3.04017
2026;09008160;A;ALTA;1;PÚBLICO;31;CENTRO PUBLICO DE EDUCACION DE PERSONAS ADULTAS;CEPA;CONDE DE ARANDA;CALLE;CALLE;SANTO DOMINGO;16;;;;;;9;18;2;BURGOS;ARANDA DE DUERO;ARANDA DE DUERO;9400;947504995;947504995;;09008160@educa.jcyl.es;http://cepacondedearanda.centros.educa.jcyl.es;-3.69195;41.66689;N;N;N;N;N;N;41.66689, -3.69195
2026;09008275;A;ALTA;1;PÚBLICO;31;CENTRO PUBLICO DE EDUCACION DE PERSONAS ADULTAS;CEPA;REAL AQUENDE;CALLE;CALLE;ARBOLEDA;6;;;;;;9;219;11;BURGOS;MIRANDA DE EBRO;MIRANDA DE EBRO;9200;947347106;947347210;;09008275@educa.jcyl.es;http://ceparealaquende.centros.educa.jcyl.es;-2.95086;42.6816;N;N;N;N;N;N;42.6816, -2.95086
2026;09012163;A;ALTA;1;PÚBLICO;68;CENTRO PUBLICO INTEGRADO DE FORMACION PROFESIONAL;CIFP;LA FLORA;CALLE;CALLE;ARCO DEL PILAR;9;;;;;;9;59;1;BURGOS;BURGOS;BURGOS;9003;947257631;947262447;;09012163@educa.jcyl.es;http://cifplaflora.centros.educa.jcyl.es;-3.70203;42.34296;N;N;N;S;N;N;42.34296, -3.70203
2026;09012187;A;ALTA;1;PÚBLICO;68;CENTRO PUBLICO INTEGRADO DE FORMACION PROFESIONAL;CIFP;SANTA CATALINA;CALLE;CALLE;MONTELATORRE;11;;;;;;9;18;2;BURGOS;ARANDA DE DUERO;ARANDA DE DUERO;9400;947546351;947048065;;09012187@educa.jcyl.es;http://www.fpsantacatalina.com;-3.6771;41.6711;N;N;N;S;N;N;41.6711, -3.6771
2026;09001232;A;ALTA;2;PRIVADO;72;CENTRO PRIVADO DE EDUCACION INFANTIL PRIMARIA Y SECUNDARIA;Colegio;AURELIO GÓMEZ ESCOLAR;AV.;AVENIDA;COSTA RICA;;S/N;;;;;9;59;1;BURGOS;BURGOS;BURGOS;9001;947460120;;;09001232@educa.jcyl.es;;-3.73765;42.34917;N;N;S;S;S;N;42.34917, -3.73765
2026;09000264;A;ALTA;2;PRIVADO;45;CENTRO PRIVADO DE EDUCACION SECUNDARIA;Colegio;ICEDE;PZ.;PLAZA;DEL MEDITERRANEO;6;;;;;;9;18;2;BURGOS;ARANDA DE DUERO;ARANDA DE DUERO;9400;947546054;947546332;;09000264@educa.jcyl.es;http://colegioicede.centros.educa.jcyl.es;-3.69412;41.66075;N;N;S;N;S;N;41.66075, -3.69412
2026;09001244;A;ALTA;2;PRIVADO;72;CENTRO PRIVADO DE EDUCACION INFANTIL PRIMARIA Y SECUNDARIA;Colegio;JESÚS REPARADOR;CALLE;CALLE;CALERA;8;;;;;;9;59;1;BURGOS;BURGOS;BURGOS;9002;947265510;947265967;;09001244@educa.jcyl.es;http://www.reparadorasburgos.es/;-3.69972;42.33865;N;S;S;S;S;N;42.33865, -3.69972
2026;09001384;A;ALTA;2;PRIVADO;72;CENTRO PRIVADO DE EDUCACION INFANTIL PRIMARIA Y SECUNDARIA;Colegio;MADRES CONCEPCIONISTAS;CALLE;CALLE;FARMACEÚTICO OBDULIO FERNÁNDEZ;3;;;;;;9;59;1;BURGOS;BURGOS;BURGOS;9006;947211751;;;09001384@educa.jcyl.es;http://www.burgosconcepcionistas.es;-3.6843;42.34589;N;N;S;S;S;N;42.34589, -3.6843
2026;09012588;A;ALTA;2;PRIVADO;15;CENTRO PRIVADO DE EDUCACION INFANTIL Y PRIMARIA;Colegio;MAGEA;CALLE;CALLE;CAMINO DEL CAUCE;1;;;;;;9;86;1;BURGOS;CASTRILLO DEL VAL;CASTRILLO DEL VAL;9193;655469642;;;09012588@educa.jcyl.es;;-3.5809;42.32676;N;N;N;N;N;N;42.32676, -3.5809
2026;09001177;A;ALTA;2;PRIVADO;72;CENTRO PRIVADO DE EDUCACION INFANTIL PRIMARIA Y SECUNDARIA;Colegio;NIÑO JESÚS;CALLE;CALLE;LAS INFANTAS;;;;;;;9;59;1;BURGOS;BURGOS;BURGOS;9001;947205232;;;09001177@educa.jcyl.es;http://www.xn--niojesusburgos-rnb.es/;-3.72438;42.33735;N;N;S;S;S;N;42.33735, -3.72438
2026;09001372;A;ALTA;2;PRIVADO;72;CENTRO PRIVADO DE EDUCACION INFANTIL PRIMARIA Y SECUNDARIA;Colegio;NTRA. SRA. DE LA MERCED Y SAN FRANCISCO JAVIER;CALLE;CALLE;DIEGO LUIS DE SAN VITORES;1;;;;;;9;59;1;BURGOS;BURGOS;BURGOS;9002;947266250;947263643;;09001372@educa.jcyl.es;http://www.jesuitasburgos.com;-3.6902;42.33984;N;N;S;N;S;N;42.33984, -3.6902
2026;09001414;A;ALTA;2;PRIVADO;72;CENTRO PRIVADO DE EDUCACION INFANTIL PRIMARIA Y SECUNDARIA;Colegio;NUESTRA SEÑORA DE LOURDES;CALLE;CALLE;SAN JULIÁN;10;;;;;;9;59;1;BURGOS;BURGOS;BURGOS;9002;947266180;947266180;;09001414@educa.jcyl.es;http://www.lourdesburgos.es;-3.69867;42.33609;N;N;S;S;S;N;42.33609, -3.69867
2026;09004041;A;ALTA;2;PRIVADO;72;CENTRO PRIVADO DE EDUCACION INFANTIL PRIMARIA Y SECUNDARIA;Colegio;SAGRADOS CORAZONES;CALLE;CALLE;SAN FRANCISCO;15;;;;;;9;219;11;BURGOS;MIRANDA DE EBRO;MIRANDA DE EBRO;9200;947331033;947323612;;09004041@educa.jcyl.es;;-2.95304;42.68043;N;N;S;N;S;S;42.68043, -2.95304
2026;09001633;A;ALTA;2;PRIVADO;72;CENTRO PRIVADO DE EDUCACION INFANTIL PRIMARIA Y SECUNDARIA;Colegio;SANTA MARÍA LA NUEVA Y SAN JOSÉ ARTESANO;CALLE;CALLE;JUAN DE AYOLAS;;S/N;;;;;9;59;1;BURGOS;BURGOS;BURGOS;9007;947474459;947480272;;09001633@educa.jcyl.es;http://www.santamaria-artesano.org/;-3.66765;42.35774;N;N;S;S;S;N;42.35774, -3.66765
2026;09001165;A;ALTA;2;PRIVADO;72;CENTRO PRIVADO DE EDUCACION INFANTIL PRIMARIA Y SECUNDARIA;Colegio;VIRGEN DE LA ROSA;AV.;AVENIDA;CANTABRIA;33;;;;;;9;59;1;BURGOS;BURGOS;BURGOS;9006;947221332;;;09001165@educa.jcyl.es;;-3.68864;42.34828;N;N;S;S;S;N;42.34828, -3.68864
2026;09001347;A;ALTA;2;PRIVADO;72;CENTRO PRIVADO DE EDUCACION INFANTIL PRIMARIA Y SECUNDARIA;Colegio;VISITACIÓN DE NUESTRA SEÑORA;CALLE;CALLE;HOSPITAL DE LOS CIEGOS;26;;;;;;9;59;1;BURGOS;BURGOS;BURGOS;9003;947206630;947263185;;09001347@educa.jcyl.es;http://www.saldanet.com;-3.70392;42.34273;N;N;S;S;S;N;42.34273, -3.70392
2026;09008597;A;ALTA;2;PRIVADO;137;CENTRO PRIVADO AUTORIZADO ELEMENTAL DE MUSICA;CPr Música;LÚBER;CALLE;CALLE;CALZADAS;5;;;;;;9;59;1;BURGOS;BURGOS;BURGOS;9004;947277733;;;09008597@educa.jcyl.es;;-3.69378;42.34353;N;N;N;N;N;N;42.34353, -3.69378
2026;09012631;A;ALTA;2;PRIVADO;4;CENTRO PRIVADO DE EDUCACION INFANTIL;CPrEI;ACUARIO;CALLE;CALLE;CAMINO QUINTANILLEJA;6;;;;;;9;377;1;BURGOS;TARDAJOS;TARDAJOS;9130;947451442;;;09012631@educa.jcyl.es;;-3.82067;42.34776;N;N;N;N;N;N;42.34776, -3.82067
2026;09012692;A;ALTA;2;PRIVADO;4;CENTRO PRIVADO DE EDUCACION INFANTIL;CPrEI;APRENDER JUGANDO-LUDIK;CALLE;CALLE;DUQUE DE FRÍAS;27;;;;;;9;59;1;BURGOS;BURGOS;BURGOS;9006;947216406;;;09012692@educa.jcyl.es;;-3.67957;42.36189;N;N;N;N;N;N;42.36189, -3.67957
2026;09012345;A;ALTA;2;PRIVADO;4;CENTRO PRIVADO DE EDUCACION INFANTIL;CPrEI;ARGANTZON;CALLE;CALLE;LAS ESCUELAS;;S/N;;;;;9;276;1;BURGOS;PUEBLA DE ARGANZÓN (LA);PUEBLA DE ARGANZÓN (LA);9294;945373185;;;09012345@educa.jcyl.es;;-2.83154;42.76628;N;N;N;N;S;N;42.76628, -2.83154
2026;09012746;A;ALTA;2;PRIVADO;4;CENTRO PRIVADO DE EDUCACION INFANTIL;CPrEI;BALÚ;CALLE;CALLE;DUQUE DE FRIÍAS;9;;;;;;9;59;1;BURGOS;BURGOS;BURGOS;9006;947222316;;;09012746@educa.jcyl.es;;-3.68266;42.35965;N;N;N;N;N;N;42.35965, -3.68266
2026;09012621;A;ALTA;2;PRIVADO;4;CENTRO PRIVADO DE EDUCACION INFANTIL;CPrEI;CIEMPIÉS;AV.;AVENIDA;BURGOS;15;;;;;;9;18;2;BURGOS;ARANDA DE DUERO;ARANDA DE DUERO;9400;;;;09012621@educa.jcyl.es;;-3.67916;41.66883;N;N;N;N;N;N;41.66883, -3.67916
2026;09012837;A;ALTA;2;PRIVADO;4;CENTRO PRIVADO DE EDUCACION INFANTIL;CPrEI;CIEMPIÉS;PAS.;PASAJE;FERNANDO DE ROJAS;1;;;;;;9;59;1;BURGOS;BURGOS;BURGOS;9007;947487596;;;09012837@educa.jcyl.es;;-3.66449;42.35005;N;N;N;N;N;N;42.35005, -3.66449
2026;09012850;A;ALTA;2;PRIVADO;4;CENTRO PRIVADO DE EDUCACION INFANTIL;CPrEI;COLORINES;CALLE;CALLE;RONDA DEL FERROCARRIL;14;;;;;;9;219;11;BURGOS;MIRANDA DE EBRO;MIRANDA DE EBRO;9200;680500724;;;09012850@educa.jcyl.es;;-2.94745;42.68345;N;N;N;N;N;N;42.68345, -2.94745
2026;09012591;A;ALTA;2;PRIVADO;4;CENTRO PRIVADO DE EDUCACION INFANTIL;CPrEI;DUENDES;CALLE;CALLE;LAS FRANCESAS;7;;;;;;9;18;2;BURGOS;ARANDA DE DUERO;ARANDA DE DUERO;9400;947058864;;;09012591@educa.jcyl.es;https://www.tutiendavecina.com/tiendas/centroinfantilduendesaranda/;-3.69054;41.6642;N;N;N;N;N;N;41.6642, -3.69054
2026;09012424;A;ALTA;2;PRIVADO;4;CENTRO PRIVADO DE EDUCACION INFANTIL;CPrEI;DUMBO;AV.;AVENIDA;DE CASTILLA;62;;;;;;9;18;2;BURGOS;ARANDA DE DUERO;ARANDA DE DUERO;9400;947509251;;;09012424@educa.jcyl.es;;-3.6914;41.66511;N;N;N;N;S;N;41.66511, -3.6914
2026;09012655;A;ALTA;2;PRIVADO;4;CENTRO PRIVADO DE EDUCACION INFANTIL;CPrEI;HAPPY DAYS;CALLE;CALLE;FEDERICO MARTÍNEZ VAREA;25;;;;;;9;59;1;BURGOS;BURGOS;BURGOS;9006;947042999;;;09012655@educa.jcyl.es;;-3.69561;42.35117;N;N;N;N;N;N;42.35117, -3.69561
2026;09012709;A;ALTA;2;PRIVADO;4;CENTRO PRIVADO DE EDUCACION INFANTIL;CPrEI;LA ESCUELITA HAPPY MOMENTS;CALLE;CALLE;CID;1;;;;;;9;18;2;BURGOS;ARANDA DE DUERO;ARANDA DE DUERO;9400;625256002;;;09012709@educa.jcyl.es;;-3.69278;41.66646;N;N;N;N;N;N;41.66646, -3.69278
2026;09012679;A;ALTA;2;PRIVADO;4;CENTRO PRIVADO DE EDUCACION INFANTIL;CPrEI;LA GRANJA DE OTTO;CALLE;CALLE;NUEVA APERTURA;1;;;;;;9;219;11;BURGOS;MIRANDA DE EBRO;MIRANDA DE EBRO;9200;947023012;;;09012679@educa.jcyl.es;;-2.94226;42.68671;N;N;N;N;N;N;42.68671, -2.94226
2026;09012758;A;ALTA;2;PRIVADO;4;CENTRO PRIVADO DE EDUCACION INFANTIL;CPrEI;NUBE;CNO.;CAMINO;CASA LA VEGA;51;;;;;;9;59;1;BURGOS;BURGOS;BURGOS;9007;608496603;;;09012758@educa.jcyl.es;;-3.67341;42.35776;N;N;N;N;N;N;42.35776, -3.67341
2026;09012771;A;ALTA;2;PRIVADO;4;CENTRO PRIVADO DE EDUCACION INFANTIL;CPrEI;PETER PAN;CALLE;CALLE;DOMINGO HERGUETA;9;;;;;;9;59;1;BURGOS;BURGOS;BURGOS;9003;947460112;;;09012771@educa.jcyl.es;;-3.72237;42.34505;N;N;N;N;N;N;42.34505, -3.72237
2026;09012722;A;ALTA;2;PRIVADO;4;CENTRO PRIVADO DE EDUCACION INFANTIL;CPrEI;PUZZLE;CALLE;CALLE;AUTÓNOMA;;13 BAJO;;;;;9;59;1;BURGOS;BURGOS;BURGOS;9001;947461003;;;09012722@educa.jcyl.es;;-3.73189;42.3438;N;N;N;N;N;N;42.3438, -3.73189
2026;09012485;A;ALTA;2;PRIVADO;4;CENTRO PRIVADO DE EDUCACION INFANTIL;CPrEI;SALDAÑA;CALLE;CALLE;EMPERADOR;16;;;;;;9;59;1;BURGOS;BURGOS;BURGOS;9003;947256121;;;09012485@educa.jcyl.es;;-3.71203;42.34191;N;N;N;N;N;N;42.34191, -3.71203
2026;09012552;A;ALTA;2;PRIVADO;58;CENTRO PRIVADO DE FORMACION PROFESIONAL ESPECIFICA;CPrFP;ISABEL I FP;CALLE;CALLE;FERNÁN GONZÁLEZ;76;;;;;;9;59;1;BURGOS;BURGOS;BURGOS;9003;947671731;;;09012552@educa.jcyl.es;https://www.ui1.es/;-3.70984;42.34163;N;N;N;N;N;N;42.34163, -3.70984
2026;09012734;A;ALTA;2;PRIVADO;58;CENTRO PRIVADO DE FORMACION PROFESIONAL ESPECIFICA;CPrFP;LESMES EDUCACIÓN;PZ.;PLAZA;SAN JUAN BAUTISTA;;S/N;;;;;9;59;1;BURGOS;BURGOS;BURGOS;9001;;;;09012734@educa.jcyl.es;;-3.73753;42.34899;N;N;S;N;N;N;42.34899, -3.73753
2026;09012667;A;ALTA;2;PRIVADO;58;CENTRO PRIVADO DE FORMACION PROFESIONAL ESPECIFICA;CPrFP;SANITIO FORMACIÓN BURGOS;CALLE;CALLE;FARMACÉUTICO OBDULIO FERNÁNDEZ;3;;;;;;9;59;1;BURGOS;BURGOS;BURGOS;9006;;;;09012667@educa.jcyl.es;;-3.68566;42.34627;N;N;N;N;N;N;42.34627, -3.68566
2026;09001785;A;ALTA;1;PÚBLICO;502;ESCUELA DE ARTE Y SUPERIOR DE DISEÑO Y DE CONS. Y RESTAUR. DE BIENES CULTURALES;EA;ESCUELA DE ARTE DE BURGOS;CALLE;CALLE;SAHAGUN;;S/N;;;;;9;59;1;BURGOS;BURGOS;BURGOS;9001;947227582;947235611;;09001785@educa.jcyl.es;http://www.easdburgos.es;-3.73313;42.34175;N;N;N;S;N;N;42.34175, -3.73313
2026;09012400;A;ALTA;1;PÚBLICO;3;ESCUELA DE EDUCACION INFANTIL;EEI;ALLENDEDUERO;AV.;AVENIDA;VALLADOLID (C/V C/ SANTANDER);;S/N;;;;;9;18;2;BURGOS;ARANDA DE DUERO;ARANDA DE DUERO;9400;947561578;;;09012400@educa.jcyl.es;;-3.70228;41.66483;N;N;N;N;S;N;41.66483, -3.70228
2026;09012473;A;ALTA;1;PÚBLICO;3;ESCUELA DE EDUCACION INFANTIL;EEI;EL GARABATO;CALLE;CALLE;ARIAS DE MIRANDA;;S/N;;;;;9;261;1;BURGOS;PEÑARANDA DE DUERO;PEÑARANDA DE DUERO;9410;947552310;947552118;;09012473@educa.jcyl.es;http://www.peñarandadeduero.es/;-3.48106;41.68733;N;N;N;N;N;N;41.68733, -3.48106
2026;09012503;A;ALTA;1;PÚBLICO;3;ESCUELA DE EDUCACION INFANTIL;EEI;GARABATOS;AV.;AVENIDA;ARANDA;12;;;;;;9;369;2;BURGOS;SOTILLO DE LA RIBERA;SOTILLO DE LA RIBERA;9441;947532424;947532424;;09012503@educa.jcyl.es;;-3.82457;41.7762;N;N;N;N;N;N;41.7762, -3.82457
2026;09012333;A;ALTA;1;PÚBLICO;3;ESCUELA DE EDUCACION INFANTIL;EEI;LA ARDILLA;CALLE;CALLE;ZACARÍAS DELGADO;;S/N;;;;;9;321;1;BURGOS;ROA;ROA;9300;947541089;;;09012333@educa.jcyl.es;;-3.93404;41.69368;N;N;N;N;S;N;41.69368, -3.93404
2026;09012606;A;ALTA;1;PÚBLICO;3;ESCUELA DE EDUCACION INFANTIL;EEI;RÍO VENA;CALLE;CALLE;JUAN DE PADILLA;1;;;;;;9;59;1;BURGOS;BURGOS;BURGOS;9006;;;;09012606@educa.jcyl.es;;-3.68719;42.34902;N;N;N;N;N;N;42.34902, -3.68719
2026;09012291;A;ALTA;1;PÚBLICO;185;ESCUELA DE MUSICA;EM;ESCUELA DE MÚSICA DE IBEAS DE JUARROS;PZ.;PLAZA;DEL AYUNTAMIENTO (EDIFICIO DE SEVICIOS MÚLTIPLES);3;;;;;;9;177;5;BURGOS;IBEAS DE JUARROS;IBEAS DE JUARROS;9198;947421005;947421005;;09012291@educa.jcyl.es;;-3.53549;42.33124;N;N;N;N;N;N;42.33124, -3.53549
2026;09012141;A;ALTA;1;PÚBLICO;185;ESCUELA DE MUSICA;EM;ESCUELA DE MÚSICA DE MIRANDA DE EBRO;CALLE;CALLE;ENTREHUERTAS;12;;;;;;9;219;11;BURGOS;MIRANDA DE EBRO;MIRANDA DE EBRO;9200;947321453;;;09012141@educa.jcyl.es;;-2.95474;42.68425;N;N;N;N;N;N;42.68425, -2.95474
2026;09012321;A;ALTA;1;PÚBLICO;185;ESCUELA DE MUSICA;EM;ESCUELA DE MÚSICA DE PALACIOS DE LA SIERRA;CALLE;CALLE;RINCONADA;;S/N;;;;;9;246;1;BURGOS;PALACIOS DE LA SIERRA;PALACIOS DE LA SIERRA;9680;947393001;947393054;;09012321@educa.jcyl.es;;-3.12739;41.9631;N;N;N;N;N;N;41.9631, -3.12739
2026;09012102;A;ALTA;1;PÚBLICO;185;ESCUELA DE MUSICA;EM;ESCUELA DE MÚSICA DE SALAS DE LOS INFANTES;PZ.;PLAZA;JESUS APARICIO;6;;;;;;9;330;4;BURGOS;SALAS DE LOS INFANTES;SALAS DE LOS INFANTES;9600;947380021;;;09012102@educa.jcyl.es;;-3.2865;42.02327;N;N;N;N;N;N;42.02327, -3.2865
2026;09008548;A;ALTA;1;PÚBLICO;42;INSTITUTO DE EDUCACION SECUNDARIA;IES;ALFOZ DE LARA;AV.;AVENIDA;DE CASTRILLO;;S/N;;;;;9;330;4;BURGOS;SALAS DE LOS INFANTES;SALAS DE LOS INFANTES;9600;947380281;947382150;;09008548@educa.jcyl.es;http://iesalfozdelara.centros.educa.jcyl.es;-3.27435;42.01761;N;N;N;S;N;S;42.01761, -3.27435
2026;09001694;A;ALTA;1;PÚBLICO;42;INSTITUTO DE EDUCACION SECUNDARIA;IES;CAMINO DE SANTIAGO;CALLE;CALLE;FRANCISCO DE VITORIA;;S/N;;;;;9;59;1;BURGOS;BURGOS;BURGOS;9006;947235050;;;09001694@educa.jcyl.es;http://iescaminodesantiago.centros.educa.jcyl.es;-3.68658;42.35306;N;N;N;S;N;S;42.35306, -3.68658
2026;09000291;A;ALTA;1;PÚBLICO;42;INSTITUTO DE EDUCACION SECUNDARIA;IES;CARDENAL SANDOVAL Y ROJAS;CALLE;CALLE;JUAN DE JUNI;2;;;;;;9;18;2;BURGOS;ARANDA DE DUERO;ARANDA DE DUERO;9400;947500124;947512005;;09000291@educa.jcyl.es;http://iescardenalsandoval.centros.educa.jcyl.es;-3.67278;41.67291;N;N;N;S;N;N;41.67291, -3.67278
2026;09003605;A;ALTA;1;PÚBLICO;42;INSTITUTO DE EDUCACION SECUNDARIA;IES;CASTELLA VETULA;PS.;PASEO;DE LA VIRGEN;5;;;;;;9;209;11;BURGOS;MEDINA DE POMAR;MEDINA DE POMAR;9500;947190228;947147187;;09003605@educa.jcyl.es;http://iescastellavetula.centros.educa.jcyl.es/sitio/;-3.48406;42.92679;N;N;N;S;N;S;42.92679, -3.48406
2026;09008937;A;ALTA;1;PÚBLICO;42;INSTITUTO DE EDUCACION SECUNDARIA;IES;DOCTOR SANCHO DE MATIENZO;CALLE;CALLE;CADAGUA;13;;;;;;9;410;57;BURGOS;VALLE DE MENA;VILLASANA DE MENA;9580;947126242;947141479;;09008937@educa.jcyl.es;http://iesdoctorsanchodematienzo.centros.educa.jcyl.es;-3.27878;43.09973;N;N;N;S;N;S;43.09973, -3.27878
2026;09007684;A;ALTA;1;PÚBLICO;42;INSTITUTO DE EDUCACION SECUNDARIA;IES;JUAN MARTÍN EL EMPECINADO;AV.;AVENIDA;LUIS MATEOS;7;;;;;;9;18;2;BURGOS;ARANDA DE DUERO;ARANDA DE DUERO;9400;947426183;947510515;;09007684@educa.jcyl.es;http://ieselempecinado.centros.educa.jcyl.es;-3.70299;41.6639;N;N;N;S;N;S;41.6639, -3.70299
2026;09007787;A;ALTA;1;PÚBLICO;42;INSTITUTO DE EDUCACION SECUNDARIA;IES;MONTES OBARENES;CALLE;CALLE;FRANCIA;28;;;;;;9;219;11;BURGOS;MIRANDA DE EBRO;MIRANDA DE EBRO;9200;947427669;;;09007787@educa.jcyl.es;http://iesmontesobarenes.centros.educa.jcyl.es;-2.9373;42.68452;N;N;N;S;N;S;42.68452, -2.9373
2026;09008949;A;ALTA;1;PÚBLICO;42;INSTITUTO DE EDUCACION SECUNDARIA;IES;ODRA-PISUERGA;CALLE;CALLE;EL VIVERO;;S/N;;;;;9;211;1;BURGOS;MELGAR DE FERNAMENTAL;MELGAR DE FERNAMENTAL;9100;947373901;947373901;;09008949@educa.jcyl.es;http:///iesodrapisuerga.centros.educa.jcyl.es;-4.2487;42.40581;N;N;N;S;N;S;42.40581, -4.2487
2026;09008536;A;ALTA;1;PÚBLICO;42;INSTITUTO DE EDUCACION SECUNDARIA;IES;PINTOR LUIS SAEZ;CALLE;CALLE;ALFONSO XI;;S/N;;;;;9;59;1;BURGOS;BURGOS;BURGOS;9007;947219983;947237634;;09008536@educa.jcyl.es;http://www.iespintorluissaez.es;-3.67443;42.35464;N;N;N;S;N;N;42.35464, -3.67443
2026;09007696;A;ALTA;1;PÚBLICO;42;INSTITUTO DE EDUCACION SECUNDARIA;IES;VALLE DEL ARLANZA;CALLE;CALLE;EL PARQUE;4;;;;;;9;194;2;BURGOS;LERMA;LERMA;9340;947458809;;;09007696@educa.jcyl.es;http://iesvalledelarlanza.centros.educa.jcyl.es;-3.75608;42.0306;N;N;N;S;N;S;42.0306, -3.75608
2026;09008366;A;ALTA;1;PÚBLICO;42;INSTITUTO DE EDUCACION SECUNDARIA;IES;VELA ZANETTI;AV.;AVENIDA;ARAGÓN;39;;;;;;9;18;2;BURGOS;ARANDA DE DUERO;ARANDA DE DUERO;9400;947506393;;;09008366@educa.jcyl.es;http://iesvelazanetti.centros.educa.jcyl.es;-3.68408;41.65991;N;N;N;S;N;N;41.65991, -3.68408
2026;24017679;A;ALTA;1;PÚBLICO;131;CONSERVATORIO PROFESIONAL DE MUSICA;C Música;ÁNGEL BARJA;PZ.;PLAZA;MAGISTERIO;;S/N;;;;;24;8;1;LEON;ASTORGA;ASTORGA;24700;987619411;;;24017679@educa.jcyl.es;https://www.conservatorioangelbarja.es/;-6.05953;42.45612;N;N;N;N;N;N;42.45612, -6.05953
2026;24022122;A;ALTA;1;PÚBLICO;131;CONSERVATORIO PROFESIONAL DE MUSICA;C Música;CONSERVATORIO DE LEON;CALLE;CALLE;SANTA NONIA;11;;;;;;24;89;2;LEON;LEÓN;LEÓN;24003;987250207;;;24022122@educa.jcyl.es;http://conservatorioleon.centros.educa.jcyl.es;-5.57205;42.59468;N;N;N;N;N;N;42.59468, -5.57205
2026;24016092;A;ALTA;1;PÚBLICO;20;COLEGIO DE EDUCACION ESPECIAL;CEE;BERGIDUM;CALLE;CALLE;LOS DEPORTES;31;;;;;;24;115;12;LEON;PONFERRADA;FUENTESNUEVAS;24411;987455063;987456909;;24016092@educa.jcyl.es;http://ceebergidum.centros.educa.jcyl.es;-6.64077;42.57244;N;S;N;S;S;S;42.57244, -6.64077
2026;24005896;A;ALTA;1;PÚBLICO;14;COLEGIO DE EDUCACION INFANTIL Y PRIMARIA;CEIP;ANTONIO GONZÁLEZ DE LAMA;CALLE;CALLE;JUAN XXIII;2;;;;;;24;89;2;LEON;LEÓN;LEÓN;24010;987265552;987265552;;24005896@educa.jcyl.es;http://ceipantoniogonzalezdelama.centros.educa.jcyl.es;-5.5639;42.59632;N;N;N;S;S;N;42.59632, -5.5639
2026;24010958;A;ALTA;1;PÚBLICO;14;COLEGIO DE EDUCACION INFANTIL Y PRIMARIA;CEIP;BENITO LEÓN;CALLE;CALLE;POLIDEPORTIVO;2;;;;;;24;157;1;LEON;SANTA MARÍA DEL PÁRAMO;SANTA MARÍA DEL PÁRAMO;24240;987350455;987350455;;24010958@educa.jcyl.es;http://ceipbenitoleon.centros.educa.jcyl.es/;-5.75239;42.35533;N;N;N;S;S;S;42.35533, -5.75239
2026;24013224;A;ALTA;1;PÚBLICO;14;COLEGIO DE EDUCACION INFANTIL Y PRIMARIA;CEIP;BERNARDINO PÉREZ;CRA.;CARRETERA;DE VALDERAS;15;;;;;;24;188;2;LEON;VALENCIA DE DON JUAN;VALENCIA DE DON JUAN;24200;987750367;987750367;;24013224@educa.jcyl.es;http://ceipbernardinoperez.centros.educa.jcyl.es;-5.51466;42.28817;N;N;N;S;S;S;42.28817, -5.51466
2026;24021981;A;ALTA;1;PÚBLICO;14;COLEGIO DE EDUCACION INFANTIL Y PRIMARIA;CEIP;CAMINO DEL NORTE;AV.;AVENIDA;PEREGRINOS;;S/N;;;;;24;89;2;LEON;LEÓN;LEÓN;24008;987806163;987806163;;24021981@educa.jcyl.es;http://ceipcaminodelnorte.centros.educa.jcyl.es;-5.58992;42.61026;N;N;N;S;S;N;42.61026, -5.58992
2026;24008265;A;ALTA;1;PÚBLICO;14;COLEGIO DE EDUCACION INFANTIL Y PRIMARIA;CEIP;CAMPO DE LA CRUZ;PS.;PASEO;DE SAN ANTONIO;4;;;;;;24;115;21;LEON;PONFERRADA;PONFERRADA;24401;987412601;;;24008265@educa.jcyl.es;http://ceipcampodelacruz.centros.educa.jcyl.es;-6.58678;42.54884;N;N;N;S;S;N;42.54884, -6.58678
2026;24017205;A;ALTA;1;PÚBLICO;14;COLEGIO DE EDUCACION INFANTIL Y PRIMARIA;CEIP;CAMPO DE LOS JUDÍOS;AV.;AVENIDA;AMERICA;;S/N;;;;;24;115;21;LEON;PONFERRADA;PONFERRADA;24401;987401318;;;24017205@educa.jcyl.es;http://ceipcampodelosjudios.centros.educa.jcyl.es;-6.58819;42.55176;N;N;N;S;N;N;42.55176, -6.58819
2026;24005719;A;ALTA;1;PÚBLICO;14;COLEGIO DE EDUCACION INFANTIL Y PRIMARIA;CEIP;CERVANTES;CALLE;CALLE;SAN ANTONIO;;S/N;;;;;24;89;2;LEON;LEÓN;LEÓN;24008;987224981;987224981;;24005719@educa.jcyl.es;http://ceipcervantes.centros.educa.jcyl.es;-5.57064;42.61544;N;N;N;S;S;N;42.61544, -5.57064
2026;24018404;A;ALTA;1;PÚBLICO;14;COLEGIO DE EDUCACION INFANTIL Y PRIMARIA;CEIP;CRA CABRERA;CRA.;CARRETERA;CASTROHINOJO;;S/N;;;;;24;67;6;LEON;ENCINEDO;QUINTANILLA DE LOSADA;24743;987654664;;;24018404@educa.jcyl.es;http://cracabrera.centros.educa.jcyl.es;-6.56028;42.27814;S;N;N;S;S;S;42.27814, -6.56028
2026;24018118;A;ALTA;1;PÚBLICO;14;COLEGIO DE EDUCACION INFANTIL Y PRIMARIA;CEIP;CRA DE CARUCEDO;CALLE;CALLE;LAS MATAS;;S/N;;;;;24;41;4;LEON;CARUCEDO;CARUCEDO;24442;987422840;987422840;;24018118@educa.jcyl.es;http://cracarucedo.centros.educa.jcyl.es;-6.78014;42.54023;S;N;N;S;N;S;42.54023, -6.78014
2026;24018283;A;ALTA;1;PÚBLICO;14;COLEGIO DE EDUCACION INFANTIL Y PRIMARIA;CEIP;CRA DE HOSPITAL DE ÓRBIGO;CALLE;CALLE;SUERO DE QUIÑONES;6;;;;;;24;82;1;LEON;HOSPITAL DE ÓRBIGO;HOSPITAL DE ÓRBIGO;24286;987388968;;;24018283@educa.jcyl.es;http://crahospitaldeorbigo.centros.educa.jcyl.es/;-5.88079;42.4656;S;N;N;S;N;N;42.4656, -5.88079
2026;24018325;A;ALTA;1;PÚBLICO;14;COLEGIO DE EDUCACION INFANTIL Y PRIMARIA;CEIP;CRA DE NOCEDA;CALLE;CALLE;BARRIO DE SAN PEDRO;;S/N;;;;;24;102;2;LEON;NOCEDA DEL BIERZO;NOCEDA;24319;987517201;987517308;;24018325@educa.jcyl.es;http://cranoceda.centros.educa.jcyl.es/sitio/;-6.50827;42.69939;S;N;N;S;N;S;42.69939, -6.50827
2026;24018091;A;ALTA;1;PÚBLICO;14;COLEGIO DE EDUCACION INFANTIL Y PRIMARIA;CEIP;CRA DE QUILOS;PZ.;PLAZA;ALMIRANTE CARRERO BLANCO;;S/N;;;;;24;30;4;LEON;CACABELOS;QUILÓS;24548;987563151;987563151;;24018091@educa.jcyl.es;http://craquilos.centros.educa.jcyl.es;-6.7226;42.63222;S;N;N;S;N;N;42.63222, -6.7226
2026;24018192;A;ALTA;1;PÚBLICO;14;COLEGIO DE EDUCACION INFANTIL Y PRIMARIA;CEIP;CRA DE TORAL DE MERAYO;PZ.;PLAZA;EL NOGALEDO;;S/N;;;;;24;115;31;LEON;PONFERRADA;TORAL DE MERAYO;24448;987421290;987421290;;24018192@educa.jcyl.es;http://cradetoraldemerayo.centros.educa.jcyl.es;-6.63491;42.52459;S;N;N;S;N;N;42.52459, -6.63491
2026;24017990;A;ALTA;1;PÚBLICO;14;COLEGIO DE EDUCACION INFANTIL Y PRIMARIA;CEIP;CRA DE TROBAJO DEL CERECEDO;CALLE;CALLE;CALVO SOTELO;;S/N;;;;;24;89;4;LEON;LEÓN;TROBAJO DEL CERECEDO;24192;987260836;987264048;;24017990@educa.jcyl.es;http://cracerecedo.centros.educa.jcyl.es/sitio;-5.57751;42.56811;S;N;N;S;S;N;42.56811, -5.57751
2026;24018180;A;ALTA;1;PÚBLICO;14;COLEGIO DE EDUCACION INFANTIL Y PRIMARIA;CEIP;CRA DE VILLAGER DE LACIANA;CALLE;CALLE;LA FUENTE;11;;;;;;24;202;12;LEON;VILLABLINO;VILLAGER DE LACIANA;24112;682915298;;;24018180@educa.jcyl.es;http://cravillager.centros.educa.jcyl.es;-6.34207;42.94438;S;N;N;S;N;N;42.94438, -6.34207
2026;24018532;A;ALTA;1;PÚBLICO;14;COLEGIO DE EDUCACION INFANTIL Y PRIMARIA;CEIP;CRA DE VILLAMAÑÁN;CALLE;CALLE;RENUEVA;;S/N;;;;;24;212;5;LEON;VILLAMAÑÁN;VILLAMAÑÁN;24234;987767272;987767272;;24018532@educa.jcyl.es;http://cradevillamanan.centros.educa.jcyl.es;-5.58627;42.32002;S;N;N;S;N;S;42.32002, -5.58627
2026;24018465;A;ALTA;1;PÚBLICO;14;COLEGIO DE EDUCACION INFANTIL Y PRIMARIA;CEIP;CRA RIBERA DEL PORMA;CALLE;CALLE;LOS PALOMARES;1;;;;;;24;175;9;LEON;VALDEFRESNO;SANTIBÁÑEZ DE PORMA;24156;987319037;987319037;;24018465@educa.jcyl.es;http://crariberadelporma.centros.educa.jcyl.es;-5.43024;42.58394;S;N;N;S;N;N;42.58394, -5.43024
2026;24012025;A;ALTA;1;PÚBLICO;14;COLEGIO DE EDUCACION INFANTIL Y PRIMARIA;CEIP;CRA SANTA BÁRBARA;AV.;AVENIDA;SANTA BÁRBARA;;S/N;;;;;24;170;11;LEON;TORRE DEL BIERZO;TORRE DEL BIERZO;24370;987536114;;;24012025@educa.jcyl.es;http://cra-santabarbara.centros.educa.jcyl.es/;-6.32795;42.59612;S;N;N;S;S;S;42.59612, -6.32795
2026;24018362;A;ALTA;1;PÚBLICO;14;COLEGIO DE EDUCACION INFANTIL Y PRIMARIA;CEIP;DE PUEBLA DE LILLO;CRA.;CARRETERA;BOÑAR-PUERTO SAN ISIDRO;;;;;;;24;121;101;LEON;PUEBLA DE LILLO;PUEBLA DE LILLO;24855;987731100;;;24018362@educa.jcyl.es;http://crapuebladelillo.centros.educa.jcyl.es;-5.2682;43.00383;N;N;N;N;S;S;43.00383, -5.2682
2026;24009609;A;ALTA;1;PÚBLICO;14;COLEGIO DE EDUCACION INFANTIL Y PRIMARIA;CEIP;EMILIA MENÉNDEZ;CALLE;CALLE;EMILIA MENÉNDEZ;;S/N;;;;;24;134;8;LEON;ROBLA (LA);ROBLA (LA);24640;987570134;987570134;;24009609@educa.jcyl.es;http://cpemiliamenendez.centros.educa.jcyl.es;-5.63204;42.8051;N;N;N;S;S;S;42.8051, -5.63204
2026;24007820;A;ALTA;1;PÚBLICO;14;COLEGIO DE EDUCACION INFANTIL Y PRIMARIA;CEIP;FEDERICO GARCIA LORCA;CALLE;CALLE;LUIS VIVES;14;;;;;;24;114;13;LEON;POLA DE GORDÓN (LA);POLA DE GORDÓN (LA);24600;987588025;987588113;;24007820@educa.jcyl.es;http://ceipfedericogarcialorca.centros.educa.jcyl.es;-5.67561;42.85597;N;N;N;S;S;S;42.85597, -5.67561
2026;24009890;A;ALTA;1;PÚBLICO;14;COLEGIO DE EDUCACION INFANTIL Y PRIMARIA;CEIP;FRAY BERNARDINO SAHAGÚN;CALLE;CALLE;ARCO DE SAN FRANCISCO;20;;;;;;24;139;6;LEON;SAHAGÚN;SAHAGÚN;24320;987782026;;;24009890@educa.jcyl.es;http://cpfraybernardinosahagun.centros.educa.jcyl.es;-5.02963;42.36946;N;N;N;S;S;S;42.36946, -5.02963
2026;24014101;A;ALTA;1;PÚBLICO;14;COLEGIO DE EDUCACION INFANTIL Y PRIMARIA;CEIP;GENERACIÓN DEL 27;TR.;TRAVESIA;GARCÍA BUELTA;1;;;;;;24;202;11;LEON;VILLABLINO;VILLABLINO;24100;987471093;;;24014101@educa.jcyl.es;http://ceipgeneraciondel27.centros.educa.jcyl.es/;-6.31622;42.93728;N;N;N;S;N;S;42.93728, -6.31622
2026;24016201;A;ALTA;1;PÚBLICO;14;COLEGIO DE EDUCACION INFANTIL Y PRIMARIA;CEIP;LA BIESCA;AV.;AVENIDA;DE LA MAGDALENA;17;;;;;;24;167;3;LEON;SOTO Y AMÍO;CANALES-LA MAGDALENA;24120;987581177;987581177;;24016201@educa.jcyl.es;http://cplabiesca.centros.educa.jcyl.es;-5.8025;42.78187;N;N;N;S;S;S;42.78187, -5.8025
2026;24008125;A;ALTA;1;PÚBLICO;14;COLEGIO DE EDUCACION INFANTIL Y PRIMARIA;CEIP;LA COGOLLA;CALLE;CALLE;LA EMISORA;;S/N;;;;;24;115;12;LEON;PONFERRADA;FUENTESNUEVAS;24411;987455434;987455434;;24008125@educa.jcyl.es;http://ceiplacogolla.centros.educa.jcyl.es;-6.63973;42.57148;N;N;N;S;S;S;42.57148, -6.63973
2026;24016080;A;ALTA;1;PÚBLICO;14;COLEGIO DE EDUCACION INFANTIL Y PRIMARIA;CEIP;LA CORTINA;CALLE;CALLE;GUZMAN EL BUENO;14;;;;;;24;70;2;LEON;FABERO;FABERO;24420;987551241;;;24016080@educa.jcyl.es;http://ceiplacortina.centros.educa.jcyl.es;-6.65593;42.76086;N;N;N;S;S;S;42.76086, -6.65593
2026;24017308;A;ALTA;1;PÚBLICO;14;COLEGIO DE EDUCACION INFANTIL Y PRIMARIA;CEIP;LA GRANJA;AV.;AVENIDA;REAL;1;;;;;;24;89;2;LEON;LEÓN;LEÓN;24006;987265441;;;24017308@educa.jcyl.es;http://ceiplagranja.centros.educa.jcyl.es;-5.55833;42.59887;N;N;N;S;S;S;42.59887, -5.55833
2026;24008046;A;ALTA;1;PÚBLICO;14;COLEGIO DE EDUCACION INFANTIL Y PRIMARIA;CEIP;LAS ALAMEDAS;CRA.;CARRETERA;DE POSADA;;S/N;;;;;24;115;9;LEON;PONFERRADA;DEHESAS;24390;987420456;;;24008046@educa.jcyl.es;http://ceiplasalamedas.centros.educa.jcyl.es;-6.71528;42.53983;N;N;N;S;N;N;42.53983, -6.71528
2026;24018507;A;ALTA;1;PÚBLICO;14;COLEGIO DE EDUCACION INFANTIL Y PRIMARIA;CEIP;MARCIAL ÁLVAREZ CELA;CRA.;CARRETERA;DE BARJAS;;S/N;;;;;24;198;22;LEON;VEGA DE VALCARCE;VEGA DE VALCARCE;24520;987543111;987543111;;24018507@educa.jcyl.es;http://cramarcialalvarezcela.centros.educa.jcyl.es;-6.94699;42.66342;N;N;N;N;S;S;42.66342, -6.94699
2026;24015397;A;ALTA;1;PÚBLICO;14;COLEGIO DE EDUCACION INFANTIL Y PRIMARIA;CEIP;MARTÍN MONREAL;CALLE;CALLE;SEVERO OCHOA;;S/N;;;;;24;223;2;LEON;VILLAREJO DE ÓRBIGO;VEGUELLINA DE ÓRBIGO;24350;987375575;987375575;;24015397@educa.jcyl.es;http://cpmartinmonreal.centros.educa.jcyl.es;-5.88995;42.43748;N;N;N;S;S;S;42.43748, -5.88995
2026;24006712;A;ALTA;1;PÚBLICO;14;COLEGIO DE EDUCACION INFANTIL Y PRIMARIA;CEIP;MENÉNDEZ PIDAL;CALLE;CALLE;COLEGIO;15;;;;;;24;98;102;LEON;MATALLANA DE TORÍO;ROBLES DE LA VALCUEVA;24830;987591034;987591034;;24006712@educa.jcyl.es;http://cpmenendezpidal.centros.educa.jcyl.es/;-5.52176;42.84118;N;N;N;N;S;S;42.84118, -5.52176
2026;24012785;A;ALTA;1;PÚBLICO;14;COLEGIO DE EDUCACION INFANTIL Y PRIMARIA;CEIP;NUESTRA SEÑORA DEL SOCORRO;CALLE;CALLE;CONSTITUCIÓN;;S/N;;;;;24;181;1;LEON;VALDERAS;VALDERAS;24220;987762273;987762273;;24012785@educa.jcyl.es;http://ceipnuestrasenoradelsocorro.centros.educa.jcyl.es/;-5.40198;42.13531;N;N;N;S;S;S;42.13531, -5.40198
2026;24005252;A;ALTA;1;PÚBLICO;14;COLEGIO DE EDUCACION INFANTIL Y PRIMARIA;CEIP;PADRE MANJÓN;CALLE;CALLE;SAN JUAN BOSCO;;S/N;;;;;24;89;1;LEON;LEÓN;ARMUNIA;24009;987216466;987216466;;24005252@educa.jcyl.es;http://cp-padremanjon.centros.educa.jcyl.es;-5.58523;42.58145;N;N;N;S;S;N;42.58145, -5.58523
2026;24016031;A;ALTA;1;PÚBLICO;14;COLEGIO DE EDUCACION INFANTIL Y PRIMARIA;CEIP;PEDRO ARAGONESES ALONSO;CALLE;CALLE;CTRA-TRAV.PICOS EUROPA;;S/N;;;;;24;94;1;LEON;MANSILLA DE LAS MULAS;MANSILLA DE LAS MULAS;24210;987310229;987310229;;24016031@educa.jcyl.es;http://ceippedroaragonesesalonso.centros.educa.jcyl.es/sitio/;-5.4132;42.49904;N;N;N;S;S;S;42.49904, -5.4132
2026;24013571;A;ALTA;1;PÚBLICO;14;COLEGIO DE EDUCACION INFANTIL Y PRIMARIA;CEIP;PIÑERA;CALLE;CALLE;LOS LEARES;6;;;;;;24;196;10;LEON;VEGA DE ESPINAREDA;VEGA DE ESPINAREDA;24430;987568560;987568560;;24013571@educa.jcyl.es;http://ceippinera.centros.educa.jcyl.es;-6.659;42.72602;N;N;N;S;S;S;42.72602, -6.659
2026;24005768;A;ALTA;1;PÚBLICO;14;COLEGIO DE EDUCACION INFANTIL Y PRIMARIA;CEIP;PUENTE CASTRO;AV.;AVENIDA;DE MADRID;114;;;;;;24;89;2;LEON;LEÓN;LEÓN;24005;987265672;987265672;;24005768@educa.jcyl.es;http://ceippuentecastro.centros.educa.jcyl.es;-5.54629;42.57781;N;N;N;S;S;N;42.57781, -5.54629
2026;24011811;A;ALTA;1;PÚBLICO;14;COLEGIO DE EDUCACION INFANTIL Y PRIMARIA;CEIP;SANTA BÁRBARA;PZ.;PLAZA;DEL CAMPO;;S/N;;;;;24;169;101;LEON;TORENO;MATARROSA DEL SIL;24460;987525004;987525004;;24011811@educa.jcyl.es;http://cpsantabarbaramatarrosa.centros.educa.jcyl.es;-6.53111;42.75557;N;N;N;S;N;N;42.75557, -6.53111
2026;24009683;A;ALTA;1;PÚBLICO;14;COLEGIO DE EDUCACION INFANTIL Y PRIMARIA;CEIP;SANTA MARÍA DE ARBAS;AV.;AVENIDA;LA TERCIA;4;;;;;;24;901;18;LEON;VILLAMANÍN;VILLAMANÍN DE LA TERCIA;24680;987598290;;;24009683@educa.jcyl.es;http://ceipsantamariadearbas.centros.educa.jcyl.es;-5.6549;42.93945;N;N;N;S;S;S;42.93945, -5.6549
2026;24000485;A;ALTA;1;PÚBLICO;14;COLEGIO DE EDUCACION INFANTIL Y PRIMARIA;CEIP;SANTA MARTA;CALLE;CALLE;SANTIAGO;15;;;;;;24;8;1;LEON;ASTORGA;ASTORGA;24700;987617895;987617895;;24000485@educa.jcyl.es;http://ceipsantamarta.centros.educa.jcyl.es/;-6.05588;42.45682;N;N;N;S;S;N;42.45682, -6.05588
2026;24010016;A;ALTA;1;PÚBLICO;14;COLEGIO DE EDUCACION INFANTIL Y PRIMARIA;CEIP;TEODORO MARTÍNEZ GADAÑON;AV.;AVENIDA;DEL ROMERAL;105;;;;;;24;142;5;LEON;SAN ANDRÉS DEL RABANEDO;SAN ANDRÉS DEL RABANEDO;24191;987265999;987846169;;24010016@educa.jcyl.es;http://ceipteodoromartinezgadanon.centros.educa.jcyl.es;-5.6192;42.61659;N;N;N;S;S;S;42.61659, -5.6192
2026;24005227;A;ALTA;1;PÚBLICO;14;COLEGIO DE EDUCACION INFANTIL Y PRIMARIA;CEIP;VIRGEN DEL ARRABAL;CALLE;CALLE;MAESTRO CASIMIRO GALLEGO;13;;;;;;24;88;3;LEON;LAGUNA DE NEGRILLOS;LAGUNA DE NEGRILLOS;24234;987755105;987755105;;24005227@educa.jcyl.es;http://ceipvirgendelarrabal.centros.educa.jcyl.es;-5.66304;42.23663;N;N;N;S;S;S;42.23663, -5.66304
2026;24018601;A;ALTA;1;PÚBLICO;31;CENTRO PUBLICO DE EDUCACION DE PERSONAS ADULTAS;CEPA;MAESTRA SUSANA GONZÁLEZ;CALLE;CALLE;SUSANA GONZÁLEZ;59;;;;;;24;14;2;LEON;BEMBIBRE;BEMBIBRE;24300;987510625;;;24018601@educa.jcyl.es;http://cepabembibre.centros.educa.jcyl.es;-6.42183;42.61004;N;N;N;N;N;N;42.61004, -6.42183
2026;24016559;A;ALTA;1;PÚBLICO;31;CENTRO PUBLICO DE EDUCACION DE PERSONAS ADULTAS;CEPA;RAMÓN CARNICER;CALLE;CALLE;EMBALSE DE BÁRCENA;4;;;;;;24;115;21;LEON;PONFERRADA;PONFERRADA;24402;987417304;987417304;;24016559@educa.jcyl.es;http://ceparamoncarnicer.centros.educa.jcyl.es;-6.59795;42.55204;N;N;N;N;N;N;42.55204, -6.59795
2026;24017266;A;ALTA;1;PÚBLICO;31;CENTRO PUBLICO DE EDUCACION DE PERSONAS ADULTAS;CEPA;SIERRA PAMBLEY;AV.;AVENIDA;DEL BIERZO;;S/N;;;;;24;202;11;LEON;VILLABLINO;VILLABLINO;24100;987470554;;;24017266@educa.jcyl.es;http://cepasierrapambley.centros.educa.jcyl.es/;-6.3222;42.94029;N;N;N;N;N;N;42.94029, -6.3222
2026;24016237;A;ALTA;1;PÚBLICO;68;CENTRO PUBLICO INTEGRADO DE FORMACION PROFESIONAL;CIFP;ALMÁZCARA;FCA.;FINCA;LA DEHESA;;;;;;;24;57;1;LEON;CONGOSTO;ALMÁZCARA;24398;987467377;;;24016237@educa.jcyl.es;http://cfaalmazcara.centros.educa.jcyl.es;-6.50487;42.59427;N;S;N;N;S;N;42.59427, -6.50487
2026;24022432;A;ALTA;1;PÚBLICO;68;CENTRO PUBLICO INTEGRADO DE FORMACION PROFESIONAL;CIFP;CENTRO INTEGRADO DE FP DE PONFERRADA;CALLE;CALLE;LA CHOPERA;;S/N;;;;;24;115;21;LEON;PONFERRADA;PONFERRADA;24404;987409200;987419717;;24022432@educa.jcyl.es;http://www.cifpponferrada.es;-6.60037;42.56085;N;N;N;N;N;N;42.56085, -6.60037
2026;24005291;A;ALTA;2;PRIVADO;45;CENTRO PRIVADO DE EDUCACION SECUNDARIA;Colegio;CENTRO DON BOSCO;CALLE;CALLE;SAN JUAN BOSCO;11;;;;;;24;89;2;LEON;LEÓN;LEÓN;24009;987204700;987204790;;24005291@educa.jcyl.es;https://cdbosco.com;-5.58656;42.58021;N;S;S;N;N;S;42.58021, -5.58656
2026;24005793;A;ALTA;2;PRIVADO;72;CENTRO PRIVADO DE EDUCACION INFANTIL PRIMARIA Y SECUNDARIA;Colegio;DIVINA PASTORA;CALLE;CALLE;SAN JOSÉ;2;;;;;;24;89;2;LEON;LEÓN;LEÓN;24010;987221179;987247405;;24005793@educa.jcyl.es;http://www.colegiodivinapastora.com;-5.59052;42.60424;N;N;S;S;S;N;42.60424, -5.59052
2026;24010031;A;ALTA;2;PRIVADO;72;CENTRO PRIVADO DE EDUCACION INFANTIL PRIMARIA Y SECUNDARIA;Colegio;LA ANUNCIATA;CALLE;CALLE;AZORÍN;36;;;;;;24;142;5;LEON;SAN ANDRÉS DEL RABANEDO;SAN ANDRÉS DEL RABANEDO;24010;987806233;987806062;;24010031@educa.jcyl.es;http://www.dominicasleon.es;-5.59227;42.59983;N;N;S;N;S;S;42.59983, -5.59227
2026;24017965;A;ALTA;2;PRIVADO;45;CENTRO PRIVADO DE EDUCACION SECUNDARIA;Colegio;LA INMACULADA;CALLE;CALLE;CARMEN SALLÉS;8;;;;;;24;34;1;LEON;CAMPONARAYA;CAMPONARAYA;24410;987463125;987463551;;24017965@educa.jcyl.es;;-6.6703;42.58083;N;N;S;N;N;N;42.58083, -6.6703
2026;24005975;A;ALTA;2;PRIVADO;72;CENTRO PRIVADO DE EDUCACION INFANTIL PRIMARIA Y SECUNDARIA;Colegio;LEONÉS;PZ.;PLAZA;SAN ISIDORO;6;;;;;;24;89;2;LEON;LEÓN;LEÓN;24003;987236813;987227134;;24005975@educa.jcyl.es;http://www.colegioleones.com/seleccionarcentro/;-5.56996;42.60061;N;N;S;N;S;N;42.60061, -5.56996
2026;24005926;A;ALTA;2;PRIVADO;72;CENTRO PRIVADO DE EDUCACION INFANTIL PRIMARIA Y SECUNDARIA;Colegio;MARISTAS CHAMPAGNAT;AV.;AVENIDA;DE OVIEDO;2;;;;;;24;89;2;LEON;LEÓN;LEÓN;24008;987226609;;;24005926@educa.jcyl.es;http://www.maristaschampagnatleon.es/;-5.57648;42.60977;N;N;S;S;S;N;42.60977, -5.57648
2026;24000424;A;ALTA;2;PRIVADO;72;CENTRO PRIVADO DE EDUCACION INFANTIL PRIMARIA Y SECUNDARIA;Colegio;PAULA MONTAL;CALLE;CALLE;OLIEGOS;52;;;;;;24;8;1;LEON;ASTORGA;ASTORGA;24700;987615351;987618094;;24000424@educa.jcyl.es;http://www.escolapias-astorga.es;-6.05981;42.46107;N;S;S;S;S;N;42.46107, -6.05981
2026;24018702;A;ALTA;2;PRIVADO;72;CENTRO PRIVADO DE EDUCACION INFANTIL PRIMARIA Y SECUNDARIA;Colegio;PEÑACORADA;CALLE;CALLE;BANDONILLA;32;;;;;;24;89;2;LEON;LEÓN;LEÓN;24009;987202352;;;24018702@educa.jcyl.es;http://www.colegiopenacorada.es/home/;-5.58499;42.56956;N;N;N;N;S;S;42.56956, -5.58499
2026;24008022;A;ALTA;2;PRIVADO;72;CENTRO PRIVADO DE EDUCACION INFANTIL PRIMARIA Y SECUNDARIA;Colegio;SAN JOSÉ OBRERO;CALLE;CALLE;FRANCÉS;116;;;;;;24;115;21;LEON;PONFERRADA;PONFERRADA;24404;987403882;;;24008022@educa.jcyl.es;;-6.62496;42.56107;N;N;S;S;S;N;42.56107, -6.62496
2026;24000965;A;ALTA;2;PRIVADO;72;CENTRO PRIVADO DE EDUCACION INFANTIL PRIMARIA Y SECUNDARIA;Colegio;VIRGEN DE LA PEÑA;CALLE;CALLE;COMENDADOR SALDAÑA;9;;;;;;24;14;2;LEON;BEMBIBRE;BEMBIBRE;24300;987510249;987513661;;24000965@educa.jcyl.es;http://colegiovirgendelapena.centros.educa.jcyl.es;-6.4197;42.61812;N;N;S;S;S;N;42.61812, -6.4197
2026;24022559;A;ALTA;2;PRIVADO;600;CENTRO PRIVADO AUTORIZADO DE ENSEÑANZAS DEPORTIVAS DE FÚTBOL;CPr DEP;EL BRAZAL;CALLE;CALLE;EL BRAZAL DE CAMPONARAYA;;S/N;;;;;24;34;1;LEON;CAMPONARAYA;CAMPONARAYA;24410;605047023;;;24022559@educa.jcyl.es;;-6.65993;42.57804;N;N;N;N;N;N;42.57804, -6.65993
2026;24022493;A;ALTA;2;PRIVADO;600;CENTRO PRIVADO AUTORIZADO DE ENSEÑANZAS DEPORTIVAS DE FÚTBOL;CPr DEP;SPORT COACH NORTE;AV.;AVENIDA;AVIACIÓN;;S/N;;;;;24;189;8;LEON;VALVERDE DE LA VIRGEN;VIRGEN DEL CAMINO (LA);24198;605047023;;;24022493@educa.jcyl.es;http://www.sportcoachnorte.com/;-5.6424;42.58265;N;N;N;N;N;N;42.58265, -5.6424
2026;24022158;A;ALTA;2;PRIVADO;138;CENTRO PRIVADO AUTORIZADO PROFESIONAL DE MUSICA;CPr Música;PEÑACORADA;CALLE;CALLE;BANDONILLA;32;;;;;;24;89;2;LEON;LEÓN;LEÓN;24009;987202352;987208305;;24022158@educa.jcyl.es;;-5.58499;42.56956;N;N;N;N;N;N;42.56956, -5.58499
2026;24018696;A;ALTA;2;PRIVADO;21;CENTRO PRIVADO DE EDUCACION ESPECIAL;CPrEE;LA LUZ;CRA.;CARRETERA;CARBAJAL (PABELLÓN S.JOSÉ DE SAN CAYETANO);;S/N;;;;;24;89;2;LEON;LEÓN;LEÓN;24080;987875194;987876390;;24018696@educa.jcyl.es;;-5.58749;42.6168;N;S;S;N;S;S;42.6168, -5.58749
2026;24021919;A;ALTA;2;PRIVADO;4;CENTRO PRIVADO DE EDUCACION INFANTIL;CPrEI;BERGIDUM;CALLE;CALLE;ALHAURÍN EL GRANDE;9;;;;;;24;115;21;LEON;PONFERRADA;PONFERRADA;24401;987427563;;;24021919@educa.jcyl.es;http://www.planalfa.es/asuncion;-6.58212;42.54651;N;N;N;N;S;N;42.54651, -6.58212
2026;24022951;A;ALTA;2;PRIVADO;4;CENTRO PRIVADO DE EDUCACION INFANTIL;CPrEI;CAPERUCITA ROJA;CALLE;CALLE;FOTÓGRAFO PEPE GRACIA;3;;;;;;24;89;2;LEON;LEÓN;LEÓN;24005;987043088;;;24022951@educa.jcyl.es;;-5.56557;42.58852;N;N;N;N;N;N;42.58852, -5.56557
2026;24016535;A;ALTA;2;PRIVADO;4;CENTRO PRIVADO DE EDUCACION INFANTIL;CPrEI;CARLOS MARÍA;CALLE;CALLE;JARDINES;;29-37;;;;;24;142;5;LEON;SAN ANDRÉS DEL RABANEDO;SAN ANDRÉS DEL RABANEDO;24010;987846720;987846720;;24016535@educa.jcyl.es;;-5.61457;42.61245;N;N;N;N;S;S;42.61245, -5.61457
2026;24023023;A;ALTA;2;PRIVADO;4;CENTRO PRIVADO DE EDUCACION INFANTIL;CPrEI;COCOLILO;CALLE;CALLE;LA PARRA;24;;;;;;24;142;8;LEON;SAN ANDRÉS DEL RABANEDO;TROBAJO DEL CAMINO;24010;675555445;;;24023023@educa.jcyl.es;;;;N;N;N;N;N;N;
2026;24022687;A;ALTA;2;PRIVADO;4;CENTRO PRIVADO DE EDUCACION INFANTIL;CPrEI;COSA DE NIÑOS;CALLE;CALLE;SAN MIGUEL;10;;;;;;24;189;8;LEON;VALVERDE DE LA VIRGEN;VIRGEN DEL CAMINO (LA);24198;987300867;;;24022687@educa.jcyl.es;;-5.64378;42.58338;N;N;N;N;N;N;42.58338, -5.64378
2026;24022781;A;ALTA;2;PRIVADO;4;CENTRO PRIVADO DE EDUCACION INFANTIL;CPrEI;CRECIENDO;CALLE;CALLE;GONZÁLEZ DE LAMA;4;;;;;;24;89;2;LEON;LEÓN;LEÓN;24007;654343416;;;24022781@educa.jcyl.es;;-5.56479;42.6023;N;N;N;N;N;N;42.6023, -5.56479
2026;24022985;A;ALTA;2;PRIVADO;4;CENTRO PRIVADO DE EDUCACION INFANTIL;CPrEI;EL RINCÓN DE LOS DUENDES;PZ.;PLAZA;CONCORDIA;10;;;;;;24;188;2;LEON;VALENCIA DE DON JUAN;VALENCIA DE DON JUAN;24200;987750152;;;24022985@educa.jcyl.es;;-5.51916;42.29548;N;N;N;N;N;N;42.29548, -5.51916
2026;24022602;A;ALTA;2;PRIVADO;4;CENTRO PRIVADO DE EDUCACION INFANTIL;CPrEI;MI COLE LEÓN;CALLE;CALLE;PRIMERO DE MAYO;;7-9;;;;;24;89;2;LEON;LEÓN;LEÓN;24008;615854265;;;24022602@educa.jcyl.es;;-5.58791;42.61153;N;N;N;N;N;N;42.61153, -5.58791
2026;24022778;A;ALTA;2;PRIVADO;4;CENTRO PRIVADO DE EDUCACION INFANTIL;CPrEI;PEQUEÑECOS;CALLE;CALLE;SAUCE;;8-10;;;;;24;142;8;LEON;SAN ANDRÉS DEL RABANEDO;TROBAJO DEL CAMINO;24010;987720753;;;24022778@educa.jcyl.es;;-5.60724;42.59644;N;N;N;N;S;N;42.59644, -5.60724
2026;24022791;A;ALTA;2;PRIVADO;4;CENTRO PRIVADO DE EDUCACION INFANTIL;CPrEI;PIRULETA;CALLE;CALLE;GERMÁN ALONSO;1;;;;;;24;89;2;LEON;LEÓN;LEÓN;24008;987110060;;;24022791@educa.jcyl.es;;-5.58699;42.60849;N;N;N;N;N;N;42.60849, -5.58699
2026;24022237;A;ALTA;2;PRIVADO;58;CENTRO PRIVADO DE FORMACION PROFESIONAL ESPECIFICA;CPrFP;CONFORTEC;AV.;AVENIDA;DE LA CEMBA;98;;;;;;24;115;21;LEON;PONFERRADA;PONFERRADA;24403;987427333;987426278;;24022237@educa.jcyl.es;;-6.6184;42.55031;N;N;N;N;N;N;42.55031, -6.6184
2026;24022596;A;ALTA;2;PRIVADO;58;CENTRO PRIVADO DE FORMACION PROFESIONAL ESPECIFICA;CPrFP;HM CESUR LEÓN;CALLE;CALLE;CARDENAL LANDÁZURI;27;;;;;;24;89;2;LEON;LEÓN;LEÓN;24003;987479125;;;24022596@educa.jcyl.es;;-5.57044;42.60169;N;N;N;N;N;N;42.60169, -5.57044
2026;24006074;A;ALTA;2;PRIVADO;69;CENTRO PRIVADO INTEGRADO DE FORMACION PROFESIONAL;CPrIFP;CENTEC;AV.;AVENIDA;RAMÓN Y CAJAL;8;;;;;;24;89;2;LEON;LEÓN;LEÓN;24002;987228282;987272482;;24006074@educa.jcyl.es;;-5.57201;42.60201;N;N;S;N;N;N;42.60201, -5.57201
2026;24022201;A;ALTA;1;PÚBLICO;3;ESCUELA DE EDUCACION INFANTIL;EEI;CAMINO DE SANTIAGO;CALLE;CALLE;MEMORIA HISTÓRICA;10;;;;;;24;115;21;LEON;PONFERRADA;PONFERRADA;24401;686579121;;;24022201@educa.jcyl.es;;-6.59083;42.54633;N;N;N;N;S;N;42.54633, -6.59083
2026;24022407;A;ALTA;1;PÚBLICO;3;ESCUELA DE EDUCACION INFANTIL;EEI;EL JARDIN DE LA VEGA;AV.;AVENIDA;DEL ESCRIBANO;;S/N;;;;;24;15;2;LEON;BENAVIDES;BENAVIDES DE ÓRBIGO;24280;987370003;987370325;;24022407@educa.jcyl.es;;-5.5671;42.59873;N;N;N;N;N;N;42.59873, -5.5671
2026;24022262;A;ALTA;1;PÚBLICO;3;ESCUELA DE EDUCACION INFANTIL;EEI;EL PARQUE;CALLE;CALLE;LOS INFANTES;2;;;;;;24;157;1;LEON;SANTA MARÍA DEL PÁRAMO;SANTA MARÍA DEL PÁRAMO;24240;987350651;;;24022262@educa.jcyl.es;;-5.74785;42.35568;N;N;N;N;S;N;42.35568, -5.74785
2026;24021944;A;ALTA;1;PÚBLICO;3;ESCUELA DE EDUCACION INFANTIL;EEI;ESCUELA INFANTIL DE BEMBIBRE;CALLE;CALLE;SUSANA GONZÁLEZ;55;;;;;;24;14;2;LEON;BEMBIBRE;BEMBIBRE;24300;987514010;;;24021944@educa.jcyl.es;;-6.4216;42.61038;N;N;N;N;S;N;42.61038, -6.4216
2026;24023011;A;ALTA;1;PÚBLICO;3;ESCUELA DE EDUCACION INFANTIL;EEI;La Abadía;CALLE;CALLE;San Isidro;1;;;;;;24;38;2;LEON;CARRACEDELO;CARRACEDO DEL MONASTERIO;24549;987562553;;;24023011@educa.jcyl.es;;;;N;N;N;N;N;N;
2026;24022444;A;ALTA;1;PÚBLICO;3;ESCUELA DE EDUCACION INFANTIL;EEI;LA ROBLA;CALLE;CALLE;EMILIA MENÉNDEZ;8;;;;;;24;134;8;LEON;ROBLA (LA);ROBLA (LA);24640;987572202;987570817;;24022444@educa.jcyl.es;;-5.63064;42.80348;N;N;N;N;N;N;42.80348, -5.63064
2026;24022936;A;ALTA;1;PÚBLICO;3;ESCUELA DE EDUCACION INFANTIL;EEI;MAGO CHALUPA;CALLE;CALLE;ANDRÉS VILORIA;;S/N;;;;;24;115;21;LEON;PONFERRADA;PONFERRADA;24404;987409288;;;24022936@educa.jcyl.es;;-6.61382;42.55063;N;N;N;N;N;N;42.55063, -6.61382
2026;24022471;A;ALTA;1;PÚBLICO;3;ESCUELA DE EDUCACION INFANTIL;EEI;POLÍGONO INDUSTRIAL DE LEÓN;CALLE;CALLE;2;;S/N;;;;;24;105;2;LEON;ONZONILLA;ONZONILLA;24231;646820747;;;24022471@educa.jcyl.es;;-5.5807;42.52948;N;N;N;N;N;N;42.52948, -5.5807
2026;24022948;A;ALTA;1;PÚBLICO;3;ESCUELA DE EDUCACION INFANTIL;EEI;SAN LORENZO;CALLE;CALLE;SANTA TERESA DE JESÚS;8;;;;;;24;89;2;LEON;LEÓN;LEÓN;24007;987221670;;;24022948@educa.jcyl.es;;-5.56814;42.6031;N;N;N;N;N;N;42.6031, -5.56814
2026;24022663;A;ALTA;1;PÚBLICO;3;ESCUELA DE EDUCACION INFANTIL;EEI;SANTA BÁRBARA;CALLE;CALLE;SIERRA PAMBLEY;;S/N;;;;;24;70;2;LEON;FABERO;FABERO;24420;987550211;;;24022663@educa.jcyl.es;;-6.62942;42.7677;N;N;N;N;N;N;42.7677, -6.62942
2026;24022389;A;ALTA;1;PÚBLICO;3;ESCUELA DE EDUCACION INFANTIL;EEI;SANTA MARGARITA;CALLE;CALLE;SAN JUAN BOSCO;6;;;;;;24;89;1;LEON;LEÓN;ARMUNIA;24009;987275762;;;24022389@educa.jcyl.es;http://www.aytoleon.es/;-5.58568;42.58175;N;N;N;N;S;N;42.58175, -5.58568
2026;24022641;A;ALTA;1;PÚBLICO;3;ESCUELA DE EDUCACION INFANTIL;EEI;SARIEGOS;CALLE;CALLE;MAESTRA NATI;;S/N;;;;;24;163;4;LEON;SARIEGOS;SARIEGOS DEL BERNESGA;24121;987280699;;;24022641@educa.jcyl.es;;-5.63568;42.64663;N;N;N;N;N;N;42.64663, -5.63568
2026;24018842;A;ALTA;1;PÚBLICO;3;ESCUELA DE EDUCACION INFANTIL;EEI;VIUDA DE CADENAS;CALLE;CALLE;CARIDAD;12;;;;;;24;89;2;LEON;LEÓN;LEÓN;24007;987231092;;;24018842@educa.jcyl.es;http://eeiviudadecadenas.centros.educa.jcyl.es;-5.56402;42.60212;N;N;N;S;S;N;42.60212, -5.56402
2026;24018568;A;ALTA;1;PÚBLICO;185;ESCUELA DE MUSICA;EM;ÁNGEL BARJA;CALLE;CALLE;RINCÓN DEL SOL;;2-6;;;;;24;142;8;LEON;SAN ANDRÉS DEL RABANEDO;TROBAJO DEL CAMINO;24010;987804443;;;24018568@educa.jcyl.es;;-5.63832;42.60111;N;N;N;N;N;N;42.60111, -5.63832
2026;24021993;A;ALTA;1;PÚBLICO;185;ESCUELA DE MUSICA;EM;ESCUELA DE MÚSICA DE ASTORGA;CALLE;CALLE;PEDRO JUNCO;;S/N;;;;;24;8;1;LEON;ASTORGA;ASTORGA;24700;987602043;;;24021993@educa.jcyl.es;;-6.05804;42.46094;N;N;N;N;N;N;42.46094, -6.05804
2026;24021968;A;ALTA;1;PÚBLICO;185;ESCUELA DE MUSICA;EM;ESCUELA DE MÚSICA DE VILLAREJO DE ÓRBIGO;CALLE;CALLE;PICONES;;S/N;;;;;24;223;2;LEON;VILLAREJO DE ÓRBIGO;VEGUELLINA DE ÓRBIGO;24350;987376514;987376135;;24021968@educa.jcyl.es;;-5.8896;42.43597;N;N;N;N;N;N;42.43597, -5.8896
2026;24022572;A;ALTA;1;PÚBLICO;185;ESCUELA DE MUSICA;EM;ESCUELA MUNICIPAL DE MÚSICA DE SARIEGOS;CALLE;CALLE;PROFESOR RODRÍGUEZ FERRI;;S/N;;;;;24;163;1;LEON;SARIEGOS;AZADINOS;24121;987280699;987280565;;24022572@educa.jcyl.es;;-5.62338;42.63449;N;N;N;N;N;N;42.63449, -5.62338
2026;24022043;A;ALTA;1;PÚBLICO;185;ESCUELA DE MUSICA;EM;HERMANOS SÁNCHEZ CARRALERO;CALLE;CALLE;ANGEL BASANTE;15;;2;;;;24;30;2;LEON;CACABELOS;CACABELOS;24540;987549359;987549275;;24022043@educa.jcyl.es;;-6.7239;42.59792;N;N;N;N;N;N;42.59792, -6.7239
2026;24017370;A;ALTA;1;PÚBLICO;80;ESCUELA OFICIAL DE IDIOMAS;EOI;ESCUELA OFICIAL DE IDIOMAS DE LEÓN;CALLE;CALLE;OBISPO SANTOS OLIVERA;17;;;;;;24;89;2;LEON;LEÓN;LEÓN;24005;987252020;987261811;;24017370@educa.jcyl.es;http://eoileon.centros.educa.jcyl.es;-5.56962;42.58812;N;N;N;N;N;N;42.58812, -5.56962
2026;24018222;A;ALTA;1;PÚBLICO;42;INSTITUTO DE EDUCACION SECUNDARIA;IES;BEATRIZ OSSORIO;CALLE;CALLE;CORRUMBÍN;30;;;;;;24;70;2;LEON;FABERO;FABERO;24420;987550111;987552003;;24018222@educa.jcyl.es;http://iesbeatrizossorio.centros.educa.jcyl.es;-6.62851;42.77004;N;N;N;S;N;S;42.77004, -6.62851
2026;24005987;A;ALTA;1;PÚBLICO;42;INSTITUTO DE EDUCACION SECUNDARIA;IES;LEGIO VII;PZ.;PLAZA;SANT0 MARTINO;6;;;;;;24;89;2;LEON;LEÓN;LEÓN;24003;987221815;987228683;;24005987@educa.jcyl.es;http://ieslegio.centros.educa.jcyl.es;-5.5707;42.60175;N;N;N;S;N;N;42.60175, -5.5707
2026;24009610;A;ALTA;1;PÚBLICO;42;INSTITUTO DE EDUCACION SECUNDARIA;IES;RAMIRO II;CRA.;CARRETERA;DE LA MAGDALENA;;S/N;;;;;24;134;8;LEON;ROBLA (LA);ROBLA (LA);24640;987570323;;;24009610@educa.jcyl.es;http://iesramiroii.centros.educa.jcyl.es;-5.63222;42.80452;N;N;N;N;N;S;42.80452, -5.63222
2026;24022331;A;ALTA;1;PÚBLICO;98;CENTRO DOCENTE DE FORMACIÓN MILITAR;A Militar;ACADEMIA BÁSICA DEL AIRE Y DEL ESPACIO DE LEÓN;FCA.;FINCA;AERÓDROMO MILITAR DE LEÓN;;S/N;;;;;24;189;8;LEON;VALVERDE DE LA VIRGEN;VIRGEN DEL CAMINO (LA);24198;987843600;;;24022331@educa.jcyl.es;;-5.64611;42.58554;N;S;N;N;S;N;42.58554, -5.64611
2026;24017369;A;ALTA;1;PÚBLICO;131;CONSERVATORIO PROFESIONAL DE MUSICA;C Música;CRISTÓBAL HALFFTER;CALLE;CALLE;RONDA NORTE;1;;;;;;24;115;21;LEON;PONFERRADA;PONFERRADA;24404;987427566;987427565;;24017369@educa.jcyl.es;http://cpmhalffter.centros.educa.jcyl.es;-6.61338;42.5577;N;N;N;N;N;N;42.5577, -6.61338
2026;24005410;A;ALTA;1;PÚBLICO;20;COLEGIO DE EDUCACION ESPECIAL;CEE;NUESTRA SEÑORA DEL SAGRADO CORAZÓN;CALLE;CALLE;EL PARQUE;1;;;;;;24;89;2;LEON;LEÓN;LEÓN;24005;987213898;987209050;;24005410@educa.jcyl.es;http://cpntrasradelsagradocorazon.centros.educa.jcyl.es;-5.56626;42.57892;N;N;N;S;S;S;42.57892, -5.56626
2026;24000461;A;ALTA;1;PÚBLICO;20;COLEGIO DE EDUCACION ESPECIAL;CEE;SANTA MARÍA MADRE DE LA IGLESIA;CRA.;CARRETERA;DE SANABRIA;34;;;;;;24;8;1;LEON;ASTORGA;ASTORGA;24700;987617836;987617836;;24000461@educa.jcyl.es;http://cpeecosamai.centros.educa.jcyl.es;-6.06318;42.45253;N;N;N;N;S;S;42.45253, -6.06318
2026;24016331;A;ALTA;1;PÚBLICO;14;COLEGIO DE EDUCACION INFANTIL Y PRIMARIA;CEIP;ANEJAS;CALLE;CALLE;LEÓN XIII;;S/N;;;;;24;89;2;LEON;LEÓN;LEÓN;24008;987226240;987226240;;24016331@educa.jcyl.es;http://cpanejas.centros.educa.jcyl.es;-5.57594;42.60565;N;N;N;S;S;S;42.60565, -5.57594
2026;24000451;A;ALTA;1;PÚBLICO;14;COLEGIO DE EDUCACION INFANTIL Y PRIMARIA;CEIP;ÁNGEL GONZÁLEZ ÁLVAREZ;CALLE;CALLE;DOCTOR REDONDO FLOREZ;1;;;;;;24;8;1;LEON;ASTORGA;ASTORGA;24700;987615116;987615116;;24000451@educa.jcyl.es;http://ceipangelgonzalezalvarez.centros.educa.jcyl.es/;-6.05667;42.46014;N;N;N;S;S;S;42.46014, -6.05667
2026;24002901;A;ALTA;1;PÚBLICO;14;COLEGIO DE EDUCACION INFANTIL Y PRIMARIA;CEIP;ANTONIO JUSTEL;CALLE;CALLE;LAS ESCUELAS;;S/N;;;;;24;47;1;LEON;CASTROCONTRIGO;CASTROCONTRIGO;24735;987660214;987660214;;24002901@educa.jcyl.es;http://ceipantoniojustel.centros.educa.jcyl.es;-6.26952;42.24534;N;N;N;S;S;S;42.24534, -6.26952
2026;24000503;A;ALTA;1;PÚBLICO;14;COLEGIO DE EDUCACION INFANTIL Y PRIMARIA;CEIP;BLANCO DE CELA;PZ.;PLAZA;MAGISTERIO;4;;;;;;24;8;1;LEON;ASTORGA;ASTORGA;24700;987615953;987615953;;24000503@educa.jcyl.es;http://ceipblancodecela.centros.educa.jcyl.es;-6.05941;42.45611;N;N;N;S;S;S;42.45611, -6.05941
2026;24017278;A;ALTA;1;PÚBLICO;14;COLEGIO DE EDUCACION INFANTIL Y PRIMARIA;CEIP;COMPOSTILLA;CALLE;CALLE;II TRAVESÍA;;S/N;;;;;24;115;21;LEON;PONFERRADA;PONFERRADA;24404;987412500;987412500;;24017278@educa.jcyl.es;http://ceipcompostilla.centros.educa.jcyl.es;-6.59759;42.56446;N;N;N;S;S;N;42.56446, -6.59759
2026;24018052;A;ALTA;1;PÚBLICO;14;COLEGIO DE EDUCACION INFANTIL Y PRIMARIA;CEIP;CRA BABIA;CRA.;CARRETERA;LEÓN-VILLABLINO;;S/N;;;;;24;29;3;LEON;CABRILLANES;HUERGAS DE BABIA;24143;987488761;987488761;;24018052@educa.jcyl.es;http://crababia.centros.educa.jcyl.es;-6.09705;42.9547;S;N;N;N;S;S;42.9547, -6.09705
2026;24018155;A;ALTA;1;PÚBLICO;14;COLEGIO DE EDUCACION INFANTIL Y PRIMARIA;CEIP;CRA DE ALIJA DEL INFANTADO;CALLE;CALLE;OLMARES;;S/N;;;;;24;3;1;LEON;ALIJA DEL INFANTADO;ALIJA DEL INFANTADO;24761;987667272;987667272;;24018155@educa.jcyl.es;http://craalijadelinfantado.centros.educa.jcyl.es;-5.83264;42.13744;S;N;N;S;S;S;42.13744, -5.83264
2026;24018039;A;ALTA;1;PÚBLICO;14;COLEGIO DE EDUCACION INFANTIL Y PRIMARIA;CEIP;CRA DE ARMELLADA;CALLE;CALLE;PADRE CESÁREO;37;;;;;;24;173;1;LEON;TURCIA;ARMELLADA;24284;987363212;987363212;;24018039@educa.jcyl.es;http://cradearmellada.centros.educa.jcyl.es;-5.86428;42.55245;S;N;N;S;N;N;42.55245, -5.86428
2026;24018261;A;ALTA;1;PÚBLICO;14;COLEGIO DE EDUCACION INFANTIL Y PRIMARIA;CEIP;CRA DE EL BURGO RANERO;CALLE;CALLE;LAS ERAS;;S/N;;;;;24;24;1;LEON;BURGO RANERO (EL);BURGO RANERO (EL);24343;987330045;987330045;;24018261@educa.jcyl.es;http://craelburgoranero.centros.educa.jcyl.es/sitio/;-5.21947;42.42157;S;N;N;S;S;S;42.42157, -5.21947
2026;24018350;A;ALTA;1;PÚBLICO;14;COLEGIO DE EDUCACION INFANTIL Y PRIMARIA;CEIP;CRA DE POSADA DE VALDEÓN;PZ.;PLAZA;CORTINA CONCEJO;6;;;;;;24;116;104;LEON;POSADA DE VALDEÓN;POSADA DE VALDEÓN;24915;987742716;;;24018350@educa.jcyl.es;http://craposadadevaldeon.centros.educa.jcyl.es;-4.91961;43.15176;S;N;N;N;S;S;43.15176, -4.91961
2026;24018398;A;ALTA;1;PÚBLICO;14;COLEGIO DE EDUCACION INFANTIL Y PRIMARIA;CEIP;CRA DE QUINTANA DE RUEDA;CALLE;CALLE;MAYOR;1;;;;;;24;180;2;LEON;VALDEPOLO;QUINTANA DE RUEDA;24930;987337030;987337030;;24018398@educa.jcyl.es;http://craquintanaderueda.centros.educa.jcyl.es;-5.26279;42.57822;S;N;N;S;N;N;42.57822, -5.26279
2026;24018416;A;ALTA;1;PÚBLICO;14;COLEGIO DE EDUCACION INFANTIL Y PRIMARIA;CEIP;CRA DE RIAÑO;CALLE;CALLE;SOLASIERRA;;S/N;;;;;24;130;5;LEON;RIAÑO;RIAÑO;24900;987740729;987740729;;24018416@educa.jcyl.es;http://crariano.centros.educa.jcyl.es;-5.00155;42.97592;S;N;N;S;S;S;42.97592, -5.00155
2026;24018428;A;ALTA;1;PÚBLICO;14;COLEGIO DE EDUCACION INFANTIL Y PRIMARIA;CEIP;CRA DE RIELLO;CRA.;CARRETERA;DE LA LOMBA;;S/N;;;;;24;132;23;LEON;RIELLO;RIELLO;24127;666147474;987580760;;24018428@educa.jcyl.es;http://crariello.centros.educa.jcyl.es;-5.94501;42.77304;S;N;N;N;S;S;42.77304, -5.94501
2026;24018489;A;ALTA;1;PÚBLICO;14;COLEGIO DE EDUCACION INFANTIL Y PRIMARIA;CEIP;CRA DE SOTO DE LA VEGA;CALLE;CALLE;BARRIO NUEVO;;S/N;;;;;24;166;7;LEON;SOTO DE LA VEGA;SOTO DE LA VEGA;24768;987654068;987654068;;24018489@educa.jcyl.es;http://crasotodelavega.centros.educa.jcyl.es;-5.88139;42.332;S;N;N;S;N;N;42.332, -5.88139
2026;24018519;A;ALTA;1;PÚBLICO;14;COLEGIO DE EDUCACION INFANTIL Y PRIMARIA;CEIP;CRA DE VILLACEDRÉ;AV.;AVENIDA;VIRGEN DE LOS IMPOSIBLES;;S/N;;;;;24;162;5;LEON;SANTOVENIA DE LA VALDONCINA;VILLACEDRÉ;24009;987206679;987206679;;24018519@educa.jcyl.es;http://cravillacedre.centros.educa.jcyl.es;-5.59149;42.55781;S;N;N;S;S;N;42.55781, -5.59149
2026;24002391;A;ALTA;1;PÚBLICO;14;COLEGIO DE EDUCACION INFANTIL Y PRIMARIA;CEIP;CRA LA ABADÍA;CALLE;CALLE;SAN ROQUE;;S/N;;;;;24;38;1;LEON;CARRACEDELO;CARRACEDELO;24549;987562770;;;24002391@educa.jcyl.es;http://cralaabadia.centros.educa.jcyl.es;-6.71609;42.5261;S;N;N;S;N;N;42.5261, -6.71609
2026;24018106;A;ALTA;1;PÚBLICO;14;COLEGIO DE EDUCACION INFANTIL Y PRIMARIA;CEIP;CRA LOS TRES VALLES;CALLE;CALLE;LA CARRETERA;;S/N;;;;;24;187;4;LEON;VALDEVIMBRE;VALDEVIMBRE;24230;987304166;;;24018106@educa.jcyl.es;http://cralostresvalles.centros.educa.jcyl.es/;-5.62178;42.42026;S;N;N;S;N;N;42.42026, -5.62178
2026;24018064;A;ALTA;1;PÚBLICO;14;COLEGIO DE EDUCACION INFANTIL Y PRIMARIA;CEIP;CRA RUTA DE LA PLATA;CALLE;CALLE;REAL;57;;;;;;24;221;2;LEON;VILLAQUEJIDA;VILLAQUEJIDA;24235;987774451;;;24018064@educa.jcyl.es;http://crarutadelaplata.centros.educa.jcyl.es;-5.5979;42.14447;S;N;N;S;N;N;42.14447, -5.5979
2026;24018337;A;ALTA;1;PÚBLICO;14;COLEGIO DE EDUCACION INFANTIL Y PRIMARIA;CEIP;CRA SANTA BÁRBARA;PZ.;PLAZA;DE LAS COLOMINAS;;S/N;;;;;24;137;2;LEON;SABERO;OLLEROS DE SABERO;24811;987718388;987703033;;24018337@educa.jcyl.es;http://crasantabarbara.centros.educa.jcyl.es;-5.18045;42.83004;S;N;N;S;S;S;42.83004, -5.18045
2026;24018003;A;ALTA;1;PÚBLICO;14;COLEGIO DE EDUCACION INFANTIL Y PRIMARIA;CEIP;CRA VALLE DEL DUERNA;PZ.;PLAZA;LAS ESCUELAS;8;;;;;;24;66;1;LEON;DESTRIANA;DESTRIANA;24730;987630048;;;24018003@educa.jcyl.es;http://cravalledelduerna.centros.educa.jcyl.es;-6.14782;42.2736;S;N;N;S;N;N;42.2736, -6.14782
2026;24018027;A;ALTA;1;PÚBLICO;14;COLEGIO DE EDUCACION INFANTIL Y PRIMARIA;CEIP;CRA VEGA DEL ESLA;CALLE;CALLE;ELENA YUGUEROS;2;;;;;;24;168;1;LEON;TORAL DE LOS GUZMANES;TORAL DE LOS GUZMANES;24237;987760476;;;24018027@educa.jcyl.es;http://cravegadelesla.centros.educa.jcyl.es;-5.56828;42.24286;S;N;N;S;N;N;42.24286, -5.56828
2026;24001490;A;ALTA;1;PÚBLICO;14;COLEGIO DE EDUCACION INFANTIL Y PRIMARIA;CEIP;DE VALLES;CALLE;CALLE;INOCENCIO MATEO;35;;;;;;24;21;4;LEON;BOÑAR;BOÑAR;24850;987735275;987735275;;24001490@educa.jcyl.es;http://ceipvalles.centros.educa.jcyl.es;-5.31944;42.8643;N;N;N;S;S;S;42.8643, -5.31944
2026;24005641;A;ALTA;1;PÚBLICO;14;COLEGIO DE EDUCACION INFANTIL Y PRIMARIA;CEIP;JAVIER;CALLE;CALLE;SAN PEDRO DEL CASTRO;;S/N;;;;;24;89;2;LEON;LEÓN;LEÓN;24005;987200764;;;24005641@educa.jcyl.es;http://ceipjavier.centros.educa.jcyl.es;-5.55847;42.58199;N;S;N;S;S;S;42.58199, -5.55847
2026;24016547;A;ALTA;1;PÚBLICO;14;COLEGIO DE EDUCACION INFANTIL Y PRIMARIA;CEIP;LA PALOMERA;CALLE;CALLE;CAMPUS UNIVERSITARIO;;S/N;;;;;24;89;2;LEON;LEÓN;LEÓN;24007;987221200;987221200;;24016547@educa.jcyl.es;http://ceiplapalomera.centros.educa.jcyl.es/;-5.5617;42.60977;N;N;N;S;S;N;42.60977, -5.5617
2026;24005240;A;ALTA;1;PÚBLICO;14;COLEGIO DE EDUCACION INFANTIL Y PRIMARIA;CEIP;LOPE DE VEGA;CALLE;CALLE;FRANCISCO FERNÁNDEZ DIEZ;28;;;;;;24;89;1;LEON;LEÓN;ARMUNIA;24009;987208216;987208216;;24005240@educa.jcyl.es;http://ceiplopedevega.centros.educa.jcyl.es;-5.58986;42.58875;N;N;N;S;S;S;42.58875, -5.58986
2026;24022171;A;ALTA;1;PÚBLICO;14;COLEGIO DE EDUCACION INFANTIL Y PRIMARIA;CEIP;LOS ADILES;CALLE;CALLE;EL REMESÓN;;S/N;;;;;24;222;7;LEON;VILLAQUILAMBRE;VILLAOBISPO DE LAS REGUERAS;24195;987307265;;;24022171@educa.jcyl.es;http://ceiplosadiles.centros.educa.jcyl.es;-5.54718;42.6192;N;N;N;S;S;S;42.6192, -5.54718
2026;24005434;A;ALTA;1;PÚBLICO;14;COLEGIO DE EDUCACION INFANTIL Y PRIMARIA;CEIP;LUIS VIVES;CALLE;CALLE;MURILLO;;S/N;;;;;24;89;2;LEON;LEÓN;LEÓN;24005;987202414;987207380;;24005434@educa.jcyl.es;http://cpluisvives.centros.educa.jcyl.es;-5.56518;42.58764;N;N;N;S;S;N;42.58764, -5.56518
2026;24003322;A;ALTA;1;PÚBLICO;14;COLEGIO DE EDUCACION INFANTIL Y PRIMARIA;CEIP;MANUEL A. CANO POBLACIÓN;CALLE;CALLE;SORRIBA;9;;;;;;24;56;1;LEON;CISTIERNA;CISTIERNA;24800;987700296;987700296;;24003322@educa.jcyl.es;http://ceipmanuelangelcano.centros.educa.jcyl.es/;-5.12518;42.79928;N;N;N;S;S;S;42.79928, -5.12518
2026;24005446;A;ALTA;1;PÚBLICO;14;COLEGIO DE EDUCACION INFANTIL Y PRIMARIA;CEIP;PONCE DE LEÓN;CALLE;CALLE;SERRANOS;34;;;;;;24;89;2;LEON;LEÓN;LEÓN;24003;987244094;;;24005446@educa.jcyl.es;http://ceipponcedeleon.centros.educa.jcyl.es;-5.56927;42.60182;N;N;N;S;S;N;42.60182, -5.56927
2026;24007340;A;ALTA;1;PÚBLICO;14;COLEGIO DE EDUCACION INFANTIL Y PRIMARIA;CEIP;RIBAS DEL SIL;CRA.;CARRETERA;DE PONFERRADA-LA ESPINA;;S/N;;;;;24;109;6;LEON;PALACIOS DEL SIL;PALACIOS DEL SIL;24495;987487116;987487116;;24007340@educa.jcyl.es;http://ceipribasdelsil.centros.educa.jcyl.es;-6.44017;42.87628;N;N;N;N;S;S;42.87628, -6.44017
2026;24002238;A;ALTA;1;PÚBLICO;14;COLEGIO DE EDUCACION INFANTIL Y PRIMARIA;CEIP;SAN ILDEFONSO;CALLE;CALLE;LAS CAMPAS;4;;;;;;24;34;1;LEON;CAMPONARAYA;CAMPONARAYA;24410;987450319;987450319;;24002238@educa.jcyl.es;http://ceipsanildefonso.centros.educa.jcyl.es/;-6.63841;42.61612;N;N;N;S;S;N;42.61612, -6.63841
2026;24000618;A;ALTA;1;PÚBLICO;14;COLEGIO DE EDUCACION INFANTIL Y PRIMARIA;CEIP;SAN JOSÉ DE CALASANZ;CALLE;CALLE;ANTONIO PALAU;4;;;;;;24;10;1;LEON;BAÑEZA (LA);BAÑEZA (LA);24750;987641679;;;24000618@educa.jcyl.es;http://cpsanjosedecalasanz.centros.educa.jcyl.es;-5.90289;42.30042;N;N;N;S;S;N;42.30042, -5.90289
2026;24014617;A;ALTA;1;PÚBLICO;14;COLEGIO DE EDUCACION INFANTIL Y PRIMARIA;CEIP;SAN LORENZO DE BRINDIS;CALLE;CALLE;LAS VEGAS;;S/N;;;;;24;209;17;LEON;VILLAFRANCA DEL BIERZO;VILLAFRANCA DEL BIERZO;24500;987540348;987540348;;24014617@educa.jcyl.es;http://ceipsanlorenzodebrindis.centros.educa.jcyl.es/sitio/;-6.80622;42.61058;N;N;N;S;S;S;42.61058, -6.80622
2026;24017953;A;ALTA;1;PÚBLICO;14;COLEGIO DE EDUCACION INFANTIL Y PRIMARIA;CEIP;SAN MIGUEL;CALLE;CALLE;OMAÑA;;S/N;;;;;24;202;11;LEON;VILLABLINO;VILLABLINO;24100;987471278;987471278;;24017953@educa.jcyl.es;http://cpsanmiguel.centros.educa.jcyl.es;-6.31908;42.93754;N;N;N;S;N;S;42.93754, -6.31908
2026;24013467;A;ALTA;1;PÚBLICO;14;COLEGIO DE EDUCACION INFANTIL Y PRIMARIA;CEIP;SAN TIRSO;AV.;AVENIDA;RÍO CURUEÑO;54;;;;;;24;193;4;LEON;VECILLA (LA);VECILLA DE CURUEÑO (LA);24840;987741138;;;24013467@educa.jcyl.es;http://cpsantotirso.centros.educa.jcyl.es;-5.41037;42.85293;N;N;N;S;S;S;42.85293, -5.41037
2026;24018477;A;ALTA;1;PÚBLICO;14;COLEGIO DE EDUCACION INFANTIL Y PRIMARIA;CEIP;SANTA ANA;CALLE;CALLE;PROSILLO;;S/N;;;;;24;16;7;LEON;BENUZA;SILVÁN;24388;987452665;;;24018477@educa.jcyl.es;http://crasantaana.centros.educa.jcyl.es;-6.67351;42.33487;N;N;N;S;N;S;42.33487, -6.67351
2026;24016456;A;ALTA;1;PÚBLICO;14;COLEGIO DE EDUCACION INFANTIL Y PRIMARIA;CEIP;SANTA BÁRBARA;CALLE;CALLE;LAS TOLVAS;2;;;;;;24;14;2;LEON;BEMBIBRE;BEMBIBRE;24300;987511255;;;24016456@educa.jcyl.es;http://ceipsantabarbara.centros.educa.jcyl.es;-6.42236;42.60877;N;N;N;S;S;S;42.60877, -6.42236
2026;24014344;A;ALTA;1;PÚBLICO;14;COLEGIO DE EDUCACION INFANTIL Y PRIMARIA;CEIP;SANTIAGO APÓSTOL;AV.;AVENIDA;DE LA CONSTITUCIÓN;;S/N;;;;;24;205;3;LEON;VILLADANGOS DEL PÁRAMO;VILLADANGOS DEL PÁRAMO;24392;987390109;987390109;;24014344@educa.jcyl.es;http://ceip-santiagoapostol.centros.educa.jcyl.es;-5.7646;42.51988;N;N;N;S;S;S;42.51988, -5.7646
2026;24022249;A;ALTA;1;PÚBLICO;14;COLEGIO DE EDUCACION INFANTIL Y PRIMARIA;CEIP;VILLA ROMANA;CALLE;CALLE;MIGUEL HERNÁNDEZ;16;;;;;;24;222;3;LEON;VILLAQUILAMBRE;NAVATEJERA;24193;987285282;987285282;;24022249@educa.jcyl.es;http://ceipvillaromana.centros.educa.jcyl.es/sitio/;-5.5649;42.63075;N;N;N;S;S;S;42.63075, -5.5649
2026;24018313;A;ALTA;1;PÚBLICO;14;COLEGIO DE EDUCACION INFANTIL Y PRIMARIA;CEIP;VILLAQUILAMBRE;CALLE;CALLE;LAS ERAS;;S/N;;;;;24;222;8;LEON;VILLAQUILAMBRE;VILLAQUILAMBRE;24193;987283113;;;24018313@educa.jcyl.es;http://cravillaquilambre.centros.educa.jcyl.es;-5.55758;42.63886;N;N;N;S;S;S;42.63886, -5.55758
2026;24002159;A;ALTA;1;PÚBLICO;14;COLEGIO DE EDUCACION INFANTIL Y PRIMARIA;CEIP;VIRGEN DE LA QUINTA ANGUSTIA;CALLE;CALLE;LAS ESCUELAS;17;;;;;;24;30;2;LEON;CACABELOS;CACABELOS;24540;987546364;987546364;;24002159@educa.jcyl.es;http://ceipvirgendelaquintaangustia.centros.educa.jcyl.es/;-6.72203;42.5974;N;N;N;S;S;S;42.5974, -6.72203
2026;24013315;A;ALTA;1;PÚBLICO;77;CENTRO DE EDUCACIÓN OBLIGATORIA;CEO;CAMINO DE SANTIAGO;AV.;AVENIDA;DE LA AVIACIÓN;;S/N;;;;;24;189;8;LEON;VALVERDE DE LA VIRGEN;VIRGEN DEL CAMINO (LA);24198;987300473;987103023;;24013315@educa.jcyl.es;http://ceocaminodesantiago.centros.educa.jcyl.es;-5.64312;42.58278;N;N;N;S;S;S;42.58278, -5.64312
2026;24001106;A;ALTA;1;PÚBLICO;77;CENTRO DE EDUCACIÓN OBLIGATORIA;CEO;SAN JUAN;CALLE;CALLE;MANUEL GULLON;;S/N;;;;;24;15;2;LEON;BENAVIDES;BENAVIDES DE ÓRBIGO;24280;987371109;987371109;;24001106@educa.jcyl.es;http://ceosanjuan.centros.educa.jcyl.es;-5.89857;42.5048;N;N;N;S;S;S;42.5048, -5.89857
2026;24018659;A;ALTA;1;PÚBLICO;31;CENTRO PUBLICO DE EDUCACION DE PERSONAS ADULTAS;CEPA;CONCHA CASADO;CALLE;CALLE;CARDENAL CISNEROS;51;;;;;;24;142;8;LEON;SAN ANDRÉS DEL RABANEDO;TROBAJO DEL CAMINO;24010;987230628;;;24018659@educa.jcyl.es;http://cepaconchacasado.centros.educa.jcyl.es/;-5.59137;42.601;N;N;N;N;N;N;42.601, -5.59137
2026;24022250;A;ALTA;1;PÚBLICO;68;CENTRO PUBLICO INTEGRADO DE FORMACION PROFESIONAL;CIFP;CIUDAD DE LEÓN;CALLE;CALLE;LA TORRE;7;;;;;;24;89;2;LEON;LEÓN;LEÓN;24002;987276281;987220581;;24022250@educa.jcyl.es;http://www.cifpciudaddeleon.org;-5.57251;42.60045;N;N;N;S;N;N;42.60045, -5.57251
2026;24005525;A;ALTA;2;PRIVADO;72;CENTRO PRIVADO DE EDUCACION INFANTIL PRIMARIA Y SECUNDARIA;Colegio;DISCÍPULAS DE JESÚS;CALLE;CALLE;PABLO FLÓREZ;8;;;;;;24;89;2;LEON;LEÓN;LEÓN;24003;987235132;987231652;;24005525@educa.jcyl.es;http://www.colegiodiscipulasdejesus.com;-5.56808;42.60057;N;N;S;N;S;N;42.60057, -5.56808
2026;24005574;A;ALTA;2;PRIVADO;72;CENTRO PRIVADO DE EDUCACION INFANTIL PRIMARIA Y SECUNDARIA;Colegio;LA ASUNCIÓN;AV.;AVENIDA;MARIANO DE ANDRES;193;;;;;;24;89;2;LEON;LEÓN;LEÓN;24008;987226400;987226682;;24005574@educa.jcyl.es;http://www.asuncionleon.es;-5.56618;42.61896;N;N;S;S;S;S;42.61896, -5.56618
2026;24008061;A;ALTA;2;PRIVADO;72;CENTRO PRIVADO DE EDUCACION INFANTIL PRIMARIA Y SECUNDARIA;Colegio;LA ASUNCIÓN;CALLE;CALLE;LA ASUNCIÓN;6;;;;;;24;115;21;LEON;PONFERRADA;PONFERRADA;24400;987411868;987412200;;24008061@educa.jcyl.es;http://www.ponfeasuncion.es;-6.61177;42.54509;N;N;S;S;S;N;42.54509, -6.61177
2026;24005616;A;ALTA;2;PRIVADO;72;CENTRO PRIVADO DE EDUCACION INFANTIL PRIMARIA Y SECUNDARIA;Colegio;NUESTRA MADRE DEL BUEN CONSEJO;AV.;AVENIDA;AGUSTINOS DE LEÓN;12;;;;;;24;89;2;LEON;LEÓN;LEÓN;24010;987800900;987802349;;24005616@educa.jcyl.es;http://agustinosleon.com;-5.59958;42.58626;N;S;S;N;S;S;42.58626, -5.59958
2026;24005823;A;ALTA;2;PRIVADO;15;CENTRO PRIVADO DE EDUCACION INFANTIL Y PRIMARIA;Colegio;SAGRADO CORAZÓN;CALLE;CALLE;GRAN VÍA DE SAN MARCOS;17;;;;;;24;89;2;LEON;LEÓN;LEÓN;24001;987238554;;;24005823@educa.jcyl.es;;-5.57386;42.59873;N;N;S;S;S;N;42.59873, -5.57386
2026;24008307;A;ALTA;2;PRIVADO;72;CENTRO PRIVADO DE EDUCACION INFANTIL PRIMARIA Y SECUNDARIA;Colegio;SAN IGNACIO;AV.;AVENIDA;COMPOSTILLA;34;;;;;;24;115;21;LEON;PONFERRADA;PONFERRADA;24402;987411250;987456176;;24008307@educa.jcyl.es;;-6.59758;42.55149;N;N;S;N;S;N;42.55149, -6.59758
2026;24005707;A;ALTA;2;PRIVADO;72;CENTRO PRIVADO DE EDUCACION INFANTIL PRIMARIA Y SECUNDARIA;Colegio;SAN JOSÉ;CALLE;CALLE;SAN JUAN DE PRADO;2;;;;;;24;89;2;LEON;LEÓN;LEÓN;24008;987225650;;;24005707@educa.jcyl.es;https://sjosele.com/;-5.57307;42.6045;N;S;S;S;S;N;42.6045, -5.57307
2026;24005631;A;ALTA;2;PRIVADO;72;CENTRO PRIVADO DE EDUCACION INFANTIL PRIMARIA Y SECUNDARIA;Colegio;SANTA TERESA;CALLE;CALLE;PABLO FLÓREZ;5;;;;;;24;89;2;LEON;LEÓN;LEÓN;24003;987234200;987235380;;24005631@educa.jcyl.es;;-5.56789;42.60023;N;N;S;N;S;S;42.60023, -5.56789
2026;24005537;A;ALTA;2;PRIVADO;72;CENTRO PRIVADO DE EDUCACION INFANTIL PRIMARIA Y SECUNDARIA;Colegio;VIRGEN BLANCA;CALLE;CALLE;SAN JUAN;7;;;;;;24;89;2;LEON;LEÓN;LEÓN;24006;987259411;987259411;;24005537@educa.jcyl.es;;-5.56345;42.59773;N;N;S;S;S;N;42.59773, -5.56345
2026;24022626;A;ALTA;2;PRIVADO;198;CENTRO PRIVADO AUTORIZADO DE ENSEÑANZAS DEPORTIVAS;CPR DEP;BIERZO NATURA;CALLE;CALLE;INSTITUTO;;S/N;;;;;24;169;9;LEON;TORENO;TORENO;24450;;;;24022626@educa.jcyl.es;;-6.5144;42.69394;N;N;N;N;N;N;42.69394, -6.5144
2026;24021971;A;ALTA;2;PRIVADO;137;CENTRO PRIVADO AUTORIZADO ELEMENTAL DE MUSICA;CPr Música;MASQUEMÚSICA;CALLE;CALLE;MARTÍN SARMIENTO;19;;;;;;24;89;2;LEON;LEÓN;LEÓN;24004;987035594;;;24021971@educa.jcyl.es;;-5.57347;42.59124;N;N;N;N;N;N;42.59124, -5.57347
2026;24022742;A;ALTA;2;PRIVADO;4;CENTRO PRIVADO DE EDUCACION INFANTIL;CPrEI;CAMPANILLAS;CALLE;CALLE;PADRE AMPUDIA;2;;;;;;24;89;2;LEON;LEÓN;LEÓN;24008;699291545;;;24022742@educa.jcyl.es;;-5.58175;42.60626;N;N;N;N;N;N;42.60626, -5.58175
2026;24021920;A;ALTA;2;PRIVADO;4;CENTRO PRIVADO DE EDUCACION INFANTIL;CPrEI;CASA SANTA MÓNICA;AV.;AVENIDA;DE FABERO;6;;;;;;24;115;21;LEON;PONFERRADA;PONFERRADA;24403;987417300;;;24021920@educa.jcyl.es;;-6.61645;42.54554;N;N;N;N;S;N;42.54554, -6.61645
2026;24022699;A;ALTA;2;PRIVADO;4;CENTRO PRIVADO DE EDUCACION INFANTIL;CPrEI;DIN DÓN;CALLE;CALLE;OBISPO ALMARCHA;16;;;;;;24;89;2;LEON;LEÓN;LEÓN;24006;987259359;;;24022699@educa.jcyl.es;;-5.56715;42.59654;N;N;N;N;N;N;42.59654, -5.56715
2026;24022614;A;ALTA;2;PRIVADO;4;CENTRO PRIVADO DE EDUCACION INFANTIL;CPrEI;EL ÁLAMO;AV.;AVENIDA;DE LA LASTRA;;49-51;;;;;24;89;2;LEON;LEÓN;LEÓN;24005;987192589;;;24022614@educa.jcyl.es;;-5.55093;42.57814;N;N;N;N;N;N;42.57814, -5.55093
2026;24022766;A;ALTA;2;PRIVADO;4;CENTRO PRIVADO DE EDUCACION INFANTIL;CPrEI;ÉRASE UNA VEZ;AV.;AVENIDA;REYES LEONESES;23;;;;;;24;89;2;LEON;LEÓN;LEÓN;24008;606842100;;;24022766@educa.jcyl.es;;-5.58906;42.60979;N;N;N;N;N;N;42.60979, -5.58906
2026;24018908;A;ALTA;2;PRIVADO;4;CENTRO PRIVADO DE EDUCACION INFANTIL;CPrEI;HOGAR DE LA ESPERANZA;CALLE;CALLE;GUMERSINDO AZCÁRATE;7;;;;;;24;89;2;LEON;LEÓN;LEÓN;24008;987224629;;;24018908@educa.jcyl.es;;-5.57234;42.61073;N;N;S;N;S;S;42.61073, -5.57234
2026;24022717;A;ALTA;2;PRIVADO;4;CENTRO PRIVADO DE EDUCACION INFANTIL;CPrEI;MI CASITA;CALLE;CALLE;SERRANOS;16;;;;;;24;89;2;LEON;LEÓN;LEÓN;24003;987176025;;;24022717@educa.jcyl.es;;-5.57146;42.60065;N;N;N;N;N;N;42.60065, -5.57146
2026;24022225;A;ALTA;2;PRIVADO;4;CENTRO PRIVADO DE EDUCACION INFANTIL;CPrEI;PEQUELANDIA;CALLE;CALLE;EL HAYEDO;6;;;;;;24;89;2;LEON;LEÓN;LEÓN;24007;987242764;987242764;;24022225@educa.jcyl.es;https://www.pequelandialeon.com;-5.63904;42.89051;N;N;N;N;S;N;42.89051, -5.63904
2026;24022651;A;ALTA;2;PRIVADO;4;CENTRO PRIVADO DE EDUCACION INFANTIL;CPrEI;RENACUAJOS;CALLE;CALLE;JAIME BALMES;1;;;;;;24;222;7;LEON;VILLAQUILAMBRE;VILLAOBISPO DE LAS REGUERAS;24195;987176917;;;24022651@educa.jcyl.es;;-5.55281;42.61103;N;N;N;N;N;N;42.61103, -5.55281
2026;24016705;A;ALTA;2;PRIVADO;58;CENTRO PRIVADO DE FORMACION PROFESIONAL ESPECIFICA;CPrFP;COLEGIO SIERRA PAMBLEY;CALLE;CALLE;SIERRA PAMBLEY;10;;;;;;24;82;1;LEON;HOSPITAL DE ÓRBIGO;HOSPITAL DE ÓRBIGO;24286;987388272;987388737;;24016705@educa.jcyl.es;;-5.88103;42.46061;N;N;S;N;N;N;42.46061, -5.88103
2026;24022511;A;ALTA;2;PRIVADO;58;CENTRO PRIVADO DE FORMACION PROFESIONAL ESPECIFICA;CPrFP;DOWN LEÓN-AMIDOWN-ASOCIACIÓN AMIGOS SÍNDROME DE DOWN;CALLE;CALLE;SAN ANTONIO;;S/N;;;;;24;89;2;LEON;LEÓN;LEÓN;24008;987084948;;;24022511@educa.jcyl.es;;-5.57066;42.61561;N;N;S;N;N;N;42.61561, -5.57066
2026;24022377;A;ALTA;2;PRIVADO;58;CENTRO PRIVADO DE FORMACION PROFESIONAL ESPECIFICA;CPrFP;ESCUELA LEONESA DE RADIOTERAPIA;CALLE;CALLE;ASTORGA;20;;;;;;24;89;2;LEON;LEÓN;LEÓN;24009;;;;24022377@educa.jcyl.es;http://www.radioterapialeon.es/;-5.56824;42.599;N;N;N;N;N;N;42.599, -5.56824
2026;24022547;A;ALTA;2;PRIVADO;58;CENTRO PRIVADO DE FORMACION PROFESIONAL ESPECIFICA;CPrFP;FORMADUERO;CALLE;CALLE;CAMINÓN;23;;;;;;24;222;8;LEON;VILLAQUILAMBRE;VILLAQUILAMBRE;24193;;;;24022547@educa.jcyl.es;;-5.47694;42.60137;N;N;N;N;N;N;42.60137, -5.47694
2026;24017801;A;ALTA;2;PRIVADO;58;CENTRO PRIVADO DE FORMACION PROFESIONAL ESPECIFICA;CPrFP;MARÍA AUXILIADORA;CALLE;CALLE;SAN JUAN BOSCO;26;;;;;;24;89;2;LEON;LEÓN;LEÓN;24009;987257860;987262245;;24017801@educa.jcyl.es;http://www.cmaleon.es;-5.58683;42.58018;N;N;S;N;N;N;42.58018, -5.58683
2026;24008320;A;ALTA;2;PRIVADO;58;CENTRO PRIVADO DE FORMACION PROFESIONAL ESPECIFICA;CPrFP;MERCURIO;CALLE;CALLE;EL RAÑADERO;5;;;;;;24;115;21;LEON;PONFERRADA;PONFERRADA;24401;987414238;987414238;;24008320@educa.jcyl.es;http://www.fpmercurio.org;-6.59141;42.544;N;N;S;N;N;N;42.544, -6.59141
2026;24022080;A;ALTA;2;PRIVADO;186;ESCUELA DE DANZA;ED;COPPELIA, ESCUELA DE DANZA DE PONFERRADA;CALLE;CALLE;JOSÉ VÁLGOMA SUÁREZ;8;;;;;;24;115;21;LEON;PONFERRADA;PONFERRADA;24400;987419502;987419502;;24022080@educa.jcyl.es;;-6.6076;42.54773;N;N;N;N;N;N;42.54773, -6.6076
2026;24022213;A;ALTA;2;PRIVADO;186;ESCUELA DE DANZA;ED;COPPELIALEÓN;CALLE;CALLE;SAN LORENZO;6;;;BAJO;;;24;89;2;LEON;LEÓN;LEÓN;24007;987100782;;;24022213@educa.jcyl.es;;-5.56621;42.60053;N;N;N;N;N;N;42.60053, -5.56621
2026;24022316;A;ALTA;1;PÚBLICO;3;ESCUELA DE EDUCACION INFANTIL;EEI;ALTO SOL;CALLE;CALLE;LA SANTINA;2;;;;;;24;222;3;LEON;VILLAQUILAMBRE;NAVATEJERA;24193;987286217;;;24022316@educa.jcyl.es;;-5.56296;42.63421;N;N;N;N;S;N;42.63421, -5.56296
2026;24022924;A;ALTA;1;PÚBLICO;3;ESCUELA DE EDUCACION INFANTIL;EEI;BERNESGA;AV.;AVENIDA;CABOALLES;14;;;;;;24;61;5;LEON;CUADROS;LORENZANA;24610;987583659;;;24022924@educa.jcyl.es;;-5.63006;42.66658;N;N;N;N;N;N;42.66658, -5.63006
2026;24022304;A;ALTA;1;PÚBLICO;3;ESCUELA DE EDUCACION INFANTIL;EEI;EL COLE DE COLORES;CALLE;CALLE;LAS ERAS;;S/N;;;;;24;39;101;LEON;CARRIZO;CARRIZO DE LA RIBERA;24270;;;;24022304@educa.jcyl.es;;-5.8455;42.56946;N;N;N;N;S;N;42.56946, -5.8455
2026;24022067;A;ALTA;1;PÚBLICO;3;ESCUELA DE EDUCACION INFANTIL;EEI;HERMANA CARMEN GÓMEZ;CALLE;CALLE;LIMONAR DE CUBA;;S/N;;;;;24;142;8;LEON;SAN ANDRÉS DEL RABANEDO;TROBAJO DEL CAMINO;24010;987840017;987840046;;24022067@educa.jcyl.es;;-5.60707;42.59449;N;N;N;S;S;N;42.59449, -5.60707
2026;24018817;A;ALTA;1;PÚBLICO;3;ESCUELA DE EDUCACION INFANTIL;EEI;LA INMACULADA;CALLE;CALLE;PEÑASANTA;6;;;;;;24;89;2;LEON;LEÓN;LEÓN;24008;987226090;;;24018817@educa.jcyl.es;;-5.57758;42.61725;N;N;N;N;S;N;42.61725, -5.57758
2026;24021956;A;ALTA;1;PÚBLICO;3;ESCUELA DE EDUCACION INFANTIL;EEI;NUEVO AMANECER;CALLE;CALLE;RAMÓN Y CAJAL;9;;;;;;24;222;7;LEON;VILLAQUILAMBRE;VILLAOBISPO DE LAS REGUERAS;24195;987307042;;;24021956@educa.jcyl.es;;-5.55086;42.61058;N;N;N;N;S;N;42.61058, -5.55086
2026;24022298;A;ALTA;1;PÚBLICO;3;ESCUELA DE EDUCACION INFANTIL;EEI;PEQUECOYANZA;AV.;AVENIDA;DE VALDERAS;;S/N;;;;;24;188;2;LEON;VALENCIA DE DON JUAN;VALENCIA DE DON JUAN;24200;987750418;;;24022298@educa.jcyl.es;;-5.51491;42.28873;N;N;N;N;S;N;42.28873, -5.51491
2026;24022811;A;ALTA;1;PÚBLICO;3;ESCUELA DE EDUCACION INFANTIL;EEI;SANTA BÁRBARA;CNO.;CAMINO;DE SANTA BÁRBARA;20;;;;;;24;56;1;LEON;CISTIERNA;CISTIERNA;24800;987700458;;;24022811@educa.jcyl.es;;-5.13436;42.80458;N;N;N;N;N;N;42.80458, -5.13436
2026;24018556;A;ALTA;1;PÚBLICO;185;ESCUELA DE MUSICA;EM;ANDRÉS SEGOVIA;CALLE;CALLE;GIL Y CARRASCO;16;;;;;;24;70;2;LEON;FABERO;FABERO;24420;987550211;;;24018556@educa.jcyl.es;;-6.62665;42.76535;N;N;N;N;N;N;42.76535, -6.62665
2026;24022018;A;ALTA;1;PÚBLICO;185;ESCUELA DE MUSICA;EM;D. PEDRO HALFFTER CARO;CALLE;CALLE;DÍEZ OVELAR;10;;;;;;24;209;17;LEON;VILLAFRANCA DEL BIERZO;VILLAFRANCA DEL BIERZO;24500;987540711;;;24022018@educa.jcyl.es;;-6.80809;42.60878;N;N;N;N;N;N;42.60878, -6.80809
2026;24018520;A;ALTA;1;PÚBLICO;185;ESCUELA DE MUSICA;EM;ESCUELA DE MÚSICA DE LA ROBLA;CALLE;CALLE;EMILIA MENENDEZ;;S/N;;;;;24;134;8;LEON;ROBLA (LA);ROBLA (LA);24640;987571178;;;24018520@educa.jcyl.es;;-5.6308;42.80305;N;N;N;N;N;N;42.80305, -5.6308
2026;24022110;A;ALTA;1;PÚBLICO;185;ESCUELA DE MUSICA;EM;ESCUELA DE MÚSICA DE LA VIRGEN DEL CAMINO;AV.;AVENIDA;DE LA AVIACIÓN;;S/N;;;;;24;189;8;LEON;VALVERDE DE LA VIRGEN;VIRGEN DEL CAMINO (LA);24391;987303431;;;24022110@educa.jcyl.es;;-5.64267;42.58273;N;N;N;N;N;N;42.58273, -5.64267
2026;24022021;A;ALTA;2;PRIVADO;185;ESCUELA DE MUSICA;EM;ESCUELA DE MÚSICA DE PONFERRADA;AV.;AVENIDA;DE LA LIBERTAD;36;;;;;;24;115;21;LEON;PONFERRADA;PONFERRADA;24400;987414643;;;24022021@educa.jcyl.es;;-6.59786;42.55372;N;N;N;N;N;N;42.55372, -6.59786
2026;24022584;A;ALTA;1;PÚBLICO;185;ESCUELA DE MUSICA;EM;ESCUELA MUNICIPAL DE MÚSICA DE CAMPONARAYA;CALLE;CALLE;VIRGEN DE LA SOLEDAD;1;;;;;;24;34;1;LEON;CAMPONARAYA;CAMPONARAYA;24410;987450004;987450049;;24022584@educa.jcyl.es;;-6.67145;42.57732;N;N;N;N;N;N;42.57732, -6.67145
2026;24018571;A;ALTA;1;PÚBLICO;187;ESCUELA DE MUSICA Y DANZA;EMD;ESCUELA DE MÚSICA DE VALENCIA DE DON JUAN;PZ.;PLAZA;EL SALVADOR;;S/N;;;;;24;188;2;LEON;VALENCIA DE DON JUAN;VALENCIA DE DON JUAN;24200;987750001;;;24018571@educa.jcyl.es;;-5.51885;42.29119;N;N;N;N;N;N;42.29119, -5.51885
2026;24018726;A;ALTA;1;PÚBLICO;187;ESCUELA DE MUSICA Y DANZA;EMD;ESCUELA DE MÚSICA Y DANZA DE LEÓN;PS.;PASEO;DEL PARQUE;;S/N;;;;;24;89;2;LEON;LEÓN;LEÓN;24005;987206520;987250116;;24018726@educa.jcyl.es;;-5.5681;42.58317;N;N;N;N;N;N;42.58317, -5.5681
2026;24017722;A;ALTA;1;PÚBLICO;80;ESCUELA OFICIAL DE IDIOMAS;EOI;ESCUELA OFICIAL DE IDIOMAS DE ASTORGA;CALLE;CALLE;LOS SITIOS;2;;;;;;24;8;1;LEON;ASTORGA;ASTORGA;24700;987616576;987615121;;24017722@educa.jcyl.es;http://eoiastorga.centros.educa.jcyl.es;-6.05465;42.45707;N;N;N;N;N;N;42.45707, -6.05465
2026;24016225;A;ALTA;1;PÚBLICO;42;INSTITUTO DE EDUCACION SECUNDARIA;IES;ÁLVARO YÁÑEZ;AV.;AVENIDA;MANUEL ARROYO QUIÑONES;;S/N;;;;;24;14;2;LEON;BEMBIBRE;BEMBIBRE;24300;987510572;987514530;;24016225@educa.jcyl.es;http://iesalvaroyanez.centros.educa.jcyl.es/;-6.41645;42.61571;N;N;N;S;N;S;42.61571, -6.41645
2026;24018775;A;ALTA;1;PÚBLICO;42;INSTITUTO DE EDUCACION SECUNDARIA;IES;ASTURICA AUGUSTA;CALLE;CALLE;EUGENIO CURIEL;6;;;;;;24;8;1;LEON;ASTORGA;ASTORGA;24700;987615801;987617014;;24018775@educa.jcyl.es;http://iesastorga.centros.educa.jcyl.es/;-6.06034;42.45295;N;S;N;S;N;S;42.45295, -6.06034
2026;24002160;A;ALTA;1;PÚBLICO;42;INSTITUTO DE EDUCACION SECUNDARIA;IES;BERGIDUM FLAVIUM;CALLE;CALLE;ELÍAS IGLESIAS;18;;;;;;24;30;2;LEON;CACABELOS;CACABELOS;24540;987546200;987546237;;24002160@educa.jcyl.es;http://iesbergidumflavium.centros.educa.jcyl.es;-6.72589;42.59687;N;N;N;S;N;S;42.59687, -6.72589
2026;24017734;A;ALTA;1;PÚBLICO;42;INSTITUTO DE EDUCACION SECUNDARIA;IES;CLAUDIO SÁNCHEZ ALBORNOZ;AV.;AVENIDA;MARIANO ANDRÉS;1;;;;;;24;89;2;LEON;LEÓN;LEÓN;24008;987876146;987876214;;24017734@educa.jcyl.es;http://iesclaudiosanchezalbornoz.centros.educa.jcyl.es;-5.57404;42.60406;N;N;N;S;N;S;42.60406, -5.57404
2026;24017904;A;ALTA;1;PÚBLICO;42;INSTITUTO DE EDUCACION SECUNDARIA;IES;ERAS DE RENUEVA;CALLE;CALLE;COMANDANTE CORTIZO;;S/N;;;;;24;89;2;LEON;LEÓN;LEÓN;24008;987804674;987805851;;24017904@educa.jcyl.es;http://ieserasderenueva.centros.educa.jcyl.es;-5.58834;42.60866;N;N;N;S;N;N;42.60866, -5.58834
2026;24016584;A;ALTA;1;PÚBLICO;42;INSTITUTO DE EDUCACION SECUNDARIA;IES;FUENTESNUEVAS;CALLE;CALLE;LA DEHESA;23;;;;;;24;115;12;LEON;PONFERRADA;FUENTESNUEVAS;24411;987455671;987455314;;24016584@educa.jcyl.es;http://iesfuentesnuevas.centros.educa.jcyl.es;-6.64138;42.5738;N;N;N;N;N;S;42.5738, -6.64138
2026;24008381;A;ALTA;1;PÚBLICO;42;INSTITUTO DE EDUCACION SECUNDARIA;IES;GIL Y CARRASCO;PZ.;PLAZA;AYUNTAMIENTO;12;;;;;;24;115;21;LEON;PONFERRADA;PONFERRADA;24401;987410061;987404252;;24008381@educa.jcyl.es;http://iesgilycarrasco.centros.educa.jcyl.es/sitio/;-6.59024;42.54559;N;N;N;S;N;S;42.54559, -6.59024
2026;24006037;A;ALTA;1;PÚBLICO;42;INSTITUTO DE EDUCACION SECUNDARIA;IES;JUAN DEL ENZINA;AV.;AVENIDA;RAMON Y CAJAL;2;;;;;;24;89;2;LEON;LEÓN;LEÓN;24002;987239000;987270841;;24006037@educa.jcyl.es;http://iesjuandelenzina.centros.educa.jcyl.es;-5.5716;42.59888;N;N;N;S;N;S;42.59888, -5.5716
2026;24017497;A;ALTA;1;PÚBLICO;42;INSTITUTO DE EDUCACION SECUNDARIA;IES;LANCIA;CALLE;CALLE;EGIDO QUINTIN;;S/N;;;;;24;89;2;LEON;LEÓN;LEÓN;24006;987259800;987254951;;24017497@educa.jcyl.es;http://ieslancia.centros.educa.jcyl.es;-5.55752;42.5952;N;N;N;S;N;S;42.5952, -5.55752
2026;24006049;A;ALTA;1;PÚBLICO;42;INSTITUTO DE EDUCACION SECUNDARIA;IES;ORDOÑO II;AV.;AVENIDA;SAN JUAN DE SAHAGUN;;S/N;;;;;24;89;2;LEON;LEÓN;LEÓN;24007;987223200;;;24006049@educa.jcyl.es;http://iesordonosegundo.centros.educa.jcyl.es/sitio/;-5.56531;42.6085;N;N;N;N;N;S;42.6085, -5.56531
2026;24006050;A;ALTA;1;PÚBLICO;42;INSTITUTO DE EDUCACION SECUNDARIA;IES;PADRE ISLA;AV.;AVENIDA;FACULTAD DE VETERINARIA;45;;;;;;24;89;2;LEON;LEÓN;LEÓN;24004;987200100;;;24006050@educa.jcyl.es;http://iespadreisla.centros.educa.jcyl.es;-5.57275;42.58952;N;N;N;N;N;N;42.58952, -5.57275
2026;24014630;A;ALTA;1;PÚBLICO;42;INSTITUTO DE EDUCACION SECUNDARIA;IES;PADRE SARMIENTO;AV.;AVENIDA;PARADASECA;4;;;;;;24;209;17;LEON;VILLAFRANCA DEL BIERZO;VILLAFRANCA DEL BIERZO;24500;987540215;;;24014630@educa.jcyl.es;http://iespadresarmiento.centros.educa.jcyl.es;-6.80775;42.60765;N;N;N;S;N;S;42.60765, -6.80775
2026;24016481;A;ALTA;1;PÚBLICO;42;INSTITUTO DE EDUCACION SECUNDARIA;IES;SAN ANDRÉS;AV.;AVENIDA;DEL ROMERAL;125;;;;;;24;142;7;LEON;SAN ANDRÉS DEL RABANEDO;VILLABALTER;24191;987846315;987847030;;24016481@educa.jcyl.es;http://iessanandres.centros.educa.jcyl.es;-5.62029;42.61733;N;N;N;S;N;S;42.61733, -5.62029
2026;24008411;A;ALTA;1;PÚBLICO;42;INSTITUTO DE EDUCACION SECUNDARIA;IES;VIRGEN DE LA ENCINA;CALLE;CALLE;GÓMEZ NÚÑEZ;53;;;;;;24;115;21;LEON;PONFERRADA;PONFERRADA;24402;987411816;;;24008411@educa.jcyl.es;http://iesvirgendelaencina.centros.educa.jcyl.es;-6.60006;42.55219;N;N;N;N;N;S;42.55219, -6.60006
2026;24018741;A;ALTA;1;PÚBLICO;49;INSTITUTO DE EDUCACION SECUNDARIA OBLIGATORIA;IESO;INSTITUTO DE EDUCACIÓN OBLIGATORIA DE LA POLA DE GORDÓN;CALLE;CALLE;CONSTITUCIÓN;150;;;;;;24;114;13;LEON;POLA DE GORDÓN (LA);POLA DE GORDÓN (LA);24600;987588462;987588823;;24018741@educa.jcyl.es;http://iesodelapoladegordon.centros.educa.jcyl.es;-5.6749;42.85689;N;N;N;N;N;S;42.85689, -5.6749
2026;24018751;A;ALTA;1;PÚBLICO;49;INSTITUTO DE EDUCACION SECUNDARIA OBLIGATORIA;IESO;INSTITUTO DE EDUCACIÓN OBLIGATORIA DE PUENTE DE DOMINGO FLÓREZ;CALLE;CALLE;PLAZA VIRGEN DE LA LUZ;;S/N;;;;;24;122;2;LEON;PUENTE DE DOMINGO FLÓREZ;PUENTE DE DOMINGO FLÓREZ;24380;987460632;987460803;;24018751@educa.jcyl.es;http://iesopuentedomingoflorez.centros.educa.jcyl.es;-6.82406;42.41438;N;N;N;S;N;S;42.41438, -6.82406
2026;24016274;A;ALTA;1;PÚBLICO;14;COLEGIO DE EDUCACION INFANTIL Y PRIMARIA;CEIP;ANTONIO DE VALBUENA;CALLE;CALLE;CEA;;S/N;;;;;24;89;2;LEON;LEÓN;LEÓN;24010;987238027;987222867;;24016274@educa.jcyl.es;http://ceipantoniovalbuena.centros.educa.jcyl.es/sitio/;-5.59224;42.60393;N;N;N;S;S;S;42.60393, -5.59224
2026;24018131;A;ALTA;1;PÚBLICO;14;COLEGIO DE EDUCACION INFANTIL Y PRIMARIA;CEIP;CRA ALBORADA;CALLE;CALLE;EL MOLINO;1;;;;;;24;115;5;LEON;PONFERRADA;COLUMBRIANOS;24490;987428259;987409406;;24018131@educa.jcyl.es;http://craalborada.centros.educa.jcyl.es;-6.58526;42.54075;S;N;N;S;S;S;42.54075, -6.58526
2026;24018088;A;ALTA;1;PÚBLICO;14;COLEGIO DE EDUCACION INFANTIL Y PRIMARIA;CEIP;CRA DE BUSTILLO DEL PÁRAMO;AV.;AVENIDA;SAN VICENTE;5;;;;;;24;174;2;LEON;URDIALES DEL PÁRAMO;URDIALES DEL PÁRAMO;24248;987132021;;;24018088@educa.jcyl.es;http://crabustillodelparamo.centros.educa.jcyl.es;-5.77108;42.37239;S;N;N;S;N;N;42.37239, -5.77108
2026;24018121;A;ALTA;1;PÚBLICO;14;COLEGIO DE EDUCACION INFANTIL Y PRIMARIA;CEIP;CRA DE CUBILLOS DEL SIL;PZ.;PLAZA;GÓMEZ NÚÑEZ;;S/N;;;;;24;64;3;LEON;CUBILLOS DEL SIL;CUBILLOS DEL SIL;24492;987457061;987457061;;24018121@educa.jcyl.es;http://cracubillosdelsil.centros.educa.jcyl.es;-6.5638;42.62543;S;N;N;S;N;S;42.62543, -6.5638
2026;24018349;A;ALTA;1;PÚBLICO;14;COLEGIO DE EDUCACION INFANTIL Y PRIMARIA;CEIP;CRA DE PÁRAMO DE SIL;CALLE;CALLE;LA VEGA;21;;;;;;24;110;4;LEON;PÁRAMO DEL SIL;PÁRAMO DEL SIL;24470;987526127;987526127;;24018349@educa.jcyl.es;http://craparamodelsil.centros.educa.jcyl.es;-6.4974;42.81911;S;N;N;S;S;S;42.81911, -6.4974
2026;24018386;A;ALTA;1;PÚBLICO;14;COLEGIO DE EDUCACION INFANTIL Y PRIMARIA;CEIP;CRA DE PUENTE ALMUHEY;CALLE;CALLE;EL COLEGIO;16;;;;;;24;183;11;LEON;VALDERRUEDA;PUENTE ALMUHEY;24880;987716173;;;24018386@educa.jcyl.es;http://crapuentealmuhey.centros.educa.jcyl.es;-4.97637;42.78475;S;N;N;S;S;S;42.78475, -4.97637
2026;24018076;A;ALTA;1;PÚBLICO;14;COLEGIO DE EDUCACION INFANTIL Y PRIMARIA;CEIP;CRA DE PUENTE DE DOMINGO FLÓREZ;PZ.;PLAZA;VIRGEN DE LA LUZ;;S/N;;;;;24;122;2;LEON;PUENTE DE DOMINGO FLÓREZ;PUENTE DE DOMINGO FLÓREZ;24380;987460275;987460830;;24018076@educa.jcyl.es;http://crapuentedomingoflorez.centros.educa.jcyl.es;-6.82406;42.41438;S;N;N;S;S;S;42.41438, -6.82406
2026;24018453;A;ALTA;1;PÚBLICO;14;COLEGIO DE EDUCACION INFANTIL Y PRIMARIA;CEIP;CRA DE SANTA MARINA DEL REY;CALLE;CALLE;LEÓN;22;;;;;;24;159;2;LEON;SANTA MARINA DEL REY;SANTA MARINA DEL REY;24393;987377168;;;24018453@educa.jcyl.es;http://crasantamarinadelrey.centros.educa.jcyl.es;-5.85784;42.51287;S;N;N;S;S;S;42.51287, -5.85784
2026;24018490;A;ALTA;1;PÚBLICO;14;COLEGIO DE EDUCACION INFANTIL Y PRIMARIA;CEIP;CRA DE TREMOR DE ARRIBA;CALLE;CALLE;ESCOBALÓN;18;;;;;;24;83;9;LEON;IGÜEÑA;TREMOR DE ARRIBA;24377;987530158;987530158;;24018490@educa.jcyl.es;http://cratremordearriba.centros.educa.jcyl.es;-6.20804;42.72565;S;N;N;S;S;S;42.72565, -6.20804
2026;24018209;A;ALTA;1;PÚBLICO;14;COLEGIO DE EDUCACION INFANTIL Y PRIMARIA;CEIP;CRA EL REDONDAL;CALLE;CALLE;ARROYO JALÓN;;S/N;;;;;24;49;3;LEON;CASTROPODAME;MATACHANA;24314;987510055;987510055;;24018209@educa.jcyl.es;http://craelredondal.centros.educa.jcyl.es;-6.44001;42.60295;S;N;N;S;N;N;42.60295, -6.44001
2026;24018143;A;ALTA;1;PÚBLICO;14;COLEGIO DE EDUCACION INFANTIL Y PRIMARIA;CEIP;CRA ERIA-JAMUZ;CALLE;CALLE;CARROPINILLAS;40;;;;;;24;154;1;LEON;SANTA ELENA DE JAMUZ;JIMÉNEZ DE JAMUZ;24767;987664402;987664402;;24018143@educa.jcyl.es;http://craeriajamuz.centros.educa.jcyl.es;-5.9291;42.26392;S;N;N;S;N;N;42.26392, -5.9291
2026;24003607;A;ALTA;1;PÚBLICO;14;COLEGIO DE EDUCACION INFANTIL Y PRIMARIA;CEIP;CRA JIMENA MUÑIZ;CALLE;CALLE;CASANOVA;;S/N;;;;;24;59;2;LEON;CORULLÓN;CORULLÓN;24514;987542097;987542097;;24003607@educa.jcyl.es;http://crajimenamuniz.centros.educa.jcyl.es;-6.81809;42.58136;S;N;N;S;N;S;42.58136, -6.81809
2026;24018295;A;ALTA;1;PÚBLICO;14;COLEGIO DE EDUCACION INFANTIL Y PRIMARIA;CEIP;CRA LAGUNA DALGA;CALLE;CALLE;LA IGLESIA;;S/N;;;;;24;113;1;LEON;POBLADURA DE PELAYO GARCÍA;POBLADURA DE PELAYO GARCÍA;24248;987384059;;;24018295@educa.jcyl.es;http://cralagunadalga.centros.educa.jcyl.es/;-5.68791;42.30636;S;N;N;N;N;N;42.30636, -5.68791
2026;24018179;A;ALTA;1;PÚBLICO;14;COLEGIO DE EDUCACION INFANTIL Y PRIMARIA;CEIP;CRA MAESTRO EMILIO ALONSO;CALLE;CALLE;SAN ISIDRO;19;;;;;;24;61;5;LEON;CUADROS;LORENZANA;24122;987580090;987580090;;24018179@educa.jcyl.es;http://cramaestroemilioalonso.centros.educa.jcyl.es/;-5.63309;42.66808;S;N;N;S;S;S;42.66808, -5.63309
2026;24018167;A;ALTA;1;PÚBLICO;14;COLEGIO DE EDUCACION INFANTIL Y PRIMARIA;CEIP;CRA TRES RÍOS;CALLE;CALLE;LAS ERAS, 8 (SEDE ADTVA. C/ DOCTOR GONZÁLEZ ÁLVAREZ, 23, CARRIZO DE LA RIBERA);;;;;;;24;39;102;LEON;CARRIZO;VILLANUEVA DE CARRIZO;24270;987357140;;;24018167@educa.jcyl.es;http://cra-tresrios.centros.educa.jcyl.es;-5.82407;42.5834;S;N;N;S;N;S;42.5834, -5.82407
2026;24018040;A;ALTA;1;PÚBLICO;14;COLEGIO DE EDUCACION INFANTIL Y PRIMARIA;CEIP;CRA VALLE DEL BOEZA;CALLE;CALLE;LA CORREDERA;;S/N;;;;;24;170;202;LEON;TORRE DEL BIERZO;VENTAS DE ALBARES (LAS);24317;987517522;987517522;;24018040@educa.jcyl.es;http://cravalledelboeza.centros.educa.jcyl.es;-6.39027;42.60386;S;N;N;S;N;N;42.60386, -6.39027
2026;24018441;A;ALTA;1;PÚBLICO;14;COLEGIO DE EDUCACION INFANTIL Y PRIMARIA;CEIP;CRA VEGACEMAR;CALLE;CALLE;TRASCORRALES;;S/N;;;;;24;148;3;LEON;SAN JUSTO DE LA VEGA;SAN JUSTO DE LA VEGA;24710;987617501;987615381;;24018441@educa.jcyl.es;http://cravegacemar.centros.educa.jcyl.es;-6.01472;42.45314;S;N;N;S;S;S;42.45314, -6.01472
2026;24014216;A;ALTA;1;PÚBLICO;14;COLEGIO DE EDUCACION INFANTIL Y PRIMARIA;CEIP;EL CAMPO;CALLE;CALLE;CONXIAL;;S/N;;;;;24;202;14;LEON;VILLABLINO;VILLASECA DE LACIANA;24140;987483079;;;24014216@educa.jcyl.es;http://ceipelcampo.centros.educa.jcyl.es;-6.25373;42.94447;N;N;N;S;N;N;42.94447, -6.25373
2026;24022183;A;ALTA;1;PÚBLICO;14;COLEGIO DE EDUCACION INFANTIL Y PRIMARIA;CEIP;FLORES DEL SIL;CALLE;CALLE;SEVILLA;2;;;;;;24;115;21;LEON;PONFERRADA;PONFERRADA;24403;987419536;987419536;;24022183@educa.jcyl.es;http://ceipfloresdelsil.centros.educa.jcyl.es;-6.61827;42.54631;N;N;N;S;S;S;42.54631, -6.61827
2026;24016894;A;ALTA;1;PÚBLICO;14;COLEGIO DE EDUCACION INFANTIL Y PRIMARIA;CEIP;GUMERSINDO AZCÁRATE;CALLE;CALLE;FRAGA IRIBARNE;27;;;;;;24;89;1;LEON;LEÓN;ARMUNIA;24009;987212696;987212696;;24016894@educa.jcyl.es;http://ceipgumersindoazcarate.centros.educa.jcyl.es;-5.58885;42.59001;N;N;N;S;S;N;42.59001, -5.58885
2026;24008010;A;ALTA;1;PÚBLICO;14;COLEGIO DE EDUCACION INFANTIL Y PRIMARIA;CEIP;JESÚS MAESTRO;CALLE;CALLE;JOVELLANOS;5;;;;;;24;115;21;LEON;PONFERRADA;PONFERRADA;24400;987412596;;;24008010@educa.jcyl.es;http://ceipjesusmaestro.centros.educa.jcyl.es;-6.62622;42.5599;N;N;N;S;S;N;42.5599, -6.62622
2026;24008204;A;ALTA;1;PÚBLICO;14;COLEGIO DE EDUCACION INFANTIL Y PRIMARIA;CEIP;NAVALIEGOS;CALLE;CALLE;JUAN DE AUSTRIA;1;;;;;;24;115;21;LEON;PONFERRADA;PONFERRADA;24402;987413181;987413181;;24008204@educa.jcyl.es;http://ceipnavaliegos.centros.educa.jcyl.es;-6.5992;42.54494;N;N;N;S;S;N;42.54494, -6.5992
2026;24002482;A;ALTA;1;PÚBLICO;14;COLEGIO DE EDUCACION INFANTIL Y PRIMARIA;CEIP;ÓRBIGO;CALLE;CALLE;DOCTOR GONZÁLEZ ÁLVAREZ;23;;;;;;24;39;101;LEON;CARRIZO;CARRIZO DE LA RIBERA;24270;987357445;;;24002482@educa.jcyl.es;http://ceiporbigo.centros.educa.jcyl.es;-5.82657;42.57988;N;N;N;S;S;S;42.57988, -5.82657
2026;24016407;A;ALTA;1;PÚBLICO;14;COLEGIO DE EDUCACION INFANTIL Y PRIMARIA;CEIP;PEÑALBA;AV.;AVENIDA;HUERTAS DEL SACRAMENTO;8;;;;;;24;115;21;LEON;PONFERRADA;PONFERRADA;24402;987397173;987397173;;24016407@educa.jcyl.es;http://ceippenalba.centros.educa.jcyl.es;-6.59524;42.54938;N;N;N;S;S;S;42.54938, -6.59524
2026;24005811;A;ALTA;1;PÚBLICO;14;COLEGIO DE EDUCACION INFANTIL Y PRIMARIA;CEIP;QUEVEDO;AV.;AVENIDA;SAN IGNACIO DE LOYOLA;8;;;;;;24;89;2;LEON;LEÓN;LEÓN;24010;987224226;987224226;;24005811@educa.jcyl.es;http://ceipquevedo.centros.educa.jcyl.es/;-5.58867;42.60289;N;N;N;S;S;N;42.60289, -5.58867
2026;24008290;A;ALTA;1;PÚBLICO;14;COLEGIO DE EDUCACION INFANTIL Y PRIMARIA;CEIP;SAN ANDRÉS LA BORRECA;CALLE;CALLE;LAS ESCUELAS;3;;;;;;24;115;21;LEON;PONFERRADA;PONFERRADA;24401;987417242;;;24008290@educa.jcyl.es;http://cpsanandreslaborreca.centros.educa.jcyl.es;-6.59001;42.54159;N;N;N;S;S;S;42.54159, -6.59001
2026;24016250;A;ALTA;1;PÚBLICO;14;COLEGIO DE EDUCACION INFANTIL Y PRIMARIA;CEIP;SAN ANTONIO;AV.;AVENIDA;DEL CASTILLO;17;;;;;;24;115;21;LEON;PONFERRADA;PONFERRADA;24401;987418424;987418424;;24016250@educa.jcyl.es;http://ceipsanantonio.centros.educa.jcyl.es;-6.58316;42.54636;N;N;N;S;S;N;42.54636, -6.58316
2026;24005604;A;ALTA;1;PÚBLICO;14;COLEGIO DE EDUCACION INFANTIL Y PRIMARIA;CEIP;SAN CLAUDIO;CALLE;CALLE;PÁRROCO CARMELO RODRÍGUEZ;5;;;;;;24;89;2;LEON;LEÓN;LEÓN;24004;987201725;;;24005604@educa.jcyl.es;http://ceipsanclaudio.centros.educa.jcyl.es;-5.5731;42.59116;N;N;N;S;S;N;42.59116, -5.5731
2026;24005495;A;ALTA;1;PÚBLICO;14;COLEGIO DE EDUCACION INFANTIL Y PRIMARIA;CEIP;SAN ISIDORO;CALLE;CALLE;PEDRO DE DIOS;25;;;;;;24;89;2;LEON;LEÓN;LEÓN;24008;987265553;987265553;;24005495@educa.jcyl.es;http://ceipsanisidoro.centros.educa.jcyl.es;-5.57703;42.60766;N;N;N;S;S;N;42.60766, -5.57703
2026;24016286;A;ALTA;1;PÚBLICO;14;COLEGIO DE EDUCACION INFANTIL Y PRIMARIA;CEIP;SAN MIGUEL ARCÁNGEL;AV.;AVENIDA;DE GALICIA;;S/N;;;;;24;114;5;LEON;POLA DE GORDÓN (LA);CIÑERA;24660;987584021;987584021;;24016286@educa.jcyl.es;http://ceipsanmiguelarcangel.centros.educa.jcyl.es/sitio/;-5.63925;42.88747;N;N;N;S;N;N;42.88747, -5.63925
2026;24016614;A;ALTA;1;PÚBLICO;14;COLEGIO DE EDUCACION INFANTIL Y PRIMARIA;CEIP;TELENO;CALLE;CALLE;FUEROS LEONESES;2;;;;;;24;10;1;LEON;BAÑEZA (LA);BAÑEZA (LA);24750;987640912;987642430;;24016614@educa.jcyl.es;http://ceipteleno.centros.educa.jcyl.es;-5.91445;42.29615;N;N;N;S;S;S;42.29615, -5.91445
2026;24014393;A;ALTA;1;PÚBLICO;14;COLEGIO DE EDUCACION INFANTIL Y PRIMARIA;CEIP;TORAL DE LOS VADOS;CALLE;CALLE;EL LAGO;43;;;;;;24;206;301;LEON;TORAL DE LOS VADOS;TORAL DE LOS VADOS;24560;987544132;987544132;;24014393@educa.jcyl.es;http://ceiptoraldelosvados.centros.educa.jcyl.es/;-6.78057;42.54309;N;N;N;S;S;S;42.54309, -6.78057
2026;24010077;A;ALTA;1;PÚBLICO;14;COLEGIO DE EDUCACION INFANTIL Y PRIMARIA;CEIP;TREPALIO;CALLE;CALLE;EDUARDO GONZÁLEZ PASTRANA;;30-42;;;;;24;142;8;LEON;SAN ANDRÉS DEL RABANEDO;TROBAJO DEL CAMINO;24010;987800278;;;24010077@educa.jcyl.es;http://ceiptrepalio.centros.educa.jcyl.es;-5.60735;42.59382;N;N;N;S;S;N;42.59382, -5.60735
2026;24017795;A;ALTA;1;PÚBLICO;14;COLEGIO DE EDUCACION INFANTIL Y PRIMARIA;CEIP;VALENTÍN GARCÍA YEBRA;AV.;AVENIDA;DE LA MINERÍA;2;;;;;;24;115;21;LEON;PONFERRADA;PONFERRADA;24402;987424444;;;24017795@educa.jcyl.es;http://ceipvalentingyebra.centros.educa.jcyl.es;-6.60444;42.54815;N;N;N;S;S;N;42.54815, -6.60444
2026;24011896;A;ALTA;1;PÚBLICO;14;COLEGIO DE EDUCACION INFANTIL Y PRIMARIA;CEIP;VALLADARES RODRÍGUEZ;CALLE;CALLE;EL BARRIO;;S/N;;;;;24;169;9;LEON;TORENO;TORENO;24450;987533539;;;24011896@educa.jcyl.es;http://centros.educa.jcyl.es/ceipvalladaresrodriguez;-6.51537;42.69601;N;N;N;S;N;S;42.69601, -6.51537
2026;24008332;A;ALTA;1;PÚBLICO;14;COLEGIO DE EDUCACION INFANTIL Y PRIMARIA;CEIP;VIRGEN DEL CARMEN-LA PLACA;CALLE;CALLE;VALENCIA;5;;;;;;24;115;21;LEON;PONFERRADA;PONFERRADA;24403;987415143;987415143;;24008332@educa.jcyl.es;http://ceipvirgendelcarmen.centros.educa.jcyl.es;-6.62999;42.54951;N;N;N;S;N;N;42.54951, -6.62999
2026;24000941;A;ALTA;1;PÚBLICO;12;COLEGIO DE EDUCACION PRIMARIA;CEP;MENÉNDEZ PIDAL;CALLE;CALLE;VIÑA CORONA;;S/N;;;;;24;14;2;LEON;BEMBIBRE;BEMBIBRE;24300;987513688;987514167;;24000941@educa.jcyl.es;http://ceipmenendezpidal.centros.educa.jcyl.es;-6.41655;42.61996;N;N;N;S;S;S;42.61996, -6.41655
2026;24018799;A;ALTA;1;PÚBLICO;31;CENTRO PUBLICO DE EDUCACION DE PERSONAS ADULTAS;CEPA;FAUSTINA ÁLVAREZ GARCÍA;CALLE;CALLE;FERNÁNDEZ CADÓRNIGA;1;;;;;;24;89;2;LEON;LEÓN;LEÓN;24003;987206675;987253469;;24018799@educa.jcyl.es;http://cepafaustinaalvarez.centros.educa.jcyl.es;-5.56888;42.59593;N;N;N;N;N;N;42.59593, -5.56888
2026;24017928;A;ALTA;1;PÚBLICO;31;CENTRO PUBLICO DE EDUCACION DE PERSONAS ADULTAS;CEPA;LYDA;CALLE;CALLE;LOS SITIOS;2;;;;;;24;8;1;LEON;ASTORGA;ASTORGA;24700;987602291;;;24017928@educa.jcyl.es;http://cepalyda.centros.educa.jcyl.es/sitio/;-6.05465;42.45707;N;N;N;N;N;N;42.45707, -6.05465
2026;24022195;A;ALTA;1;PÚBLICO;68;CENTRO PUBLICO INTEGRADO DE FORMACION PROFESIONAL;CIFP;TECNOLÓGICO INDUSTRIAL;CALLE;CALLE;PROFESOR GASPAR MOROCHO;;S/N;;;;;24;89;2;LEON;LEÓN;LEÓN;24007;987222250;987498614;;24022195@educa.jcyl.es;http://cifptecnologicoindustrial.centros.educa.jcyl.es/;-5.55936;42.6058;N;N;N;N;N;N;42.6058, -5.55936
2026;24005756;A;ALTA;2;PRIVADO;72;CENTRO PRIVADO DE EDUCACION INFANTIL PRIMARIA Y SECUNDARIA;Colegio;COLEGIO LEONÉS JESÚS MAESTRO;AV.;AVENIDA;JOSÉ AGUADO;28;;;;;;24;89;2;LEON;LEÓN;LEÓN;24005;987202612;987202612;;24005756@educa.jcyl.es;http://www.colegioleones.com/seleccionarcentro/;-5.56555;42.58968;N;S;S;N;S;N;42.58968, -5.56555
2026;24008231;A;ALTA;2;PRIVADO;72;CENTRO PRIVADO DE EDUCACION INFANTIL PRIMARIA Y SECUNDARIA;Colegio;ESPÍRITU SANTO;AV.;AVENIDA;DE COMPOSTILLA;84;;;;;;24;115;21;LEON;PONFERRADA;PONFERRADA;24402;987410855;;;24008231@educa.jcyl.es;http://www.colegioespiritusanto.edu.es;-6.59542;42.55442;N;N;S;S;S;N;42.55442, -6.59542
2026;24008186;A;ALTA;2;PRIVADO;72;CENTRO PRIVADO DE EDUCACION INFANTIL PRIMARIA Y SECUNDARIA;Colegio;LA INMACULADA;AV.;AVENIDA;PÉREZ COLINO;19;;;;;;24;115;21;LEON;PONFERRADA;PONFERRADA;24402;987410202;987426122;;24008186@educa.jcyl.es;;-6.59705;42.54565;N;N;S;S;S;N;42.54565, -6.59705
2026;24016641;A;ALTA;2;PRIVADO;72;CENTRO PRIVADO DE EDUCACION INFANTIL PRIMARIA Y SECUNDARIA;Colegio;LA SALLE;PS.;PASEO;DEL GENERAL MARTÍNEZ CABRERA;83;;;;;;24;8;1;LEON;ASTORGA;ASTORGA;24700;987616558;987602391;;24016641@educa.jcyl.es;;-6.06411;42.45051;N;N;S;S;S;N;42.45051, -6.06411
2026;24005461;A;ALTA;2;PRIVADO;72;CENTRO PRIVADO DE EDUCACION INFANTIL PRIMARIA Y SECUNDARIA;Colegio;NUESTRA SEÑORA DEL CARMEN;CALLE;CALLE;CARDENAL LANDÁZURI;6;;;;;;24;89;2;LEON;LEÓN;LEÓN;24003;987239060;;;24005461@educa.jcyl.es;http://www.carvelan.com;-5.56798;42.60226;N;S;S;S;S;S;42.60226, -5.56798
2026;24000606;A;ALTA;2;PRIVADO;72;CENTRO PRIVADO DE EDUCACION INFANTIL PRIMARIA Y SECUNDARIA;Colegio;NUESTRA SEÑORA DEL CARMEN;CALLE;CALLE;OBISPO ALCOLEA;3;;;;;;24;10;1;LEON;BAÑEZA (LA);BAÑEZA (LA);24750;987640628;987643466;;24000606@educa.jcyl.es;;-5.89756;42.29845;N;N;S;S;S;N;42.29845, -5.89756
2026;24005653;A;ALTA;2;PRIVADO;72;CENTRO PRIVADO DE EDUCACION INFANTIL PRIMARIA Y SECUNDARIA;Colegio;SAGRADO CORAZÓN;CALLE;CALLE;LOS JESUITAS;12;;;;;;24;89;2;LEON;LEÓN;LEÓN;24007;987875710;987875709;;24005653@educa.jcyl.es;;-5.5628;42.61541;N;N;S;N;S;S;42.61541, -5.5628
2026;24006116;A;ALTA;2;PRIVADO;45;CENTRO PRIVADO DE EDUCACION SECUNDARIA;Colegio;SAN FRANCISCO;AV.;AVENIDA;ALCALDE MIGUEL CASTAÑO;6;;;;;;24;89;2;LEON;LEÓN;LEÓN;24005;987250313;;;24006116@educa.jcyl.es;;-5.56981;42.59352;N;N;S;N;N;N;42.59352, -5.56981
2026;24005860;A;ALTA;2;PRIVADO;72;CENTRO PRIVADO DE EDUCACION INFANTIL PRIMARIA Y SECUNDARIA;Colegio;SAN JOSÉ;AV.;AVENIDA;ÁLVARO LÓPEZ NÚÑEZ;12;;;;;;24;89;2;LEON;LEÓN;LEÓN;24002;987876210;987876211;;24005860@educa.jcyl.es;;-5.57159;42.60319;N;N;S;N;S;S;42.60319, -5.57159
2026;24005513;A;ALTA;2;PRIVADO;72;CENTRO PRIVADO DE EDUCACION INFANTIL PRIMARIA Y SECUNDARIA;Colegio;SAN JUAN DE LA CRUZ;CALLE;CALLE;DAOIZ Y VELARDE;52;;;;;;24;89;2;LEON;LEÓN;LEÓN;24006;987259451;987215107;;24005513@educa.jcyl.es;http://www.colegiojuancruz.org;-5.56089;42.59444;N;N;S;S;S;N;42.59444, -5.56089
2026;24018714;A;ALTA;2;PRIVADO;45;CENTRO PRIVADO DE EDUCACION SECUNDARIA;Colegio;SEMINARIO MENOR NUESTRA MADRE DEL BUEN CONSEJO;CRA.;CARRETERA;ALFAGEME;12;;;;;;24;89;2;LEON;LEÓN;LEÓN;24010;987800900;;;24018714@educa.jcyl.es;;-5.59914;42.58615;N;S;N;N;S;S;42.58615, -5.59914
2026;24022560;A;ALTA;2;PRIVADO;600;CENTRO PRIVADO AUTORIZADO DE ENSEÑANZAS DEPORTIVAS DE FÚTBOL;CPr DEP;OLIMPICO DE LEÓN;CALLE;CALLE;JUSTINO DE AZCÁRATE;1;;;;;;24;89;2;LEON;LEÓN;LEÓN;24320;;;;24022560@educa.jcyl.es;;-5.0314;42.3732;N;N;N;N;N;N;42.3732, -5.0314
2026;24022456;A;ALTA;2;PRIVADO;941;CENTRO PRIVADO AUTORIZADO DE ENSEÑANZAS DEPORTIVAS DE INVIERNO;CPR DEP INV;ESCUELA ESPAÑOLA DE ESQUÍ SAN ISIDRO;CRA.;CARRETERA;PUERTO SAN ISIDRO;;S/N;;;;;24;121;101;LEON;PUEBLA DE LILLO;PUEBLA DE LILLO;24855;615662174;;;24022456@educa.jcyl.es;;-5.27432;43.00801;N;N;N;N;N;N;43.00801, -5.27432
2026;24022031;A;ALTA;2;PRIVADO;21;CENTRO PRIVADO DE EDUCACION ESPECIAL;CPrEE;PAZ PEÑA;CRA.;CARRETERA;CARBAJAL (COMPLEJO SAN CAYETANO. EDIFICIO SAN JOSÉ);60;;;;;;24;89;2;LEON;LEÓN;LEÓN;24008;987234341;;;24022031@educa.jcyl.es;;-5.55847;42.58199;N;N;S;N;S;S;42.58199, -5.55847
2026;24017977;A;ALTA;2;PRIVADO;21;CENTRO PRIVADO DE EDUCACION ESPECIAL;CPrEE;SAN NICOLÁS DE BARI;CALLE;CALLE;JULIO DEL CAMPO;9;;;;;;24;89;2;LEON;LEÓN;LEÓN;24002;987271064;987246664;;24017977@educa.jcyl.es;;-5.57454;42.59991;N;N;S;N;S;S;42.59991, -5.57454
2026;24021932;A;ALTA;2;PRIVADO;4;CENTRO PRIVADO DE EDUCACION INFANTIL;CPrEI;ARCO IRIS;CALLE;CALLE;EL OTERO;;S/N;;;;;24;222;3;LEON;VILLAQUILAMBRE;NAVATEJERA;24193;987285941;;;24021932@educa.jcyl.es;;-5.56734;42.6248;N;N;N;N;S;S;42.6248, -5.56734
2026;24022675;A;ALTA;2;PRIVADO;4;CENTRO PRIVADO DE EDUCACION INFANTIL;CPrEI;GARABATOS;CALLE;CALLE;ANUNCIATA;52;;;;;;24;142;8;LEON;SAN ANDRÉS DEL RABANEDO;TROBAJO DEL CAMINO;24010;615999932;;;24022675@educa.jcyl.es;;-5.59444;42.60173;N;N;N;N;N;N;42.60173, -5.59444
2026;24023035;A;ALTA;2;PRIVADO;4;CENTRO PRIVADO DE EDUCACION INFANTIL;CPrEI;Manos Amigas;CALLE;CALLE;Abad San Antonio;;s/n;;;;;24;89;2;LEON;LEÓN;LEÓN;24008;699909636;;;24023035@educa.jcyl.es;;-5.57419;42.61771;N;N;N;N;N;N;42.61771, -5.57419
2026;24022729;A;ALTA;2;PRIVADO;4;CENTRO PRIVADO DE EDUCACION INFANTIL;CPrEI;PEQUEÑOS DUENDES;CALLE;CALLE;JOAQUÍN MÁLVAREZ;5;;;;;;24;189;8;LEON;VALVERDE DE LA VIRGEN;VIRGEN DEL CAMINO (LA);24198;987302612;;;24022729@educa.jcyl.es;;-5.64334;42.58132;N;N;N;N;N;N;42.58132, -5.64334
2026;24022730;A;ALTA;2;PRIVADO;4;CENTRO PRIVADO DE EDUCACION INFANTIL;CPrEI;PEQUES SCHOOL;CALLE;CALLE;PUERTO DE PIEDRAFITA;29;;;;;;24;115;21;LEON;PONFERRADA;PONFERRADA;24402;635727913;;;24022730@educa.jcyl.es;;-6.59789;42.55343;N;N;N;N;N;N;42.55343, -6.59789
2026;24022754;A;ALTA;2;PRIVADO;4;CENTRO PRIVADO DE EDUCACION INFANTIL;CPrEI;PUMUKY;CALLE;CALLE;DOCTOR JACINTO SÁEZ;4;;;;;;24;89;2;LEON;LEÓN;LEÓN;24007;987220545;;;24022754@educa.jcyl.es;;-5.56007;42.60232;N;N;N;N;N;N;42.60232, -5.56007
2026;24022961;A;ALTA;2;PRIVADO;4;CENTRO PRIVADO DE EDUCACION INFANTIL;CPrEI;SALTA CONMIGO;CALLE;CALLE;NEGRILLO;2;;;;;;24;8;1;LEON;ASTORGA;ASTORGA;24700;606742514;;;24022961@educa.jcyl.es;;-6.05542;42.46055;N;N;N;N;N;N;42.46055, -6.05542
2026;24022638;A;ALTA;2;PRIVADO;4;CENTRO PRIVADO DE EDUCACION INFANTIL;CPrEI;TINY TOTS SCHOOL;PZ.;PLAZA;MAESTRO ODÓN ALONSO;1;;;;;;24;89;2;LEON;LEÓN;LEÓN;24002;;;;24022638@educa.jcyl.es;;;;N;N;N;N;N;N;
2026;24000448;A;ALTA;2;PRIVADO;4;CENTRO PRIVADO DE EDUCACION INFANTIL;CPrEI;VIRGEN DE LAS CANDELAS;CALLE;CALLE;HERMANAS ESTIGMATINAS;11;;;;;;24;8;1;LEON;ASTORGA;ASTORGA;24700;987616169;987616169;;24000448@educa.jcyl.es;http://www.estigmatinas.org/;-6.06353;42.4589;N;N;S;N;S;N;42.4589, -6.06353
2026;24022006;A;ALTA;2;PRIVADO;58;CENTRO PRIVADO DE FORMACION PROFESIONAL ESPECIFICA;CPrFP;CLARÍN;CALLE;CALLE;RODRÍGUEZ DEL VALLE;18;;;;;;24;89;2;LEON;LEÓN;LEÓN;24002;987227298;987228909;;24022006@educa.jcyl.es;http://www.cfclarin.es/;-5.57912;42.60134;N;N;N;N;N;N;42.60134, -5.57912
2026;24022705;A;ALTA;2;PRIVADO;58;CENTRO PRIVADO DE FORMACION PROFESIONAL ESPECIFICA;CPrFP;FP MOVILIDAD SAN FERNANDO;CALLE;CALLE;LA RAYA;;S/N;;;;;24;142;8;LEON;SAN ANDRÉS DEL RABANEDO;TROBAJO DEL CAMINO;24010;;;;24022705@educa.jcyl.es;;;;N;N;N;N;N;N;
2026;24009622;A;ALTA;2;PRIVADO;69;CENTRO PRIVADO INTEGRADO DE FORMACION PROFESIONAL;CPrIFP;VIRGEN DEL BUEN SUCESO;AV.;AVENIDA;LA TÉRMICA;2;;;;;;24;134;8;LEON;ROBLA (LA);ROBLA (LA);24640;987572323;987570369;;24009622@educa.jcyl.es;http://www.escuelafplarobla.es;-5.62867;42.7981;N;N;S;N;N;N;42.7981, -5.62867
2026;24016791;A;ALTA;1;PÚBLICO;501;ESCUELA DE ARTE Y SUPERIOR DE CONSERVACIÓN Y RESTAURACIÓN DE BIENES CULTURALES;EA;ESCUELA DE ARTE DE LEÓN;CALLE;CALLE;PABLO FLOREZ;4;;;;;;24;89;2;LEON;LEÓN;LEÓN;24003;987245968;987226024;;24016791@educa.jcyl.es;https://www.escueladearteleon.com/;-5.56758;42.59979;N;N;N;N;N;N;42.59979, -5.56758
2026;24022134;A;ALTA;2;PRIVADO;186;ESCUELA DE DANZA;ED;ESCUELA DE DANZA DE LEÓN;CALLE;CALLE;COLÓN;27;;;BAJO;;;24;89;2;LEON;LEÓN;LEÓN;24001;987224841;;;24022134@educa.jcyl.es;;-5.57966;42.59954;N;N;N;N;N;N;42.59954, -5.57966
2026;24022523;A;ALTA;1;PÚBLICO;3;ESCUELA DE EDUCACION INFANTIL;EEI;CHIGUIT@S;CALLE;CALLE;LA VEGA;69;;;;;;24;139;6;LEON;SAHAGÚN;SAHAGÚN;24320;987780736;;;24022523@educa.jcyl.es;;-5.03207;42.36969;N;N;N;N;N;N;42.36969, -5.03207
2026;24023001;A;ALTA;1;PÚBLICO;3;ESCUELA DE EDUCACION INFANTIL;EEI;La Asunción;CALLE;CALLE;La Cepeda;8;;;;;;24;89;2;LEON;LEÓN;LEÓN;24008;987231426;;;24023001@educa.jcyl.es;;-5.56592;42.61765;N;N;N;N;N;N;42.61765, -5.56592
2026;24022274;A;ALTA;1;PÚBLICO;3;ESCUELA DE EDUCACION INFANTIL;EEI;LA CERCA;CALLE;CALLE;LOS VIÑEDOS;9;;;;;;24;34;1;LEON;CAMPONARAYA;CAMPONARAYA;24410;987463401;987463401;;24022274@educa.jcyl.es;http://camponaraya.org/;-6.6703;42.58083;N;N;N;S;S;N;42.58083, -6.6703
2026;24018854;A;ALTA;1;PÚBLICO;3;ESCUELA DE EDUCACION INFANTIL;EEI;LA GUIANA;AV.;AVENIDA;DE LA LIBERTAD;38;;;;;;24;115;21;LEON;PONFERRADA;PONFERRADA;24400;987416961;;;24018854@educa.jcyl.es;;-6.59713;42.55419;N;N;N;S;S;N;42.55419, -6.59713
2026;24022481;A;ALTA;1;PÚBLICO;3;ESCUELA DE EDUCACION INFANTIL;EEI;LAGO DE LA BAÑA;CALLE;CALLE;ANTONIO AMABLE MARTÍNEZ, S/N;;;;;;;24;67;1;LEON;ENCINEDO;BAÑA (LA);24746;987664139;987972030;;24022481@educa.jcyl.es;;-6.67176;42.26957;N;N;N;N;N;N;42.26957, -6.67176
2026;24022973;A;ALTA;1;PÚBLICO;3;ESCUELA DE EDUCACION INFANTIL;EEI;LUNA LUNERA;CALLE;CALLE;EL BARRIO;1;;;;;;24;169;9;LEON;TORENO;TORENO;24450;651133588;;;24022973@educa.jcyl.es;;-6.5171;42.69439;N;N;N;N;N;N;42.69439, -6.5171
2026;24018829;A;ALTA;1;PÚBLICO;3;ESCUELA DE EDUCACION INFANTIL;EEI;PARQUE DE LOS REYES;CALLE;CALLE;MURILLO;;S/N;;;;;24;89;2;LEON;LEÓN;LEÓN;24005;987213671;987213671;;24018829@educa.jcyl.es;;-5.56349;42.58871;N;N;N;N;S;N;42.58871, -5.56349
2026;24017451;A;ALTA;1;PÚBLICO;3;ESCUELA DE EDUCACION INFANTIL;EEI;PRADOLUENGO;AV.;AVENIDA;DEL BIERZO;25;;;;;;24;14;2;LEON;BEMBIBRE;BEMBIBRE;24300;987512196;987512196;;24017451@educa.jcyl.es;http://eeipradoluengo.centros.educa.jcyl.es;-6.41618;42.61742;N;N;N;S;S;S;42.61742, -6.41618
2026;24018830;A;ALTA;1;PÚBLICO;3;ESCUELA DE EDUCACION INFANTIL;EEI;SAN PEDRO;AV.;AVENIDA;SAN FROILAN;4;;;;;;24;89;2;LEON;LEÓN;LEÓN;24005;987200282;;;24018830@educa.jcyl.es;;-5.55574;42.58095;N;N;N;N;S;N;42.58095, -5.55574
2026;24022808;A;ALTA;1;PÚBLICO;3;ESCUELA DE EDUCACION INFANTIL;EEI;SOLETES;CALLE;CALLE;SEVERO OCHOA;;S/N;;;;;24;223;2;LEON;VILLAREJO DE ÓRBIGO;VEGUELLINA DE ÓRBIGO;24350;987374523;;;24022808@educa.jcyl.es;;-5.89147;42.43668;N;N;N;N;N;N;42.43668, -5.89147
2026;24022420;A;ALTA;1;PÚBLICO;3;ESCUELA DE EDUCACION INFANTIL;EEI;VILLADANGOS DEL PARAMO;AV.;AVENIDA;AVENIDA DE LA CONSTITUCIÓN;6;;;;;;24;205;3;LEON;VILLADANGOS DEL PÁRAMO;VILLADANGOS DEL PÁRAMO;24392;987390003;987390118;;24022420@educa.jcyl.es;http://www.aytovilladangosdelparamo.es/;-5.76526;42.51847;N;N;N;N;N;N;42.51847, -5.76526
2026;24022079;A;ALTA;1;PÚBLICO;185;ESCUELA DE MUSICA;EM;BEATRIZ OSORIO;CALLE;CALLE;ARROYO QUIÑONES;;S/N;;;;;24;14;2;LEON;BEMBIBRE;BEMBIBRE;24300;688894692;987511917;;24022079@educa.jcyl.es;;-6.41071;42.6208;N;N;N;N;N;N;42.6208, -6.41071
2026;24022146;A;ALTA;1;PÚBLICO;185;ESCUELA DE MUSICA;EM;ESCUELA DE MÚSICA DE BENAVIDES DE ÓRBIGO;CALLE;CALLE;CONDE LUNA;40;;;;;;24;15;2;LEON;BENAVIDES;BENAVIDES DE ÓRBIGO;24280;987370003;987370325;;24022146@educa.jcyl.es;;-5.89379;42.50206;N;N;N;N;N;N;42.50206, -5.89379
2026;24022092;A;ALTA;1;PÚBLICO;185;ESCUELA DE MUSICA;EM;ESCUELA DE MÚSICA DE SAHAGÚN;PZ.;PLAZA;DE SANTIAGO;13;;;;;;24;139;6;LEON;SAHAGÚN;SAHAGÚN;24391;987782169;;;24022092@educa.jcyl.es;;-5.02956;42.37093;N;N;N;N;N;N;42.37093, -5.02956
2026;24022468;A;ALTA;2;PRIVADO;185;ESCUELA DE MUSICA;EM;ESCUELA DE MÚSICA DE VILLAQUILAMBRE;PZ.;PLAZA;DE LAS ERAS;20;;;;;;24;222;8;LEON;VILLAQUILAMBRE;VILLAQUILAMBRE;24193;620570167;;;24022468@educa.jcyl.es;;-5.55836;42.64736;N;N;N;N;N;N;42.64736, -5.55836
2026;24018581;A;ALTA;1;PÚBLICO;185;ESCUELA DE MUSICA;EM;LACIANA;PZ.;PLAZA;LUIS MATEO DIEZ;;S/N;;;;;24;202;11;LEON;VILLABLINO;VILLABLINO;24100;987471866;;;24018581@educa.jcyl.es;http://emlaciana.centros.educa.jcyl.es;-6.3222;42.94029;N;N;N;N;N;N;42.94029, -6.3222
2026;24022055;A;ALTA;1;PÚBLICO;185;ESCUELA DE MUSICA;EM;ODÓN ALONSO ORDÁS;CALLE;CALLE;JUAN MANSILLA;10;;;;;;24;10;1;LEON;BAÑEZA (LA);BAÑEZA (LA);24750;987644546;;;24022055@educa.jcyl.es;;-5.89687;42.29938;N;N;N;N;N;N;42.29938, -5.89687
2026;24017503;A;ALTA;1;PÚBLICO;80;ESCUELA OFICIAL DE IDIOMAS;EOI;ESCUELA OFICIAL DE IDIOMAS DE PONFERRADA;CALLE;CALLE;VÍA RIO BURBIA;;S/N;;;;;24;115;21;LEON;PONFERRADA;PONFERRADA;24402;987402200;987402260;;24017503@educa.jcyl.es;http://eoiponferrada.centros.educa.jcyl.es;-6.59407;42.55111;N;N;N;N;N;N;42.55111, -6.59407
2026;24008393;A;ALTA;1;PÚBLICO;42;INSTITUTO DE EDUCACION SECUNDARIA;IES;ÁLVARO DE MENDAÑA;AV.;AVENIDA;HUERTAS DEL SACRAMENTO;10;;;;;;24;115;21;LEON;PONFERRADA;PONFERRADA;24402;987414612;987411184;;24008393@educa.jcyl.es;http://iesalvarodemendana.centros.educa.jcyl.es/;-6.59532;42.55055;N;N;N;S;N;S;42.55055, -6.59532
2026;24005355;A;ALTA;1;PÚBLICO;42;INSTITUTO DE EDUCACION SECUNDARIA;IES;ANTONIO GARCÍA BELLIDO;CALLE;CALLE;FRAGA IRIBARNE;39;;;;;;24;89;1;LEON;LEÓN;ARMUNIA;24009;987252198;987252148;;24005355@educa.jcyl.es;http://iesantoniogarciabellido.centros.educa.jcyl.es;-5.58934;42.5908;N;N;N;S;N;S;42.5908, -5.58934
2026;24002494;A;ALTA;1;PÚBLICO;42;INSTITUTO DE EDUCACION SECUNDARIA;IES;DOCTORA MARÍA JOSÉ ALONSO;CALLE;CALLE;DOCTOR GONZALEZ ALVAREZ;10;;;;;;24;39;101;LEON;CARRIZO;CARRIZO DE LA RIBERA;24270;987357101;987358501;;24002494@educa.jcyl.es;http://iescarrizo.centros.educa.jcyl.es;-5.82662;42.57996;N;N;N;S;N;S;42.57996, -5.82662
2026;24000990;A;ALTA;1;PÚBLICO;42;INSTITUTO DE EDUCACION SECUNDARIA;IES;EL SEÑOR DE BEMBIBRE;CALLE;CALLE;PRADOLUENGO;;S/N;;;;;24;14;2;LEON;BEMBIBRE;BEMBIBRE;24300;987510156;;;24000990@educa.jcyl.es;http://ieselsenordebembibre.centros.educa.jcyl.es;-6.41633;42.61918;N;N;N;S;N;S;42.61918, -6.41633
2026;24017916;A;ALTA;1;PÚBLICO;42;INSTITUTO DE EDUCACION SECUNDARIA;IES;EUROPA;CALLE;CALLE;RAMÓN GONZÁLEZ ALEGRE;2;;;;;;24;115;21;LEON;PONFERRADA;PONFERRADA;24403;987428516;987402577;;24017916@educa.jcyl.es;http://ieseuropa.centros.educa.jcyl.es;-6.60932;42.54811;N;N;N;S;N;S;42.54811, -6.60932
2026;24018234;A;ALTA;1;PÚBLICO;42;INSTITUTO DE EDUCACION SECUNDARIA;IES;FERNANDO DE CASTRO;CALLE;CALLE;DOCTORES BERMEJO Y CALDERÓN;15;;;;;;24;139;6;LEON;SAHAGÚN;SAHAGÚN;24320;987782059;987781820;;24018234@educa.jcyl.es;http://iesfernandodecastro.centros.educa.jcyl.es/sitio/;-5.03288;42.37241;N;N;N;N;N;S;42.37241, -5.03288
2026;24018544;A;ALTA;1;PÚBLICO;42;INSTITUTO DE EDUCACION SECUNDARIA;IES;FERNANDO I;AV.;AVENIDA;CONSTITUCION;15;;;;;;24;188;2;LEON;VALENCIA DE DON JUAN;VALENCIA DE DON JUAN;24200;987752280;;;24018544@educa.jcyl.es;http://iesfernandoprimero.centros.educa.jcyl.es;-5.51836;42.29797;N;N;N;S;N;S;42.29797, -5.51836
2026;24006128;A;ALTA;1;PÚBLICO;42;INSTITUTO DE EDUCACION SECUNDARIA;IES;GINER DE LOS RÍOS;AV.;AVENIDA;REAL;35;;;;;;24;89;2;LEON;LEÓN;LEÓN;24006;987255511;987257861;;24006128@educa.jcyl.es;http://www.ginerdelosrios.org;-5.55959;42.59432;N;N;N;S;N;S;42.59432, -5.55959
2026;24016912;A;ALTA;1;PÚBLICO;42;INSTITUTO DE EDUCACION SECUNDARIA;IES;LA GÁNDARA;CALLE;CALLE;NUEVA;;S/N;;;;;24;169;9;LEON;TORENO;TORENO;24450;987533325;;;24016912@educa.jcyl.es;http://ieslagandara.centros.educa.jcyl.es;-6.51364;42.69572;N;N;N;S;N;S;42.69572, -6.51364
2026;24014150;A;ALTA;1;PÚBLICO;42;INSTITUTO DE EDUCACION SECUNDARIA;IES;OBISPO ARGÜELLES;AV.;AVENIDA;DEL BIERZO;;S/N;;;;;24;202;11;LEON;VILLABLINO;VILLABLINO;24100;987471123;987480342;;24014150@educa.jcyl.es;http://iesobispoarguelles.centros.educa.jcyl.es;-6.32298;42.93638;N;N;N;S;N;S;42.93638, -6.32298
2026;24012803;A;ALTA;1;PÚBLICO;42;INSTITUTO DE EDUCACION SECUNDARIA;IES;OCTAVIANO ANDRÉS;CALLE;CALLE;ALTAFRIA;;S/N;;;;;24;181;1;LEON;VALDERAS;VALDERAS;24220;987763101;987763309;;24012803@educa.jcyl.es;http://iesoctavianoandres.centros.educa.jcyl.es/;-5.4481;42.078;N;N;N;S;N;S;42.078, -5.4481
2026;24000655;A;ALTA;1;PÚBLICO;42;INSTITUTO DE EDUCACION SECUNDARIA;IES;ORNIA;CALLE;CALLE;MAGISTRADO GARCÍA CALVO;23;;;;;;24;10;1;LEON;BAÑEZA (LA);BAÑEZA (LA);24750;987641350;987655312;;24000655@educa.jcyl.es;http://iesornia.centros.educa.jcyl.es;-5.90402;42.30338;N;N;N;S;N;S;42.30338, -5.90402
2026;24018787;A;ALTA;1;PÚBLICO;42;INSTITUTO DE EDUCACION SECUNDARIA;IES;PABLO DÍEZ;CALLE;CALLE;ESCUELAS;48;;;;;;24;21;4;LEON;BOÑAR;BOÑAR;24850;987735135;987735135;;24018787@educa.jcyl.es;http://iespablodiez.centros.educa.jcyl.es;-5.31523;42.8662;N;N;N;S;N;S;42.8662, -5.31523
2026;24015403;A;ALTA;1;PÚBLICO;42;INSTITUTO DE EDUCACION SECUNDARIA;IES;RÍO ÓRBIGO;CALLE;CALLE;DOCTOR GONZÁLEZ ÁLVAREZ;11;;;;;;24;223;2;LEON;VILLAREJO DE ÓRBIGO;VEGUELLINA DE ÓRBIGO;24350;987374113;987376590;;24015403@educa.jcyl.es;http://iesrioorbigo.centros.educa.jcyl.es;-5.8871;42.43513;N;N;N;S;N;S;42.43513, -5.8871
2026;24018210;A;ALTA;1;PÚBLICO;42;INSTITUTO DE EDUCACION SECUNDARIA;IES;VADINIA;AV.;AVENIDA;THIVIERS;;S/N;;;;;24;56;1;LEON;CISTIERNA;CISTIERNA;24800;987700876;;;24018210@educa.jcyl.es;http://iesvadinia.centros.educa.jcyl.es;-5.12714;42.79828;N;N;N;S;N;S;42.79828, -5.12714
2026;24016602;A;ALTA;1;PÚBLICO;42;INSTITUTO DE EDUCACION SECUNDARIA;IES;VALLE DE LACIANA;AV.;AVENIDA;DE LA CONSTITUCION;25;;;;;;24;202;11;LEON;VILLABLINO;VILLABLINO;24100;987471233;987480544;;24016602@educa.jcyl.es;http://iesvallelaciana.centros.educa.jcyl.es;-6.32283;42.94035;N;N;N;S;N;S;42.94035, -6.32283
2026;24010995;A;ALTA;1;PÚBLICO;42;INSTITUTO DE EDUCACION SECUNDARIA;IES;VALLES DEL LUNA;AV.;AVENIDA;EL PÁRAMO;;S/N;;;;;24;157;1;LEON;SANTA MARÍA DEL PÁRAMO;SANTA MARÍA DEL PÁRAMO;24240;987360068;987360056;;24010995@educa.jcyl.es;http://iesvallesdelluna.centros.educa.jcyl.es;-5.74749;42.34976;N;N;N;S;N;S;42.34976, -5.74749
2026;24000679;A;ALTA;1;PÚBLICO;42;INSTITUTO DE EDUCACION SECUNDARIA;IES;VÍA DE LA PLATA;PS.;PASEO;GENERAL BENAVIDES;51;;;;;;24;10;1;LEON;BAÑEZA (LA);BAÑEZA (LA);24750;987641600;987641711;;24000679@educa.jcyl.es;http://ies-viadelaplata.centros.educa.jcyl.es/sitio/;-5.90259;42.30408;N;N;N;S;N;S;42.30408, -5.90259
2026;24018738;A;ALTA;1;PÚBLICO;49;INSTITUTO DE EDUCACION SECUNDARIA OBLIGATORIA;IESO;ASTURA;CALLE;CALLE;CAMINO CARROLEÓN;;S/N;;;;;24;94;1;LEON;MANSILLA DE LAS MULAS;MANSILLA DE LAS MULAS;24210;987310578;987310283;;24018738@educa.jcyl.es;http://iesoastura.centros.educa.jcyl.es;-5.41079;42.49933;N;N;N;S;N;S;42.49933, -5.41079
2026;34001881;A;ALTA;1;PÚBLICO;20;COLEGIO DE EDUCACION ESPECIAL;CEE;CARRECHIQUILLA;CALLE;CALLE;TELLO TÉLLEZ;;S/N;;;;;34;120;1;PALENCIA;PALENCIA;PALENCIA;34004;979165188;979721095;;34001881@educa.jcyl.es;http://ceecarrechiquilla.centros.educa.jcyl.es;-4.51823;41.99956;N;S;N;S;S;S;41.99956, -4.51823
2026;34003026;A;ALTA;1;PÚBLICO;14;COLEGIO DE EDUCACION INFANTIL Y PRIMARIA;CEIP;CIUDAD DE BUENOS AIRES;CALLE;CALLE;PADILLA;;S/N;;;;;34;120;1;PALENCIA;PALENCIA;PALENCIA;34003;979720563;979720563;;34003026@educa.jcyl.es;http://ceipciudaddebuenosaires.centros.educa.jcyl.es;-4.52248;42.00902;N;N;N;S;S;N;42.00902, -4.52248
2026;34003804;A;ALTA;1;PÚBLICO;14;COLEGIO DE EDUCACION INFANTIL Y PRIMARIA;CEIP;CRA CAMPOS DE CASTILLA;AV.;AVENIDA;JUAN JOSÉ LUCAS;22;;;;;;34;29;1;PALENCIA;BECERRIL DE CAMPOS;BECERRIL DE CAMPOS;34310;979833326;979833326;;34003804@educa.jcyl.es;http://ceipcamposdecastilla.centros.educa.jcyl.es/;-4.64743;42.10752;S;N;N;S;N;N;42.10752, -4.64743
2026;34003348;A;ALTA;1;PÚBLICO;14;COLEGIO DE EDUCACION INFANTIL Y PRIMARIA;CEIP;GÓMEZ MANRIQUE;CALLE;CALLE;ANTONIO MACHADO;;S/N;;;;;34;225;4;PALENCIA;VILLAMURIEL DE CERRATO;VILLAMURIEL DE CERRATO;34190;979776961;979776961;;34003348@educa.jcyl.es;http://ceipgomezmanrique.centros.educa.jcyl.es/;-4.50776;41.94712;N;N;N;S;S;S;41.94712, -4.50776
2026;34002563;A;ALTA;1;PÚBLICO;14;COLEGIO DE EDUCACION INFANTIL Y PRIMARIA;CEIP;HÉROES DE LA INDEPENDENCIA;AV.;AVENIDA;ALBERTO ACITORES;36;;;;;;34;182;1;PALENCIA;TORQUEMADA;TORQUEMADA;34230;979800288;;;34002563@educa.jcyl.es;http://ceipheroesdelaindependencia.centros.educa.jcyl.es;-4.31973;42.03165;N;N;N;N;S;S;42.03165, -4.31973
2026;34001431;A;ALTA;1;PÚBLICO;14;COLEGIO DE EDUCACION INFANTIL Y PRIMARIA;CEIP;JORGE MANRIQUE;CALLE;CALLE;DOCTRINOS;2;;;;;;34;120;1;PALENCIA;PALENCIA;PALENCIA;34005;979746338;979746338;;34001431@educa.jcyl.es;http://ceipjorgemanrique.centros.educa.jcyl.es;-4.53368;42.00831;N;N;N;S;S;N;42.00831, -4.53368
2026;34000475;A;ALTA;1;PÚBLICO;14;COLEGIO DE EDUCACION INFANTIL Y PRIMARIA;CEIP;LA VALDAVIA;AV.;AVENIDA;DEL CARMEN;;S/N;;;;;34;37;3;PALENCIA;BUENAVISTA DE VALDAVIA;BUENAVISTA DE VALDAVIA;34470;979895198;;;34000475@educa.jcyl.es;http://ceiplavaldavia.centros.educa.jcyl.es;-4.61323;42.63609;N;N;N;S;S;S;42.63609, -4.61323
2026;34000086;A;ALTA;1;PÚBLICO;14;COLEGIO DE EDUCACION INFANTIL Y PRIMARIA;CEIP;MIGUEL DE CERVANTES;CALLE;CALLE;TRAVESÍA DE LA ESTACIÓN;1;;;;;;34;5;1;PALENCIA;ALAR DEL REY;ALAR DEL REY;34480;979133092;979133092;;34000086@educa.jcyl.es;http://cpmigueldecervantes.centros.educa.jcyl.es;-4.31224;42.65868;N;N;N;S;S;S;42.65868, -4.31224
2026;34002642;A;ALTA;1;PÚBLICO;14;COLEGIO DE EDUCACION INFANTIL Y PRIMARIA;CEIP;NUESTRA SEÑORA DE AREÑOS;CALLE;CALLE;LA SERNA;1;;;;;;34;199;6;PALENCIA;VELILLA DEL RÍO CARRIÓN;VELILLA DEL RÍO CARRIÓN;34886;979861318;;;34002642@educa.jcyl.es;http://ceipnuestrasenoradearenos.centros.educa.jcyl.es;-4.84576;42.82454;N;N;N;S;N;N;42.82454, -4.84576
2026;34000347;A;ALTA;1;PÚBLICO;14;COLEGIO DE EDUCACION INFANTIL Y PRIMARIA;CEIP;NUESTRA SEÑORA DEL CARMEN;CALLE;CALLE;HERMANO BERNARDO;;S/N;;;;;34;27;1;PALENCIA;BARRUELO DE SANTULLÁN;BARRUELO DE SANTULLÁN;34820;979606052;979606052;;34000347@educa.jcyl.es;http://ceipnuestrasenoradelcarmen.centros.educa.jcyl.es;-4.28952;42.90825;N;N;N;S;S;S;42.90825, -4.28952
2026;34002964;A;ALTA;1;PÚBLICO;14;COLEGIO DE EDUCACION INFANTIL Y PRIMARIA;CEIP;PADRE CLARET;CALLE;CALLE;PADRE CLARET;6;;;;;;34;120;1;PALENCIA;PALENCIA;PALENCIA;34004;979722080;979722080;;34002964@educa.jcyl.es;http://ceippadreclaret.centros.educa.jcyl.es;-4.52424;42.00608;N;N;N;S;S;S;42.00608, -4.52424
2026;34003257;A;ALTA;1;PÚBLICO;14;COLEGIO DE EDUCACION INFANTIL Y PRIMARIA;CEIP;PAN Y GUINDAS;AV.;AVENIDA;BUENOS AIRES;2;;;;;;34;120;1;PALENCIA;PALENCIA;PALENCIA;34003;979726230;979726230;;34003257@educa.jcyl.es;http://ceippanyguindas.centros.educa.jcyl.es;-4.5251;42.01122;N;N;N;S;S;S;42.01122, -4.5251
2026;34003154;A;ALTA;1;PÚBLICO;14;COLEGIO DE EDUCACION INFANTIL Y PRIMARIA;CEIP;PRADERA DE LA AGUILERA;CALLE;CALLE;LAS ERAS;;S/N;;;;;34;225;4;PALENCIA;VILLAMURIEL DE CERRATO;VILLAMURIEL DE CERRATO;34190;979776290;979776290;;34003154@educa.jcyl.es;http://cppraderadeaguilera.centros.educa.jcyl.es;-4.51308;41.95057;N;N;N;S;S;S;41.95057, -4.51308
2026;34000876;A;ALTA;1;PÚBLICO;14;COLEGIO DE EDUCACION INFANTIL Y PRIMARIA;CEIP;REYES CATÓLICOS;CALLE;CALLE;LA BARBACANA;;S/N;;;;;34;69;1;PALENCIA;DUEÑAS;DUEÑAS;34210;979780095;979780095;;34000876@educa.jcyl.es;http://ceipreyescatolicos.centros.educa.jcyl.es;-4.54639;41.8763;N;N;N;S;S;N;41.8763, -4.54639
2026;34002861;A;ALTA;1;PÚBLICO;14;COLEGIO DE EDUCACION INFANTIL Y PRIMARIA;CEIP;REYES CATÓLICOS;AV.;AVENIDA;JOSÉ HERRERO NIETO;7;;;;;;34;232;1;PALENCIA;VILLARRAMIEL;VILLARRAMIEL;34350;979837140;;;34002861@educa.jcyl.es;http://ceipreyescatolicosvillarramiel.centros.educa.jcyl.es;-4.91136;42.04558;N;N;N;S;S;S;42.04558, -4.91136
2026;34000219;A;ALTA;1;PÚBLICO;14;COLEGIO DE EDUCACION INFANTIL Y PRIMARIA;CEIP;SAN PEDRO;CALLE;CALLE;B.FUENTESPINO;;S/N;;;;;34;22;1;PALENCIA;BALTANÁS;BALTANÁS;34240;979790285;;;34000219@educa.jcyl.es;http://cpsanpedro.centros.educa.jcyl.es;-4.25564;41.94166;N;N;N;S;S;S;41.94166, -4.25564
2026;34001443;A;ALTA;1;PÚBLICO;14;COLEGIO DE EDUCACION INFANTIL Y PRIMARIA;CEIP;SOFÍA TARTILÁN;CALLE;CALLE;LOS ALAMOS;;S/N;;;;;34;120;1;PALENCIA;PALENCIA;PALENCIA;34003;979706499;979706795;;34001443@educa.jcyl.es;http://cpsofiadetartilan.centros.educa.jcyl.es;-4.52875;42.01503;N;N;N;S;S;S;42.01503, -4.52875
2026;34001455;A;ALTA;1;PÚBLICO;14;COLEGIO DE EDUCACION INFANTIL Y PRIMARIA;CEIP;TELLO TÉLLEZ DE MENESES;CALLE;CALLE;MAGISTERIO;1;;;;;;34;120;1;PALENCIA;PALENCIA;PALENCIA;34005;979744047;979744047;;34001455@educa.jcyl.es;http://ceiptellotellez.centros.educa.jcyl.es;-4.54051;42.01684;N;N;N;S;S;S;42.01684, -4.54051
2026;34003658;A;ALTA;1;PÚBLICO;31;CENTRO PUBLICO DE EDUCACION DE PERSONAS ADULTAS;CEPA;PISUERGA;PS.;PASEO;DEL SOTO;4;;;;;;34;4;1;PALENCIA;AGUILAR DE CAMPOO;AGUILAR DE CAMPOO;34800;979126067;;;34003658@educa.jcyl.es;http://cepapisuerga.centros.educa.jcyl.es/sitio/;-4.25785;42.78613;N;N;N;N;N;N;42.78613, -4.25785
2026;34001868;A;ALTA;2;PRIVADO;15;CENTRO PRIVADO DE EDUCACION INFANTIL Y PRIMARIA;Colegio;CORAZÓN DE MARÍA;CRA.;CARRETERA;DE MADRID;63;S/N;;;;;34;120;1;PALENCIA;PALENCIA;PALENCIA;34004;979165439;979165461;;34001868@educa.jcyl.es;https://cmariapal.net/;-4.51263;41.98315;N;S;S;N;S;S;41.98315, -4.51263
2026;34001674;A;ALTA;2;PRIVADO;72;CENTRO PRIVADO DE EDUCACION INFANTIL PRIMARIA Y SECUNDARIA;Colegio;MARISTA CASTILLA;PZ.;PLAZA;DE ESPAÑA;1;;;;;;34;120;1;PALENCIA;PALENCIA;PALENCIA;34002;979720850;979725776;;34001674@educa.jcyl.es;https://maristaspalencia.org/;-4.52871;42.00303;N;N;S;S;S;N;42.00303, -4.52871
2026;34001731;A;ALTA;2;PRIVADO;72;CENTRO PRIVADO DE EDUCACION INFANTIL PRIMARIA Y SECUNDARIA;Colegio;NUESTRA SEÑORA DE LA PROVIDENCIA;AV.;AVENIDA;VICTORIO MACHO;98;;;;;;34;120;1;PALENCIA;PALENCIA;PALENCIA;34003;979742236;;;34001731@educa.jcyl.es;http://www.nsprovidenciap.es/;-4.53871;42.02022;N;N;S;S;S;N;42.02022, -4.53871
2026;34000037;A;ALTA;2;PRIVADO;72;CENTRO PRIVADO DE EDUCACION INFANTIL PRIMARIA Y SECUNDARIA;Colegio;SAN GREGORIO-NUESTRA SEÑORA DE LA COMPASION;PS.;PASEO;DEL SOTO;2;;;;;;34;4;1;PALENCIA;AGUILAR DE CAMPOO;AGUILAR DE CAMPOO;34800;979122878;979123756;;34000037@educa.jcyl.es;http://www.menesianosaguilar.net;-4.25965;42.79179;N;N;S;S;S;S;42.79179, -4.25965
2026;34001820;A;ALTA;2;PRIVADO;72;CENTRO PRIVADO DE EDUCACION INFANTIL PRIMARIA Y SECUNDARIA;Colegio;SANTA CLARA DE ASÍS;AV.;AVENIDA;CAMPOS GÓTICOS;16;;;;;;34;120;1;PALENCIA;PALENCIA;PALENCIA;34003;979741599;979741521;;34001820@educa.jcyl.es;www.clarisasfranciscanas.org;-4.52656;42.01739;N;N;S;S;N;N;42.01739, -4.52656
2026;34001753;A;ALTA;2;PRIVADO;72;CENTRO PRIVADO DE EDUCACION INFANTIL PRIMARIA Y SECUNDARIA;Colegio;SANTA RITA;AV.;AVENIDA;MADRID;6;;;;;;34;120;1;PALENCIA;PALENCIA;PALENCIA;34004;979721741;979721744;;34001753@educa.jcyl.es;www.santa-rita.org;-4.51961;41.99187;N;N;S;S;S;N;41.99187, -4.51961
2026;34007287;A;ALTA;2;PRIVADO;4;CENTRO PRIVADO DE EDUCACION INFANTIL;CPrEI;Los Pitufos de la Vega;CALLE;CALLE;Ricardo Cortés;22;;;;;;34;157;5;PALENCIA;SALDAÑA;SALDAÑA;34100;979890725;;;34007287@educa.jcyl.es;;-4.73358;42.52387;N;N;N;N;N;N;42.52387, -4.73358
2026;34007184;A;ALTA;2;PRIVADO;58;CENTRO PRIVADO DE FORMACION PROFESIONAL ESPECIFICA;CPrFP;FUNDACION PERSONAS;AV.;AVENIDA;DE MADRID;50;;;;;;34;120;1;PALENCIA;PALENCIA;PALENCIA;34004;979729740;;;34007184@educa.jcyl.es;;-4.51527;41.98576;N;N;S;N;N;N;41.98576, -4.51527
2026;34003981;A;ALTA;1;PÚBLICO;3;ESCUELA DE EDUCACION INFANTIL;EEI;APENINOS;AV.;AVENIDA;DE SANTANDER;2;;;;;;34;80;1;PALENCIA;GUARDO;GUARDO;34880;979851920;;;34003981@educa.jcyl.es;;-4.83857;42.78906;N;N;N;N;S;N;42.78906, -4.83857
2026;34007111;A;ALTA;1;PÚBLICO;3;ESCUELA DE EDUCACION INFANTIL;EEI;CASILDA ORDÓÑEZ;CALLE;CALLE;SANTA EUFEMIA;33;;;;;;34;120;1;PALENCIA;PALENCIA;PALENCIA;34003;979163704;;;34007111@educa.jcyl.es;;-4.53354;42.02349;N;N;N;N;S;N;42.02349, -4.53354
2026;34007251;A;ALTA;1;PÚBLICO;3;ESCUELA DE EDUCACION INFANTIL;EEI;LA NORIA;CALLE;CALLE;TRASCASA;3;;;;;;34;79;1;PALENCIA;GRIJOTA;GRIJOTA;34192;979767336;;;34007251@educa.jcyl.es;;-4.58188;42.05506;N;N;N;N;N;N;42.05506, -4.58188
2026;34007160;A;ALTA;1;PÚBLICO;3;ESCUELA DE EDUCACION INFANTIL;EEI;NARANJITA;CALLE;CALLE;CAMINO ERAS DE SANTA MARÍA;11;;;;;;34;47;1;PALENCIA;CARRIÓN DE LOS CONDES;CARRIÓN DE LOS CONDES;34120;979880259;979880461;;34007160@educa.jcyl.es;;-4.5992;42.3382;N;N;N;N;N;N;42.3382, -4.5992
2026;34007202;A;ALTA;1;PÚBLICO;185;ESCUELA DE MUSICA;EM;ALONSO DE VILLADA;CALLE;CALLE;VIZCONDE DE VILLANDRANDO;11;;;;;;34;206;2;PALENCIA;VILLADA;VILLADA;34340;979844005;;;34007202@educa.jcyl.es;;-4.96774;42.25137;N;N;N;N;N;N;42.25137, -4.96774
2026;34003750;A;ALTA;1;PÚBLICO;42;INSTITUTO DE EDUCACION SECUNDARIA;IES;CONDES DE SALDAÑA;AV.;AVENIDA;FRANCISCO GÓMEZ;4;;;;;;34;157;5;PALENCIA;SALDAÑA;SALDAÑA;34100;979890019;979892106;;34003750@educa.jcyl.es;http://iescondesdesaldana.centros.educa.jcyl.es;-4.74386;42.51757;N;N;N;S;N;S;42.51757, -4.74386
2026;34003038;A;ALTA;1;PÚBLICO;42;INSTITUTO DE EDUCACION SECUNDARIA;IES;VICTORIO MACHO;CALLE;CALLE;LOS TRIGALES;;S/N;;;;;34;120;1;PALENCIA;PALENCIA;PALENCIA;34003;979751133;979751123;;34003038@educa.jcyl.es;http://iesvictoriomacho.centros.educa.jcyl.es;-4.52755;42.01196;N;N;N;S;N;S;42.01196, -4.52755
2026;34003907;A;ALTA;1;PÚBLICO;49;INSTITUTO DE EDUCACION SECUNDARIA OBLIGATORIA;IESO;CANAL DE CASTILLA;AV.;AVENIDA;DE VALDEGUDIN;;S/N;;;;;34;225;4;PALENCIA;VILLAMURIEL DE CERRATO;VILLAMURIEL DE CERRATO;34190;979776920;;;34003907@educa.jcyl.es;http://iesocanaldecastilla.centros.educa.jcyl.es;-4.51407;41.95437;N;N;N;S;N;S;41.95437, -4.51407
2026;34003920;A;ALTA;1;PÚBLICO;49;INSTITUTO DE EDUCACION SECUNDARIA OBLIGATORIA;IESO;TIERRA DE CAMPOS;CALLE;CALLE;EXTRAMUROS;;S/N;;;;;34;123;1;PALENCIA;PAREDES DE NAVA;PAREDES DE NAVA;34300;979830522;979830345;;34003920@educa.jcyl.es;http://iesotierradecampos.centros.educa.jcyl.es;-4.69204;42.14942;N;N;N;S;N;S;42.14942, -4.69204
2026;34003324;A;ALTA;1;PÚBLICO;131;CONSERVATORIO PROFESIONAL DE MUSICA;C Música;CONSERVATORIO DE PALENCIA;PZ.;PLAZA;DE SAN PABLO;8;;;;;;34;120;1;PALENCIA;PALENCIA;PALENCIA;34005;979706116;979706226;;34003324@educa.jcyl.es;http://conservatoriopalencia.centros.educa.jcyl.es/sitio;-4.53654;42.01428;N;N;N;N;N;N;42.01428, -4.53654
2026;34002010;A;ALTA;1;PÚBLICO;14;COLEGIO DE EDUCACION INFANTIL Y PRIMARIA;CEIP;ALONSO BERRUGUETE;CALLE;CALLE;EXTRAMUROS;;S/N;;;;;34;123;1;PALENCIA;PAREDES DE NAVA;PAREDES DE NAVA;34300;979830141;979830141;;34002010@educa.jcyl.es;http://ceip-alonsoberruguete.centros.educa.jcyl.es;-4.69234;42.14934;N;N;N;S;S;S;42.14934, -4.69234
2026;34000189;A;ALTA;1;PÚBLICO;14;COLEGIO DE EDUCACION INFANTIL Y PRIMARIA;CEIP;ANACLETO OREJÓN;CALLE;CALLE;ARCO DE SAN MARTÍN;1;;;;;;34;17;1;PALENCIA;ASTUDILLO;ASTUDILLO;34450;979822204;979822204;;34000189@educa.jcyl.es;http://ceipanacletoorejon.centros.educa.jcyl.es;-4.29621;42.19012;N;N;N;S;S;S;42.19012, -4.29621
2026;34000256;A;ALTA;1;PÚBLICO;14;COLEGIO DE EDUCACION INFANTIL Y PRIMARIA;CEIP;ÁNGEL ABIA;CALLE;CALLE;TOMÁS Y VALIENTE;1;;;;;;34;23;3;PALENCIA;VENTA DE BAÑOS;VENTA DE BAÑOS;34200;979773070;979773070;;34000256@educa.jcyl.es;http://ceipangelabia.centros.educa.jcyl.es;-4.48799;41.91698;N;N;N;S;S;N;41.91698, -4.48799
2026;34001728;A;ALTA;1;PÚBLICO;14;COLEGIO DE EDUCACION INFANTIL Y PRIMARIA;CEIP;AVE MARÍA;PS.;PASEO;DEL OTERO;15;;;;;;34;120;1;PALENCIA;PALENCIA;PALENCIA;34003;979742956;979742956;;34001728@educa.jcyl.es;http://ceipavemaria.centros.educa.jcyl.es;-4.53379;42.01774;N;N;N;S;S;N;42.01774, -4.53379
2026;34001391;A;ALTA;1;PÚBLICO;14;COLEGIO DE EDUCACION INFANTIL Y PRIMARIA;CEIP;BLAS SIERRA;PZ.;PLAZA;JUAN XXIII;;S/N;;;;;34;120;1;PALENCIA;PALENCIA;PALENCIA;34005;979742228;979742228;;34001391@educa.jcyl.es;http://cpblassierra.centros.educa.jcyl.es;-4.53853;42.01314;N;N;N;S;S;N;42.01314, -4.53853
2026;34007101;A;ALTA;1;PÚBLICO;14;COLEGIO DE EDUCACION INFANTIL Y PRIMARIA;CEIP;CLARA CAMPOAMOR;CALLE;CALLE;TEJERA;;S/N;;;;;34;217;1;PALENCIA;VILLALOBÓN;VILLALOBÓN;34419;979765216;;;34007101@educa.jcyl.es;http://ceipvillalobon.centros.educa.jcyl.es;-4.49965;42.02866;N;N;N;S;S;N;42.02866, -4.49965
2026;34003737;A;ALTA;1;PÚBLICO;14;COLEGIO DE EDUCACION INFANTIL Y PRIMARIA;CEIP;CRA DEL CERRATO;AV.;AVENIDA;DEL PUENTE;;S/N;;;;;34;181;1;PALENCIA;TARIEGO DE CERRATO;TARIEGO DE CERRATO;34209;979772641;979771533;;34003737@educa.jcyl.es;http://cradelcerrato.centros.educa.jcyl.es;-4.48175;41.90589;S;N;N;S;N;S;41.90589, -4.48175
2026;34000992;A;ALTA;1;PÚBLICO;14;COLEGIO DE EDUCACION INFANTIL Y PRIMARIA;CEIP;EL OTERO;CALLE;CALLE;LA IGLESIA;7;;;;;;34;80;1;PALENCIA;GUARDO;GUARDO;34880;979852017;979852017;;34000992@educa.jcyl.es;http://ceipelotero.centros.educa.jcyl.es;-4.84295;42.78876;N;N;N;S;S;N;42.78876, -4.84295
2026;34001042;A;ALTA;1;PÚBLICO;14;COLEGIO DE EDUCACION INFANTIL Y PRIMARIA;CEIP;LAS ROZAS;CALLE;CALLE;EL SESTIL;;S/N;;;;;34;80;1;PALENCIA;GUARDO;GUARDO;34880;979850634;979850634;;34001042@educa.jcyl.es;http://ceiplasrozas.centros.educa.jcyl.es;-4.85746;42.79035;N;N;N;S;S;S;42.79035, -4.85746
2026;34000529;A;ALTA;1;PÚBLICO;14;COLEGIO DE EDUCACION INFANTIL Y PRIMARIA;CEIP;MARQUÉS DE SANTILLANA;CALLE;CALLE;ERAS DE SANTA MARÍA;;S/N;;;;;34;47;1;PALENCIA;CARRIÓN DE LOS CONDES;CARRIÓN DE LOS CONDES;34120;979880334;979880087;;34000529@educa.jcyl.es;http://ceipmarquesdesantillana.centros.educa.jcyl.es;-4.59855;42.33778;N;N;N;S;S;S;42.33778, -4.59855
2026;34001421;A;ALTA;1;PÚBLICO;14;COLEGIO DE EDUCACION INFANTIL Y PRIMARIA;CEIP;MARQUÉS DE SANTILLANA;CALLE;CALLE;FÁBRICA NACIONAL;46;;;;;;34;120;1;PALENCIA;PALENCIA;PALENCIA;34004;979723112;979723112;;34001421@educa.jcyl.es;http://cpmarquesdesantillana.centros.educa.jcyl.es;-4.52926;41.99733;N;N;N;S;S;S;41.99733, -4.52926
2026;34001091;A;ALTA;1;PÚBLICO;14;COLEGIO DE EDUCACION INFANTIL Y PRIMARIA;CEIP;NUESTRA SEÑORA DE LA PIEDAD;AV.;AVENIDA;MARÍA AUXILIADORA;;S/N;;;;;34;83;1;PALENCIA;HERRERA DE PISUERGA;HERRERA DE PISUERGA;34400;979130220;979130220;;34001091@educa.jcyl.es;http://ceipnuestrasenoradelapiedad.centros.educa.jcyl.es;-4.33511;42.59668;N;N;N;S;S;S;42.59668, -4.33511
2026;34001364;A;ALTA;1;PÚBLICO;14;COLEGIO DE EDUCACION INFANTIL Y PRIMARIA;CEIP;NUESTRA SEÑORA DE RONTE;CRA.;CARRETERA;DE ABIA;;S/N;;;;;34;901;2;PALENCIA;OSORNO LA MAYOR;OSORNO;34460;979817268;979817268;;34001364@educa.jcyl.es;http://ceipnuestrasenoraderonte.centros.educa.jcyl.es;-4.36086;42.41345;N;N;N;S;S;S;42.41345, -4.36086
2026;34000943;A;ALTA;1;PÚBLICO;14;COLEGIO DE EDUCACION INFANTIL Y PRIMARIA;CEIP;PABLO SAENZ;AV.;AVENIDA;DEL EJÉRCITO ESPAÑOL;15;;;;;;34;74;1;PALENCIA;FRÓMISTA;FRÓMISTA;34440;979810150;979810150;;34000943@educa.jcyl.es;http://ceippablosaenz.centros.educa.jcyl.es/;-4.4044;42.26989;N;N;N;S;S;S;42.26989, -4.4044
2026;34001251;A;ALTA;1;PÚBLICO;14;COLEGIO DE EDUCACION INFANTIL Y PRIMARIA;CEIP;PADRE HONORATO DEL VAL;CALLE;CALLE;LAS ERAS;10;;;;;;34;108;1;PALENCIA;MONZÓN DE CAMPOS;MONZÓN DE CAMPOS;34410;979808027;979808027;;34001251@educa.jcyl.es;http://cppadrehonoratodelval.centros.educa.jcyl.es;-4.49694;42.11316;N;N;N;S;S;S;42.11316, -4.49694
2026;34000967;A;ALTA;1;PÚBLICO;14;COLEGIO DE EDUCACION INFANTIL Y PRIMARIA;CEIP;SAN AGUSTÍN;CALLE;CALLE;CERCAS DE VEGA;5;;;;;;34;76;1;PALENCIA;FUENTES DE NAVA;FUENTES DE NAVA;34337;979842145;;;34000967@educa.jcyl.es;http://ceipsanagustin.centros.educa.jcyl.es;-4.78167;42.08521;N;N;N;S;S;S;42.08521, -4.78167
2026;34003646;A;ALTA;1;PÚBLICO;31;CENTRO PUBLICO DE EDUCACION DE PERSONAS ADULTAS;CEPA;VILLA DE GUARDO;CALLE;CALLE;EL SESTIL;;S/N;;;;;34;80;1;PALENCIA;GUARDO;GUARDO;34880;979850747;979850747;;34003646@educa.jcyl.es;http://cepavilladeguardo.centros.educa.jcyl.es;-4.85833;42.7892;N;N;N;N;N;N;42.7892, -4.85833
2026;34007007;A;ALTA;1;PÚBLICO;68;CENTRO PUBLICO INTEGRADO DE FORMACION PROFESIONAL;CIFP;CAMINO DE LA MIRANDA;CALLE;CALLE;CAMINO DE LA MIRANDA;19;;;;;;34;120;1;PALENCIA;PALENCIA;PALENCIA;34003;979742799;979700373;;34007007@educa.jcyl.es;http://cifpcaminodelamiranda.centros.educa.jcyl.es/;-4.53856;42.02655;N;N;N;S;N;S;42.02655, -4.53856
2026;34001935;A;ALTA;1;PÚBLICO;68;CENTRO PUBLICO INTEGRADO DE FORMACION PROFESIONAL;CIFP;VIÑALTA;CRA.;CARRETERA;DE AMPUDIA;;S/N;;;;;34;120;1;PALENCIA;PALENCIA;PALENCIA;34005;979741050;979741111;;34001935@educa.jcyl.es;;-4.55422;42.00414;N;S;N;N;S;N;42.00414, -4.55422
2026;34001650;A;ALTA;2;PRIVADO;72;CENTRO PRIVADO DE EDUCACION INFANTIL PRIMARIA Y SECUNDARIA;Colegio;BLANCA DE CASTILLA;CALLE;CALLE;EDUARDO DATO;12;;;;;;34;120;1;PALENCIA;PALENCIA;PALENCIA;34005;979706552;979707017;;34001650@educa.jcyl.es;http://www.blancadecastilla.es;-4.53587;42.01297;N;N;S;S;S;N;42.01297, -4.53587
2026;34001716;A;ALTA;2;PRIVADO;72;CENTRO PRIVADO DE EDUCACION INFANTIL PRIMARIA Y SECUNDARIA;Colegio;SAN JOSÉ;AV.;AVENIDA;DE MADRID;1;;;;;;34;120;1;PALENCIA;PALENCIA;PALENCIA;34004;979720580;979714238;;34001716@educa.jcyl.es;;-4.5225;41.99728;N;N;S;S;S;N;41.99728, -4.5225
2026;34001637;A;ALTA;2;PRIVADO;72;CENTRO PRIVADO DE EDUCACION INFANTIL PRIMARIA Y SECUNDARIA;Colegio;SANTO ÁNGEL;AV.;AVENIDA;MANUEL RIVERA;15;;;;;;34;120;1;PALENCIA;PALENCIA;PALENCIA;34002;687601524;;;34001637@educa.jcyl.es;;-4.52647;42.0085;N;N;S;S;S;N;42.0085, -4.52647
2026;34001625;A;ALTA;2;PRIVADO;72;CENTRO PRIVADO DE EDUCACION INFANTIL PRIMARIA Y SECUNDARIA;Colegio;SANTO DOMINGO DE GUZMÁN;CALLE;CALLE;MIGUEL DE UNAMUNO;9;;;;;;34;120;1;PALENCIA;PALENCIA;PALENCIA;34004;979721750;979712761;;34001625@educa.jcyl.es;http://www.dominicaspalencia.com;-4.52263;42.00447;N;S;S;S;S;N;42.00447, -4.52263
2026;34003816;A;ALTA;2;PRIVADO;21;CENTRO PRIVADO DE EDUCACION ESPECIAL;CPrEE;CANAL DE CASTILLA;AV.;AVENIDA;NUESTRA SEÑORA DEL PRADO;7;;;;;;34;159;2;PALENCIA;SAN CEBRIÁN DE CAMPOS;SAN CEBRIÁN DE CAMPOS;34429;979154050;979154073;;34003816@educa.jcyl.es;;-4.53336;42.19905;N;S;S;N;S;S;42.19905, -4.53336
2026;34001005;A;ALTA;2;PRIVADO;21;CENTRO PRIVADO DE EDUCACION ESPECIAL;CPrEE;SANTIAGO APÓSTOL;CRA.;CARRETERA;DE LA MAGDALENA;11;;;;;;34;80;1;PALENCIA;GUARDO;GUARDO;34880;979853302;979851528;;34001005@educa.jcyl.es;;-4.84677;42.78997;N;N;S;N;S;S;42.78997, -4.84677
2026;34007275;A;ALTA;2;PRIVADO;4;CENTRO PRIVADO DE EDUCACION INFANTIL;CPrEI;Enclave de Sol;AV.;AVENIDA;Valdegudín;48;;;;;;34;225;4;PALENCIA;VILLAMURIEL DE CERRATO;VILLAMURIEL DE CERRATO;34190;979777158;;;34007275@educa.jcyl.es;;-4.51712;41.95544;N;N;N;N;N;N;41.95544, -4.51712
2026;34003661;A;ALTA;2;PRIVADO;58;CENTRO PRIVADO DE FORMACION PROFESIONAL ESPECIFICA;CPrFP;LA SALLE MANAGUA;CALLE;CALLE;MANAGUA;11;;;;;;34;120;1;PALENCIA;PALENCIA;PALENCIA;34003;979816083;;;34003661@educa.jcyl.es;;-4.51987;42.00996;N;N;S;N;N;N;42.00996, -4.51987
2026;34007214;A;ALTA;1;PÚBLICO;3;ESCUELA DE EDUCACION INFANTIL;EEI;CEVICO DE LA TORRE;AV.;AVENIDA;DE VALLADOLID;6;;;;;;34;57;1;PALENCIA;CEVICO DE LA TORRE;CEVICO DE LA TORRE;34218;979783021;;;34007214@educa.jcyl.es;;-4.41494;41.8523;N;N;N;N;N;N;41.8523, -4.41494
2026;34002897;A;ALTA;1;PÚBLICO;3;ESCUELA DE EDUCACION INFANTIL;EEI;GLICERIO MARTÍN;CALLE;CALLE;RICARDO DÍEZ HOCHLEITNER;;S/N;;;;;34;238;1;PALENCIA;VILLAVIUDAS;VILLAVIUDAS;34249;979788028;;;34002897@educa.jcyl.es;http://eeigliceriomartin.centros.educa.jcyl.es/sitio/;-4.34314;41.96168;N;N;N;S;N;N;41.96168, -4.34314
2026;34007081;A;ALTA;1;PÚBLICO;3;ESCUELA DE EDUCACION INFANTIL;EEI;JOSÉ ANTONIO CELEMÍN TERRADILLOS;CALLE;CALLE;CHURRUCA;15;;;;;;34;23;3;PALENCIA;VENTA DE BAÑOS;VENTA DE BAÑOS;34200;979761214;;;34007081@educa.jcyl.es;;-4.49339;41.91737;N;N;N;N;S;N;41.91737, -4.49339
2026;34003798;A;ALTA;1;PÚBLICO;3;ESCUELA DE EDUCACION INFANTIL;EEI;LA COMETA;PS.;PASEO;EL SOTO;;S/N;;;;;34;4;1;PALENCIA;AGUILAR DE CAMPOO;AGUILAR DE CAMPOO;34800;690880795;;;34003798@educa.jcyl.es;;-4.25658;42.78652;N;N;N;N;N;N;42.78652, -4.25658
2026;34003968;A;ALTA;1;PÚBLICO;3;ESCUELA DE EDUCACION INFANTIL;EEI;MIGUEL DE UNAMUNO;CALLE;CALLE;MIGUEL DE UNAMUNO;13;;;;;;34;120;1;PALENCIA;PALENCIA;PALENCIA;34004;979727076;;;34003968@educa.jcyl.es;;-4.52126;42.0038;N;N;N;N;S;N;42.0038, -4.52126
2026;34007071;A;ALTA;1;PÚBLICO;185;ESCUELA DE MUSICA;EM;ESCUELA DE MÚSICA DE CARRIÓN DE LOS CONDES;PZ.;PLAZA;MAYOR;1;;;;;;34;47;1;PALENCIA;CARRIÓN DE LOS CONDES;CARRIÓN DE LOS CONDES;34120;979880259;979880461;;34007071@educa.jcyl.es;;-4.68606;42.25928;N;N;N;N;N;N;42.25928, -4.68606
2026;34007044;A;ALTA;2;PRIVADO;187;ESCUELA DE MUSICA Y DANZA;EMD;ESCUELA DE MÚSICA DE GUARDO;CALLE;CALLE;MAYOR;105;;;;;;34;80;1;PALENCIA;GUARDO;GUARDO;34880;685469485;;;34007044@educa.jcyl.es;www.amgu.org;-4.83955;42.78963;N;N;N;N;N;N;42.78963, -4.83955
2026;34007159;A;ALTA;1;PÚBLICO;42;INSTITUTO DE EDUCACION SECUNDARIA;IES;GUARDO;CALLE;CALLE;RIO EBRO;8;;;;;;34;80;1;PALENCIA;GUARDO;GUARDO;34880;979851415;979852907;;34007159@educa.jcyl.es;http://iesguardo.centros.educa.jcyl.es;-4.84492;42.79178;N;N;N;S;N;S;42.79178, -4.84492
2026;34003932;A;ALTA;1;PÚBLICO;42;INSTITUTO DE EDUCACION SECUNDARIA;IES;SANTA MARÍA LA REAL;PS.;PASEO;DEL MONASTERIO;;S/N;;;;;34;4;1;PALENCIA;AGUILAR DE CAMPOO;AGUILAR DE CAMPOO;34800;979125801;979125547;;34003932@educa.jcyl.es;http://www.iessantamarialareal.com;-4.27207;42.79594;N;N;N;S;N;S;42.79594, -4.27207
2026;34000581;A;ALTA;1;PÚBLICO;42;INSTITUTO DE EDUCACION SECUNDARIA;IES;SEM TOB;AV.;AVENIDA;DE LOS PEREGRINOS;;S/N;;;;;34;47;1;PALENCIA;CARRIÓN DE LOS CONDES;CARRIÓN DE LOS CONDES;34120;979881185;979881146;;34000581@educa.jcyl.es;http://iessemtob.centros.educa.jcyl.es;-4.59904;42.33763;N;N;N;S;N;S;42.33763, -4.59904
2026;34001893;A;ALTA;1;PÚBLICO;42;INSTITUTO DE EDUCACION SECUNDARIA;IES;TRINIDAD ARROYO;CALLE;CALLE;FILIPINOS;;S/N;;;;;34;120;1;PALENCIA;PALENCIA;PALENCIA;34004;979713625;979712853;;34001893@educa.jcyl.es;http://iestrinidadarroyo.centros.educa.jcyl.es;-4.52105;42.00119;N;N;N;S;N;S;42.00119, -4.52105
2026;34003890;A;ALTA;1;PÚBLICO;49;INSTITUTO DE EDUCACION SECUNDARIA OBLIGATORIA;IESO;MONTAÑA PALENTINA;CALLE;CALLE;FELIPE CALVO;;1-3;;;;;34;56;4;PALENCIA;CERVERA DE PISUERGA;CERVERA DE PISUERGA;34840;979874402;979870812;;34003890@educa.jcyl.es;http://iesomontanapalentina.centros.educa.jcyl.es;-4.49455;42.86294;N;N;N;S;N;S;42.86294, -4.49455
2026;34002711;A;ALTA;1;PÚBLICO;14;COLEGIO DE EDUCACION INFANTIL Y PRIMARIA;CEIP;CARLOS CASADO DEL ALISAL;CALLE;CALLE;TOMÁS SALVADOR;;S/N;;;;;34;206;2;PALENCIA;VILLADA;VILLADA;34340;979847203;979847203;;34002711@educa.jcyl.es;http://ceipcarloscasadodelalisal.centros.educa.jcyl.es/sitio/;-4.69992;42.40272;N;N;N;S;S;S;42.40272, -4.69992
2026;34000013;A;ALTA;1;PÚBLICO;14;COLEGIO DE EDUCACION INFANTIL Y PRIMARIA;CEIP;CASTILLA Y LEÓN;PS.;PASEO;EL SOTO;17;;;;;;34;4;1;PALENCIA;AGUILAR DE CAMPOO;AGUILAR DE CAMPOO;34800;979122251;979122251;;34000013@educa.jcyl.es;http://ceipcastillayleon.centros.educa.jcyl.es/sitio/;-4.25733;42.78679;N;N;N;S;S;S;42.78679, -4.25733
2026;34000244;A;ALTA;1;PÚBLICO;14;COLEGIO DE EDUCACION INFANTIL Y PRIMARIA;CEIP;EL CRUCE DE CASTILLA;CALLE;CALLE;AGAPITO MARAZUELA;28;;;;;;34;23;3;PALENCIA;VENTA DE BAÑOS;VENTA DE BAÑOS;34200;979770291;979770291;;34000244@educa.jcyl.es;http://ceipelcrucedecastilla.centros.educa.jcyl.es/sitio/;-4.49905;41.92082;N;N;N;S;S;S;41.92082, -4.49905
2026;34001418;A;ALTA;1;PÚBLICO;14;COLEGIO DE EDUCACION INFANTIL Y PRIMARIA;CEIP;JUAN MENA DE LA CRUZ;CALLE;CALLE;SANTA EUFEMIA;23;;;;;;34;120;1;PALENCIA;PALENCIA;PALENCIA;34003;979743624;979743624;;34001418@educa.jcyl.es;http://ceipjuanmenadelacruz.centros.educa.jcyl.es;-4.53456;42.02437;N;N;N;S;S;N;42.02437, -4.53456
2026;34000141;A;ALTA;1;PÚBLICO;14;COLEGIO DE EDUCACION INFANTIL Y PRIMARIA;CEIP;LA CAÑADA;PS.;PASEO;DE SAN MARTÍN;7;;;;;;34;10;1;PALENCIA;AMPUDIA;AMPUDIA;34191;979768086;979768086;;34000141@educa.jcyl.es;http://ceiplacanada.centros.educa.jcyl.es/;-4.77897;41.91199;N;N;N;S;S;S;41.91199, -4.77897
2026;34001406;A;ALTA;1;PÚBLICO;14;COLEGIO DE EDUCACION INFANTIL Y PRIMARIA;CEIP;MODESTO LAFUENTE;PS.;PASEO;DEL SALÓN;9;;;;;;34;120;1;PALENCIA;PALENCIA;PALENCIA;34002;979165591;979165568;;34001406@educa.jcyl.es;http://cpmodestolafuente.centros.educa.jcyl.es;-4.52907;42.00661;N;N;N;S;S;N;42.00661, -4.52907
2026;34000712;A;ALTA;1;PÚBLICO;14;COLEGIO DE EDUCACION INFANTIL Y PRIMARIA;CEIP;MODESTO LAFUENTE;PZ.;PLAZA;DE LA CRUZ;6;;;;;;34;56;4;PALENCIA;CERVERA DE PISUERGA;CERVERA DE PISUERGA;34840;979870345;979870345;;34000712@educa.jcyl.es;http://ceipmodestolafuente.centros.educa.jcyl.es;-4.49675;42.86313;N;N;N;S;S;S;42.86313, -4.49675
2026;34003117;A;ALTA;1;PÚBLICO;14;COLEGIO DE EDUCACION INFANTIL Y PRIMARIA;CEIP;RAMÓN CARANDE Y THOVAR;AV.;AVENIDA;SAN TELMO;16;;;;;;34;120;1;PALENCIA;PALENCIA;PALENCIA;34004;979727503;979727503;;34003117@educa.jcyl.es;http://ceipramoncarande.centros.educa.jcyl.es;-4.51924;41.99567;N;N;N;S;S;N;41.99567, -4.51924
2026;34000980;A;ALTA;1;PÚBLICO;14;COLEGIO DE EDUCACION INFANTIL Y PRIMARIA;CEIP;VEGARREDONDA;CALLE;CALLE;LOS MOLINOS;;S/N;;;;;34;80;1;PALENCIA;GUARDO;GUARDO;34880;979850596;;;34000980@educa.jcyl.es;http://ceipvegarredonda.centros.educa.jcyl.es;-4.84727;42.79225;N;N;N;S;S;S;42.79225, -4.84727
2026;34002231;A;ALTA;1;PÚBLICO;14;COLEGIO DE EDUCACION INFANTIL Y PRIMARIA;CEIP;VILLA Y TIERRA;AV.;AVENIDA;DE LA CONSTITUCIÓN;;S/N;;;;;34;157;5;PALENCIA;SALDAÑA;SALDAÑA;34100;979890334;979890334;;34002231@educa.jcyl.es;http://ceipvillaytierra.centros.educa.jcyl.es/sitio/#;-4.74472;42.51879;N;N;N;S;S;S;42.51879, -4.74472
2026;34003233;A;ALTA;1;PÚBLICO;14;COLEGIO DE EDUCACION INFANTIL Y PRIMARIA;CEIP;VIRGEN DEL BREZO;CRA.;CARRETERA;DE LA VALDAVIA;;S/N;;;;;34;171;5;PALENCIA;SANTIBÁÑEZ DE LA PEÑA;SANTIBÁÑEZ DE LA PEÑA;34870;979860119;979860119;;34003233@educa.jcyl.es;http://ceipvirgendelbrezo.centros.educa.jcyl.es;-4.73888;42.80049;N;N;N;S;S;S;42.80049, -4.73888
2026;34003087;A;ALTA;1;PÚBLICO;31;CENTRO PUBLICO DE EDUCACION DE PERSONAS ADULTAS;CEPA;SAN JORGE;AV.;AVENIDA;CASADO DEL ALISAL;30;;;;;;34;120;1;PALENCIA;PALENCIA;PALENCIA;34005;979741389;979706470;;34003087@educa.jcyl.es;http://cepasanjorge.centros.educa.jcyl.es;-4.52937;42.01002;N;N;N;N;N;S;42.01002, -4.52937
2026;34003634;A;ALTA;1;PÚBLICO;31;CENTRO PUBLICO DE EDUCACION DE PERSONAS ADULTAS;CEPA;VALLES DEL CERRATO;AV.;AVENIDA;DE LA AGUILERA;;S/N;;;;;34;225;4;PALENCIA;VILLAMURIEL DE CERRATO;VILLAMURIEL DE CERRATO;34190;979776287;979776287;;34003634@educa.jcyl.es;http://cepavallesdelcerrato.centros.educa.jcyl.es/;-4.51376;41.95118;N;N;N;N;N;N;41.95118, -4.51376
2026;34001819;A;ALTA;2;PRIVADO;72;CENTRO PRIVADO DE EDUCACION INFANTIL PRIMARIA Y SECUNDARIA;Colegio;DIVINO MAESTRO;CALLE;CALLE;NUESTRA SEÑORA DEL PILAR;1;;;;;;34;120;1;PALENCIA;PALENCIA;PALENCIA;34004;979713010;979713010;;34001819@educa.jcyl.es;http://www.divinomaestropalencia.es;-4.52508;42.00104;N;N;S;S;S;N;42.00104, -4.52508
2026;34003245;A;ALTA;2;PRIVADO;45;CENTRO PRIVADO DE EDUCACION SECUNDARIA;Colegio;DON BOSCO;CALLE;CALLE;PASAJE DON BOSCO;1;;;;;;34;225;4;PALENCIA;VILLAMURIEL DE CERRATO;VILLAMURIEL DE CERRATO;34190;979777270;979777262;;34003245@educa.jcyl.es;www.centrodonbosco.es;-4.5171;41.95511;N;N;S;N;N;S;41.95511, -4.5171
2026;34001698;A;ALTA;2;PRIVADO;72;CENTRO PRIVADO DE EDUCACION INFANTIL PRIMARIA Y SECUNDARIA;Colegio;LA SALLE;CALLE;CALLE;SAN BERNARDO;11;;;;;;34;120;1;PALENCIA;PALENCIA;PALENCIA;34002;979742500;979744503;;34001698@educa.jcyl.es;http://lasallepalencia.sallenet.org;-4.53132;42.0078;N;N;S;S;S;N;42.0078, -4.53132
2026;34000281;A;ALTA;2;PRIVADO;72;CENTRO PRIVADO DE EDUCACION INFANTIL PRIMARIA Y SECUNDARIA;Colegio;SAGRADO CORAZÓN;CRA.;CARRETERA;DE VENTA DE BAÑOS;;;;;;;34;69;1;PALENCIA;DUEÑAS;DUEÑAS;34210;979770649;979770223;;34000281@educa.jcyl.es;http://www.scjdehon.com;-4.48751;41.9213;N;S;S;S;S;N;41.9213, -4.48751
2026;34007147;A;ALTA;2;PRIVADO;600;CENTRO PRIVADO AUTORIZADO DE ENSEÑANZAS DEPORTIVAS DE FÚTBOL;CPr DEP;CENTRO DE ENSEÑANZAS DEPORTIVAS DE FÚTBOL DE PALENCIA;CALLE;CALLE;LOLA DE LA FUENTE;;S/N;;;;;34;120;1;PALENCIA;PALENCIA;PALENCIA;34004;650639892;;;34007147@educa.jcyl.es;;-4.51581;42.01187;N;N;N;N;N;N;42.01187, -4.51581
2026;34007241;A;ALTA;2;PRIVADO;4;CENTRO PRIVADO DE EDUCACION INFANTIL;CPrEI;BABY GO;AV.;AVENIDA;DE MADRID;6;;;;;;34;120;1;PALENCIA;PALENCIA;PALENCIA;34001;693752016;;;34007241@educa.jcyl.es;;-4.52222;41.99185;N;N;N;N;N;N;41.99185, -4.52222
2026;34006994;A;ALTA;2;PRIVADO;4;CENTRO PRIVADO DE EDUCACION INFANTIL;CPrEI;CAMPOS GÓTICOS;CALLE;CALLE;LOS ÁLAMOS;5;;;;;;34;120;1;PALENCIA;PALENCIA;PALENCIA;34003;979744233;;;34006994@educa.jcyl.es;;-4.52916;42.01409;N;N;N;N;S;N;42.01409, -4.52916
2026;34007226;A;ALTA;2;PRIVADO;4;CENTRO PRIVADO DE EDUCACION INFANTIL;CPrEI;ÉRASE UNA VEZ;AV.;AVENIDA;ASTURIAS;18;;;;;;34;120;1;PALENCIA;PALENCIA;PALENCIA;34005;979746424;;;34007226@educa.jcyl.es;;-4.54711;42.02208;N;N;N;N;N;N;42.02208, -4.54711
2026;34007238;A;ALTA;2;PRIVADO;4;CENTRO PRIVADO DE EDUCACION INFANTIL;CPrEI;PUNTO Y COMA;CALLE;CALLE;LA PUEBLA;4;;;;;;34;120;1;PALENCIA;PALENCIA;PALENCIA;34002;979163243;;;34007238@educa.jcyl.es;;-4.53178;42.00865;N;N;N;N;N;N;42.00865, -4.53178
2026;34003831;A;ALTA;2;PRIVADO;58;CENTRO PRIVADO DE FORMACION PROFESIONAL ESPECIFICA;CPrFP;CENTRO TECNOLÓGICO DE CEREALES DE CASTILLA Y LEÓN;AV.;AVENIDA;DE MADRID;44;;;;;;34;120;1;PALENCIA;PALENCIA;PALENCIA;34004;979165327;979165444;;34003831@educa.jcyl.es;www.cetece.org;-4.51695;41.9858;N;N;S;N;N;N;41.9858, -4.51695
2026;34001686;A;ALTA;2;PRIVADO;58;CENTRO PRIVADO DE FORMACION PROFESIONAL ESPECIFICA;CPrFP;EDÉN;CALLE;CALLE;MENÉNDEZ PELAYO;9;;;;;;34;120;1;PALENCIA;PALENCIA;PALENCIA;34005;979747895;979706046;;34001686@educa.jcyl.es;www.academiaeden.com;-4.53442;42.01072;N;N;S;N;N;N;42.01072, -4.53442
2026;34001777;A;ALTA;2;PRIVADO;58;CENTRO PRIVADO DE FORMACION PROFESIONAL ESPECIFICA;CPrFP;LÓPEZ VICUÑA;CALLE;CALLE;DOÑA URRACA;4;;;;;;34;120;1;PALENCIA;PALENCIA;PALENCIA;34005;979749743;979701777;;34001777@educa.jcyl.es;;-4.53819;42.01203;N;S;S;N;N;N;42.01203, -4.53819
2026;34001959;A;ALTA;1;PÚBLICO;501;ESCUELA DE ARTE Y SUPERIOR DE CONSERVACIÓN Y RESTAURACIÓN DE BIENES CULTURALES;EA;MARIANO TIMÓN;AV.;AVENIDA;CASADO DEL ALISAL;12;;;;;;34;120;1;PALENCIA;PALENCIA;PALENCIA;34001;979742759;;;34001959@educa.jcyl.es;http://eamarianotimon.centros.educa.jcyl.es;-4.53141;42.01321;N;N;N;N;N;S;42.01321, -4.53141
2026;34007196;A;ALTA;1;PÚBLICO;3;ESCUELA DE EDUCACION INFANTIL;EEI;CRES SANZ;CALLE;CALLE;VIENA;3;;;;;;34;120;1;PALENCIA;PALENCIA;PALENCIA;34004;979163705;;;34007196@educa.jcyl.es;;-4.51598;41.99653;N;N;N;N;S;N;41.99653, -4.51598
2026;34007093;A;ALTA;1;PÚBLICO;3;ESCUELA DE EDUCACION INFANTIL;EEI;LEONOR DE CASTILLA;AV.;AVENIDA;GÓMEZ MANRIQUE;;S/N;;;;;34;225;4;PALENCIA;VILLAMURIEL DE CERRATO;VILLAMURIEL DE CERRATO;34190;979777875;;;34007093@educa.jcyl.es;;-4.50609;41.94584;N;N;N;N;S;N;41.94584, -4.50609
2026;34007172;A;ALTA;1;PÚBLICO;3;ESCUELA DE EDUCACION INFANTIL;EEI;NUBE DE ALGODÓN;AV.;AVENIDA;AVENIDA JOSÉ HERRERO NIETO;3;;;;;;34;232;1;PALENCIA;VILLARRAMIEL;VILLARRAMIEL;34350;979837210;;;34007172@educa.jcyl.es;;-4.91123;42.0456;N;N;N;N;N;N;42.0456, -4.91123
2026;34003531;A;ALTA;1;PÚBLICO;3;ESCUELA DE EDUCACION INFANTIL;EEI;PADRE ANASTASIO GUTIÉRREZ;CALLE;CALLE;EL SOL;;S/N;;;;;34;169;1;PALENCIA;SANTERVÁS DE LA VEGA;SANTERVÁS DE LA VEGA;34112;979890921;;;34003531@educa.jcyl.es;http://eeipadreanastasiogutierrez.centros.educa.jcyl.es;-4.79779;42.50786;N;N;N;S;N;N;42.50786, -4.79779
2026;34003956;A;ALTA;1;PÚBLICO;3;ESCUELA DE EDUCACION INFANTIL;EEI;PAN Y GUINDAS;PZ.;PLAZA;DE LA MARINA;;S/N;;;;;34;120;1;PALENCIA;PALENCIA;PALENCIA;34003;979712283;;;34003956@educa.jcyl.es;;-4.52519;42.01074;N;N;N;N;S;N;42.01074, -4.52519
2026;34007263;A;ALTA;1;PÚBLICO;3;ESCUELA DE EDUCACION INFANTIL;EEI;PUERTA DEL SOL;CALLE;CALLE;SACRISTÁN;5;;;;;;34;69;1;PALENCIA;DUEÑAS;DUEÑAS;34210;979780001;;;34007263@educa.jcyl.es;;-4.55002;41.87718;N;N;N;N;N;N;41.87718, -4.55002
2026;34007123;A;ALTA;1;PÚBLICO;3;ESCUELA DE EDUCACION INFANTIL;EEI;VILLALOBÓN;CALLE;CALLE;CAMINO VIEJO DE VALLADOLID;;;;;;;34;217;1;PALENCIA;VILLALOBÓN;VILLALOBÓN;34419;979765273;;;34007123@educa.jcyl.es;;-4.49912;42.03055;N;N;N;N;S;N;42.03055, -4.49912
2026;34003971;A;ALTA;1;PÚBLICO;3;ESCUELA DE EDUCACION INFANTIL;EEI;VIRGEN DEL CARMEN;CALLE;CALLE;NUESTRA SEÑORA DE ROCAMADOR;12;;;;;;34;120;1;PALENCIA;PALENCIA;PALENCIA;34002;979721136;;;34003971@educa.jcyl.es;;-4.52742;42.00512;N;N;N;N;S;N;42.00512, -4.52742
2026;34007068;A;ALTA;1;PÚBLICO;185;ESCUELA DE MUSICA;EM;ESCUELA DE MÚSICA DE VELILLA DEL RÍO CARRIÓN;PZ.;PLAZA;MAYOR;1;;;;;;34;199;6;PALENCIA;VELILLA DEL RÍO CARRIÓN;VELILLA DEL RÍO CARRIÓN;34886;685469485;979861229;;34007068@educa.jcyl.es;www.amgu.org;-4.84471;42.8275;N;N;N;N;N;N;42.8275, -4.84471
2026;34003336;A;ALTA;1;PÚBLICO;80;ESCUELA OFICIAL DE IDIOMAS;EOI;ESCUELA OFICIAL DE IDIOMAS DE PALENCIA;CALLE;CALLE;ISAAC PERAL;;S/N;;;;;34;120;1;PALENCIA;PALENCIA;PALENCIA;34004;979720264;979166221;;34003336@educa.jcyl.es;http://eoipalencia.centros.educa.jcyl.es/;-4.52178;42.00251;N;N;N;N;N;N;42.00251, -4.52178
2026;34001911;A;ALTA;1;PÚBLICO;42;INSTITUTO DE EDUCACION SECUNDARIA;IES;ALONSO BERRUGUETE;AV.;AVENIDA;PONCE DE LEON;2;;;;;;34;120;1;PALENCIA;PALENCIA;PALENCIA;34005;979165850;979713196;;34001911@educa.jcyl.es;http://iesalonsoberruguete.centros.educa.jcyl.es;-4.53287;42.00473;N;N;N;S;N;S;42.00473, -4.53287
2026;34001947;A;ALTA;1;PÚBLICO;42;INSTITUTO DE EDUCACION SECUNDARIA;IES;JORGE MANRIQUE;AV.;AVENIDA;REPÚBLICA ARGENTINA;1;;;;;;34;120;1;PALENCIA;PALENCIA;PALENCIA;34003;979720736;979712760;;34001947@educa.jcyl.es;http://iesjorgemanrique.centros.educa.jcyl.es;-4.52964;42.00459;N;N;N;S;N;S;42.00459, -4.52964
2026;34003749;A;ALTA;1;PÚBLICO;42;INSTITUTO DE EDUCACION SECUNDARIA;IES;RECESVINTO;CRA.;CARRETERA;DE TARIEGO;;S/N;;;;;34;23;3;PALENCIA;VENTA DE BAÑOS;VENTA DE BAÑOS;34200;979770236;979771199;;34003749@educa.jcyl.es;http://iesrecesvinto.centros.educa.jcyl.es/;-4.48731;41.91633;N;N;N;S;N;S;41.91633, -4.48731
2026;34001901;A;ALTA;1;PÚBLICO;42;INSTITUTO DE EDUCACION SECUNDARIA;IES;VIRGEN DE LA CALLE;CRA.;CARRETERA;DE SANTANDER;;S/N;;;;;34;120;1;PALENCIA;PALENCIA;PALENCIA;34003;979745211;979749883;;34001901@educa.jcyl.es;http://iesvirgendelacalle.centros.educa.jcyl.es;-4.52963;42.02132;N;N;N;S;N;S;42.02132, -4.52963
2026;34003919;A;ALTA;1;PÚBLICO;49;INSTITUTO DE EDUCACION SECUNDARIA OBLIGATORIA;IESO;LA OJEDA-BOEDO;CALLE;CALLE;CHILE;2;;;;;;34;83;1;PALENCIA;HERRERA DE PISUERGA;HERRERA DE PISUERGA;34400;979140329;979130187;;34003919@educa.jcyl.es;http://iesolaojedaboedo.centros.educa.jcyl.es;-4.33357;42.59567;N;N;N;S;N;S;42.59567, -4.33357
2026;37006452;A;ALTA;1;PÚBLICO;14;COLEGIO DE EDUCACION INFANTIL Y PRIMARIA;CEIP;ÁLVAREZ MORATO;AV.;AVENIDA;DE LA SIERRA DE FRANCIA;58;;;;;;37;300;1;SALAMANCA;SANTOS (LOS);SANTOS (LOS);37768;923592167;923592167;;37006452@educa.jcyl.es;http://ceipalvarezmorato.centros.educa.jcyl.es;-5.80267;40.54208;N;N;N;S;N;N;40.54208, -5.80267
2026;37009911;A;ALTA;1;PÚBLICO;14;COLEGIO DE EDUCACION INFANTIL Y PRIMARIA;CEIP;ARMUÑA;CALLE;CALLE;SANTA MARÍA;11;;;;;;37;238;1;SALAMANCA;PEDROSILLO EL RALO;PEDROSILLO EL RALO;37427;923354385;923354385;;37009911@educa.jcyl.es;http://craarmuna.centros.educa.jcyl.es;-5.54934;41.06145;N;N;N;S;S;S;41.06145, -5.54934
2026;37002082;A;ALTA;1;PÚBLICO;14;COLEGIO DE EDUCACION INFANTIL Y PRIMARIA;CEIP;ARRABAL DEL PUENTE;CALLE;CALLE;ERAS DEL PUENTE;;11-29;;;;;37;107;3;SALAMANCA;CIUDAD RODRIGO;CIUDAD RODRIGO;37500;923463007;923463007;;37002082@educa.jcyl.es;http://ceiparrabaldelpuente.centros.educa.jcyl.es/;-6.53707;40.59145;N;N;N;S;N;N;40.59145, -6.53707
2026;37005231;A;ALTA;1;PÚBLICO;14;COLEGIO DE EDUCACION INFANTIL Y PRIMARIA;CEIP;BEATRIZ GALINDO;CALLE;CALLE;TRANSPORTISTAS;;4-18;;;;;37;274;2;SALAMANCA;SALAMANCA;SALAMANCA;37006;923227154;923227154;;37005231@educa.jcyl.es;http://ceipbeatrizgalindo.centros.educa.jcyl.es;-5.66745;40.97435;N;N;N;S;N;S;40.97435, -5.66745
2026;37008783;A;ALTA;1;PÚBLICO;14;COLEGIO DE EDUCACION INFANTIL Y PRIMARIA;CEIP;BUENOS AIRES / GABRIEL MARTÍN;CALLE;CALLE;NAVALMORAL DE LA MATA;;S/N;;;;;37;274;2;SALAMANCA;SALAMANCA;SALAMANCA;37008;923192261;923192261;;37008783@educa.jcyl.es;http://ceipbuenosairessalamanca.centros.educa.jcyl.es/sitio/;-5.70456;40.95473;N;N;N;S;S;N;40.95473, -5.70456
2026;37013535;A;ALTA;1;PÚBLICO;14;COLEGIO DE EDUCACION INFANTIL Y PRIMARIA;CEIP;CIUDAD DE L@S NIÑ@S;CALLE;CALLE;ESTUDIANTE DE SALAMANCA;;S/N;;;;;37;354;1;SALAMANCA;VILLAMAYOR;VILLAMAYOR;37185;923199058;;;37013535@educa.jcyl.es;http://ceipciudaddelosninos.centros.educa.jcyl.es;-5.69037;40.99809;N;N;N;S;S;S;40.99809, -5.69037
2026;37009842;A;ALTA;1;PÚBLICO;14;COLEGIO DE EDUCACION INFANTIL Y PRIMARIA;CEIP;CRA CAMPO DE ARGAÑÁN;CALLE;CALLE;PEDRO MATEOS;11;;;;;;37;140;2;SALAMANCA;FUENTES DE OÑORO;FUENTES DE OÑORO;37480;923473038;923473038;;37009842@educa.jcyl.es;http://cracampodearganan.centros.educa.jcyl.es;-6.82142;40.59507;S;N;N;S;N;N;40.59507, -6.82142
2026;37009635;A;ALTA;1;PÚBLICO;14;COLEGIO DE EDUCACION INFANTIL Y PRIMARIA;CEIP;CRA CAMPOPETRE;CRA.;CARRETERA;DE PALACIOS;;S/N;;;;;37;81;1;SALAMANCA;CANTALAPIEDRA;CANTALAPIEDRA;37400;923530101;;;37009635@educa.jcyl.es;http://cracampopetre.centros.educa.jcyl.es;-5.18683;41.12538;S;N;N;S;S;S;41.12538, -5.18683
2026;37009520;A;ALTA;1;PÚBLICO;14;COLEGIO DE EDUCACION INFANTIL Y PRIMARIA;CEIP;CRA DOMINGO DE GUZMÁN;CALLE;CALLE;DOMINGO DE GUZMÁN;2;;;;;;37;117;2;SALAMANCA;DOÑINOS DE SALAMANCA;DOÑINOS DE SALAMANCA;37120;923330250;923330250;;37009520@educa.jcyl.es;http://cradomingodeguzman.centros.educa.jcyl.es;-5.74872;40.95934;S;N;N;S;S;N;40.95934, -5.74872
2026;37009571;A;ALTA;1;PÚBLICO;14;COLEGIO DE EDUCACION INFANTIL Y PRIMARIA;CEIP;CRA EL ROBLEDAL;CALLE;CALLE;EGIDO;7;;;;;;37;269;1;SALAMANCA;ROBLEDA;ROBLEDA;37521;923491136;923491136;;37009571@educa.jcyl.es;http://craelrobledal.centros.educa.jcyl.es/sitio/;-6.60846;40.38509;S;N;N;S;N;N;40.38509, -6.60846
2026;37009854;A;ALTA;1;PÚBLICO;14;COLEGIO DE EDUCACION INFANTIL Y PRIMARIA;CEIP;CRA FUENTEGUINALDO-AZABA;CALLE;CALLE;CRISTO;45;;;;;;37;136;1;SALAMANCA;FUENTEGUINALDO;FUENTEGUINALDO;37540;923471463;923471463;;37009854@educa.jcyl.es;http://centros.educa.jcyl.es/crafuenteguinaldo;-6.6752;40.43025;S;N;N;S;N;S;40.43025, -6.6752
2026;37009660;A;ALTA;1;PÚBLICO;14;COLEGIO DE EDUCACION INFANTIL Y PRIMARIA;CEIP;CRA LOS ARRIBES;CALLE;CALLE;ERAS;;S/N;;;;;37;364;2;SALAMANCA;VILLARINO DE LOS AIRES;VILLARINO DE LOS AIRES;37160;923573165;923573165;;37009660@educa.jcyl.es;http://cralosarribes.centros.educa.jcyl.es/sitio/;-6.46571;41.26821;S;N;N;S;N;N;41.26821, -6.46571
2026;37009507;A;ALTA;1;PÚBLICO;14;COLEGIO DE EDUCACION INFANTIL Y PRIMARIA;CEIP;CRA LOS GIRASOLES;CALLE;CALLE;ESCUELAS;9;;;;;;37;69;2;SALAMANCA;CALVARRASA DE ABAJO;CALVARRASA DE ABAJO;37181;923306000;923306000;;37009507@educa.jcyl.es;http://cralosgirasoles.centros.educa.jcyl.es;-5.55354;40.94755;S;N;N;S;S;S;40.94755, -5.55354
2026;37009581;A;ALTA;1;PÚBLICO;14;COLEGIO DE EDUCACION INFANTIL Y PRIMARIA;CEIP;CRA LOS JARALES;CALLE;CALLE;COSTANILLA;;S/N;;;;;37;287;1;SALAMANCA;SAN MIGUEL DE VALERO;SAN MIGUEL DE VALERO;37763;923415765;923415767;;37009581@educa.jcyl.es;;-5.92168;40.54076;S;N;N;S;N;N;40.54076, -5.92168
2026;37009672;A;ALTA;1;PÚBLICO;14;COLEGIO DE EDUCACION INFANTIL Y PRIMARIA;CEIP;CRA RÍO YELTES;CALLE;CALLE;CABALLEROS;78;;;;;;37;373;1;SALAMANCA;VILLAVIEJA DE YELTES;VILLAVIEJA DE YELTES;37260;923519127;923519127;;37009672@educa.jcyl.es;http://crarioyeltes.centros.educa.jcyl.es;-6.46504;40.87519;S;N;N;S;S;S;40.87519, -6.46504
2026;37009593;A;ALTA;1;PÚBLICO;14;COLEGIO DE EDUCACION INFANTIL Y PRIMARIA;CEIP;CRA VALVANERA;CALLE;CALLE;JORGE MORO;;S/N;;;;;37;297;3;SALAMANCA;SANTIBÁÑEZ DE BÉJAR;SANTIBÁÑEZ DE BÉJAR;37740;923594281;923594281;;37009593@educa.jcyl.es;http://cravalvanera.centros.educa.jcyl.es;-5.61112;40.48665;S;N;N;S;N;S;40.48665, -5.61112
2026;37000796;A;ALTA;1;PÚBLICO;14;COLEGIO DE EDUCACION INFANTIL Y PRIMARIA;CEIP;FILIBERTO VILLALOBOS;CALLE;CALLE;FILIBERTO VILLALOBOS;2;;;;;;37;38;1;SALAMANCA;BABILAFUENTE;BABILAFUENTE;37330;923360910;923360910;;37000796@educa.jcyl.es;http://ceipfilibertovillalobos.centros.educa.jcyl.es;-5.42478;40.97789;N;N;N;S;S;S;40.97789, -5.42478
2026;37003128;A;ALTA;1;PÚBLICO;14;COLEGIO DE EDUCACION INFANTIL Y PRIMARIA;CEIP;FILIBERTO VILLALOBOS;CALLE;CALLE;PRÍNCIPE FELIPE;38;;;;;;37;156;5;SALAMANCA;GUIJUELO;GUIJUELO;37770;923580921;923580921;;37003128@educa.jcyl.es;http://ceipfilibertovillalobosguijuelo.centros.educa.jcyl.es;-5.67094;40.55574;N;N;N;S;S;S;40.55574, -5.67094
2026;37007675;A;ALTA;1;PÚBLICO;14;COLEGIO DE EDUCACION INFANTIL Y PRIMARIA;CEIP;GABRIEL Y GALÁN;CALLE;CALLE;SALAMANCA;30;;;;;;37;374;1;SALAMANCA;VILLORIA;VILLORIA;37339;923356681;923356681;;37007675@educa.jcyl.es;http://ceipgabrielygalan.centros.educa.jcyl.es;-5.65354;40.97452;N;N;N;S;N;N;40.97452, -5.65354
2026;37006026;A;ALTA;1;PÚBLICO;14;COLEGIO DE EDUCACION INFANTIL Y PRIMARIA;CEIP;GRAN CAPITÁN;CALLE;CALLE;RÍO TAJO;;S/N;;;;;37;274;2;SALAMANCA;SALAMANCA;SALAMANCA;37006;923220383;923220383;;37006026@educa.jcyl.es;http://ceipgrancapitan.centros.educa.jcyl.es/;-5.66739;40.97769;N;N;N;S;S;N;40.97769, -5.66739
2026;37009416;A;ALTA;1;PÚBLICO;14;COLEGIO DE EDUCACION INFANTIL Y PRIMARIA;CEIP;LA RIBERA;CALLE;CALLE;ERAS;5;;;;;;37;14;1;SALAMANCA;ALDEADÁVILA DE LA RIBERA;ALDEADÁVILA DE LA RIBERA;37250;923505116;923505116;;37009416@educa.jcyl.es;http://cralaribera.centros.educa.jcyl.es;-6.61327;41.21621;N;N;N;S;S;S;41.21621, -6.61327
2026;37009684;A;ALTA;1;PÚBLICO;14;COLEGIO DE EDUCACION INFANTIL Y PRIMARIA;CEIP;MANUEL MORENO BLANCO;CALLE;CALLE;CHICA;8;;;;;;37;376;2;SALAMANCA;VITIGUDINO;VITIGUDINO;37210;923500800;923500800;;37009684@educa.jcyl.es;http://ceipmanuelmoreno.centros.educa.jcyl.es/sitio/;-6.43678;41.00955;N;N;N;S;S;S;41.00955, -6.43678
2026;37000942;A;ALTA;1;PÚBLICO;14;COLEGIO DE EDUCACION INFANTIL Y PRIMARIA;CEIP;MARQUÉS DE VALERO;CALLE;CALLE;VÍCTIMAS DEL TERRORISMO;9;;;;;;37;46;1;SALAMANCA;BÉJAR;BÉJAR;37700;923402132;923402132;;37000942@educa.jcyl.es;http://ceipmarquesdevalero.centros.educa.jcyl.es;-5.75859;40.38777;N;N;N;S;N;N;40.38777, -5.75859
2026;37013471;A;ALTA;1;PÚBLICO;14;COLEGIO DE EDUCACION INFANTIL Y PRIMARIA;CEIP;MELÉNDEZ VALDÉS;AV.;AVENIDA;VILLAR DEL PROFETA;;S/N;;;;;37;274;2;SALAMANCA;SALAMANCA;SALAMANCA;37008;923602203;923602203;;37013471@educa.jcyl.es;http://ceipelzurguen.centros.educa.jcyl.es;-5.67175;40.94869;N;N;N;S;S;N;40.94869, -5.67175
2026;37008631;A;ALTA;1;PÚBLICO;14;COLEGIO DE EDUCACION INFANTIL Y PRIMARIA;CEIP;MIGUEL DE CERVANTES;CALLE;CALLE;MIGUEL DE CERVANTES;3;;;;;;37;156;5;SALAMANCA;GUIJUELO;GUIJUELO;37770;923580132;923580132;;37008631@educa.jcyl.es;http://ceipmigueldecervantesguijuelo.centros.educa.jcyl.es;-5.66898;40.5624;N;N;N;S;N;N;40.5624, -5.66898
2026;37004662;A;ALTA;1;PÚBLICO;14;COLEGIO DE EDUCACION INFANTIL Y PRIMARIA;CEIP;MIGUEL DE UNAMUNO;CALLE;CALLE;CARMEN;72;;;;;;37;246;1;SALAMANCA;PEÑARANDA DE BRACAMONTE;PEÑARANDA DE BRACAMONTE;37300;923543072;923543072;;37004662@educa.jcyl.es;http://ceipmigueldeunamuno.centros.educa.jcyl.es;-5.1975;40.90147;N;N;N;S;S;N;40.90147, -5.1975
2026;37008291;A;ALTA;1;PÚBLICO;14;COLEGIO DE EDUCACION INFANTIL Y PRIMARIA;CEIP;MIGUEL HERNÁNDEZ;CALLE;CALLE;UNICEF;;S/N;;;;;37;294;2;SALAMANCA;SANTA MARTA DE TORMES;SANTA MARTA DE TORMES;37900;923200380;923131088;;37008291@educa.jcyl.es;http://ceipmiguelhernandez.centros.educa.jcyl.es;-5.63345;40.94695;N;N;N;S;S;N;40.94695, -5.63345
2026;37005332;A;ALTA;1;PÚBLICO;14;COLEGIO DE EDUCACION INFANTIL Y PRIMARIA;CEIP;PADRE MANJÓN;PS.;PASEO;CANALEJAS;97;;;;;;37;274;2;SALAMANCA;SALAMANCA;SALAMANCA;37001;923268717;923268717;;37005332@educa.jcyl.es;http://cppadremanjon.centros.educa.jcyl.es;-5.65803;40.96255;N;N;N;S;S;N;40.96255, -5.65803
2026;37009431;A;ALTA;1;PÚBLICO;14;COLEGIO DE EDUCACION INFANTIL Y PRIMARIA;CEIP;PÉREZ VILLANUEVA;CALLE;CALLE;LAS ESCUELAS;16;;;;;;37;44;1;SALAMANCA;BARRUECOPARDO;BARRUECOPARDO;37255;923507244;923507244;;37009431@educa.jcyl.es;http://craperezvillanueva.centros.educa.jcyl.es;-6.66393;41.07349;N;N;N;S;S;S;41.07349, -6.66393
2026;37005371;A;ALTA;1;PÚBLICO;14;COLEGIO DE EDUCACION INFANTIL Y PRIMARIA;CEIP;RUFINO BLANCO;CALLE;CALLE;ALAMEDILLA;;S/N;;;;;37;274;2;SALAMANCA;SALAMANCA;SALAMANCA;37003;923266625;923266625;;37005371@educa.jcyl.es;http://centros.educa.jcyl.es/cprufinoblanco;-5.65692;40.96714;N;N;N;S;S;N;40.96714, -5.65692
2026;37005381;A;ALTA;1;PÚBLICO;14;COLEGIO DE EDUCACION INFANTIL Y PRIMARIA;CEIP;SAN MATEO;AV.;AVENIDA;DE LOS CIPRESES;;S/N;;;;;37;274;2;SALAMANCA;SALAMANCA;SALAMANCA;37004;923228908;923228908;;37005381@educa.jcyl.es;http://ceipsanmateo.centros.educa.jcyl.es/;-5.64934;40.97708;N;N;N;S;S;N;40.97708, -5.64934
2026;37006129;A;ALTA;1;PÚBLICO;14;COLEGIO DE EDUCACION INFANTIL Y PRIMARIA;CEIP;SANCTI-SPIRITUS;CALLE;CALLE;DOCTOR ANGEL BERNARDOS;17;;;;;;37;279;6;SALAMANCA;SANCTI-SPÍRITUS;SANCTI-SPÍRITUS;37470;923484086;923484086;;37006129@educa.jcyl.es;http://ceipsanctispiritus.centros.educa.jcyl.es;-6.39856;40.70427;N;N;N;S;S;S;40.70427, -6.39856
2026;37005769;A;ALTA;1;PÚBLICO;14;COLEGIO DE EDUCACION INFANTIL Y PRIMARIA;CEIP;SANTA CATALINA;CALLE;CALLE;CAÑIZAL;1;;;;;;37;274;2;SALAMANCA;SALAMANCA;SALAMANCA;37002;923213156;;;37005769@educa.jcyl.es;http://ceipsantacatalina.centros.educa.jcyl.es;-5.66645;40.96403;N;N;N;S;S;N;40.96403, -5.66645
2026;37005393;A;ALTA;1;PÚBLICO;14;COLEGIO DE EDUCACION INFANTIL Y PRIMARIA;CEIP;SANTA TERESA;CALLE;CALLE;PABLO PICASSO;;S/N;;;;;37;274;2;SALAMANCA;SALAMANCA;SALAMANCA;37005;923224934;;;37005393@educa.jcyl.es;http://cpsantateresa.centros.educa.jcyl.es;-5.65723;40.97599;N;N;N;S;S;N;40.97599, -5.65723
2026;37000140;A;ALTA;1;PÚBLICO;14;COLEGIO DE EDUCACION INFANTIL Y PRIMARIA;CEIP;SANTA TERESA;CALLE;CALLE;EL CASTILLO;;S/N;;;;;37;8;1;SALAMANCA;ALBA DE TORMES;ALBA DE TORMES;37800;923300496;923300496;;37000140@educa.jcyl.es;http://cpsantateresaalbadetormes.centros.educa.jcyl.es;-5.51298;40.82401;N;N;N;S;S;S;40.82401, -5.51298
2026;37009881;A;ALTA;1;PÚBLICO;77;CENTRO DE EDUCACIÓN OBLIGATORIA;CEO;ALTO ALAGÓN;CALLE;CALLE;LOS MÁRTIRES;9;;;;;;37;172;1;SALAMANCA;LINARES DE RIOFRÍO;LINARES DE RIOFRÍO;37760;923416147;;;37009881@educa.jcyl.es;http://ceoaltoalagon.centros.educa.jcyl.es;-5.91653;40.5786;N;N;N;S;S;S;40.5786, -5.91653
2026;37009532;A;ALTA;1;PÚBLICO;77;CENTRO DE EDUCACIÓN OBLIGATORIA;CEO;MIGUEL DELIBES;CALLE;CALLE;DE SAN JOSÉ DE CALASANZ;;S/N;;;;;37;174;1;SALAMANCA;MACOTERA;MACOTERA;37310;923555230;923555594;;37009532@educa.jcyl.es;http://ceomigueldelibes.centros.educa.jcyl.es;-5.28088;40.82852;N;N;N;S;S;S;40.82852, -5.28088
2026;37009180;A;ALTA;1;PÚBLICO;31;CENTRO PUBLICO DE EDUCACION DE PERSONAS ADULTAS;CEPA;FEDERICO GARCÍA LORCA;CRA.;CARRETERA;PEÑARANDA;;S/N;;;;;37;8;1;SALAMANCA;ALBA DE TORMES;ALBA DE TORMES;37800;923370318;;;37009180@educa.jcyl.es;;-5.51036;40.8237;N;N;N;N;N;N;40.8237, -5.51036
2026;37008576;A;ALTA;1;PÚBLICO;31;CENTRO PUBLICO DE EDUCACION DE PERSONAS ADULTAS;CEPA;JOSÉ TOMÁS DE MAZARRASA;CALLE;CALLE;SANTA CLARA;1;;;;;;37;107;3;SALAMANCA;CIUDAD RODRIGO;CIUDAD RODRIGO;37500;923498037;923498037;;37008576@educa.jcyl.es;http://cepajosetomasdemazarrasa.centros.educa.jcyl.es;-6.52636;40.60395;N;N;N;N;N;N;40.60395, -6.52636
2026;37008746;A;ALTA;1;PÚBLICO;31;CENTRO PUBLICO DE EDUCACION DE PERSONAS ADULTAS;CEPA;MATEO HERNÁNDEZ;CALLE;CALLE;SAN ANTONIO DE TEXAS;2;;;;;;37;46;1;SALAMANCA;BÉJAR;BÉJAR;37700;923401451;923410455;;37008746@educa.jcyl.es;http://cepamateohernandez.centros.educa.jcyl.es;-5.75996;40.3875;N;N;N;N;N;N;40.3875, -5.75996
2026;37009969;A;ALTA;1;PÚBLICO;31;CENTRO PUBLICO DE EDUCACION DE PERSONAS ADULTAS;CEPA;NICOLÁS MARTÍN SOSA;CALLE;CALLE;CHICA;8;;;;;;37;376;2;SALAMANCA;VITIGUDINO;VITIGUDINO;37210;923520315;923520315;;37009969@educa.jcyl.es;http://cepanicolasmartinsosa.centros.educa.jcyl.es/sitio/index.cgi;-6.43678;41.00955;N;N;N;N;N;N;41.00955, -6.43678
2026;37013626;A;ALTA;1;PÚBLICO;68;CENTRO PUBLICO INTEGRADO DE FORMACION PROFESIONAL;CIFP;CIUDAD DE BÉJAR;CALLE;CALLE;ZÚÑIGA RODRÍGUEZ;27;;;;;;37;46;1;SALAMANCA;BÉJAR;BÉJAR;37700;923400750;923410088;;37013626@educa.jcyl.es;http://cifpbejar.centros.educa.jcyl.es/sitio/index.cgi;-5.76173;40.38515;N;N;N;N;N;S;40.38515, -5.76173
2026;37013341;A;ALTA;1;PÚBLICO;68;CENTRO PUBLICO INTEGRADO DE FORMACION PROFESIONAL;CIFP;RIO TORMES;CALLE;CALLE;COLOMBIA;42;;;;;;37;274;2;SALAMANCA;SALAMANCA;SALAMANCA;37003;923186961;;;37013341@educa.jcyl.es;https://riotormes.com/;-5.64182;40.96889;N;N;N;S;N;S;40.96889, -5.64182
2026;37005526;A;ALTA;2;PRIVADO;72;CENTRO PRIVADO DE EDUCACION INFANTIL PRIMARIA Y SECUNDARIA;Colegio;CALASANZ;PS.;PASEO;CANALEJAS;;139-159;;;;;37;274;2;SALAMANCA;SALAMANCA;SALAMANCA;37001;923267961;923270454;;37005526@educa.jcyl.es;http://www.calasanzsalamanca.es;-5.65937;40.9608;N;S;S;N;S;S;40.9608, -5.65937
2026;37005617;A;ALTA;2;PRIVADO;72;CENTRO PRIVADO DE EDUCACION INFANTIL PRIMARIA Y SECUNDARIA;Colegio;MARISTA CHAMPAGNAT;AV.;AVENIDA;DE LOS MARISTAS;;19-55;;;;;37;274;2;SALAMANCA;SALAMANCA;SALAMANCA;37007;923269400;923267179;;37005617@educa.jcyl.es;;-5.67245;40.96684;N;N;S;S;S;S;40.96684, -5.67245
2026;37002124;A;ALTA;2;PRIVADO;72;CENTRO PRIVADO DE EDUCACION INFANTIL PRIMARIA Y SECUNDARIA;Colegio;MISIONERAS DE LA PROVIDENCIA-SANTA TERESA;AV.;AVENIDA;AGUSTÍN DE FOXA;22;;;;;;37;107;3;SALAMANCA;CIUDAD RODRIGO;CIUDAD RODRIGO;37500;923460551;923481286;;37002124@educa.jcyl.es;;-6.52548;40.59676;N;N;S;S;S;N;40.59676, -6.52548
2026;37005681;A;ALTA;2;PRIVADO;72;CENTRO PRIVADO DE EDUCACION INFANTIL PRIMARIA Y SECUNDARIA;Colegio;PIZARRALES;CALLE;CALLE;VALLEJERA;1;;;;;;37;274;2;SALAMANCA;SALAMANCA;SALAMANCA;37006;923229853;923224963;;37005681@educa.jcyl.es;https://concertadopizarrales.com/;-5.67345;40.97414;N;N;S;S;S;N;40.97414, -5.67345
2026;37005733;A;ALTA;2;PRIVADO;72;CENTRO PRIVADO DE EDUCACION INFANTIL PRIMARIA Y SECUNDARIA;Colegio;SALESIANO SAN JOSÉ;CRA.;CARRETERA;DE LEDESMA;;32-52;;;;;37;274;2;SALAMANCA;SALAMANCA;SALAMANCA;37006;923225983;923246481;;37005733@educa.jcyl.es;http://www.salesianospizarrales.com;-5.67278;40.97474;N;N;S;S;N;N;40.97474, -5.67278
2026;37005812;A;ALTA;2;PRIVADO;72;CENTRO PRIVADO DE EDUCACION INFANTIL PRIMARIA Y SECUNDARIA;Colegio;SAN AGUSTÍN;AV.;AVENIDA;SAN AGUSTÍN;113;;;;;;37;274;2;SALAMANCA;SALAMANCA;SALAMANCA;37005;923220700;923247578;;37005812@educa.jcyl.es;;-5.65767;40.97938;N;N;S;S;S;N;40.97938, -5.65767
2026;37005711;A;ALTA;2;PRIVADO;72;CENTRO PRIVADO DE EDUCACION INFANTIL PRIMARIA Y SECUNDARIA;Colegio;SAN ESTANISLAO DE KOSTKA;CALLE;CALLE;PRÍNCIPE DE VERGARA;;4-8;;;;;37;274;2;SALAMANCA;SALAMANCA;SALAMANCA;37003;923125203;923125202;;37005711@educa.jcyl.es;http://www.sanestanislao.net/;-5.65433;40.96427;N;N;S;S;S;N;40.96427, -5.65433
2026;37005745;A;ALTA;2;PRIVADO;72;CENTRO PRIVADO DE EDUCACION INFANTIL PRIMARIA Y SECUNDARIA;Colegio;SAN JOSÉ;AV.;AVENIDA;DE LA MERCED;52;;;;;;37;274;2;SALAMANCA;SALAMANCA;SALAMANCA;37005;923226004;923253037;;37005745@educa.jcyl.es;http://www.colegiosanjosesalamanca.es;-5.66148;40.97899;N;N;S;S;S;N;40.97899, -5.66148
2026;37005757;A;ALTA;2;PRIVADO;72;CENTRO PRIVADO DE EDUCACION INFANTIL PRIMARIA Y SECUNDARIA;Colegio;SAN JUAN BOSCO;PS.;PASEO;CANALEJAS;38;;;;;;37;274;2;SALAMANCA;SALAMANCA;SALAMANCA;37001;923262161;;;37005757@educa.jcyl.es;;-5.65788;40.96591;N;N;S;S;S;N;40.96591, -5.65788
2026;37005770;A;ALTA;2;PRIVADO;72;CENTRO PRIVADO DE EDUCACION INFANTIL PRIMARIA Y SECUNDARIA;Colegio;SANTA TERESA DE JESÚS;AV.;AVENIDA;RAIMUNDO DE BORGOÑA;41;;;;;;37;274;2;SALAMANCA;SALAMANCA;SALAMANCA;37005;923222900;923232127;;37005770@educa.jcyl.es;;-5.66308;40.9778;N;N;S;S;S;N;40.9778, -5.66308
2026;37014001;A;ALTA;2;PRIVADO;15;CENTRO PRIVADO DE EDUCACION INFANTIL Y PRIMARIA;Colegio;WAYRA;CALLE;CALLE;DE LA ROSA;10;;;;;;37;167;2;SALAMANCA;JUZBADO;JUZBADO;37115;644929448;;;37014001@educa.jcyl.es;;-5.86511;41.07723;N;N;N;N;N;N;41.07723, -5.86511
2026;37013948;A;ALTA;2;PRIVADO;602;CENTRO PRIVADO AUTORIZADO DE ENSEÑANZAS DEPORTIVAS DE HÍPICA;CPR ED H.;TÁNDEM;AV.;AVENIDA;DE LOS MARISTAS;;1-9;;;;;37;274;2;SALAMANCA;SALAMANCA;SALAMANCA;37007;;;;37013948@educa.jcyl.es;;-5.67193;40.96635;N;N;N;N;N;N;40.96635, -5.67193
2026;37010066;A;ALTA;2;PRIVADO;138;CENTRO PRIVADO AUTORIZADO PROFESIONAL DE MUSICA;CPr Música;ANTONIO MACHADO;CALLE;CALLE;PINTOR DÍAZ CANEJA;28;;;;;;37;274;2;SALAMANCA;SALAMANCA;SALAMANCA;37003;923180460;923196028;;37010066@educa.jcyl.es;http://www.musicantoniomachado.es;-5.64634;40.96603;N;N;N;N;N;N;40.96603, -5.64634
2026;37009167;A;ALTA;2;PRIVADO;137;CENTRO PRIVADO AUTORIZADO ELEMENTAL DE MUSICA;CPr Música;SIRINX;CALLE;CALLE;MARÍA AUXILIADORA;16;;;;;;37;274;2;SALAMANCA;SALAMANCA;SALAMANCA;37004;923256908;;;37009167@educa.jcyl.es;https://www.emsirinx.com;-5.65926;40.96931;N;N;N;N;N;N;40.96931, -5.65926
2026;37014151;A;ALTA;2;PRIVADO;4;CENTRO PRIVADO DE EDUCACION INFANTIL;CPrEI;COLORINES 1, 2, 3;AV.;AVENIDA;VILLAMAYOR;1;;;;;;37;85;1;SALAMANCA;CARBAJOSA DE LA SAGRADA;CARBAJOSA DE LA SAGRADA;37188;923321835;;;37014151@educa.jcyl.es;;;;N;N;N;N;N;N;
2026;37014060;A;ALTA;2;PRIVADO;4;CENTRO PRIVADO DE EDUCACION INFANTIL;CPrEI;EDUCA BABYS;CALLE;CALLE;SALESAS;10;;;;;;37;274;2;SALAMANCA;SALAMANCA;SALAMANCA;37005;661736619;;;37014060@educa.jcyl.es;;-5.66391;40.9739;N;N;N;N;N;N;40.9739, -5.66391
2026;37014126;A;ALTA;2;PRIVADO;4;CENTRO PRIVADO DE EDUCACION INFANTIL;CPrEI;EL GLOBO ROJO II;CALLE;CALLE;LOS HIDALGOS;18;;;;;;37;274;2;SALAMANCA;SALAMANCA;SALAMANCA;37005;923243820;;;37014126@educa.jcyl.es;;-5.66328;40.97539;N;N;N;N;N;N;40.97539, -5.66328
2026;37014163;A;ALTA;2;PRIVADO;4;CENTRO PRIVADO DE EDUCACION INFANTIL;CPrEI;EL PEQUEÑO NIDO;AV.;AVENIDA;CARBAJOSA, P.I. EL MONTALVO I;33;;;;;;37;85;1;SALAMANCA;CARBAJOSA DE LA SAGRADA;CARBAJOSA DE LA SAGRADA;37188;665197373;;;37014163@educa.jcyl.es;;-5.65619;40.94694;N;N;N;N;N;N;40.94694, -5.65619
2026;37014217;A;ALTA;2;PRIVADO;4;CENTRO PRIVADO DE EDUCACION INFANTIL;CPrEI;El Tren;PZ.;PLAZA;Extremadura;5;;;;;;37;274;2;SALAMANCA;SALAMANCA;SALAMANCA;37008;671080625;;;37014217@educa.jcyl.es;;-5.70986;40.9539;N;N;N;N;N;N;40.9539, -5.70986
2026;37009945;A;ALTA;2;PRIVADO;4;CENTRO PRIVADO DE EDUCACION INFANTIL;CPrEI;LOS ROSALES;CALLE;CALLE;F;12;;;;;;37;67;4;SALAMANCA;CABRERIZOS;CABRERIZOS;37193;923182157;923182157;;37009945@educa.jcyl.es;http://www.escuelainfantil-losrosales.com;-5.60766;40.94994;N;N;S;S;S;S;40.94994, -5.60766
2026;37014175;A;ALTA;2;PRIVADO;4;CENTRO PRIVADO DE EDUCACION INFANTIL;CPrEI;MAMÁ CANGURO;CALLE;CALLE;HERNÁN CORTES;19;;;;;;37;246;1;SALAMANCA;PEÑARANDA DE BRACAMONTE;PEÑARANDA DE BRACAMONTE;37300;650820311;;;37014175@educa.jcyl.es;;-5.20149;40.89984;N;N;N;N;N;N;40.89984, -5.20149
2026;37014205;A;ALTA;2;PRIVADO;4;CENTRO PRIVADO DE EDUCACION INFANTIL;CPrEI;MI MAMÁ ME MIMA;CALLE;CALLE;MARÍA LA BRAVA;42;;;;;;37;274;2;SALAMANCA;SALAMANCA;SALAMANCA;37003;923186100;;;37014205@educa.jcyl.es;;-5.65038;40.97068;N;N;N;N;N;N;40.97068, -5.65038
2026;37014011;A;ALTA;2;PRIVADO;4;CENTRO PRIVADO DE EDUCACION INFANTIL;CPrEI;MUMAKIDS;AV.;AVENIDA;RAIMUNDO DE BORGOÑA;;41-57;;;;;37;274;2;SALAMANCA;SALAMANCA;SALAMANCA;37005;;;;37014011@educa.jcyl.es;;-5.66632;40.978;N;N;N;N;N;N;40.978, -5.66632
2026;37014187;A;ALTA;2;PRIVADO;4;CENTRO PRIVADO DE EDUCACION INFANTIL;CPrEI;PIM PAM;PZ.;PLAZA;DE LA CONSTITUCIÓN;6;;;;;;37;46;1;SALAMANCA;BÉJAR;BÉJAR;37700;923411264;;;37014187@educa.jcyl.es;;-5.76553;40.38746;N;N;N;N;N;N;40.38746, -5.76553
2026;37010145;A;ALTA;2;PRIVADO;58;CENTRO PRIVADO DE FORMACION PROFESIONAL ESPECIFICA;CPrFP;INSTITUTO DE ENSEÑANZAS APLICADAS;CALLE;CALLE;FRAY JUNÍPERO SERRA;;5-9 Y 12-22;;;;;37;274;2;SALAMANCA;SALAMANCA;SALAMANCA;37005;923226407;923123569;;37010145@educa.jcyl.es;;-5.65795;40.9767;N;N;S;N;N;N;40.9767, -5.65795
2026;37014096;A;ALTA;2;PRIVADO;58;CENTRO PRIVADO DE FORMACION PROFESIONAL ESPECIFICA;CPrFP;SANITIO FORMACIÓN SALAMANCA;AV.;AVENIDA;DE LOS MARISTAS;;19-55;;;;;37;274;2;SALAMANCA;SALAMANCA;SALAMANCA;37007;;;;37014096@educa.jcyl.es;;-5.67765;40.9652;N;N;N;N;N;N;40.9652, -5.67765
2026;37013729;A;ALTA;2;PRIVADO;69;CENTRO PRIVADO INTEGRADO DE FORMACION PROFESIONAL;CPrIFP;ESCUELA DE HOSTELERÍA DE SALAMANCA;CALLE;CALLE;SEGUNDA (POLÍGONO INDUSTRIAL MONTALVO III);39;;;;;;37;85;1;SALAMANCA;CARBAJOSA DE LA SAGRADA;CARBAJOSA DE LA SAGRADA;37188;923100991;923624924;;37013729@educa.jcyl.es;http://www.escuelahosteleriasalamanca.es;-5.66037;40.93918;N;N;N;N;N;N;40.93918, -5.66037
2026;37013833;A;ALTA;1;PÚBLICO;3;ESCUELA DE EDUCACION INFANTIL;EEI;EL RINCÓN DEL BEBÉ;PZ.;PLAZA;DE MADRID;4;;;;;;37;82;1;SALAMANCA;CANTALPINO;CANTALPINO;37405;923532400;;;37013833@educa.jcyl.es;;-5.32935;41.05196;N;N;N;N;N;N;41.05196, -5.32935
2026;37013687;A;ALTA;1;PÚBLICO;3;ESCUELA DE EDUCACION INFANTIL;EEI;EL ZURGUÉN;AV.;AVENIDA;VIRGEN DEL CUETO;;;;;;;37;274;2;SALAMANCA;SALAMANCA;SALAMANCA;37008;923057082;;;37013687@educa.jcyl.es;;-5.67308;40.94391;N;N;N;N;S;N;40.94391, -5.67308
2026;37014047;A;ALTA;1;PÚBLICO;3;ESCUELA DE EDUCACION INFANTIL;EEI;GARABATO;CALLE;CALLE;SALAMANCA;28;;;;;;37;374;1;SALAMANCA;VILLORIA;VILLORIA;37339;923356014;;;37014047@educa.jcyl.es;;;;N;N;N;N;N;N;
2026;37014138;A;ALTA;1;PÚBLICO;3;ESCUELA DE EDUCACION INFANTIL;EEI;GIRASOLITOS;CALLE;CALLE;POCILLO;1;;;;;;37;240;4;SALAMANCA;PELABRAVO;PELABRAVO;37181;923305081;;;37014138@educa.jcyl.es;;-5.58103;40.93689;N;N;N;N;N;N;40.93689, -5.58103
2026;37013663;A;ALTA;1;PÚBLICO;3;ESCUELA DE EDUCACION INFANTIL;EEI;GUIJUELO;CALLE;CALLE;GUARDIA CIVIL;14;;;;;;37;156;5;SALAMANCA;GUIJUELO;GUIJUELO;37770;923581421;;;37013663@educa.jcyl.es;;-5.669;40.55637;N;N;N;N;S;N;40.55637, -5.669
2026;37013675;A;ALTA;1;PÚBLICO;3;ESCUELA DE EDUCACION INFANTIL;EEI;MONTERRUBIO DE ARMUÑA;AV.;AVENIDA;DE LA ERMITA;15;;;;;;37;202;1;SALAMANCA;MONTERRUBIO DE ARMUÑA;MONTERRUBIO DE ARMUÑA;37798;923243816;;;37013675@educa.jcyl.es;;-5.64208;41.02593;N;N;N;N;N;N;41.02593, -5.64208
2026;37010133;A;ALTA;1;PÚBLICO;3;ESCUELA DE EDUCACION INFANTIL;EEI;SAN BERNARDO;CALLE;CALLE;ARAPILES;16;;;;;;37;274;2;SALAMANCA;SALAMANCA;SALAMANCA;37007;923222419;;;37010133@educa.jcyl.es;http://eeisanbernardo.centros.educa.jcyl.es/sitio/;-5.67193;40.97048;N;N;N;N;S;N;40.97048, -5.67193
2026;37013651;A;ALTA;1;PÚBLICO;3;ESCUELA DE EDUCACION INFANTIL;EEI;VILLA ALBA DE TORMES;CALLE;CALLE;CUATROPEA;48;;;;;;37;8;1;SALAMANCA;ALBA DE TORMES;ALBA DE TORMES;37800;923370223;;;37013651@educa.jcyl.es;;-5.51036;40.8237;N;N;N;N;S;N;40.8237, -5.51036
2026;37013262;A;ALTA;1;PÚBLICO;3;ESCUELA DE EDUCACION INFANTIL;EEI;VIRGEN DE LA VEGA;AV.;AVENIDA;DE LOS COMUNEROS;2;;;;;;37;274;2;SALAMANCA;SALAMANCA;SALAMANCA;37003;923347492;;;37013262@educa.jcyl.es;;-5.65418;40.96865;N;N;N;N;S;N;40.96865, -5.65418
2026;37013559;A;ALTA;1;PÚBLICO;185;ESCUELA DE MUSICA;EM;ESCUELA DE MÚSICA DE CABRERIZOS;CALLE;CALLE;CAMINO DE SALAMANCA;30;;;;;;37;67;4;SALAMANCA;CABRERIZOS;CABRERIZOS;37193;923209414;923209414;;37013559@educa.jcyl.es;;-5.61209;40.97778;N;N;N;N;N;N;40.97778, -5.61209
2026;37013444;A;ALTA;1;PÚBLICO;185;ESCUELA DE MUSICA;EM;ESCUELA DE MÚSICA DE SANTA MARTA DE TORMES;PS.;PASEO;PROFESOR TIERNO GALVÁN;;S/N;;;;;37;294;2;SALAMANCA;SANTA MARTA DE TORMES;SANTA MARTA DE TORMES;37900;923200427;923200427;;37013444@educa.jcyl.es;;-5.62654;40.94641;N;N;N;N;N;N;40.94641, -5.62654
2026;37013547;A;ALTA;1;PÚBLICO;185;ESCUELA DE MUSICA;EM;ESCUELA DE MÚSICA DE VILLAMAYOR;CALLE;CALLE;SAN MIGUEL;1;;;;;;37;354;1;SALAMANCA;VILLAMAYOR;VILLAMAYOR;37185;923289844;;;37013547@educa.jcyl.es;;-5.69311;40.99515;N;N;N;N;N;N;40.99515, -5.69311
2026;37002227;A;ALTA;1;PÚBLICO;42;INSTITUTO DE EDUCACION SECUNDARIA;IES;FRAY DIEGO TADEO GONZÁLEZ;PS.;PASEO;DE CARMELITAS;;27-51;;;;;37;107;3;SALAMANCA;CIUDAD RODRIGO;CIUDAD RODRIGO;37500;923480655;;;37002227@educa.jcyl.es;http://iesfraydiegotadeo.centros.educa.jcyl.es;-6.52552;40.6019;N;N;N;S;N;S;40.6019, -6.52552
2026;37005851;A;ALTA;1;PÚBLICO;42;INSTITUTO DE EDUCACION SECUNDARIA;IES;FRAY LUIS DE LEÓN;AV.;AVENIDA;DE LOS MARISTAS;;S/N;;;;;37;274;2;SALAMANCA;SALAMANCA;SALAMANCA;37007;923231194;923237452;;37005851@educa.jcyl.es;http://iesfrayluisdeleon.centros.educa.jcyl.es;-5.67714;40.97073;N;N;N;S;N;S;40.97073, -5.67714
2026;37009921;A;ALTA;1;PÚBLICO;42;INSTITUTO DE EDUCACION SECUNDARIA;IES;G. TORRENTE BALLESTER;CALLE;CALLE;CAPITÁN GENERAL GUTIÉRREZ MELLADO;;6-8;;;;;37;294;2;SALAMANCA;SANTA MARTA DE TORMES;SANTA MARTA DE TORMES;37900;923138000;923138967;;37009921@educa.jcyl.es;http://www.iesgtorrenteballester.es;-5.61907;40.9529;N;N;N;S;N;S;40.9529, -5.61907
2026;37008102;A;ALTA;1;PÚBLICO;42;INSTITUTO DE EDUCACION SECUNDARIA;IES;MARTÍNEZ URIBARRI;CALLE;CALLE;PARQUE ALAMEDILLA;13;;;;;;37;274;2;SALAMANCA;SALAMANCA;SALAMANCA;37003;923280839;923281090;;37008102@educa.jcyl.es;http://iesmartinezuribarri.centros.educa.jcyl.es;-5.65669;40.96692;N;N;N;S;N;N;40.96692, -5.65669
2026;37001028;A;ALTA;1;PÚBLICO;42;INSTITUTO DE EDUCACION SECUNDARIA;IES;RAMÓN OLLEROS GREGORIO;PZ.;PLAZA;MAYOR;;S/N;;;;;37;46;1;SALAMANCA;BÉJAR;BÉJAR;37700;923400762;923400716;;37001028@educa.jcyl.es;http://www.iesramonolleros.es;-5.77418;40.38826;N;N;N;S;N;S;40.38826, -5.77418
2026;37010017;A;ALTA;1;PÚBLICO;42;INSTITUTO DE EDUCACION SECUNDARIA;IES;SENARA;CALLE;CALLE;SOLEDAD;11;;;;;;37;38;1;SALAMANCA;BABILAFUENTE;BABILAFUENTE;37330;923360996;;;37010017@educa.jcyl.es;http://iessenara.centros.educa.jcyl.es;-5.42432;40.97863;N;N;N;S;N;S;40.97863, -5.42432
2026;37008904;A;ALTA;1;PÚBLICO;42;INSTITUTO DE EDUCACION SECUNDARIA;IES;VAGUADA DE LA PALMA;PZ.;PLAZA;DE LA PALMA;;S/N;;;;;37;274;2;SALAMANCA;SALAMANCA;SALAMANCA;37007;923212294;;;37008904@educa.jcyl.es;http://iesvaguadadelapalma.centros.educa.jcyl.es;-5.67221;40.96238;N;N;N;S;N;N;40.96238, -5.67221
2026;37010108;A;ALTA;1;PÚBLICO;42;INSTITUTO DE EDUCACION SECUNDARIA;IES;VÍA DE LA PLATA;CALLE;CALLE;ZAMORA;;11;;;;;37;156;5;SALAMANCA;GUIJUELO;GUIJUELO;37770;923581066;923580734;;37010108@educa.jcyl.es;http://iesviadelaplata.centros.educa.jcyl.es;-5.67462;40.54864;N;N;N;S;N;S;40.54864, -5.67462
2026;37010121;A;ALTA;1;PÚBLICO;49;INSTITUTO DE EDUCACION SECUNDARIA OBLIGATORIA;IESO;MIGUEL DE UNAMUNO;CALLE;CALLE;PUENTE MOCHO;1;;;;;;37;170;9;SALAMANCA;LEDESMA;LEDESMA;37100;923570673;923570031;;37010121@educa.jcyl.es;http://iesomigueldeunamuno.centros.educa.jcyl.es/sitio/;-6.00532;41.08625;N;N;N;S;N;S;41.08625, -6.00532
2026;37013407;A;ALTA;1;PÚBLICO;49;INSTITUTO DE EDUCACION SECUNDARIA OBLIGATORIA;IESO;TOMÁS BRETÓN;CALLE;CALLE;ESCUELAS MENORES;;S/N;;;;;37;354;1;SALAMANCA;VILLAMAYOR;VILLAMAYOR;37185;923305660;923305661;;37013407@educa.jcyl.es;http://iesotomasbreton.centros.educa.jcyl.es;-5.6909;40.99682;N;N;N;S;N;S;40.99682, -5.6909
2026;37005988;A;ALTA;1;PÚBLICO;20;COLEGIO DE EDUCACION ESPECIAL;CEE;REINA SOFÍA;AV.;AVENIDA;CARLOS I;64;;;;;;37;274;2;SALAMANCA;SALAMANCA;SALAMANCA;37008;923270890;923270890;;37005988@educa.jcyl.es;http://ceereinasofia.centros.educa.jcyl.es;-5.66592;40.94962;N;S;N;S;S;S;40.94962, -5.66592
2026;37008621;A;ALTA;1;PÚBLICO;14;COLEGIO DE EDUCACION INFANTIL Y PRIMARIA;CEIP;CAMPO CHARRO;CALLE;CALLE;DEL DONANTE DE SANGRE;;S/N;;;;;37;274;2;SALAMANCA;SALAMANCA;SALAMANCA;37007;923250948;923258153;;37008621@educa.jcyl.es;http://ceipcampocharro.centros.educa.jcyl.es;-5.67564;40.96503;N;N;N;S;S;N;40.96503, -5.67564
2026;37009544;A;ALTA;1;PÚBLICO;14;COLEGIO DE EDUCACION INFANTIL Y PRIMARIA;CEIP;CRA ALHANDIGA;CALLE;CALLE;ERAS DEL MEDIO;6;;;;;;37;200;2;SALAMANCA;MONTEJO;MONTEJO;37780;923391804;;;37009544@educa.jcyl.es;http://craalhandiga.centros.educa.jcyl.es;-5.623;40.6314;S;N;N;S;N;S;40.6314, -5.623
2026;37009568;A;ALTA;1;PÚBLICO;14;COLEGIO DE EDUCACION INFANTIL Y PRIMARIA;CEIP;CRA ALTO ÁGUEDA;AV.;AVENIDA;DE PORTUGAL;;S/N;;;;;37;221;1;SALAMANCA;NAVASFRÍAS;NAVASFRÍAS;37542;923475022;923475022;;37009568@educa.jcyl.es;http://craaltoagueda.centros.educa.jcyl.es/sitio/;-6.82131;40.29817;S;N;N;S;N;N;40.29817, -6.82131
2026;37007602;A;ALTA;1;PÚBLICO;14;COLEGIO DE EDUCACION INFANTIL Y PRIMARIA;CEIP;CRA BAJO TORMES;CALLE;CALLE;ALHÓNDIGA;6;;;;;;37;198;1;SALAMANCA;MONLERAS;MONLERAS;37150;923575234;;;37007602@educa.jcyl.es;http://crabajotormes.centros.educa.jcyl.es;-6.22591;41.18668;S;N;N;S;N;S;41.18668, -6.22591
2026;37009428;A;ALTA;1;PÚBLICO;14;COLEGIO DE EDUCACION INFANTIL Y PRIMARIA;CEIP;CRA CAMPO DE SALAMANCA;CALLE;CALLE;ERAS DE LA IGLESIA;37;;;;;;37;40;1;SALAMANCA;BARBADILLO;BARBADILLO;37447;923313080;923313080;;37009428@educa.jcyl.es;http://cracampodesalamanca.centros.educa.jcyl.es/sitio/;-5.8822;40.93299;S;N;N;S;N;N;40.93299, -5.8822
2026;37009477;A;ALTA;1;PÚBLICO;14;COLEGIO DE EDUCACION INFANTIL Y PRIMARIA;CEIP;CRA CAÑADA REAL;PZ.;PLAZA;DE LAS VACAS;;S/N;;;;;37;83;1;SALAMANCA;CANTARACILLO;CANTARACILLO;37319;923543605;;;37009477@educa.jcyl.es;http://cracanadareal.centros.educa.jcyl.es;-5.16197;40.90482;S;N;N;S;N;N;40.90482, -5.16197
2026;37009647;A;ALTA;1;PÚBLICO;14;COLEGIO DE EDUCACION INFANTIL Y PRIMARIA;CEIP;CRA EL TOMILLAR;CALLE;CALLE;ÁLAMO;;S/N;;;;;37;369;1;SALAMANCA;VILLASECO DE LOS GAMITOS;VILLASECO DE LOS GAMITOS;37114;923140432;;;37009647@educa.jcyl.es;http://craeltomillar.centros.educa.jcyl.es;-6.11463;41.0359;S;N;N;S;N;S;41.0359, -6.11463
2026;37009465;A;ALTA;1;PÚBLICO;14;COLEGIO DE EDUCACION INFANTIL Y PRIMARIA;CEIP;CRA EUSEBIA PALOMINO;CALLE;CALLE;DELICIAS;9;;;;;;37;82;1;SALAMANCA;CANTALPINO;CANTALPINO;37405;923532198;923532198;;37009465@educa.jcyl.es;http://craeusebiapalomino.centros.educa.jcyl.es;-5.3333;41.05601;S;N;N;S;N;N;41.05601, -5.3333
2026;37009817;A;ALTA;1;PÚBLICO;14;COLEGIO DE EDUCACION INFANTIL Y PRIMARIA;CEIP;CRA LA FLECHA;CALLE;CALLE;GABRIEL Y GALÁN;;3;;;;;37;67;4;SALAMANCA;CABRERIZOS;CABRERIZOS;37193;923209259;;;37009817@educa.jcyl.es;http://centros.educa.jcyl.es/cralaflecha;-5.66204;40.97019;S;N;N;S;S;S;40.97019, -5.66204
2026;37009908;A;ALTA;1;PÚBLICO;14;COLEGIO DE EDUCACION INFANTIL Y PRIMARIA;CEIP;CRA LA SENARA;CALLE;CALLE;SALAS POMBO;56;;;;;;37;113;3;SALAMANCA;CUBO DE DON SANCHO (EL);CUBO DE DON SANCHO (EL);37281;923443107;923443107;;37009908@educa.jcyl.es;http://cralasenara.centros.educa.jcyl.es;-6.30415;40.88903;S;N;N;S;N;N;40.88903, -6.30415
2026;37009891;A;ALTA;1;PÚBLICO;14;COLEGIO DE EDUCACION INFANTIL Y PRIMARIA;CEIP;CRA LAS DEHESAS;AV.;AVENIDA;SALAMANCA;49;;;;;;37;316;8;SALAMANCA;TAMAMES;TAMAMES;37600;923449234;;;37009891@educa.jcyl.es;http://cralasdehesas.centros.educa.jcyl.es;-6.10537;40.65679;S;N;N;S;S;S;40.65679, -6.10537
2026;37009805;A;ALTA;1;PÚBLICO;14;COLEGIO DE EDUCACION INFANTIL Y PRIMARIA;CEIP;CRA LOPE DE VEGA;CALLE;CALLE;ESCUELAS;2;;;;;;37;148;4;SALAMANCA;GARCIHERNÁNDEZ;GARCIHERNÁNDEZ;37810;923371386;;;37009805@educa.jcyl.es;http://cralopedevega.centros.educa.jcyl.es;-5.43244;40.8602;S;N;N;S;N;N;40.8602, -5.43244
2026;37001739;A;ALTA;1;PÚBLICO;14;COLEGIO DE EDUCACION INFANTIL Y PRIMARIA;CEIP;CRA LOS CARRASCALES;CRA.;CARRETERA;DE VILLALBA;;S/N;;;;;37;187;8;SALAMANCA;MATILLA DE LOS CAÑOS DEL RÍO;MATILLA DE LOS CAÑOS DEL RÍO;37450;923382302;923382302;;37001739@educa.jcyl.es;http://craloscarrascales.centros.educa.jcyl.es;-5.94568;40.82299;S;N;N;S;S;S;40.82299, -5.94568
2026;37009611;A;ALTA;1;PÚBLICO;14;COLEGIO DE EDUCACION INFANTIL Y PRIMARIA;CEIP;CRA LOS CEREZOS;CALLE;CALLE;PERENAL;;S/N;;;;;37;313;1;SALAMANCA;SOTOSERRANO;SOTOSERRANO;37657;923422154;923422154;;37009611@educa.jcyl.es;http://craloscerezos.centros.educa.jcyl.es;-6.03124;40.43512;S;N;N;S;N;N;40.43512, -6.03124
2026;37004984;A;ALTA;1;PÚBLICO;14;COLEGIO DE EDUCACION INFANTIL Y PRIMARIA;CEIP;CRA RUTA DE LA PLATA;CRA.;CARRETERA;NUEVA;27;;;;;;37;263;1;SALAMANCA;PUERTO DE BÉJAR;PUERTO DE BÉJAR;37720;923414078;923414078;;37004984@educa.jcyl.es;http://cra-rutadelaplata.centros.educa.jcyl.es;-5.84022;40.35046;S;N;N;S;N;S;40.35046, -5.84022
2026;37006038;A;ALTA;1;PÚBLICO;14;COLEGIO DE EDUCACION INFANTIL Y PRIMARIA;CEIP;FÉLIX RODRÍGUEZ DE LA FUENTE;CALLE;CALLE;DE LA DOCENCIA;;S/N;;;;;37;274;2;SALAMANCA;SALAMANCA;SALAMANCA;37005;923220138;;;37006038@educa.jcyl.es;http://ceipfelixrodriguezdelafuente.centros.educa.jcyl.es/sitio/;-5.65401;40.98071;N;N;N;S;S;N;40.98071, -5.65401
2026;37005241;A;ALTA;1;PÚBLICO;14;COLEGIO DE EDUCACION INFANTIL Y PRIMARIA;CEIP;FILIBERTO VILLALOBOS;CALLE;CALLE;BEGONIAS;;1-9;;;;;37;274;2;SALAMANCA;SALAMANCA;SALAMANCA;37004;923230202;;;37005241@educa.jcyl.es;http://cpfilibertovillalobos.centros.educa.jcyl.es;-5.6519;40.97641;N;N;N;S;S;N;40.97641, -5.6519
2026;37002823;A;ALTA;1;PÚBLICO;14;COLEGIO DE EDUCACION INFANTIL Y PRIMARIA;CEIP;GABRIEL Y GALÁN;CRA.;CARRETERA;VALDECASAS;;S/N;;;;;37;138;1;SALAMANCA;FUENTERROBLE DE SALVATIERRA;FUENTERROBLE DE SALVATIERRA;37768;923151010;923151010;;37002823@educa.jcyl.es;http://cp-gabrielygalan.centros.educa.jcyl.es/sitio/;-5.73649;40.56237;N;N;N;S;N;N;40.56237, -5.73649
2026;37013781;A;ALTA;1;PÚBLICO;14;COLEGIO DE EDUCACION INFANTIL Y PRIMARIA;CEIP;ISABEL REINA DE CASTILLA;CALLE;CALLE;SANTA TERESA;6;;;;;;37;85;1;SALAMANCA;CARBAJOSA DE LA SAGRADA;CARBAJOSA DE LA SAGRADA;37188;923170766;;;37013781@educa.jcyl.es;http://ceipisabelreinadecastilla.centros.educa.jcyl.es;-5.64822;40.92575;N;N;N;S;S;N;40.92575, -5.64822
2026;37006041;A;ALTA;1;PÚBLICO;14;COLEGIO DE EDUCACION INFANTIL Y PRIMARIA;CEIP;JOSÉ HERRERO;CALLE;CALLE;DE LA DOCENCIA;;21-25;;;;;37;274;2;SALAMANCA;SALAMANCA;SALAMANCA;37005;923282338;923282772;;37006041@educa.jcyl.es;http://ceipjoseherrero.centros.educa.jcyl.es;-5.65179;40.98022;N;N;N;S;S;S;40.98022, -5.65179
2026;37005228;A;ALTA;1;PÚBLICO;14;COLEGIO DE EDUCACION INFANTIL Y PRIMARIA;CEIP;JUAN DEL ENZINA;CALLE;CALLE;HILARIO GOYENECHEA;13;;;;;;37;274;2;SALAMANCA;SALAMANCA;SALAMANCA;37008;923215872;923215872;;37005228@educa.jcyl.es;http://ceipjuandelenzina.centros.educa.jcyl.es;-5.66286;40.94924;N;N;N;S;S;N;40.94924, -5.66286
2026;37005277;A;ALTA;1;PÚBLICO;14;COLEGIO DE EDUCACION INFANTIL Y PRIMARIA;CEIP;JUAN JAÉN;CALLE;CALLE;PROFESOR SÁEZ;;7-9;;;;;37;274;2;SALAMANCA;SALAMANCA;SALAMANCA;37007;923230103;923175399;;37005277@educa.jcyl.es;http://ceipjuanjaen.centros.educa.jcyl.es;-5.66637;40.96958;N;N;N;S;S;N;40.96958, -5.66637
2026;37013523;A;ALTA;1;PÚBLICO;14;COLEGIO DE EDUCACION INFANTIL Y PRIMARIA;CEIP;LA LADERA;CALLE;CALLE;JUAN VALDÉS;;S/N;;;;;37;85;1;SALAMANCA;CARBAJOSA DE LA SAGRADA;CARBAJOSA DE LA SAGRADA;37188;923208775;;;37013523@educa.jcyl.es;http://ceiplaladera.centros.educa.jcyl.es/sitio/;-5.64403;40.9366;N;N;N;S;S;S;40.9366, -5.64403
2026;37003426;A;ALTA;1;PÚBLICO;14;COLEGIO DE EDUCACION INFANTIL Y PRIMARIA;CEIP;LIMINARES;CALLE;CALLE;BUEN MAESTRO;9;;;;;;37;173;1;SALAMANCA;LUMBRALES;LUMBRALES;37240;923512103;;;37003426@educa.jcyl.es;http://ceipliminares.centros.educa.jcyl.es;-6.71677;40.93689;N;N;N;S;S;S;40.93689, -6.71677
2026;37000930;A;ALTA;1;PÚBLICO;14;COLEGIO DE EDUCACION INFANTIL Y PRIMARIA;CEIP;MARÍA DÍAZ MUÑOZ;CALLE;CALLE;MONTE MARIO;;S/N;;;;;37;46;1;SALAMANCA;BÉJAR;BÉJAR;37700;923402830;923402830;;37000930@educa.jcyl.es;http://ceipmariadiazmunoz.centros.educa.jcyl.es;-5.77295;40.38808;N;N;N;S;S;S;40.38808, -5.77295
2026;37001582;A;ALTA;1;PÚBLICO;14;COLEGIO DE EDUCACION INFANTIL Y PRIMARIA;CEIP;NEVEROS;CALLE;CALLE;SIMÓN LÓPEZ;9;;;;;;37;78;1;SALAMANCA;CANDELARIO;CANDELARIO;37710;923413201;923413201;;37001582@educa.jcyl.es;;-5.74438;40.3665;N;N;N;S;N;N;40.3665, -5.74438
2026;37005174;A;ALTA;1;PÚBLICO;14;COLEGIO DE EDUCACION INFANTIL Y PRIMARIA;CEIP;NUESTRA SEÑORA DE ASUNCIÓN;CALLE;CALLE;NUEVA GUINEA;;S/N;;;;;37;274;2;SALAMANCA;SALAMANCA;SALAMANCA;37003;923182758;923182758;;37005174@educa.jcyl.es;http://ceipnuestrasenoradelaasuncion.centros.educa.jcyl.es;-5.64311;40.97214;N;N;N;S;S;S;40.97214, -5.64311
2026;37002793;A;ALTA;1;PÚBLICO;14;COLEGIO DE EDUCACION INFANTIL Y PRIMARIA;CEIP;NUESTRA SEÑORA DE LOS REMEDIOS;PZ.;PLAZA;MIGUEL DE UNAMUNO;1;;;;;;37;135;2;SALAMANCA;FUENTE DE SAN ESTEBAN (LA);FUENTE DE SAN ESTEBAN (LA);37200;923440103;923440103;;37002793@educa.jcyl.es;http://ceipnuestrasenoradelosremedios.centros.educa.jcyl.es;-6.25596;40.79946;N;N;N;S;S;S;40.79946, -6.25596
2026;37013511;A;ALTA;1;PÚBLICO;14;COLEGIO DE EDUCACION INFANTIL Y PRIMARIA;CEIP;PABLO PICASSO;CALLE;CALLE;CABRERIZOS;3;;;;;;37;85;1;SALAMANCA;CARBAJOSA DE LA SAGRADA;CARBAJOSA DE LA SAGRADA;37188;923208479;;;37013511@educa.jcyl.es;http://ceippablopicasso.centros.educa.jcyl.es;-5.64757;40.93277;N;N;N;S;S;S;40.93277, -5.64757
2026;37007298;A;ALTA;1;PÚBLICO;14;COLEGIO DE EDUCACION INFANTIL Y PRIMARIA;CEIP;PIEDRA DE ARTE;CALLE;CALLE;FILIBERTO VILLALOBOS;1;;;;;;37;354;1;SALAMANCA;VILLAMAYOR;VILLAMAYOR;37185;923289747;923289747;;37007298@educa.jcyl.es;http://ceippiedradearte.centros.educa.jcyl.es;-5.69464;40.99608;N;N;N;S;S;S;40.99608, -5.69464
2026;37009301;A;ALTA;1;PÚBLICO;14;COLEGIO DE EDUCACION INFANTIL Y PRIMARIA;CEIP;RAFAEL ALBERTI;CALLE;CALLE;TRASERA DEL TORMES;;S/N;;;;;37;322;6;SALAMANCA;TERRADILLOS;URBANIZACIÓN EL ENCINAR;37190;923308445;923308445;;37009301@educa.jcyl.es;http://ceiprafaelalberti.centros.educa.jcyl.es;-5.58653;40.88365;N;N;N;S;S;N;40.88365, -5.58653
2026;37002112;A;ALTA;1;PÚBLICO;14;COLEGIO DE EDUCACION INFANTIL Y PRIMARIA;CEIP;SAN FRANCISCO;CALLE;CALLE;ESCUELAS;20;;;;;;37;107;3;SALAMANCA;CIUDAD RODRIGO;CIUDAD RODRIGO;37500;923460925;923460925;;37002112@educa.jcyl.es;http://ceipsanfrancisco.centros.educa.jcyl.es/sitio/;-6.52875;40.59856;N;N;N;S;S;S;40.59856, -6.52875
2026;37008771;A;ALTA;1;PÚBLICO;14;COLEGIO DE EDUCACION INFANTIL Y PRIMARIA;CEIP;SEVERIANO MONTERO SÁNCHEZ;CALLE;CALLE;SAN LAZARO;;S/N;;;;;37;246;1;SALAMANCA;PEÑARANDA DE BRACAMONTE;PEÑARANDA DE BRACAMONTE;37300;923541268;923541268;;37008771@educa.jcyl.es;http://ceipseverianomontero.centros.educa.jcyl.es;-5.20149;40.9053;N;N;N;S;N;S;40.9053, -5.20149
2026;37000255;A;ALTA;1;PÚBLICO;14;COLEGIO DE EDUCACION INFANTIL Y PRIMARIA;CEIP;SIERRA DE FRANCIA;CALLE;CALLE;FUENTE CANAL;1;;;;;;37;10;1;SALAMANCA;ALBERCA (LA);ALBERCA (LA);37624;923415024;923415024;;37000255@educa.jcyl.es;http://ceipsierradefrancia.centros.educa.jcyl.es/;-6.11157;40.48933;N;N;N;S;S;S;40.48933, -6.11157
2026;37003773;A;ALTA;1;PÚBLICO;14;COLEGIO DE EDUCACION INFANTIL Y PRIMARIA;CEIP;VIRGEN DE LA CUESTA;CRA.;CARRETERA;CARRETERA;;S/N;;;;;37;193;1;SALAMANCA;MIRANDA DEL CASTAÑAR;MIRANDA DEL CASTAÑAR;37660;923432066;;;37003773@educa.jcyl.es;http://ceipvirgendelacuesta.centros.educa.jcyl.es/;-5.9926;40.48345;N;N;N;S;S;S;40.48345, -5.9926
2026;37005423;A;ALTA;1;PÚBLICO;14;COLEGIO DE EDUCACION INFANTIL Y PRIMARIA;CEIP;VIRGEN DE LA VEGA;CALLE;CALLE;TESO DE LA FERIA;50;;;;;;37;274;2;SALAMANCA;SALAMANCA;SALAMANCA;37008;923192045;;;37005423@educa.jcyl.es;http://ceipvirgendelavega.centros.educa.jcyl.es;-5.67348;40.95237;N;N;N;S;S;N;40.95237, -5.67348
2026;37009192;A;ALTA;1;PÚBLICO;31;CENTRO PUBLICO DE EDUCACION DE PERSONAS ADULTAS;CEPA;EL INESTAL;CRA.;CARRETERA;DE MADRID;18;;;;;;37;246;1;SALAMANCA;PEÑARANDA DE BRACAMONTE;PEÑARANDA DE BRACAMONTE;37300;923540575;923540575;;37009192@educa.jcyl.es;;-5.18945;40.90152;N;N;N;N;N;N;40.90152, -5.18945
2026;37013961;A;ALTA;2;PRIVADO;73;CENTRO PRIVADO DE EDUCACION PRIMARIA Y SECUNDARIA;Colegio;ARMENTEROS;AV.;AVENIDA;LORENZO VILAS;1;;;;;;37;35;1;SALAMANCA;ARMENTEROS;ARMENTEROS;37755;923590202;;;37013961@educa.jcyl.es;;-5.44937;40.59402;N;N;S;N;N;N;40.59402, -5.44937
2026;37004674;A;ALTA;2;PRIVADO;72;CENTRO PRIVADO DE EDUCACION INFANTIL PRIMARIA Y SECUNDARIA;Colegio;LA ENCARNACIÓN;PS.;PASEO;DE LA ESTACIÓN;12;;;;;;37;246;1;SALAMANCA;PEÑARANDA DE BRACAMONTE;PEÑARANDA DE BRACAMONTE;37300;923540085;923543223;;37004674@educa.jcyl.es;http://www.laencarnacionpb.com;-5.20554;40.89855;N;N;S;S;S;N;40.89855, -5.20554
2026;37005587;A;ALTA;2;PRIVADO;72;CENTRO PRIVADO DE EDUCACION INFANTIL PRIMARIA Y SECUNDARIA;Colegio;LA MILAGROSA;CALLE;CALLE;VERGARA;45;;;;;;37;274;2;SALAMANCA;SALAMANCA;SALAMANCA;37003;923184216;923187226;;37005587@educa.jcyl.es;http://www.colegiomilagrosa.com;-5.65367;40.96216;N;N;S;S;S;N;40.96216, -5.65367
2026;37000978;A;ALTA;2;PRIVADO;72;CENTRO PRIVADO DE EDUCACION INFANTIL PRIMARIA Y SECUNDARIA;Colegio;MARÍA AUXILIADORA;CALLE;CALLE;RONDA DE NAVARRA;33;;;;;;37;46;1;SALAMANCA;BÉJAR;BÉJAR;37700;923401110;923408411;;37000978@educa.jcyl.es;http://www.bejar.salesianas.org;-5.76578;40.38795;N;N;S;S;S;N;40.38795, -5.76578
2026;37005630;A;ALTA;2;PRIVADO;72;CENTRO PRIVADO DE EDUCACION INFANTIL PRIMARIA Y SECUNDARIA;Colegio;MISIONERAS DE LA PROVIDENCIA;AV.;AVENIDA;DE LOS MARISTAS;1;;;;;;37;274;2;SALAMANCA;SALAMANCA;SALAMANCA;37007;923263522;923265086;;37005630@educa.jcyl.es;;-5.67135;40.96596;N;S;S;S;S;N;40.96596, -5.67135
2026;37005976;A;ALTA;2;PRIVADO;72;CENTRO PRIVADO DE EDUCACION INFANTIL PRIMARIA Y SECUNDARIA;Colegio;MONTESSORI;CALLE;CALLE;RAFAEL LAPESA;1;;;;;;37;274;2;SALAMANCA;SALAMANCA;SALAMANCA;37004;923240567;923252353;;37005976@educa.jcyl.es;http://www.montessorisalamanca.net;-5.64777;40.9789;N;N;S;N;S;S;40.9789, -5.64777
2026;37000981;A;ALTA;2;PRIVADO;72;CENTRO PRIVADO DE EDUCACION INFANTIL PRIMARIA Y SECUNDARIA;Colegio;NUESTRA SEÑORA DEL CASTAÑAR;CALLE;CALLE;COLÓN;8;;;;;;37;46;1;SALAMANCA;BÉJAR;BÉJAR;37700;923400363;923400513;;37000981@educa.jcyl.es;http://www.colegionscbejar.es;-5.7708;40.38654;N;S;S;S;S;N;40.38654, -5.7708
2026;37013936;A;ALTA;2;PRIVADO;15;CENTRO PRIVADO DE EDUCACION INFANTIL Y PRIMARIA;Colegio;RURAL SENDAS;CALLE;CALLE;ADOLFO SUÁREZ;24;;;;;;37;152;1;SALAMANCA;GOMECELLO;GOMECELLO;37420;923350337;;;37013936@educa.jcyl.es;;-5.53745;41.04321;N;N;N;N;N;N;41.04321, -5.53745
2026;37008965;A;ALTA;2;PRIVADO;72;CENTRO PRIVADO DE EDUCACION INFANTIL PRIMARIA Y SECUNDARIA;Colegio;SAGRADO CORAZÓN;AV.;AVENIDA;DE LOS REYES DE ESPAÑA;3;;;;;;37;274;2;SALAMANCA;SALAMANCA;SALAMANCA;37008;923217542;;;37008965@educa.jcyl.es;https://jesuitinas-salamanca.es/;-5.66491;40.95842;N;N;S;S;S;S;40.95842, -5.66491
2026;37000164;A;ALTA;2;PRIVADO;72;CENTRO PRIVADO DE EDUCACION INFANTIL PRIMARIA Y SECUNDARIA;Colegio;SANTA ISABEL;CALLE;CALLE;BENITAS;17;;;;;;37;8;1;SALAMANCA;ALBA DE TORMES;ALBA DE TORMES;37800;923301908;923301949;;37000164@educa.jcyl.es;;-5.51019;40.82702;N;N;S;S;S;N;40.82702, -5.51019
2026;37013870;A;ALTA;2;PRIVADO;600;CENTRO PRIVADO AUTORIZADO DE ENSEÑANZAS DEPORTIVAS DE FÚTBOL;CPr DEP;CENAFE;AV.;AVENIDA;DE LOS MARISTAS N.º 19-55;;;;;;;37;274;2;SALAMANCA;SALAMANCA;SALAMANCA;37007;923269400;;;37013870@educa.jcyl.es;;-5.67309;40.96725;N;N;N;N;N;N;40.96725, -5.67309
2026;37013869;A;ALTA;2;PRIVADO;600;CENTRO PRIVADO AUTORIZADO DE ENSEÑANZAS DEPORTIVAS DE FÚTBOL;CPr DEP;DOCENTER FORMACIÓN DEPORTIVA;AV.;AVENIDA;SAN AGUSTÍN;113;;;;;;37;274;2;SALAMANCA;SALAMANCA;SALAMANCA;37005;615068088;;;37013869@educa.jcyl.es;http://docenterformacion.com/;-5.65485;40.98168;N;N;N;N;N;N;40.98168, -5.65485
2026;37008931;A;ALTA;2;PRIVADO;21;CENTRO PRIVADO DE EDUCACION ESPECIAL;CPrEE;EL CAMINO;CALLE;CALLE;CAMINO ALTO DE VILLAMAYOR A LOS VILLARES;;S/N;;;;;37;354;1;SALAMANCA;VILLAMAYOR;VILLAMAYOR;37185;923289585;923289559;;37008931@educa.jcyl.es;;-5.68515;40.9995;N;N;S;N;S;S;40.9995, -5.68515
2026;37009982;A;ALTA;2;PRIVADO;21;CENTRO PRIVADO DE EDUCACION ESPECIAL;CPrEE;LA CAÑADA;CALLE;CALLE;LA MORAL;11;;;;;;37;274;2;SALAMANCA;SALAMANCA;SALAMANCA;37006;923123600;;;37009982@educa.jcyl.es;;-5.67653;40.97616;N;N;S;N;S;N;40.97616, -5.67653
2026;37013316;A;ALTA;2;PRIVADO;21;CENTRO PRIVADO DE EDUCACION ESPECIAL;CPrEE;LOS TILOS;CALLE;CALLE;LOS TILOS;26;;;;;;37;274;2;SALAMANCA;SALAMANCA;SALAMANCA;37004;923190394;923191166;;37013316@educa.jcyl.es;;-5.6513;40.97463;N;N;S;N;S;N;40.97463, -5.6513
2026;37010194;A;ALTA;2;PRIVADO;4;CENTRO PRIVADO DE EDUCACION INFANTIL;CPrEI;CABRERIZOS;CALLE;CALLE;JUAN DE VILLANUEVA;23;;;;;;37;67;4;SALAMANCA;CABRERIZOS;CABRERIZOS;37193;923209128;923181870;;37010194@educa.jcyl.es;;-5.61437;40.9765;N;N;N;N;S;S;40.9765, -5.61437
2026;37014023;A;ALTA;2;PRIVADO;4;CENTRO PRIVADO DE EDUCACION INFANTIL;CPrEI;CANIJOS;CALLE;CALLE;GIL DE HONTAÑÓN;20;;;;;;37;85;1;SALAMANCA;CARBAJOSA DE LA SAGRADA;CARBAJOSA DE LA SAGRADA;37188;605907905;;;37014023@educa.jcyl.es;;-5.64946;40.93488;N;N;N;N;N;N;40.93488, -5.64946
2026;37014072;A;ALTA;2;PRIVADO;4;CENTRO PRIVADO DE EDUCACION INFANTIL;CPrEI;CHISPITINAS;AV.;AVENIDA;FILIBERTO VILLALOBOS;82;;;;;;37;274;2;SALAMANCA;SALAMANCA;SALAMANCA;37006;923134236;;;37014072@educa.jcyl.es;;-5.67793;40.97133;N;N;N;N;N;N;40.97133, -5.67793
2026;37014114;A;ALTA;2;PRIVADO;4;CENTRO PRIVADO DE EDUCACION INFANTIL;CPrEI;DUENDES;CRA.;CARRETERA;MADRID;;S/N LOCAL 13-14;;;;;37;294;2;SALAMANCA;SANTA MARTA DE TORMES;SANTA MARTA DE TORMES;37900;644325676;;;37014114@educa.jcyl.es;;-5.6418;40.95104;N;N;N;N;N;N;40.95104, -5.6418
2026;37010170;A;ALTA;2;PRIVADO;4;CENTRO PRIVADO DE EDUCACION INFANTIL;CPrEI;EL GLOBO ROJO;CALLE;CALLE;LOS HIDALGOS - PARQUE LAS SALESAS;14;;;;;;37;274;2;SALAMANCA;SALAMANCA;SALAMANCA;37005;923243820;923243820;;37010170@educa.jcyl.es;;-5.66115;40.97563;N;N;S;S;S;N;40.97563, -5.66115
2026;37013353;A;ALTA;2;PRIVADO;4;CENTRO PRIVADO DE EDUCACION INFANTIL;CPrEI;LA CASA DE CAMPO;CALLE;CALLE;RÍO GANGES;26;;;;;;37;354;1;SALAMANCA;VILLAMAYOR;VILLAMAYOR;37185;923289642;;;37013353@educa.jcyl.es;;-5.69096;41.00143;N;N;N;N;S;N;41.00143, -5.69096
2026;37014059;A;ALTA;2;PRIVADO;4;CENTRO PRIVADO DE EDUCACION INFANTIL;CPrEI;LA VEREDA;URB.;URBANIZACION;VERSALLES;24;;;;;;37;294;2;SALAMANCA;SANTA MARTA DE TORMES;SANTA MARTA DE TORMES;37900;923176510;;;37014059@educa.jcyl.es;;;;N;N;N;N;N;N;
2026;37013596;A;ALTA;2;PRIVADO;4;CENTRO PRIVADO DE EDUCACION INFANTIL;CPrEI;PSN BICOS;CALLE;CALLE;JUAN MALUQUER;21;;;;;;37;274;2;SALAMANCA;SALAMANCA;SALAMANCA;37007;923216810;;;37013596@educa.jcyl.es;https://www.psnbicos.es/;-5.67892;40.97056;N;N;N;N;S;N;40.97056, -5.67892
2026;37008394;A;ALTA;2;PRIVADO;69;CENTRO PRIVADO INTEGRADO DE FORMACION PROFESIONAL;CPrIFP;LORENZO MILANI;CALLE;CALLE;PARAJE ALDEHUELA DE LOS GUZMANES;;S/N;;;;;37;67;1;SALAMANCA;CABRERIZOS;ALDEHUELA DE LOS GUZMANES;37193;923180831;;;37008394@educa.jcyl.es;https://fplorenzomilani.es/;-5.62486;40.96638;N;S;S;N;N;N;40.96638, -5.62486
2026;37006002;A;ALTA;1;PÚBLICO;501;ESCUELA DE ARTE Y SUPERIOR DE CONSERVACIÓN Y RESTAURACIÓN DE BIENES CULTURALES;EA;ESCUELA DE ARTE DE SALAMANCA;AV.;AVENIDA;FILIBERTO VILLALOBOS;;7-27;;;;;37;274;2;SALAMANCA;SALAMANCA;SALAMANCA;37007;923263196;923261524;;37006002@educa.jcyl.es;https://www.eassalamanca.es;-5.6712;40.96743;N;N;N;N;N;N;40.96743, -5.6712
2026;37014199;A;ALTA;1;PÚBLICO;3;ESCUELA DE EDUCACION INFANTIL;EEI;GLORIA FUERTES;CALLE;CALLE;GLORIA FUERTES;2;;;;;;37;87;20;SALAMANCA;CARRASCAL DE BARREGAS;PEÑASOLANA-LOS MONTALVOS;37129;923330192;;;37014199@educa.jcyl.es;;-5.73853;40.94468;N;N;N;N;N;N;40.94468, -5.73853
2026;37013766;A;ALTA;1;PÚBLICO;3;ESCUELA DE EDUCACION INFANTIL;EEI;JOSÉ MANUEL HIDALGO;PS.;PASEO;CARMELITAS;46;;;;;;37;107;3;SALAMANCA;CIUDAD RODRIGO;CIUDAD RODRIGO;37500;923042256;923498401;;37013766@educa.jcyl.es;;-6.52369;40.60341;N;N;N;N;N;N;40.60341, -6.52369
2026;37014141;A;ALTA;1;PÚBLICO;3;ESCUELA DE EDUCACION INFANTIL;EEI;LA CASITA DE COLORES;CALLE;CALLE;ANCHA;5;;;;;;37;92;1;SALAMANCA;CASTELLANOS DE MORISCOS;CASTELLANOS DE MORISCOS;37439;923361337;;;37014141@educa.jcyl.es;;-5.59554;41.01857;N;N;N;N;N;N;41.01857, -5.59554
2026;37013298;A;ALTA;1;PÚBLICO;3;ESCUELA DE EDUCACION INFANTIL;EEI;LOS PIZARRALES;CALLE;CALLE;OBISPO ALCOLEA;;S/N;;;;;37;274;2;SALAMANCA;SALAMANCA;SALAMANCA;37006;923255366;;;37013298@educa.jcyl.es;;-5.67487;40.97985;N;N;N;N;S;N;40.97985, -5.67487
2026;37013584;A;ALTA;1;PÚBLICO;3;ESCUELA DE EDUCACION INFANTIL;EEI;MAESTRO JOSÉ CEREZAL;CALLE;CALLE;CAÑADA REAL;1;;;;;;37;117;2;SALAMANCA;DOÑINOS DE SALAMANCA;DOÑINOS DE SALAMANCA;37120;655118444;;;37013584@educa.jcyl.es;;-5.74239;40.95865;N;N;N;N;S;N;40.95865, -5.74239
2026;37013705;A;ALTA;1;PÚBLICO;3;ESCUELA DE EDUCACION INFANTIL;EEI;REMIGIO HERNÁNDEZ MORÁN;CALLE;CALLE;RONDA MAESTRA DOÑA ÁNGELA BENITO HERAS;2;;;;;;37;170;9;SALAMANCA;LEDESMA;LEDESMA;37100;923570086;;;37013705@educa.jcyl.es;;-5.99915;41.08805;N;N;N;N;N;N;41.08805, -5.99915
2026;37013249;A;ALTA;1;PÚBLICO;3;ESCUELA DE EDUCACION INFANTIL;EEI;SAN FRANCISCO DE ASIS;CALLE;CALLE;MONTE MARIO;;S/N;;;;;37;46;1;SALAMANCA;BÉJAR;BÉJAR;37700;923402121;923402121;;37013249@educa.jcyl.es;http://eeisanfranciscodeasis.centros.educa.jcyl.es/sitio/;-5.7531;40.38392;N;N;N;N;S;N;40.38392, -5.7531
2026;37010182;A;ALTA;1;PÚBLICO;185;ESCUELA DE MUSICA;EM;ESCUELA DE MÚSICA DE SALAMANCA;CALLE;CALLE;JUAN DE GARAY;8;;;;;;37;274;2;SALAMANCA;SALAMANCA;SALAMANCA;37004;923250237;;;37010182@educa.jcyl.es;;-5.64893;40.97564;N;N;N;N;N;N;40.97564, -5.64893
2026;37010030;A;ALTA;1;PÚBLICO;187;ESCUELA DE MUSICA Y DANZA;EMD;ESCUELA DE MÚSICA Y DANZA DE BÉJAR;CALLE;CALLE;RONDA DE GRANADA;7;;;;;;37;46;1;SALAMANCA;BÉJAR;BÉJAR;37700;923400599;923411493;;37010030@educa.jcyl.es;;-5.76604;40.38356;N;N;N;N;N;N;40.38356, -5.76604
2026;37008205;A;ALTA;1;PÚBLICO;42;INSTITUTO DE EDUCACION SECUNDARIA;IES;CAMPO CHARRO;PZ.;PLAZA;MIGUEL DE UNAMUNO;;S/N;;;;;37;135;2;SALAMANCA;FUENTE DE SAN ESTEBAN (LA);FUENTE DE SAN ESTEBAN (LA);37200;923440152;923440152;;37008205@educa.jcyl.es;http://iescampocharro.centros.educa.jcyl.es;-6.25566;40.79911;N;N;N;S;N;S;40.79911, -6.25566
2026;37005939;A;ALTA;1;PÚBLICO;42;INSTITUTO DE EDUCACION SECUNDARIA;IES;FEDERICO GARCÍA BERNALT;AV.;AVENIDA;DE ASTORGA;;S/N;;;;;37;274;2;SALAMANCA;SALAMANCA;SALAMANCA;37006;923182370;923182334;;37005939@educa.jcyl.es;http://iesgarciabernalt.centros.educa.jcyl.es;-5.66847;40.98114;N;N;N;S;N;S;40.98114, -5.66847
2026;37008084;A;ALTA;1;PÚBLICO;42;INSTITUTO DE EDUCACION SECUNDARIA;IES;FERNANDO DE ROJAS;CALLE;CALLE;CALLLE COLOMBIA;;42-98;;;;;37;274;2;SALAMANCA;SALAMANCA;SALAMANCA;37003;923182372;923183179;;37008084@educa.jcyl.es;http://iesfernandoderojas.centros.educa.jcyl.es;-5.64142;40.96907;N;N;N;S;S;S;40.96907, -5.64142
2026;37010091;A;ALTA;1;PÚBLICO;42;INSTITUTO DE EDUCACION SECUNDARIA;IES;LEONARDO DA VINCI;CALLE;CALLE;SAN FRANCISCO;;S/N;;;;;37;8;1;SALAMANCA;ALBA DE TORMES;ALBA DE TORMES;37800;923300269;923370313;;37010091@educa.jcyl.es;http://iesleonardodavinci.centros.educa.jcyl.es;-5.50952;40.82765;N;N;N;S;N;S;40.82765, -5.50952
2026;37006014;A;ALTA;1;PÚBLICO;42;INSTITUTO DE EDUCACION SECUNDARIA;IES;MATEO HERNÁNDEZ;CALLE;CALLE;DE LA DOCENCIA;;S/N;;;;;37;274;2;SALAMANCA;SALAMANCA;SALAMANCA;37005;923222762;;;37006014@educa.jcyl.es;http://iesmateohernandez.centros.educa.jcyl.es/;-5.65352;40.98087;N;N;N;S;N;S;40.98087, -5.65352
2026;37010078;A;ALTA;1;PÚBLICO;42;INSTITUTO DE EDUCACION SECUNDARIA;IES;TIERRAS DE ABADENGO;CALLE;CALLE;BUEN MAESTRO;11;;;;;;37;173;1;SALAMANCA;LUMBRALES;LUMBRALES;37240;923512115;;;37010078@educa.jcyl.es;http://iestierrasdeabadengo.centros.educa.jcyl.es;-6.71678;40.93822;N;N;N;S;N;S;40.93822, -6.71678
2026;37009131;A;ALTA;1;PÚBLICO;42;INSTITUTO DE EDUCACION SECUNDARIA;IES;VENANCIO BLANCO;CALLE;CALLE;FILIPINAS;33;;;;;;37;274;2;SALAMANCA;SALAMANCA;SALAMANCA;37003;923183441;923183433;;37009131@educa.jcyl.es;http://www.iesvenancioblanco.es;-5.64522;40.96996;N;N;N;S;N;S;40.96996, -5.64522
2026;37009787;A;ALTA;1;PÚBLICO;49;INSTITUTO DE EDUCACION SECUNDARIA OBLIGATORIA;IESO;LAS BATUECAS;CRA.;CARRETERA;DE LAS BATUECAS;;S/N;;;;;37;10;1;SALAMANCA;ALBERCA (LA);ALBERCA (LA);37624;923415289;;;37009787@educa.jcyl.es;http://iesolasbatuecas.centros.educa.jcyl.es;-6.11368;40.48971;N;N;N;S;N;S;40.48971, -6.11368
2026;37000966;A;ALTA;1;PÚBLICO;49;INSTITUTO DE EDUCACION SECUNDARIA OBLIGATORIA;IESO;QUERCUS;PS.;PASEO;DEL PONIENTE;;S/N;;;;;37;322;6;SALAMANCA;TERRADILLOS;URBANIZACIÓN EL ENCINAR;37190;923373315;;;37000966@educa.jcyl.es;http://iesoquercus.centros.educa.jcyl.es/;-5.58658;40.88231;N;N;N;S;N;N;40.88231, -5.58658
2026;37009751;A;ALTA;1;PÚBLICO;131;CONSERVATORIO PROFESIONAL DE MUSICA;C Música;CONSERVATORIO DE SALAMANCA;CALLE;CALLE;TAHONAS VIEJAS;5;;;;;;37;274;2;SALAMANCA;SALAMANCA;SALAMANCA;37002;923281359;923281543;;37009751@educa.jcyl.es;http://conservatoriosalamanca.centros.educa.jcyl.es;-5.66794;40.96417;N;N;N;N;N;N;40.96417, -5.66794
2026;37008229;A;ALTA;1;PÚBLICO;132;CONSERVATORIO SUPERIOR DE MUSICA;C Música;CONSERVATORIO SUPERIOR DE CASTILLA Y LEÓN;CALLE;CALLE;LAZARILLO DE TORMES;;54-70;;;;;37;274;2;SALAMANCA;SALAMANCA;SALAMANCA;37005;923282115;923282878;;37008229@educa.jcyl.es;;-5.65724;40.97664;N;N;N;N;N;N;40.97664, -5.65724
2026;37005216;A;ALTA;1;PÚBLICO;14;COLEGIO DE EDUCACION INFANTIL Y PRIMARIA;CEIP;ALFONSO X EL SABIO;AV.;AVENIDA;DE JUAN DE AUSTRIA;1;;;;;;37;274;2;SALAMANCA;SALAMANCA;SALAMANCA;37008;923261845;923261845;;37005216@educa.jcyl.es;http://ceipalfonsoxelsabio.centros.educa.jcyl.es;-5.66955;40.95272;N;N;N;S;S;N;40.95272, -5.66955
2026;37008461;A;ALTA;1;PÚBLICO;14;COLEGIO DE EDUCACION INFANTIL Y PRIMARIA;CEIP;CAJA DE AHORROS;CALLE;CALLE;BENAVENTE;;S/N;;;;;37;274;2;SALAMANCA;SALAMANCA;SALAMANCA;37003;923182017;923182017;;37008461@educa.jcyl.es;http://ceipcajadeahorros.centros.educa.jcyl.es;-5.65018;40.96461;N;N;N;S;N;N;40.96461, -5.65018
2026;37009295;A;ALTA;1;PÚBLICO;14;COLEGIO DE EDUCACION INFANTIL Y PRIMARIA;CEIP;CARMEN MARTÍN GAITE;PS.;PASEO;PROFESOR ENRIQUE TIERNO GALVÁN;;S/N;;;;;37;294;2;SALAMANCA;SANTA MARTA DE TORMES;SANTA MARTA DE TORMES;37900;923130835;923130835;;37009295@educa.jcyl.es;http://ceipcarmenmartingaite.centros.educa.jcyl.es/;-5.62654;40.94641;N;N;N;S;S;N;40.94641, -5.62654
2026;37013641;A;ALTA;1;PÚBLICO;14;COLEGIO DE EDUCACION INFANTIL Y PRIMARIA;CEIP;COLEGIO PÚBLICO DE VILLARES DE LA REINA;CALLE;CALLE;ESCUELAS;;S/N;;;;;37;362;3;SALAMANCA;VILLARES DE LA REINA;VILLARES DE LA REINA;37184;923288346;923288346;;37013641@educa.jcyl.es;http://ceipvillaresdelareina.centros.educa.jcyl.es;-5.67152;41.02009;N;N;N;S;S;S;41.02009, -5.67152
2026;37009866;A;ALTA;1;PÚBLICO;14;COLEGIO DE EDUCACION INFANTIL Y PRIMARIA;CEIP;CRA ABADENGO;CALLE;CALLE;ERAS;35;;;;;;37;160;1;SALAMANCA;HINOJOSA DE DUERO;HINOJOSA DE DUERO;37230;923515305;923515305;;37009866@educa.jcyl.es;http://craabadengo.centros.educa.jcyl.es;-6.79387;40.98613;S;N;N;S;N;N;40.98613, -6.79387
2026;37009623;A;ALTA;1;PÚBLICO;14;COLEGIO DE EDUCACION INFANTIL Y PRIMARIA;CEIP;CRA LLANOGRANDE;CALLE;CALLE;UNAMUNO;;S/N;;;;;37;330;1;SALAMANCA;VALDECARROS;VALDECARROS;37881;923383092;;;37009623@educa.jcyl.es;http://crallanogrande.centros.educa.jcyl.es;-5.42301;40.7696;S;N;N;S;N;S;40.7696, -5.42301
2026;37009489;A;ALTA;1;PÚBLICO;14;COLEGIO DE EDUCACION INFANTIL Y PRIMARIA;CEIP;CRA LOS ARAPILES;CALLE;CALLE;RONDA SUR;8;;;;;;37;23;1;SALAMANCA;ALDEATEJADA;ALDEATEJADA;37187;923341179;;;37009489@educa.jcyl.es;http://cralosarapiles.centros.educa.jcyl.es;-5.6938;40.92046;S;N;N;S;N;S;40.92046, -5.6938
2026;37009878;A;ALTA;1;PÚBLICO;14;COLEGIO DE EDUCACION INFANTIL Y PRIMARIA;CEIP;CRA LOS ROBLES;CRA.;CARRETERA;DE SANCHOTELLO;;S/N;;;;;37;171;1;SALAMANCA;LEDRADA;LEDRADA;37730;923591247;923591247;;37009878@educa.jcyl.es;http://cralosrobles.centros.educa.jcyl.es;-5.70853;40.49807;S;N;N;S;S;S;40.49807, -5.70853
2026;37013365;A;ALTA;1;PÚBLICO;14;COLEGIO DE EDUCACION INFANTIL Y PRIMARIA;CEIP;CRA MARÍA MOLINER;CALLE;CALLE;ESCUELAS;6;;;;;;37;92;1;SALAMANCA;CASTELLANOS DE MORISCOS;CASTELLANOS DE MORISCOS;37439;923361337;923361337;;37013365@educa.jcyl.es;http://cramariamoliner.centros.educa.jcyl.es/;-5.58965;41.01723;S;N;N;S;N;N;41.01723, -5.58965
2026;37009556;A;ALTA;1;PÚBLICO;14;COLEGIO DE EDUCACION INFANTIL Y PRIMARIA;CEIP;CRA PEÑA DE FRANCIA;CALLE;CALLE;RUA;14;;;;;;37;177;1;SALAMANCA;MAÍLLO (EL);MAÍLLO (EL);37621;923485509;923485509;;37009556@educa.jcyl.es;http://crapenadefrancia.centros.educa.jcyl.es;-6.1814;40.56556;S;N;N;S;N;N;40.56556, -6.1814
2026;37009829;A;ALTA;1;PÚBLICO;14;COLEGIO DE EDUCACION INFANTIL Y PRIMARIA;CEIP;CRA RIBERA DE CAÑEDO;CALLE;CALLE;POZO DEL CAMPO;22;;;;;;37;73;1;SALAMANCA;CALZADA DE VALDUNCIEL;CALZADA DE VALDUNCIEL;37797;923310019;923310019;;37009829@educa.jcyl.es;http://crariberadecanedo.centros.educa.jcyl.es/;-5.69938;41.08556;S;N;N;S;S;S;41.08556, -5.69938
2026;37009659;A;ALTA;1;PÚBLICO;14;COLEGIO DE EDUCACION INFANTIL Y PRIMARIA;CEIP;CRA RÍO ÁGUEDA;CALLE;CALLE;RODRÍGUEZ ALMEIDA;45;;;;;;37;357;1;SALAMANCA;VILLAR DE CIERVO;VILLAR DE CIERVO;37488;923488168;923488168;;37009659@educa.jcyl.es;http://crarioagueda.centros.educa.jcyl.es;-6.73841;40.73748;S;N;N;S;N;N;40.73748, -6.73841
2026;37000917;A;ALTA;1;PÚBLICO;14;COLEGIO DE EDUCACION INFANTIL Y PRIMARIA;CEIP;FILIBERTO VILLALOBOS;CALLE;CALLE;FILIBERTO VILLALOBOS;;S/N;;;;;37;46;1;SALAMANCA;BÉJAR;BÉJAR;37700;923408172;923408046;;37000917@educa.jcyl.es;http://ceipfilibertovillalobosbejar.centros.educa.jcyl.es;-5.76709;40.38514;N;N;N;S;S;N;40.38514, -5.76709
2026;37005253;A;ALTA;1;PÚBLICO;14;COLEGIO DE EDUCACION INFANTIL Y PRIMARIA;CEIP;FRANCISCO DE VITORIA;CALLE;CALLE;PADILLEROS;2;;;;;;37;274;2;SALAMANCA;SALAMANCA;SALAMANCA;37002;923218493;923218493;;37005253@educa.jcyl.es;http://cpfranciscodevitoria.centros.educa.jcyl.es;-5.66198;40.96888;N;N;N;S;S;N;40.96888, -5.66198
2026;37000929;A;ALTA;1;PÚBLICO;14;COLEGIO DE EDUCACION INFANTIL Y PRIMARIA;CEIP;LA ANTIGUA;CALLE;CALLE;29 DE AGOSTO;55;;;;;;37;46;1;SALAMANCA;BÉJAR;BÉJAR;37700;923411037;923411037;;37000929@educa.jcyl.es;http://cplaantigua.centros.educa.jcyl.es;-5.77741;40.38864;N;N;N;S;S;N;40.38864, -5.77741
2026;37005290;A;ALTA;1;PÚBLICO;14;COLEGIO DE EDUCACION INFANTIL Y PRIMARIA;CEIP;LAZARILLO DE TORMES;CALLE;CALLE;EL LAGAR;;1-17;;;;;37;274;2;SALAMANCA;SALAMANCA;SALAMANCA;37008;923192813;923192813;;37005290@educa.jcyl.es;http://ceiplazarillodetormes.centros.educa.jcyl.es/;-5.68333;40.95498;N;N;N;S;S;S;40.95498, -5.68333
2026;37008497;A;ALTA;1;PÚBLICO;14;COLEGIO DE EDUCACION INFANTIL Y PRIMARIA;CEIP;LEÓN FELIPE;CALLE;CALLE;MAESTRO BARBIERI;3;;;;;;37;274;2;SALAMANCA;SALAMANCA;SALAMANCA;37008;923271084;;;37008497@educa.jcyl.es;http://ceipleonfelipe.centros.educa.jcyl.es;-5.66054;40.94929;N;N;N;S;S;N;40.94929, -5.66054
2026;37008761;A;ALTA;1;PÚBLICO;14;COLEGIO DE EDUCACION INFANTIL Y PRIMARIA;CEIP;MIRÓBRIGA;PS.;PASEO;DE CARMELITAS;24;;;;;;37;107;3;SALAMANCA;CIUDAD RODRIGO;CIUDAD RODRIGO;37500;923463016;923463016;;37008761@educa.jcyl.es;http://ceipmirobriga.centros.educa.jcyl.es;-6.52571;40.60278;N;N;N;S;S;S;40.60278, -6.52571
2026;37005320;A;ALTA;1;PÚBLICO;14;COLEGIO DE EDUCACION INFANTIL Y PRIMARIA;CEIP;NICOLÁS RODRÍGUEZ ANICETO;CALLE;CALLE;LA MORAL;11;;;;;;37;274;2;SALAMANCA;SALAMANCA;SALAMANCA;37006;923221090;923221090;;37005320@educa.jcyl.es;http://ceipnicolasrodriguezaniceto.centros.educa.jcyl.es/;-5.67653;40.97616;N;N;N;S;S;N;40.97616, -5.67653
2026;37003359;A;ALTA;1;PÚBLICO;14;COLEGIO DE EDUCACION INFANTIL Y PRIMARIA;CEIP;NUESTRA SEÑORA DEL CARMEN;CRA.;CARRETERA;DE CALZADILLA;;S/N;;;;;37;170;9;SALAMANCA;LEDESMA;LEDESMA;37100;923570281;923570281;;37003359@educa.jcyl.es;http://ceipledesma.centros.educa.jcyl.es;-6.00554;41.08781;N;N;N;S;S;S;41.08781, -6.00554
2026;37008643;A;ALTA;1;PÚBLICO;14;COLEGIO DE EDUCACION INFANTIL Y PRIMARIA;CEIP;SAN BLAS;CALLE;CALLE;GENERAL GUTIÉRREZ MELLADO;;S/N;;;;;37;294;2;SALAMANCA;SANTA MARTA DE TORMES;SANTA MARTA DE TORMES;37900;923138544;923138544;;37008643@educa.jcyl.es;http://ceipsanblas.centros.educa.jcyl.es;-5.61966;40.95287;N;N;N;S;S;N;40.95287, -5.61966
2026;37007687;A;ALTA;1;PÚBLICO;14;COLEGIO DE EDUCACION INFANTIL Y PRIMARIA;CEIP;VILLA DE FELIPE II;CALLE;CALLE;ERAS;;S/N;;;;;37;375;1;SALAMANCA;VILLORUELA;VILLORUELA;37338;923356692;923356692;;37007687@educa.jcyl.es;http://ceipvilladefelipeii.centros.educa.jcyl.es;-5.39225;41.00676;N;N;N;S;N;N;41.00676, -5.39225
2026;37005368;A;ALTA;1;PÚBLICO;14;COLEGIO DE EDUCACION INFANTIL Y PRIMARIA;CEIP;VILLAR Y MACÍAS;AV.;AVENIDA;FILIBERTO VILLALOBOS;119;;;;;;37;274;2;SALAMANCA;SALAMANCA;SALAMANCA;37007;923230617;923230617;;37005368@educa.jcyl.es;http://ceipvillarymacias.centros.educa.jcyl.es/;-5.67647;40.97214;N;N;N;S;S;N;40.97214, -5.67647
2026;37001995;A;ALTA;1;PÚBLICO;14;COLEGIO DE EDUCACION INFANTIL Y PRIMARIA;CEIP;VIRGEN DEL CARRASCAL;CALLE;CALLE;ESCUELAS;;S/N;;;;;37;103;1;SALAMANCA;CESPEDOSA DE TORMES;CESPEDOSA DE TORMES;37750;923152757;923152757;;37001995@educa.jcyl.es;http://ceipvirgendelcarrascal.centros.educa.jcyl.es/sitio/;-5.58108;40.54278;N;N;N;S;N;N;40.54278, -5.58108
2026;37009957;A;ALTA;1;PÚBLICO;31;CENTRO PUBLICO DE EDUCACION DE PERSONAS ADULTAS;CEPA;CENTRO DE ADULTOS DE SANTA MARTA DE TORMES;CALLE;CALLE;UNICEF;3;;;;;;37;294;2;SALAMANCA;SANTA MARTA DE TORMES;SANTA MARTA DE TORMES;37900;923200500;923200500;;37009957@educa.jcyl.es;http://ceasantamartadetormes.centros.educa.jcyl.es;-5.63296;40.94657;N;N;N;N;N;N;40.94657, -5.63296
2026;37008540;A;ALTA;1;PÚBLICO;31;CENTRO PUBLICO DE EDUCACION DE PERSONAS ADULTAS;CEPA;FRANCISCO GINER DE LOS RÍOS;CALLE;CALLE;GRAN CAPITÁN;;S/N;;;;;37;274;2;SALAMANCA;SALAMANCA;SALAMANCA;37006;923259032;923259032;;37008540@educa.jcyl.es;http://cepaginerdelosrios.centros.educa.jcyl.es;-5.66511;40.97456;N;N;N;N;N;N;40.97456, -5.66511
2026;37008217;A;ALTA;1;PÚBLICO;68;CENTRO PUBLICO INTEGRADO DE FORMACION PROFESIONAL;CIFP;RODRÍGUEZ FABRÉS;PS.;PASEO;DEL TORMES;;31-77;;;;;37;274;2;SALAMANCA;SALAMANCA;SALAMANCA;37008;923217301;923210525;;37008217@educa.jcyl.es;http://cifprodriguezfabres.centros.educa.jcyl.es;-5.65982;40.95801;N;S;N;S;N;S;40.95801, -5.65982
2026;37005484;A;ALTA;2;PRIVADO;72;CENTRO PRIVADO DE EDUCACION INFANTIL PRIMARIA Y SECUNDARIA;Colegio;AMOR DE DIOS;CALLE;CALLE;VÁZQUEZ CORONADO;25;;;;;;37;274;2;SALAMANCA;SALAMANCA;SALAMANCA;37002;923280890;923280891;;37005484@educa.jcyl.es;;-5.66213;40.96769;N;N;S;S;S;N;40.96769, -5.66213
2026;37009763;A;ALTA;2;PRIVADO;72;CENTRO PRIVADO DE EDUCACION INFANTIL PRIMARIA Y SECUNDARIA;Colegio;ANTONIO MACHADO;CALLE;CALLE;PINTOR DÍAZ CANEJA;28;;;;;;37;274;2;SALAMANCA;SALAMANCA;SALAMANCA;37003;923180460;923180459;;37009763@educa.jcyl.es;;-5.64634;40.96603;N;N;S;S;S;N;40.96603, -5.64634
2026;37005541;A;ALTA;2;PRIVADO;72;CENTRO PRIVADO DE EDUCACION INFANTIL PRIMARIA Y SECUNDARIA;Colegio;DIVINO MAESTRO;AV.;AVENIDA;SAN AGUSTÍN;26;;;;;;37;274;2;SALAMANCA;SALAMANCA;SALAMANCA;37005;923220392;923220392;;37005541@educa.jcyl.es;http://www.divinomaestrofesalamanca.com;-5.65983;40.97769;N;N;S;S;S;N;40.97769, -5.65983
2026;37005551;A;ALTA;2;PRIVADO;72;CENTRO PRIVADO DE EDUCACION INFANTIL PRIMARIA Y SECUNDARIA;Colegio;ESCLAVAS SAGRADO CORAZÓN DE JESÚS;PS.;PASEO;DEL ROLLO;39;;;;;;37;274;2;SALAMANCA;SALAMANCA;SALAMANCA;37003;923225200;923255208;;37005551@educa.jcyl.es;http://colegioesclavassalamanca.com;-5.65155;40.96624;N;N;S;S;S;N;40.96624, -5.65155
2026;37005599;A;ALTA;2;PRIVADO;72;CENTRO PRIVADO DE EDUCACION INFANTIL PRIMARIA Y SECUNDARIA;Colegio;MAESTRO ÁVILA;CALLE;CALLE;FONSECA;29;;;;;;37;274;2;SALAMANCA;SALAMANCA;SALAMANCA;37007;923214200;923262928;;37005599@educa.jcyl.es;http://www.colegiomaestroavila.com;-5.6702;40.96501;N;N;S;S;S;N;40.96501, -5.6702
2026;37005605;A;ALTA;2;PRIVADO;72;CENTRO PRIVADO DE EDUCACION INFANTIL PRIMARIA Y SECUNDARIA;Colegio;MARÍA AUXILIADORA;CALLE;CALLE;PADRE CÁMARA;1;;;;;;37;274;2;SALAMANCA;SALAMANCA;SALAMANCA;37004;923282431;923220437;;37005605@educa.jcyl.es;https://salesianosmaux.es/colegio;-5.65851;40.97049;N;N;S;S;S;N;40.97049, -5.65851
2026;37005678;A;ALTA;2;PRIVADO;72;CENTRO PRIVADO DE EDUCACION INFANTIL PRIMARIA Y SECUNDARIA;Colegio;PADRES TRINITARIOS;AV.;AVENIDA;DE FILIBERTO VILLALOBOS;82;;;;;;37;274;2;SALAMANCA;SALAMANCA;SALAMANCA;37007;923282487;;;37005678@educa.jcyl.es;;-5.67508;40.97094;N;N;S;S;S;N;40.97094, -5.67508
2026;37005794;A;ALTA;2;PRIVADO;72;CENTRO PRIVADO DE EDUCACION INFANTIL PRIMARIA Y SECUNDARIA;Colegio;SAGRADA FAMILIA - SIERVAS DE SAN JOSÉ;CALLE;CALLE;MARQUESA DE ALMARZA;1;;;;;;37;274;2;SALAMANCA;SALAMANCA;SALAMANCA;37001;923270011;923271397;;37005794@educa.jcyl.es;;-5.66234;40.96217;N;N;S;S;S;N;40.96217, -5.66234
2026;37005782;A;ALTA;2;PRIVADO;72;CENTRO PRIVADO DE EDUCACION INFANTIL PRIMARIA Y SECUNDARIA;Colegio;SANTÍSIMA TRINIDAD;PS.;PASEO;DE CARMELITAS;46;- 52;;;;;37;274;2;SALAMANCA;SALAMANCA;SALAMANCA;37007;923225477;;;37005782@educa.jcyl.es;https://www.trinitarias.com;-5.66689;40.96857;N;N;S;S;S;N;40.96857, -5.66689
2026;37000176;A;ALTA;2;PRIVADO;45;CENTRO PRIVADO DE EDUCACION SECUNDARIA;Colegio;SEMINARIO SAN JERÓNIMO;CRA.;CARRETERA;DE GALINDUSTE;;S/N;;;;;37;8;1;SALAMANCA;ALBA DE TORMES;ALBA DE TORMES;37800;923300135;923300808;;37000176@educa.jcyl.es;http://www.sanjeronimo.es/;-5.51542;40.8109;N;S;N;N;S;N;40.8109, -5.51542
2026;37014102;A;ALTA;2;PRIVADO;4;CENTRO PRIVADO DE EDUCACION INFANTIL;CPrEI;AULA PIMENTÓN MAESTRO ÁVILA;CALLE;CALLE;FONSECA;29;;;;;;37;274;2;SALAMANCA;SALAMANCA;SALAMANCA;37007;;;;37014102@educa.jcyl.es;;-5.67084;40.96456;N;N;N;N;N;N;40.96456, -5.67084
2026;37013389;A;ALTA;2;PRIVADO;4;CENTRO PRIVADO DE EDUCACION INFANTIL;CPrEI;TEBEO;CALLE;CALLE;ENRIQUE SENA;22;;;;;;37;274;2;SALAMANCA;SALAMANCA;SALAMANCA;37007;923207800;;;37013389@educa.jcyl.es;;-5.63062;40.94946;N;N;N;N;S;N;40.94946, -5.63062
2026;37013857;A;ALTA;2;PRIVADO;58;CENTRO PRIVADO DE FORMACION PROFESIONAL ESPECIFICA;CPrFP;CASA ESCUELA SANTIAGO UNO;CALLE;CALLE;SANTIAGO;1;;;;;;37;274;2;SALAMANCA;SALAMANCA;SALAMANCA;37008;923219511;923219511;;37013857@educa.jcyl.es;;-5.66707;40.95894;N;N;S;N;N;N;40.95894, -5.66707
2026;37013985;A;ALTA;2;PRIVADO;58;CENTRO PRIVADO DE FORMACION PROFESIONAL ESPECIFICA;CPrFP;ESYDE SALAMANCA;PS.;PASEO;CANALEJAS;;139-159;;;;;37;274;2;SALAMANCA;SALAMANCA;SALAMANCA;37001;659788185;;;37013985@educa.jcyl.es;https://esyde.es/;-5.66164;40.96023;N;N;N;N;N;N;40.96023, -5.66164
2026;37008813;A;ALTA;2;PRIVADO;58;CENTRO PRIVADO DE FORMACION PROFESIONAL ESPECIFICA;CPrFP;HERNÁNDEZ VERA;CRA.;CARRETERA;DE MADRID;111;;;;;;37;294;2;SALAMANCA;SANTA MARTA DE TORMES;SANTA MARTA DE TORMES;37900;923138531;;;37008813@educa.jcyl.es;http://www.centrofphernandezvera.com/;-5.62064;40.9499;N;N;S;N;N;N;40.9499, -5.62064
2026;37013997;A;ALTA;2;PRIVADO;58;CENTRO PRIVADO DE FORMACION PROFESIONAL ESPECIFICA;CPrFP;NAZARET BLANCO;CALLE;CALLE;CLEMENTE VELASCO;13;;;;;;37;107;3;SALAMANCA;CIUDAD RODRIGO;CIUDAD RODRIGO;37500;;;;37013997@educa.jcyl.es;;-6.54029;40.59189;N;N;N;N;N;N;40.59189, -6.54029
2026;37013730;A;ALTA;1;PÚBLICO;3;ESCUELA DE EDUCACION INFANTIL;EEI;BARTOLILL@S;AV.;AVENIDA;SIERRA DE FRANCIA;56;;;;;;37;300;1;SALAMANCA;SANTOS (LOS);SANTOS (LOS);37768;923592129;923592001;;37013730@educa.jcyl.es;http://www.todoeduca.com/;-5.80267;40.54208;N;N;N;N;N;N;40.54208, -5.80267
2026;37013638;A;ALTA;1;PÚBLICO;3;ESCUELA DE EDUCACION INFANTIL;EEI;EL BOSQUE DEL ENCINAR;PS.;PASEO;DE PONIENTE;2;;;;;;37;322;5;SALAMANCA;TERRADILLOS;TERRADILLOS;37882;667691989;;;37013638@educa.jcyl.es;;-5.58245;40.87997;N;N;N;S;S;N;40.87997, -5.58245
2026;37013572;A;ALTA;1;PÚBLICO;3;ESCUELA DE EDUCACION INFANTIL;EEI;EL ROLLO;CALLE;CALLE;PONFERRADA;;S/N;;;;;37;274;2;SALAMANCA;SALAMANCA;SALAMANCA;37003;923182106;;;37013572@educa.jcyl.es;;-5.64837;40.96663;N;N;N;N;S;N;40.96663, -5.64837
2026;37013377;A;ALTA;1;PÚBLICO;3;ESCUELA DE EDUCACION INFANTIL;EEI;ESCUELA INFANTIL DE CARBAJOSA DE LA SAGRADA;CALLE;CALLE;VILLARES;49;;;;;;37;85;1;SALAMANCA;CARBAJOSA DE LA SAGRADA;CARBAJOSA DE LA SAGRADA;37188;923322722;923208235;;37013377@educa.jcyl.es;;-5.64757;40.93277;N;N;N;N;S;N;40.93277, -5.64757
2026;37009830;A;ALTA;1;PÚBLICO;3;ESCUELA DE EDUCACION INFANTIL;EEI;GARRIDO;CALLE;CALLE;GLORIA FUERTES;;S/N;;;;;37;274;2;SALAMANCA;SALAMANCA;SALAMANCA;37004;923237481;;;37009830@educa.jcyl.es;;-5.64736;40.97708;N;N;N;N;S;N;40.97708, -5.64736
2026;37013560;A;ALTA;1;PÚBLICO;3;ESCUELA DE EDUCACION INFANTIL;EEI;GLORIA FUERTES;CALLE;CALLE;EGIDO;2;;;;;;37;246;1;SALAMANCA;PEÑARANDA DE BRACAMONTE;PEÑARANDA DE BRACAMONTE;37300;673900163;;;37013560@educa.jcyl.es;;-5.20144;40.89776;N;N;N;N;S;N;40.89776, -5.20144
2026;37013894;A;ALTA;1;PÚBLICO;3;ESCUELA DE EDUCACION INFANTIL;EEI;LA CASITA;CALLE;CALLE;CHICA;8;;;;;;37;376;2;SALAMANCA;VITIGUDINO;VITIGUDINO;37210;682933108;;;37013894@educa.jcyl.es;;-6.43611;41.00967;N;N;N;N;N;N;41.00967, -6.43611
2026;37013250;A;ALTA;1;PÚBLICO;3;ESCUELA DE EDUCACION INFANTIL;EEI;LAZARILLO DE TORMES;CALLE;CALLE;MAESTRO SERRANO;7;;;;;;37;274;2;SALAMANCA;SALAMANCA;SALAMANCA;37008;923219922;923219922;;37013250@educa.jcyl.es;;-5.65911;40.94904;N;N;N;N;S;N;40.94904, -5.65911
2026;37013973;A;ALTA;1;PÚBLICO;3;ESCUELA DE EDUCACION INFANTIL;EEI;LOS ROBLITOS;PZ.;PLAZA;DE JOSÉ GARCÍA BUENO;3;;;;;;37;138;1;SALAMANCA;FUENTERROBLE DE SALVATIERRA;FUENTERROBLE DE SALVATIERRA;37768;;;;37013973@educa.jcyl.es;;-5.73286;40.56448;N;N;N;N;N;N;40.56448, -5.73286
2026;37013808;A;ALTA;1;PÚBLICO;3;ESCUELA DE EDUCACION INFANTIL;EEI;MIS PRIMEROS PASOS;CALLE;CALLE;REAL;;S/N;;;;;37;279;6;SALAMANCA;SANCTI-SPÍRITUS;SANCTI-SPÍRITUS;37470;923484101;923484055;;37013808@educa.jcyl.es;;-6.3984;40.70294;N;N;N;N;N;N;40.70294, -6.3984
2026;37013821;A;ALTA;1;PÚBLICO;3;ESCUELA DE EDUCACION INFANTIL;EEI;SANTA MARTA DE TORMES;CALLE;CALLE;FRANCISCO MALDONADO;1;;;;;;37;294;2;SALAMANCA;SANTA MARTA DE TORMES;SANTA MARTA DE TORMES;37900;;;;37013821@educa.jcyl.es;;-5.62644;40.94959;N;N;N;N;N;N;40.94959, -5.62644
2026;37013754;A;ALTA;1;PÚBLICO;3;ESCUELA DE EDUCACION INFANTIL;EEI;VIA DE LA PLATA;CALLE;CALLE;RONDA SUR;;S/N;;;;;37;23;1;SALAMANCA;ALDEATEJADA;ALDEATEJADA;37187;923341426;923341906;;37013754@educa.jcyl.es;;-5.69472;40.92319;N;N;N;N;N;N;40.92319, -5.69472
2026;37013456;A;ALTA;1;PÚBLICO;185;ESCUELA DE MUSICA;EM;ESCUELA DE MÚSICA DE ALBA DE TORMES;CALLE;CALLE;SAN FRANCISCO;;S/N;;;;;37;8;1;SALAMANCA;ALBA DE TORMES;ALBA DE TORMES;37800;923300024;923300024;;37013456@educa.jcyl.es;;-5.51009;40.82758;N;N;N;N;N;N;40.82758, -5.51009
2026;37013614;A;ALTA;1;PÚBLICO;185;ESCUELA DE MUSICA;EM;ESCUELA DE MÚSICA DE GUIJUELO;CALLE;CALLE;PRÍNCIPE FELIPE (CENTRO CULTURAL MUNICIPAL);;53-55;;;;;37;156;5;SALAMANCA;GUIJUELO;GUIJUELO;37770;923580786;;;37013614@educa.jcyl.es;;-5.67366;40.55514;N;N;N;N;N;N;40.55514, -5.67366
2026;37010005;A;ALTA;1;PÚBLICO;185;ESCUELA DE MUSICA;EM;ESCUELA DE MÚSICA DE PEÑARANDA DE BRACAMONTE;PZ.;PLAZA;DE ESPAÑA;14;;;;;;37;246;1;SALAMANCA;PEÑARANDA DE BRACAMONTE;PEÑARANDA DE BRACAMONTE;37300;923541200;923541687;;37010005@educa.jcyl.es;;-5.2006;40.90111;N;N;N;N;N;N;40.90111, -5.2006
2026;37010054;A;ALTA;1;PÚBLICO;185;ESCUELA DE MUSICA;EM;JUAN ESQUIVEL DE BARAHONA;CALLE;CALLE;BÁSCULA;18;;;;;;37;107;3;SALAMANCA;CIUDAD RODRIGO;CIUDAD RODRIGO;37500;622101896;923460798;;37010054@educa.jcyl.es;;-6.53332;40.60064;N;N;N;N;N;N;40.60064, -6.53332
2026;37008667;A;ALTA;1;PÚBLICO;80;ESCUELA OFICIAL DE IDIOMAS;EOI;ESCUELA OFICIAL DE IDIOMAS DE SALAMANCA;CALLE;CALLE;PEÑA DE FRANCIA;46;;;;;;37;274;2;SALAMANCA;SALAMANCA;SALAMANCA;37007;923241461;923225831;;37008667@educa.jcyl.es;http://eoisalamanca.centros.educa.jcyl.es;-5.67418;40.9717;N;N;N;N;N;N;40.9717, -5.67418
2026;37009283;A;ALTA;1;PÚBLICO;42;INSTITUTO DE EDUCACION SECUNDARIA;IES;CALISTO Y MELIBEA;PS.;PASEO;PROFESOR ENRIQUE TIERNO GALVÁN;;S/N;;;;;37;294;2;SALAMANCA;SANTA MARTA DE TORMES;SANTA MARTA DE TORMES;37900;923130454;923130455;;37009283@educa.jcyl.es;https://iescalistoymelibea.centros.educa.jcyl.es;-5.62616;40.94577;N;N;N;S;N;S;40.94577, -5.62616
2026;37008515;A;ALTA;1;PÚBLICO;42;INSTITUTO DE EDUCACION SECUNDARIA;IES;DIPUTACIÓN PROVINCIAL;CRA.;CARRETERA;DE CARBAJOSA;;;;;;;37;274;2;SALAMANCA;SALAMANCA;SALAMANCA;37008;923260303;;;37008515@educa.jcyl.es;http://iesdiputacionprovincial.centros.educa.jcyl.es/sitio/;-5.66262;40.94642;N;N;N;S;N;N;40.94642, -5.66262
2026;37009271;A;ALTA;1;PÚBLICO;42;INSTITUTO DE EDUCACION SECUNDARIA;IES;FRANCISCO SALINAS;CALLE;CALLE;JULITA RAMOS;;S/N;;;;;37;274;2;SALAMANCA;SALAMANCA;SALAMANCA;37004;923253664;;;37009271@educa.jcyl.es;http://iesfranciscosalinas.centros.educa.jcyl.es;-5.64668;40.97737;N;N;N;S;N;N;40.97737, -5.64668
2026;37013882;A;ALTA;1;PÚBLICO;42;INSTITUTO DE EDUCACION SECUNDARIA;IES;GERMÁN SÁNCHEZ RUIPÉREZ;AV.;AVENIDA;DE SALAMANCA;8;;;;;;37;246;1;SALAMANCA;PEÑARANDA DE BRACAMONTE;PEÑARANDA DE BRACAMONTE;37300;923052366;;;37013882@educa.jcyl.es;http://iesgermansanchezruiperez.centros.educa.jcyl.es/;-5.20508;40.9023;N;N;N;S;N;S;40.9023, -5.20508
2026;37005861;A;ALTA;1;PÚBLICO;42;INSTITUTO DE EDUCACION SECUNDARIA;IES;LUCÍA DE MEDRANO;AV.;AVENIDA;FILIBERTO VILLALOBOS;;97-117;;;;;37;274;2;SALAMANCA;SALAMANCA;SALAMANCA;37007;923230625;;;37005861@educa.jcyl.es;http://iesluciademedrano.centros.educa.jcyl.es;-5.67519;40.971;N;N;N;S;N;S;40.971, -5.67519
2026;37007729;A;ALTA;1;PÚBLICO;42;INSTITUTO DE EDUCACION SECUNDARIA;IES;RAMOS DEL MANZANO;CALLE;CALLE;PRADO;2;;;;;;37;376;2;SALAMANCA;VITIGUDINO;VITIGUDINO;37210;923500820;;;37007729@educa.jcyl.es;http://iesramosdelmanzano.centros.educa.jcyl.es;-6.43221;41.01288;N;N;N;S;N;S;41.01288, -6.43221
2026;37001031;A;ALTA;1;PÚBLICO;42;INSTITUTO DE EDUCACION SECUNDARIA;IES;RÍO CUERPO DE HOMBRE;CALLE;CALLE;CORDEL DE MERINAS;;S/N;;;;;37;46;1;SALAMANCA;BÉJAR;BÉJAR;37700;923408483;;;37001031@educa.jcyl.es;http://iesriocuerpodehombre.centros.educa.jcyl.es/;-5.76189;40.38529;N;N;N;S;N;S;40.38529, -5.76189
2026;37002197;A;ALTA;1;PÚBLICO;42;INSTITUTO DE EDUCACION SECUNDARIA;IES;TIERRA DE CIUDAD RODRIGO;AV.;AVENIDA;DE BEJAR;;10-36;;;;;37;107;3;SALAMANCA;CIUDAD RODRIGO;CIUDAD RODRIGO;37500;923498041;923498311;;37002197@educa.jcyl.es;http://iestierradeciudadrodrigo.centros.educa.jcyl.es;-6.52908;40.59885;N;N;N;S;N;S;40.59885, -6.52908
2026;37005873;A;ALTA;1;PÚBLICO;42;INSTITUTO DE EDUCACION SECUNDARIA;IES;TORRES VILLARROEL;AV.;AVENIDA;HILARIO GOYENECHEA;42;;;;;;37;274;2;SALAMANCA;SALAMANCA;SALAMANCA;37008;923215309;923267921;;37005873@educa.jcyl.es;http://iestorresvillarroel.centros.educa.jcyl.es;-5.66195;40.94859;N;N;N;S;N;S;40.94859, -5.66195
2026;40004531;A;ALTA;1;PÚBLICO;131;CONSERVATORIO PROFESIONAL DE MUSICA;C Música;CONSERVATORIO DE SEGOVIA;AV.;AVENIDA;VICENTE ALEXANDRE;222;;;;;;40;194;6;SEGOVIA;SEGOVIA;SEGOVIA;40006;921412268;921438550;;40004531@educa.jcyl.es;http://conservatoriosegovia.centros.educa.jcyl.es;-4.09362;40.92699;N;N;N;N;N;N;40.92699, -4.09362
2026;40004713;A;ALTA;1;PÚBLICO;20;COLEGIO DE EDUCACION ESPECIAL;CEE;NTRA.SRA.DE LA ESPERANZA;CALLE;CALLE;TERMINILLO;16;;;;;;40;194;6;SEGOVIA;SEGOVIA;SEGOVIA;40003;921050705;;;40004713@educa.jcyl.es;http://ceenuestrasenoradelaesperanza.centros.educa.jcyl.es;-4.10726;40.95778;N;S;N;S;S;S;40.95778, -4.10726
2026;40002431;A;ALTA;1;PÚBLICO;14;COLEGIO DE EDUCACION INFANTIL Y PRIMARIA;CEIP;ATALAYA;CALLE;CALLE;LA ESCUELA VIEJA;;S/N;;;;;40;155;1;SEGOVIA;PALAZUELOS DE ERESMA;PALAZUELOS DE ERESMA;40194;921449824;921448900;;40002431@educa.jcyl.es;http://ceipatalaya.centros.educa.jcyl.es;-4.0631;40.93323;N;N;N;S;S;S;40.93323, -4.0631
2026;40004488;A;ALTA;1;PÚBLICO;14;COLEGIO DE EDUCACION INFANTIL Y PRIMARIA;CEIP;CARLOS DE LECEA;CALLE;CALLE;GRECO;2;;;;;;40;194;6;SEGOVIA;SEGOVIA;SEGOVIA;40006;921435857;921435857;;40004488@educa.jcyl.es;http://ceipcarlosdelecea.centros.educa.jcyl.es;-4.11532;40.93363;N;N;N;S;S;N;40.93363, -4.11532
2026;40004956;A;ALTA;1;PÚBLICO;14;COLEGIO DE EDUCACION INFANTIL Y PRIMARIA;CEIP;CRA DE AYLLÓN;AV.;AVENIDA;CONDE VALLELLANO;14;;;;;;40;24;1;SEGOVIA;AYLLÓN;AYLLÓN;40520;921553152;921553614;;40004956@educa.jcyl.es;http://craayllon.centros.educa.jcyl.es;-3.37986;41.41859;S;N;N;S;S;S;41.41859, -3.37986
2026;40004762;A;ALTA;1;PÚBLICO;14;COLEGIO DE EDUCACION INFANTIL Y PRIMARIA;CEIP;CRA EL ENCINAR;CALLE;CALLE;DEPORTES;;S/N;;;;;40;113;2;SEGOVIA;LOSA (LA);LOSA (LA);40420;921485084;;;40004762@educa.jcyl.es;http://craelencinar.centros.educa.jcyl.es;-4.15916;40.85211;S;N;N;S;S;S;40.85211, -4.15916
2026;40004865;A;ALTA;1;PÚBLICO;14;COLEGIO DE EDUCACION INFANTIL Y PRIMARIA;CEIP;CRA EL OLMAR;CRA.;CARRETERA;DE CAMPASPERO;;S/N;;;;;40;149;2;SEGOVIA;OLOMBRADA;OLOMBRADA;40220;921164052;921164052;;40004865@educa.jcyl.es;http://craelolmar.centros.educa.jcyl.es/sitio/;-4.16137;41.4171;S;N;N;S;S;S;41.4171, -4.16137
2026;40004919;A;ALTA;1;PÚBLICO;14;COLEGIO DE EDUCACION INFANTIL Y PRIMARIA;CEIP;CRA REYES CATÓLICOS;CRA.;CARRETERA;SEGOVIA;25;;;;;;40;208;5;SEGOVIA;TURÉGANO;TURÉGANO;40370;921500160;921500160;;40004919@educa.jcyl.es;http://crareyescatolicos.centros.educa.jcyl.es;-4.00676;41.15431;S;N;N;S;S;S;41.15431, -4.00676
2026;40001189;A;ALTA;1;PÚBLICO;14;COLEGIO DE EDUCACION INFANTIL Y PRIMARIA;CEIP;CRA SAN RAFAEL;CALLE;CALLE;CARLOS MENDOZA;;S/N;;;;;40;76;6;SEGOVIA;ESPINAR (EL);SAN RAFAEL;40410;921171887;921171887;;40001189@educa.jcyl.es;http://crasanrafael.centros.educa.jcyl.es/;-4.18655;40.71079;S;N;N;S;S;S;40.71079, -4.18655
2026;40003356;A;ALTA;1;PÚBLICO;14;COLEGIO DE EDUCACION INFANTIL Y PRIMARIA;CEIP;DIEGO DE COLMENARES;PS.;PASEO;CONDE SEPÚLVEDA;2;;;;;;40;194;6;SEGOVIA;SEGOVIA;SEGOVIA;40002;921420275;;;40003356@educa.jcyl.es;http://ceipdiegodecolmenares.centros.educa.jcyl.es;-4.1172;40.94096;N;N;N;S;S;N;40.94096, -4.1172
2026;40003290;A;ALTA;1;PÚBLICO;14;COLEGIO DE EDUCACION INFANTIL Y PRIMARIA;CEIP;EL PEÑASCAL;CALLE;CALLE;SANTA TERESA DE JESÚS;17;;;;;;40;194;6;SEGOVIA;SEGOVIA;SEGOVIA;40004;921420842;921423119;;40003290@educa.jcyl.es;http://ceipelpenascal.centros.educa.jcyl.es;-4.10633;40.94393;N;N;N;S;S;N;40.94393, -4.10633
2026;40004464;A;ALTA;1;PÚBLICO;14;COLEGIO DE EDUCACION INFANTIL Y PRIMARIA;CEIP;ERESMA;CALLE;CALLE;LOS SILVERIOS;10;;;;;;40;194;6;SEGOVIA;SEGOVIA;SEGOVIA;40004;921431565;921442957;;40004464@educa.jcyl.es;http://ceiperesma.centros.educa.jcyl.es;-4.10011;40.94355;N;N;N;S;S;N;40.94355, -4.10011
2026;40003344;A;ALTA;1;PÚBLICO;14;COLEGIO DE EDUCACION INFANTIL Y PRIMARIA;CEIP;FRAY JUAN DE LA CRUZ;CALLE;CALLE;TARAY;2;;;;;;40;194;6;SEGOVIA;SEGOVIA;SEGOVIA;40001;921463155;921461028;;40003344@educa.jcyl.es;http://ceipfrayjuandelacruz.centros.educa.jcyl.es;-4.11851;40.95101;N;N;N;S;S;N;40.95101, -4.11851
2026;40003861;A;ALTA;1;PÚBLICO;14;COLEGIO DE EDUCACION INFANTIL Y PRIMARIA;CEIP;MARQUÉS DE LOZOYA;CALLE;CALLE;LAS ERAS;;S/N;;;;;40;203;4;SEGOVIA;TORRECABALLEROS;TORRECABALLEROS;40160;921401075;921401320;;40003861@educa.jcyl.es;http://ceipmarquesdelozoya.centros.educa.jcyl.es;-4.02479;40.99154;N;N;N;S;S;S;40.99154, -4.02479
2026;40004774;A;ALTA;1;PÚBLICO;14;COLEGIO DE EDUCACION INFANTIL Y PRIMARIA;CEIP;NUEVA SEGOVIA;AV.;AVENIDA;GERARDO DIEGO;;S/N;;;;;40;194;6;SEGOVIA;SEGOVIA;SEGOVIA;40006;921445383;921445383;;40004774@educa.jcyl.es;http://ceipnuevasegovia.centros.educa.jcyl.es;-4.10419;40.93346;N;N;N;S;S;N;40.93346, -4.10419
2026;40003411;A;ALTA;1;PÚBLICO;14;COLEGIO DE EDUCACION INFANTIL Y PRIMARIA;CEIP;VILLALPANDO;CALLE;CALLE;AGAPITO MARAZUELA;13;;;;;;40;194;6;SEGOVIA;SEGOVIA;SEGOVIA;40005;921421183;921421183;;40003411@educa.jcyl.es;http://ceipvillalpando.centros.educa.jcyl.es;-4.11341;40.93928;N;N;N;S;S;N;40.93928, -4.11341
2026;40004932;A;ALTA;1;PÚBLICO;77;CENTRO DE EDUCACIÓN OBLIGATORIA;CEO;EL MIRADOR DE LA SIERRA;CALLE;CALLE;JUAN TABANERA;1;;;;;;40;225;1;SEGOVIA;VILLACASTÍN;VILLACASTÍN;40150;921198426;921198426;;40004932@educa.jcyl.es;http://ceoelmiradordelasierra.centros.educa.jcyl.es;-4.4147;40.77432;N;N;N;S;N;S;40.77432, -4.4147
2026;40005110;A;ALTA;1;PÚBLICO;31;CENTRO PUBLICO DE EDUCACION DE PERSONAS ADULTAS;CEPA;CENTRO DE ADULTOS DE EL ESPINAR;PZ.;PLAZA;EL ARENAL;;S/N;;;;;40;76;2;SEGOVIA;ESPINAR (EL);ESPINAR (EL);40400;921183106;921183106;;40005110@educa.jcyl.es;http://cepaelespinar.centros.educa.jcyl.es/;-4.24646;40.71855;N;N;N;N;N;N;40.71855, -4.24646
2026;40004798;A;ALTA;1;PÚBLICO;31;CENTRO PUBLICO DE EDUCACION DE PERSONAS ADULTAS;CEPA;EL DURATÓN;CALLE;CALLE;ALCALÁ GALIANO;11;;;;;;40;40;2;SEGOVIA;CANTALEJO;CANTALEJO;40320;921522018;;;40004798@educa.jcyl.es;http://cepaelduraton.centros.educa.jcyl.es;-3.92756;41.25502;N;N;N;N;N;N;41.25502, -3.92756
2026;40003733;A;ALTA;2;PRIVADO;72;CENTRO PRIVADO DE EDUCACION INFANTIL PRIMARIA Y SECUNDARIA;Colegio;ALCÁZAR DE SEGOVIA;CRA.;CARRETERA;DE PALAZUELOS;6;;;;;;40;194;6;SEGOVIA;SEGOVIA;SEGOVIA;40004;921424911;921424911;;40003733@educa.jcyl.es;;-4.10218;40.93967;N;N;S;S;S;N;40.93967, -4.10218
2026;40008755;A;ALTA;2;PRIVADO;600;CENTRO PRIVADO AUTORIZADO DE ENSEÑANZAS DEPORTIVAS DE FÚTBOL;CPr DEP;SEPTEMPUBLICA SPORT;CALLE;CALLE;ERAS;4;;;;;;40;195;7;SEGOVIA;SEPÚLVEDA;SEPÚLVEDA;40300;;;;40008755@educa.jcyl.es;;-3.73762;41.30176;N;N;N;N;N;N;41.30176, -3.73762
2026;40004476;A;ALTA;2;PRIVADO;4;CENTRO PRIVADO DE EDUCACION INFANTIL;CPrEI;ALDEBARÁN;CALLE;CALLE;ALFONSO VI;33;;;;;;40;194;6;SEGOVIA;SEGOVIA;SEGOVIA;40004;921420941;;;40004476@educa.jcyl.es;;-4.10662;40.94315;N;N;N;N;S;N;40.94315, -4.10662
2026;40008861;A;ALTA;2;PRIVADO;4;CENTRO PRIVADO DE EDUCACION INFANTIL;CPrEI;CAMPANILLA;CALLE;CALLE;MIRAFLORES;12;;;;;;40;194;6;SEGOVIA;SEGOVIA;SEGOVIA;40005;921436970;;;40008861@educa.jcyl.es;;-4.11793;40.94092;N;N;N;N;N;N;40.94092, -4.11793
2026;40008809;A;ALTA;2;PRIVADO;4;CENTRO PRIVADO DE EDUCACION INFANTIL;CPrEI;COLORINES;CALLE;CALLE;SEGOVIA;22;;;;;;40;155;4;SEGOVIA;PALAZUELOS DE ERESMA;TABANERA DEL MONTE;40194;679909157;;;40008809@educa.jcyl.es;;-4.06679;40.93647;N;N;N;N;N;N;40.93647, -4.06679
2026;40008810;A;ALTA;2;PRIVADO;4;CENTRO PRIVADO DE EDUCACION INFANTIL;CPrEI;LOS ENANITOS;CALLE;CALLE;LA GRANJA;12;;;;;;40;155;5;SEGOVIA;PALAZUELOS DE ERESMA;PARQUE ROBLEDO;40193;921474017;;;40008810@educa.jcyl.es;;-4.05787;40.90969;N;N;N;N;N;N;40.90969, -4.05787
2026;40008871;A;ALTA;2;PRIVADO;4;CENTRO PRIVADO DE EDUCACION INFANTIL;CPrEI;LOS PITUFOS;CALLE;CALLE;LA RESINA;14;;;;;;40;63;3;SEGOVIA;CUÉLLAR;CUÉLLAR;40200;662509644;;;40008871@educa.jcyl.es;;;;N;N;N;N;N;N;
2026;40008913;A;ALTA;2;PRIVADO;4;CENTRO PRIVADO DE EDUCACION INFANTIL;CPrEI;LUNA LUNERA;CALLE;CALLE;RESINA;3;;;;;;40;63;3;SEGOVIA;CUÉLLAR;CUÉLLAR;40200;687689593;;;40008913@educa.jcyl.es;;-4.31347;41.39924;N;N;N;N;N;N;41.39924, -4.31347
2026;40008780;A;ALTA;2;PRIVADO;4;CENTRO PRIVADO DE EDUCACION INFANTIL;CPrEI;PEQUENAUTAS;CALLE;CALLE;SANTA ISABEL;17;;;;;;40;194;6;SEGOVIA;SEGOVIA;SEGOVIA;40004;615728021;;;40008780@educa.jcyl.es;;-4.11395;40.9446;N;N;N;N;N;N;40.9446, -4.11395
2026;40002923;A;ALTA;2;PRIVADO;4;CENTRO PRIVADO DE EDUCACION INFANTIL;CPrEI;PIOLÍN;URB.;URBANIZACION;SAN LUIS;16;;;;;;40;181;2;SEGOVIA;REAL SITIO DE SAN ILDEFONSO;SAN ILDEFONSO O LA GRANJA;40100;921470305;921470305;;40002923@educa.jcyl.es;;-4.0075;40.9092;N;N;N;N;S;N;40.9092, -4.0075
2026;40008551;A;ALTA;2;PRIVADO;4;CENTRO PRIVADO DE EDUCACION INFANTIL;CPrEI;VIRGEN DEL BUSTAR;CALLE;CALLE;HUMILLADERO;12;;;;;;40;43;1;SEGOVIA;CARBONERO EL MAYOR;CARBONERO EL MAYOR;40270;921562235;;;40008551@educa.jcyl.es;;-4.26323;41.1196;N;N;N;N;S;N;41.1196, -4.26323
2026;40008901;A;ALTA;2;PRIVADO;58;CENTRO PRIVADO DE FORMACION PROFESIONAL ESPECIFICA;CPrFP;ESLA-SEGOVIA I;AV.;AVENIDA;PADRE CLARET;3;;;;;;40;194;6;SEGOVIA;SEGOVIA;SEGOVIA;40003;;;;40008901@educa.jcyl.es;;-4.11369;40.94607;N;N;N;N;N;N;40.94607, -4.11369
2026;40008639;A;ALTA;1;PÚBLICO;3;ESCUELA DE EDUCACION INFANTIL;EEI;CANTIMPALOS;CALLE;CALLE;ESCUELAS;20;;;;;;40;41;1;SEGOVIA;CANTIMPALOS;CANTIMPALOS;40360;921496239;;;40008639@educa.jcyl.es;;-4.16141;41.07291;N;N;N;N;N;N;41.07291, -4.16141
2026;40008895;A;ALTA;1;PÚBLICO;3;ESCUELA DE EDUCACION INFANTIL;EEI;CESTITOS;CALLE;CALLE;ALFEREZ PROVISIONAL;4;;;;;;40;94;1;SEGOVIA;GARCILLÁN;GARCILLÁN;40120;921491641;;;40008895@educa.jcyl.es;;-4.26448;40.97674;N;N;N;N;N;N;40.97674, -4.26448
2026;40005161;A;ALTA;1;PÚBLICO;3;ESCUELA DE EDUCACION INFANTIL;EEI;NUESTRA SEÑORA DE LA FUENCISLA;CALLE;CALLE;GENERAL SANTIAGO;;S/N;;;;;40;194;6;SEGOVIA;SEGOVIA;SEGOVIA;40005;921422968;;;40005161@educa.jcyl.es;;-4.11203;40.94133;N;N;N;N;S;N;40.94133, -4.11203
2026;40008676;A;ALTA;1;PÚBLICO;3;ESCUELA DE EDUCACION INFANTIL;EEI;OTERO DE HERREROS;CALLE;CALLE;CASTILLEJOS;19;;;;;;40;152;2;SEGOVIA;OTERO DE HERREROS;OTERO DE HERREROS;40422;921483260;921483000;;40008676@educa.jcyl.es;;-4.20828;40.81872;N;N;N;N;N;N;40.81872, -4.20828
2026;40008937;A;ALTA;1;PÚBLICO;3;ESCUELA DE EDUCACION INFANTIL;EEI;SAN ANTONIO;CALLE;CALLE;EXTRAVÍO;2;;;;;;40;146;1;SEGOVIA;NAVAS DE SAN ANTONIO;NAVAS DE SAN ANTONIO;40408;921193029;;;40008937@educa.jcyl.es;;-4.33541;40.75896;N;N;N;N;N;N;40.75896, -4.33541
2026;40008767;A;ALTA;1;PÚBLICO;3;ESCUELA DE EDUCACION INFANTIL;EEI;SAN CRISTÓBAL DE SEGOVIA;CALLE;CALLE;LOS MAESTROS;2;;;;;;40;906;1;SEGOVIA;SAN CRISTÓBAL DE SEGOVIA;SAN CRISTÓBAL DE SEGOVIA;40197;921406174;;;40008767@educa.jcyl.es;;-4.07841;40.95266;N;N;N;N;N;N;40.95266, -4.07841
2026;40008597;A;ALTA;1;PÚBLICO;3;ESCUELA DE EDUCACION INFANTIL;EEI;VILLACASTÍN;CALLE;CALLE;BODEGA;;S/N;;;;;40;225;1;SEGOVIA;VILLACASTÍN;VILLACASTÍN;40150;687869471;;;40008597@educa.jcyl.es;http://www.mirosaeduca.com;-4.41056;40.77872;N;N;N;N;S;N;40.77872, -4.41056
2026;40008381;A;ALTA;1;PÚBLICO;185;ESCUELA DE MUSICA;EM;ESCUELA DE MÚSICA DE CARBONERO EL MAYOR;PZ.;PLAZA;DE ESPAÑA;1;;;;;;40;43;1;SEGOVIA;CARBONERO EL MAYOR;CARBONERO EL MAYOR;40000;921560002;921562057;;40008381@educa.jcyl.es;;-4.26598;41.12217;N;N;N;N;N;N;41.12217, -4.26598
2026;40008494;A;ALTA;1;PÚBLICO;185;ESCUELA DE MUSICA;EM;ESCUELA DE MÚSICA DE PALAZUELOS DE ERESMA;CALLE;CALLE;REAL;50;;;;;;40;155;1;SEGOVIA;PALAZUELOS DE ERESMA;PALAZUELOS DE ERESMA;40194;921449887;;;40008494@educa.jcyl.es;;-4.06692;40.93917;N;N;N;N;N;N;40.93917, -4.06692
2026;40008457;A;ALTA;1;PÚBLICO;185;ESCUELA DE MUSICA;EM;ESCUELA MUNICIPAL DE MÚSICA DE SAN CRISTÓBAL DE SEGOVIA;CRA.;CARRETERA;DE TRESCASAS;39;;;;;;40;906;1;SEGOVIA;SAN CRISTÓBAL DE SEGOVIA;SAN CRISTÓBAL DE SEGOVIA;40197;921406823;921406823;;40008457@educa.jcyl.es;;-4.0768;40.95184;N;N;N;N;N;N;40.95184, -4.0768
2026;40008469;A;ALTA;1;PÚBLICO;187;ESCUELA DE MUSICA Y DANZA;EMD;ESCUELA DE MÚSICA Y DANZA DE SEGOVIA;CALLE;CALLE;JUDERÍA VIEJA;12;;;;;;40;194;6;SEGOVIA;SEGOVIA;SEGOVIA;40001;921466706;921466708;;40008469@educa.jcyl.es;;-4.12459;40.94947;N;N;N;N;N;N;40.94947, -4.12459
2026;40008299;A;ALTA;2;PRIVADO;124;CENTRO AUTORIZADO DEL VIDRIO;ES Vidrio;ESCUELA SUPERIOR DEL VIDRIO DE LA REAL FÁBRICA DE CRISTALES DE LA GRANJA;PS.;PASEO;DEL POCILLO;1;;;;;;40;181;2;SEGOVIA;REAL SITIO DE SAN ILDEFONSO;SAN ILDEFONSO O LA GRANJA;40100;921010700;921010701;;40008299@educa.jcyl.es;;-4.00602;40.9035;N;N;N;N;N;N;40.9035, -4.00602
2026;40004750;A;ALTA;1;PÚBLICO;42;INSTITUTO DE EDUCACION SECUNDARIA;IES;CATALINA DE LANCASTER;CALLE;CALLE;CALVARIO;;S/N;;;;;40;185;11;SEGOVIA;SANTA MARÍA LA REAL DE NIEVA;SANTA MARÍA LA REAL DE NIEVA;40440;921594129;921595005;;40004750@educa.jcyl.es;http://iescatalinalancaster.centros.educa.jcyl.es;-4.40024;41.06963;N;N;N;N;N;S;41.06963, -4.40024
2026;40000835;A;ALTA;1;PÚBLICO;42;INSTITUTO DE EDUCACION SECUNDARIA;IES;CAUCA ROMANA;PZ.;PLAZA;DEL PROFESOR ADOLFO RODRÍGUEZ ARRANZ;1;;;;;;40;57;2;SEGOVIA;COCA;COCA;40480;921586029;;;40000835@educa.jcyl.es;http://iescaucaromana.centros.educa.jcyl.es;-4.52334;41.21619;N;N;N;S;N;S;41.21619, -4.52334
2026;40004257;A;ALTA;1;PÚBLICO;42;INSTITUTO DE EDUCACION SECUNDARIA;IES;DUQUE DE ALBURQUERQUE;CALLE;CALLE;PALACIO;;S/N;;;;;40;63;3;SEGOVIA;CUÉLLAR;CUÉLLAR;40200;921143302;921143137;;40004257@educa.jcyl.es;http://iesduquedealburquerque.centros.educa.jcyl.es;-4.31908;41.40144;N;N;N;S;N;S;41.40144, -4.31908
2026;40004351;A;ALTA;1;PÚBLICO;42;INSTITUTO DE EDUCACION SECUNDARIA;IES;EZEQUIEL GONZÁLEZ;PZ.;PLAZA;DEL SALVADOR;1;;;;;;40;194;6;SEGOVIA;SEGOVIA;SEGOVIA;40001;921441740;921442005;;40004351@educa.jcyl.es;http://iesezequielgonzalez.centros.educa.jcyl.es;-4.11455;40.94689;N;N;N;S;N;S;40.94689, -4.11455
2026;40000550;A;ALTA;1;PÚBLICO;42;INSTITUTO DE EDUCACION SECUNDARIA;IES;HOCES DEL DURATÓN;CALLE;CALLE;JACINTO BENAVENTE;14;;;;;;40;40;2;SEGOVIA;CANTALEJO;CANTALEJO;40320;921520283;921520201;;40000550@educa.jcyl.es;http://ieshocesdelduraton.centros.educa.jcyl.es;-3.92579;41.25565;N;N;N;S;N;S;41.25565, -3.92579
2026;40002169;A;ALTA;1;PÚBLICO;42;INSTITUTO DE EDUCACION SECUNDARIA;IES;JAIME GIL DE BIEDMA;CALLE;CALLE;MURILLO;4;;;;;;40;138;2;SEGOVIA;NAVA DE LA ASUNCIÓN;NAVA DE LA ASUNCIÓN;40450;921580127;921580411;;40002169@educa.jcyl.es;http://iesjaimegildebiedma.centros.educa.jcyl.es;-4.48871;41.15194;N;N;N;S;N;S;41.15194, -4.48871
2026;40008561;A;ALTA;1;PÚBLICO;98;CENTRO DOCENTE DE FORMACIÓN MILITAR;A Militar;ACADEMIA DE ARTILLERÍA DE SEGOVIA;CALLE;CALLE;SAN FRANCISCO;25;;;;;;40;194;6;SEGOVIA;SEGOVIA;SEGOVIA;40001;921413807;;;40008561@educa.jcyl.es;;-4.11764;40.94623;N;S;N;N;S;N;40.94623, -4.11764
2026;40002881;A;ALTA;1;PÚBLICO;14;COLEGIO DE EDUCACION INFANTIL Y PRIMARIA;CEIP;AGAPITO MARAZUELA;CALLE;CALLE;PINTORES Y ESCULTORES COULLAUT VALERA;2;;;;;;40;181;2;SEGOVIA;REAL SITIO DE SAN ILDEFONSO;SAN ILDEFONSO O LA GRANJA;40100;921470302;;;40002881@educa.jcyl.es;http://ceipagapitomarazuela.centros.educa.jcyl.es;-4.01138;40.90339;N;N;N;S;S;N;40.90339, -4.01138
2026;40004907;A;ALTA;1;PÚBLICO;14;COLEGIO DE EDUCACION INFANTIL Y PRIMARIA;CEIP;CRA EL PIZARRAL;CALLE;CALLE;PEÑUELAS;6;;;;;;40;185;11;SEGOVIA;SANTA MARÍA LA REAL DE NIEVA;SANTA MARÍA LA REAL DE NIEVA;40440;921594707;921594707;;40004907@educa.jcyl.es;http://craelpizarral.centros.educa.jcyl.es/;-4.40564;41.06892;S;N;N;S;S;S;41.06892, -4.40564
2026;40004841;A;ALTA;1;PÚBLICO;14;COLEGIO DE EDUCACION INFANTIL Y PRIMARIA;CEIP;CRA ENTRE DOS RÍOS;CALLE;CALLE;CALVO SOTELO;39;;;;;;40;88;1;SEGOVIA;FUENTERREBOLLO;FUENTERREBOLLO;40330;921520935;921520235;;40004841@educa.jcyl.es;http://craentredosrios.centros.educa.jcyl.es;-3.93248;41.29476;S;N;N;S;S;N;41.29476, -3.93248
2026;40004828;A;ALTA;1;PÚBLICO;14;COLEGIO DE EDUCACION INFANTIL Y PRIMARIA;CEIP;CRA LAS CAÑADAS;PS.;PASEO;MARQUÉS DE AGUILAFUENTE;29;;;;;;40;4;1;SEGOVIA;AGUILAFUENTE;AGUILAFUENTE;40340;921572202;921572202;;40004828@educa.jcyl.es;http://cralascanadas.centros.educa.jcyl.es;-4.11164;41.22617;S;N;N;S;N;N;41.22617, -4.11164
2026;40002145;A;ALTA;1;PÚBLICO;14;COLEGIO DE EDUCACION INFANTIL Y PRIMARIA;CEIP;CRA OBISPO FRAY SEBASTIÁN;CALLE;CALLE;EUSTAQUIO CASADO;;S/N;;;;;40;138;2;SEGOVIA;NAVA DE LA ASUNCIÓN;NAVA DE LA ASUNCIÓN;40450;921580158;921580260;;40002145@educa.jcyl.es;http://craobispofraysebastian.centros.educa.jcyl.es/;-4.48772;41.15764;S;N;N;S;N;N;41.15764, -4.48772
2026;40004831;A;ALTA;1;PÚBLICO;14;COLEGIO DE EDUCACION INFANTIL Y PRIMARIA;CEIP;CRA RETAMA;CRA.;CARRETERA;DE CUÉLLAR;;S/N;;;;;40;65;1;SEGOVIA;CHAÑE;CHAÑE;40216;921155919;921155919;;40004831@educa.jcyl.es;http://craretama.centros.educa.jcyl.es;-4.36504;41.31138;S;N;N;S;N;N;41.31138, -4.36504
2026;40003307;A;ALTA;1;PÚBLICO;14;COLEGIO DE EDUCACION INFANTIL Y PRIMARIA;CEIP;DOMINGO DE SOTO;PZ.;PLAZA;DOCTOR ANDRÉS LAGUNA;6;;;;;;40;194;6;SEGOVIA;SEGOVIA;SEGOVIA;40001;921461961;921461992;;40003307@educa.jcyl.es;http://ceipdomingodesoto.centros.educa.jcyl.es;-4.12096;40.95015;N;N;N;S;S;N;40.95015, -4.12096
2026;40005262;A;ALTA;1;PÚBLICO;14;COLEGIO DE EDUCACION INFANTIL Y PRIMARIA;CEIP;ELENA FORTÚN;CALLE;CALLE;DÁMASO ALONSO;;S/N;;;;;40;194;6;SEGOVIA;SEGOVIA;SEGOVIA;40006;921432174;921432174;;40005262@educa.jcyl.es;http://ceipelenafortun.centros.educa.jcyl.es/sitio/;-4.09207;40.92972;N;N;N;S;S;N;40.92972, -4.09207
2026;40002911;A;ALTA;1;PÚBLICO;14;COLEGIO DE EDUCACION INFANTIL Y PRIMARIA;CEIP;LA PRADERA;CALLE;CALLE;BARRIO NUEVO;;S/N;;;;;40;181;3;SEGOVIA;REAL SITIO DE SAN ILDEFONSO;VALSAÍN;40109;921471720;921471720;;40002911@educa.jcyl.es;http://ceiplapradera.centros.educa.jcyl.es;-4.0222;40.87514;N;N;N;S;S;N;40.87514, -4.0222
2026;40004981;A;ALTA;1;PÚBLICO;14;COLEGIO DE EDUCACION INFANTIL Y PRIMARIA;CEIP;LAS CAÑADAS;CALLE;CALLE;LAS POZAS;17;;;;;;40;207;2;SEGOVIA;TRESCASAS;TRESCASAS;40194;921406841;921406841;;40004981@educa.jcyl.es;http://ceiplascanadas.centros.educa.jcyl.es/;-4.03958;40.95642;N;N;N;S;S;N;40.95642, -4.03958
2026;40000549;A;ALTA;1;PÚBLICO;14;COLEGIO DE EDUCACION INFANTIL Y PRIMARIA;CEIP;LOS ARENALES;CALLE;CALLE;FERIAL;7;;;;;;40;40;2;SEGOVIA;CANTALEJO;CANTALEJO;40320;921520213;921520716;;40000549@educa.jcyl.es;http://ceiplosarenales.centros.educa.jcyl.es;-3.92679;41.25615;N;N;N;S;S;S;41.25615, -3.92679
2026;40002443;A;ALTA;1;PÚBLICO;14;COLEGIO DE EDUCACION INFANTIL Y PRIMARIA;CEIP;MARQUÉS DEL ARCO;CALLE;CALLE;DE LOS MAESTROS;2;;;;;;40;906;1;SEGOVIA;SAN CRISTÓBAL DE SEGOVIA;SAN CRISTÓBAL DE SEGOVIA;40194;921406583;921406932;;40002443@educa.jcyl.es;http://ceipmarquesdelarco.centros.educa.jcyl.es;-4.0787;40.95321;N;N;N;S;S;N;40.95321, -4.0787
2026;40004361;A;ALTA;1;PÚBLICO;14;COLEGIO DE EDUCACION INFANTIL Y PRIMARIA;CEIP;SAN GIL;CRA.;CARRETERA;DE BAHABÓN;;S/N;;;;;40;63;3;SEGOVIA;CUÉLLAR;CUÉLLAR;40200;921140554;921141640;;40004361@educa.jcyl.es;http://ceipsangil.centros.educa.jcyl.es;-4.31632;41.4068;N;N;N;S;S;S;41.4068, -4.31632
2026;40008433;A;ALTA;1;PÚBLICO;14;COLEGIO DE EDUCACION INFANTIL Y PRIMARIA;CEIP;SAN JOSÉ;AV.;AVENIDA;DE LA CONSTITUCIÓN;21;;;;;;40;194;6;SEGOVIA;SEGOVIA;SEGOVIA;40005;921426149;921433455;;40008433@educa.jcyl.es;http://ceipsanjose.centros.educa.jcyl.es;-4.10956;40.93504;N;N;N;S;S;S;40.93504, -4.10956
2026;40000616;A;ALTA;1;PÚBLICO;14;COLEGIO DE EDUCACION INFANTIL Y PRIMARIA;CEIP;SAN JUAN BAUTISTA;CALLE;CALLE;SAN PABLO;1;;;;;;40;43;1;SEGOVIA;CARBONERO EL MAYOR;CARBONERO EL MAYOR;40270;921560153;921560153;;40000616@educa.jcyl.es;http://ceipsanjuanbautista.centros.educa.jcyl.es;-4.266;41.12096;N;N;N;S;S;S;41.12096, -4.266
2026;40000975;A;ALTA;1;PÚBLICO;14;COLEGIO DE EDUCACION INFANTIL Y PRIMARIA;CEIP;SANTA CLARA;CALLE;CALLE;DOCTOR ARCEDIANO GÓMEZ GONZÁLEZ;;S/N;;;;;40;63;3;SEGOVIA;CUÉLLAR;CUÉLLAR;40200;921141082;;;40000975@educa.jcyl.es;http://ceipsantaclara.centros.educa.jcyl.es;-4.3089;41.3952;N;N;N;S;N;N;41.3952, -4.3089
2026;40003381;A;ALTA;1;PÚBLICO;14;COLEGIO DE EDUCACION INFANTIL Y PRIMARIA;CEIP;SANTA EULALIA;CALLE;CALLE;JOSÉ ZORRILLA;2;;;;;;40;194;6;SEGOVIA;SEGOVIA;SEGOVIA;40002;921428363;;;40003381@educa.jcyl.es;http://ceipsantaeulalia.centros.educa.jcyl.es;-4.11659;40.94371;N;N;N;S;S;N;40.94371, -4.11659
2026;40000823;A;ALTA;1;PÚBLICO;14;COLEGIO DE EDUCACION INFANTIL Y PRIMARIA;CEIP;TEODOSIO EL GRANDE;AV.;AVENIDA;DEL ICONA;7;;;;;;40;57;2;SEGOVIA;COCA;COCA;40480;921586312;921586287;;40000823@educa.jcyl.es;http://ceipteodosioelgrande.centros.educa.jcyl.es/;-4.52175;41.21487;N;N;N;S;S;S;41.21487, -4.52175
2026;40003770;A;ALTA;1;PÚBLICO;77;CENTRO DE EDUCACIÓN OBLIGATORIA;CEO;VIRGEN DE LA PEÑA;CALLE;CALLE;ERAS;5;;;;;;40;195;7;SEGOVIA;SEPÚLVEDA;SEPÚLVEDA;40300;921540270;921540270;;40003770@educa.jcyl.es;http://ceovirgendelapena.centros.educa.jcyl.es;-3.73623;41.30167;N;N;N;S;S;S;41.30167, -3.73623
2026;40004415;A;ALTA;1;PÚBLICO;31;CENTRO PUBLICO DE EDUCACION DE PERSONAS ADULTAS;CEPA;ANTONIO MACHADO;CALLE;CALLE;BERLIN;8;;;;;;40;194;6;SEGOVIA;SEGOVIA;SEGOVIA;40005;921443877;921443831;;40004415@educa.jcyl.es;http://cepaantoniomachado.centros.educa.jcyl.es/sitio/;-4.10968;40.93705;N;N;N;N;N;N;40.93705, -4.10968
2026;40004816;A;ALTA;1;PÚBLICO;31;CENTRO PUBLICO DE EDUCACION DE PERSONAS ADULTAS;CEPA;JAIME GIL DE BIEDMA;CALLE;CALLE;LUIS FINAT;7;;1;;;;40;57;2;SEGOVIA;COCA;COCA;40480;921586224;921586495;;40004816@educa.jcyl.es;http://cepajaimegildebiedma.centros.educa.jcyl.es;-4.52237;41.21489;N;N;N;N;N;N;41.21489, -4.52237
2026;40008445;A;ALTA;1;PÚBLICO;68;CENTRO PUBLICO INTEGRADO DE FORMACION PROFESIONAL;CIFP;COCA;CALLE;CALLE;CASTILLO DE COCA;;S/N;;;;;40;57;2;SEGOVIA;COCA;COCA;40480;921586062;;;40008445@educa.jcyl.es;http://cfacoca.centros.educa.jcyl.es;-4.52541;41.21277;N;S;N;N;S;N;41.21277, -4.52541
2026;40008536;A;ALTA;1;PÚBLICO;68;CENTRO PUBLICO INTEGRADO DE FORMACION PROFESIONAL;CIFP;FELIPE VI;CALLE;CALLE;DÁMASO ALONSO;23;;;;;;40;194;6;SEGOVIA;SEGOVIA;SEGOVIA;40006;921475077;;;40008536@educa.jcyl.es;http://cifpfelipevi.centros.educa.jcyl.es/sitio/;-4.09821;40.93357;N;N;N;N;N;N;40.93357, -4.09821
2026;40003587;A;ALTA;2;PRIVADO;72;CENTRO PRIVADO DE EDUCACION INFANTIL PRIMARIA Y SECUNDARIA;Colegio;CLARET;AV.;AVENIDA;PADRE CLARET;3;;;;;;40;194;6;SEGOVIA;SEGOVIA;SEGOVIA;40003;921420300;921445362;;40003587@educa.jcyl.es;;-4.11146;40.94582;N;N;S;N;S;N;40.94582, -4.11146
2026;40003599;A;ALTA;2;PRIVADO;72;CENTRO PRIVADO DE EDUCACION INFANTIL PRIMARIA Y SECUNDARIA;Colegio;NUESTRA SEÑORA DE LA FUENCISLA;CALLE;CALLE;CAMINO DE LA PIEDAD;8;;;;;;40;194;6;SEGOVIA;SEGOVIA;SEGOVIA;40002;921436761;921443447;;40003599@educa.jcyl.es;http://www.maristassegovia.org;-4.12656;40.94617;N;N;S;S;S;S;40.94617, -4.12656
2026;40008470;A;ALTA;2;PRIVADO;72;CENTRO PRIVADO DE EDUCACION INFANTIL PRIMARIA Y SECUNDARIA;Colegio;Slam School;AV.;AVENIDA;DE VENECIA;;S/N;;;;;40;223;1;SEGOVIA;VEGAS DE MATUTE;VEGAS DE MATUTE;40423;921128771;;;40008470@educa.jcyl.es;http://www.best-schule.es/;-4.21755;40.78225;N;N;N;N;N;N;40.78225, -4.21755
2026;40008846;A;ALTA;2;PRIVADO;4;CENTRO PRIVADO DE EDUCACION INFANTIL;CPrEI;LOGOS 1º KIDSCHOOL;CRA.;CARRETERA;VILLACASTÍN;11;;;;;;40;194;6;SEGOVIA;SEGOVIA;SEGOVIA;40006;921443016;;;40008846@educa.jcyl.es;;-4.11893;40.93014;N;N;N;N;N;N;40.93014, -4.11893
2026;40008925;A;ALTA;2;PRIVADO;4;CENTRO PRIVADO DE EDUCACION INFANTIL;CPrEI;MICOLE;AV.;AVENIDA;CAMILO JOSÉ CELA;46;;;;;;40;63;3;SEGOVIA;CUÉLLAR;CUÉLLAR;40200;921145050;;;40008925@educa.jcyl.es;;-4.3101;41.39636;N;N;N;N;N;N;41.39636, -4.3101
2026;40008858;A;ALTA;2;PRIVADO;4;CENTRO PRIVADO DE EDUCACION INFANTIL;CPrEI;NENUCO;CALLE;CALLE;LA TOLLA;10;;;;;;40;77;1;SEGOVIA;ESPIRDO;ESPIRDO;40191;655911199;;;40008858@educa.jcyl.es;;-4.07461;40.99513;N;N;N;N;N;N;40.99513, -4.07461
2026;40003711;A;ALTA;1;PÚBLICO;500;ESCUELA DE ARTE Y SUPERIOR DE DISEÑO;EA;CASA DE LOS PICOS;CALLE;CALLE;JUAN BRAVO;33;;;;;;40;194;6;SEGOVIA;SEGOVIA;SEGOVIA;40001;921462674;921462677;;40003711@educa.jcyl.es;http://www.easdsegovia.com;-4.12057;40.94792;N;N;N;N;N;S;40.94792, -4.12057
2026;40008883;A;ALTA;1;PÚBLICO;3;ESCUELA DE EDUCACION INFANTIL;EEI;DE VALLELADO;CALLE;CALLE;LAS MOCHAS;33;;;;;;40;219;1;SEGOVIA;VALLELADO;VALLELADO;40213;661894862;;;40008883@educa.jcyl.es;;-4.42778;41.40296;N;N;N;N;N;N;41.40296, -4.42778
2026;40008949;A;ALTA;1;PÚBLICO;3;ESCUELA DE EDUCACION INFANTIL;EEI;EL ESPINAR;CALLE;CALLE;CARLOS MENDOZA;;S/N;;;;;40;76;2;SEGOVIA;ESPINAR (EL);ESPINAR (EL);40410;921181700;;;40008949@educa.jcyl.es;;-4.18904;40.71099;N;N;N;N;N;N;40.71099, -4.18904
2026;40008615;A;ALTA;1;PÚBLICO;3;ESCUELA DE EDUCACION INFANTIL;EEI;FUENTEPELAYO;CALLE;CALLE;DEL SOL;28;;;;;;40;86;1;SEGOVIA;FUENTEPELAYO;FUENTEPELAYO;40260;689551167;921574482;;40008615@educa.jcyl.es;http://www.aytofuentepelayo.org/;-4.17554;41.2202;N;N;N;N;S;N;41.2202, -4.17554
2026;40008524;A;ALTA;1;PÚBLICO;3;ESCUELA DE EDUCACION INFANTIL;EEI;LOS PIMPOLLOS;CALLE;CALLE;TEODORO LÁZARO;9;;;;;;40;138;2;SEGOVIA;NAVA DE LA ASUNCIÓN;NAVA DE LA ASUNCIÓN;40450;672586147;;;40008524@educa.jcyl.es;;-4.11921;40.94943;N;N;N;N;S;N;40.94943, -4.11921
2026;40008792;A;ALTA;1;PÚBLICO;3;ESCUELA DE EDUCACION INFANTIL;EEI;NICOMEDES GARCÍA;CALLE;CALLE;ROBLE;111;;;;;;40;216;1;SEGOVIA;VALVERDE DEL MAJANO;VALVERDE DEL MAJANO;40140;921490003;;;40008792@educa.jcyl.es;;;;N;N;N;N;N;N;
2026;40008721;A;ALTA;1;PÚBLICO;3;ESCUELA DE EDUCACION INFANTIL;EEI;RIAZA;CALLE;CALLE;RICARDO PROVENCIO;13;;;;;;40;170;9;SEGOVIA;RIAZA;RIAZA;40500;623152736;;;40008721@educa.jcyl.es;;-3.47793;41.27808;N;N;N;N;N;N;41.27808, -3.47793
2026;40008548;A;ALTA;1;PÚBLICO;185;ESCUELA DE MUSICA;EM;CIUDAD DE CAUCA-DON BERNABÉ CORBACHO;AV.;AVENIDA;DEL ICONA;7;;;;;;40;57;2;SEGOVIA;COCA;COCA;40480;921586011;921586076;;40008548@educa.jcyl.es;;-4.52175;41.21487;N;N;N;N;N;N;41.21487, -4.52175
2026;40008305;A;ALTA;1;PÚBLICO;185;ESCUELA DE MUSICA;EM;ESCUELA DE MÚSICA DE EL ESPINAR;CALLE;CALLE;CANTARRANAS;10;;;;;;40;76;2;SEGOVIA;ESPINAR (EL);ESPINAR (EL);40480;921181700;921182316;;40008305@educa.jcyl.es;;-4.2501;40.7173;N;N;N;N;N;N;40.7173, -4.2501
2026;40008391;A;ALTA;1;PÚBLICO;185;ESCUELA DE MUSICA;EM;ESCUELA DE MÚSICA DE SEPÚLVEDA;CALLE;CALLE;HOSPITAL;25;;;;;;40;195;7;SEGOVIA;SEPÚLVEDA;SEPÚLVEDA;40300;921540000;;;40008391@educa.jcyl.es;;-4.11921;40.94943;N;N;N;N;N;N;40.94943, -4.11921
2026;40008421;A;ALTA;1;PÚBLICO;185;ESCUELA DE MUSICA;EM;ESCUELA DE MÚSICA DE TORRECABALLEROS;PZ.;PLAZA;MAYOR;1;;;;;;40;203;4;SEGOVIA;TORRECABALLEROS;TORRECABALLEROS;40160;921401005;;;40008421@educa.jcyl.es;;-4.024;40.99239;N;N;N;N;N;N;40.99239, -4.024
2026;40004580;A;ALTA;1;PÚBLICO;80;ESCUELA OFICIAL DE IDIOMAS;EOI;ESCUELA OFICIAL DE IDIOMAS DE SEGOVIA;CALLE;CALLE;OCHOA ONDÁTEGUI;;S/N;;;;;40;194;6;SEGOVIA;SEGOVIA;SEGOVIA;40001;921428198;921444898;;40004580@educa.jcyl.es;http://eoisegovia.centros.educa.jcyl.es;-4.11477;40.9468;N;N;N;N;N;N;40.9468, -4.11477
2026;40003642;A;ALTA;1;PÚBLICO;42;INSTITUTO DE EDUCACION SECUNDARIA;IES;ANDRÉS LAGUNA;PS.;PASEO;DEL CONDE SEPÚLVEDA;18;;;;;;40;194;6;SEGOVIA;SEGOVIA;SEGOVIA;40002;921420550;921443829;;40003642@educa.jcyl.es;http://iesandreslaguna.centros.educa.jcyl.es;-4.11581;40.93903;N;N;N;S;N;S;40.93903, -4.11581
2026;40003708;A;ALTA;1;PÚBLICO;42;INSTITUTO DE EDUCACION SECUNDARIA;IES;FRANCISCO GINER DE LOS RÍOS;AV.;AVENIDA;DE LA CONSTITUCIÓN;;S/N;;;;;40;194;6;SEGOVIA;SEGOVIA;SEGOVIA;40005;921423512;921423583;;40003708@educa.jcyl.es;http://iesfranciscoginerdelosrios.centros.educa.jcyl.es/sitio/;-4.1103;40.93683;N;N;N;S;N;S;40.93683, -4.1103
2026;40003678;A;ALTA;1;PÚBLICO;42;INSTITUTO DE EDUCACION SECUNDARIA;IES;LA ALBUERA;AV.;AVENIDA;DON JUAN DE BORBÓN;23;;;;;;40;194;6;SEGOVIA;SEGOVIA;SEGOVIA;40004;921420879;921444124;;40003678@educa.jcyl.es;http://ieslaalbuera.centros.educa.jcyl.es;-4.10469;40.94072;N;N;N;S;N;S;40.94072, -4.10469
2026;40003654;A;ALTA;1;PÚBLICO;42;INSTITUTO DE EDUCACION SECUNDARIA;IES;MARIANO QUINTANILLA;PZ.;PLAZA;DE DÍA SANZ;4;;;;;;40;194;6;SEGOVIA;SEGOVIA;SEGOVIA;40001;921420395;921433073;;40003654@educa.jcyl.es;http://iesmarianoquintanilla.centros.educa.jcyl.es;-4.11574;40.94658;N;N;N;S;N;S;40.94658, -4.11574
2026;40000951;A;ALTA;1;PÚBLICO;42;INSTITUTO DE EDUCACION SECUNDARIA;IES;MARQUÉS DE LOZOYA;CRA.;CARRETERA;DE VALLADOLID;19;;;;;;40;63;3;SEGOVIA;CUÉLLAR;CUÉLLAR;40200;921141300;921141300;;40000951@educa.jcyl.es;http://iesmarquesdelozoya.centros.educa.jcyl.es/sitio/;-4.33069;41.40731;N;N;N;N;N;S;41.40731, -4.33069
2026;40004567;A;ALTA;1;PÚBLICO;42;INSTITUTO DE EDUCACION SECUNDARIA;IES;SIERRA DE AYLLÓN;CALLE;CALLE;CONDE DE VALLELLANO;;S/N;;;;;40;24;1;SEGOVIA;AYLLÓN;AYLLÓN;40520;921553069;921553316;;40004567@educa.jcyl.es;http://iessierradeayllon.centros.educa.jcyl.es;-3.38078;41.41871;N;N;N;S;N;S;41.41871, -3.38078
2026;40004725;A;ALTA;1;PÚBLICO;42;INSTITUTO DE EDUCACION SECUNDARIA;IES;VEGA DEL PIRÓN;PS.;PASEO;EL REGAJO;10;;;;;;40;43;1;SEGOVIA;CARBONERO EL MAYOR;CARBONERO EL MAYOR;40270;921560200;921560281;;40004725@educa.jcyl.es;http://iesvegadelpiron.centros.educa.jcyl.es;-4.27036;41.12304;N;N;N;S;N;S;41.12304, -4.27036
2026;40001141;A;ALTA;1;PÚBLICO;14;COLEGIO DE EDUCACION INFANTIL Y PRIMARIA;CEIP;ARCIPRESTE DE HITA;AV.;AVENIDA;DE CASTILLA Y LEÓN;41;;;;;;40;76;2;SEGOVIA;ESPINAR (EL);ESPINAR (EL);40400;921181519;921181519;;40001141@educa.jcyl.es;http://ceiparciprestedehita.centros.educa.jcyl.es;-4.24176;40.72026;N;N;N;S;S;S;40.72026, -4.24176
2026;40000422;A;ALTA;1;PÚBLICO;14;COLEGIO DE EDUCACION INFANTIL Y PRIMARIA;CEIP;CARDENAL CISNEROS;CALLE;CALLE;CARDENAL CISNEROS;1;;;;;;40;32;2;SEGOVIA;BOCEGUILLAS;BOCEGUILLAS;40560;921543109;921543109;;40000422@educa.jcyl.es;http://ceipcardenalcisneros.centros.educa.jcyl.es/sitio/;-3.63841;41.33657;N;N;N;S;S;S;41.33657, -3.63841
2026;40004968;A;ALTA;1;PÚBLICO;14;COLEGIO DE EDUCACION INFANTIL Y PRIMARIA;CEIP;CRA CAMPOS CASTELLANOS;CALLE;CALLE;ESCUELAS;23;;;;;;40;41;1;SEGOVIA;CANTIMPALOS;CANTIMPALOS;40360;921496126;921496126;;40004968@educa.jcyl.es;http://cracamposcastellanos.centros.educa.jcyl.es;-4.16273;41.0716;S;N;N;S;S;S;41.0716, -4.16273
2026;40005021;A;ALTA;1;PÚBLICO;14;COLEGIO DE EDUCACION INFANTIL Y PRIMARIA;CEIP;CRA DE RIAZA;CALLE;CALLE;ANTONIO GARCÍA TAPIA;2;;;;;;40;170;9;SEGOVIA;RIAZA;RIAZA;40500;921550233;921550233;;40005021@educa.jcyl.es;http://craderiaza.centros.educa.jcyl.es;-3.47625;41.27768;S;N;N;S;S;S;41.27768, -3.47625
2026;40004890;A;ALTA;1;PÚBLICO;14;COLEGIO DE EDUCACION INFANTIL Y PRIMARIA;CEIP;CRA EL CARRACILLO;CALLE;CALLE;FRAGUA;38;;;;;;40;179;1;SEGOVIA;SANCHONUÑO;SANCHONUÑO;40297;921160072;921160072;;40004890@educa.jcyl.es;http://craelcarracillo.centros.educa.jcyl.es;-4.30638;41.32302;S;N;N;S;N;N;41.32302, -4.30638
2026;40004971;A;ALTA;1;PÚBLICO;14;COLEGIO DE EDUCACION INFANTIL Y PRIMARIA;CEIP;CRA EL PINAR;AV.;AVENIDA;ARTURO HERNÁNDEZ;;S/N;;;;;40;145;1;SEGOVIA;NAVAS DE ORO;NAVAS DE ORO;40470;921050551;;;40004971@educa.jcyl.es;http://craelpinar.centros.educa.jcyl.es;-4.43983;41.19243;S;N;N;S;N;N;41.19243, -4.43983
2026;40008342;A;ALTA;1;PÚBLICO;14;COLEGIO DE EDUCACION INFANTIL Y PRIMARIA;CEIP;CRA LOS ALMENDROS;CALLE;CALLE;CAMINO DE SAN CRISTOBAL;;S/N;;;;;40;112;1;SEGOVIA;LASTRILLA (LA);LASTRILLA (LA);40196;921436445;921429131;;40008342@educa.jcyl.es;http://cra-losalmendros.centros.educa.jcyl.es;-4.10201;40.96667;S;N;N;S;S;S;40.96667, -4.10201
2026;40004920;A;ALTA;1;PÚBLICO;14;COLEGIO DE EDUCACION INFANTIL Y PRIMARIA;CEIP;CRA LOS LLANOS;PZ.;PLAZA;AGAPITO MARAZUELA;;S/N;;;;;40;216;1;SEGOVIA;VALVERDE DEL MAJANO;VALVERDE DEL MAJANO;40140;921490111;921490111;;40004920@educa.jcyl.es;http://cralosllanos.centros.educa.jcyl.es;-4.2372;40.9546;S;N;N;S;S;S;40.9546, -4.2372
2026;40008706;A;ALTA;1;PÚBLICO;14;COLEGIO DE EDUCACION INFANTIL Y PRIMARIA;CEIP;CRA SANGARCÍA;CALLE;CALLE;ETREROS;;S/N;;;;;40;180;4;SEGOVIA;SANGARCÍA;SANGARCÍA;40134;921178019;921178019;;40008706@educa.jcyl.es;http://crasangarcia.centros.educa.jcyl.es/;-4.41437;40.94739;S;N;N;N;N;N;40.94739, -4.41437
2026;40000926;A;ALTA;1;PÚBLICO;14;COLEGIO DE EDUCACION INFANTIL Y PRIMARIA;CEIP;LA VILLA;CALLE;CALLE;NUEVA;2;;;;;;40;63;3;SEGOVIA;CUÉLLAR;CUÉLLAR;40200;921140232;921140623;;40000926@educa.jcyl.es;http://cplavilla.centros.educa.jcyl.es;-4.31582;41.40261;N;N;N;S;N;N;41.40261, -4.31582
2026;40003320;A;ALTA;1;PÚBLICO;14;COLEGIO DE EDUCACION INFANTIL Y PRIMARIA;CEIP;MARTÍN CHICO;CALLE;CALLE;LAS NIEVES 15 Y;17;;;;;;40;194;6;SEGOVIA;SEGOVIA;SEGOVIA;40003;921431644;921431644;;40003320@educa.jcyl.es;http://ceipmartinchico.centros.educa.jcyl.es;-4.11143;40.9553;N;N;N;S;S;N;40.9553, -4.11143
2026;40002200;A;ALTA;1;PÚBLICO;14;COLEGIO DE EDUCACION INFANTIL Y PRIMARIA;CEIP;MIGUEL DE CERVANTES;CALLE;CALLE;SEGOVIA;45;;;;;;40;141;1;SEGOVIA;NAVALMANZANO;NAVALMANZANO;40280;921575075;921575075;;40002200@educa.jcyl.es;http://ceipmiguelcervantes.centros.educa.jcyl.es;-4.25742;41.21214;N;N;N;S;S;N;41.21214, -4.25742
2026;40004877;A;ALTA;1;PÚBLICO;77;CENTRO DE EDUCACIÓN OBLIGATORIA;CEO;LA SIERRA;CALLE;CALLE;CALVARIO;;S/N;;;;;40;162;2;SEGOVIA;PRÁDENA;PRÁDENA;40165;921507150;921507150;;40004877@educa.jcyl.es;http://ceolasierra.centros.educa.jcyl.es;-3.68944;41.13719;N;N;N;S;S;S;41.13719, -3.68944
2026;40004804;A;ALTA;1;PÚBLICO;31;CENTRO PUBLICO DE EDUCACION DE PERSONAS ADULTAS;CEPA;ANTONIO HERRERA;CALLE;CALLE;PALACIO;6;;;;;;40;63;3;SEGOVIA;CUÉLLAR;CUÉLLAR;40200;921142331;921142331;;40004804@educa.jcyl.es;http://ceaantonioherrera.centros.educa.jcyl.es;-4.31632;41.40122;N;N;N;N;N;N;41.40122, -4.31632
2026;40008378;A;ALTA;1;PÚBLICO;31;CENTRO PUBLICO DE EDUCACION DE PERSONAS ADULTAS;CEPA;CENTRO DE ADULTOS DE SAN ILDEFONSO - LA GRANJA;PZ.;PLAZA;DE MATADERO;;S/N;;;;;40;181;2;SEGOVIA;REAL SITIO DE SAN ILDEFONSO;SAN ILDEFONSO O LA GRANJA;40100;921472333;;;40008378@educa.jcyl.es;http://cepasanildefonso.centros.educa.jcyl.es;-4.0052;40.9026;N;N;N;N;N;N;40.9026, -4.0052
2026;40005122;A;ALTA;1;PÚBLICO;31;CENTRO PUBLICO DE EDUCACION DE PERSONAS ADULTAS;CEPA;MIGUEL DELIBES;CRA.;CARRETERA;BAYONA;53;;;;;;40;32;2;SEGOVIA;BOCEGUILLAS;BOCEGUILLAS;40560;921474838;;;40005122@educa.jcyl.es;http://cepamigueldelibes.centros.educa.jcyl.es/;-3.54453;41.42843;N;N;N;N;N;N;41.42843, -3.54453
2026;40004786;A;ALTA;1;PÚBLICO;68;CENTRO PUBLICO INTEGRADO DE FORMACION PROFESIONAL;CIFP;ESCUELA DE CAPACITACIÓN Y EXPERIENCIAS AGRARIAS;CRA.;CARRETERA;AREVALO;;;;;;;40;194;6;SEGOVIA;SEGOVIA;SEGOVIA;40071;921444266;921445457;;40004786@educa.jcyl.es;http://cfasegovia.centros.educa.jcyl.es;-4.16227;40.95077;N;N;N;N;N;N;40.95077, -4.16227
2026;40003575;A;ALTA;2;PRIVADO;72;CENTRO PRIVADO DE EDUCACION INFANTIL PRIMARIA Y SECUNDARIA;Colegio;MADRES CONCEPCIONISTAS;CALLE;CALLE;Emilia Azpíroz c/v Paseo Cabanillas. El Sotillo;;;;;;;40;112;1;SEGOVIA;LASTRILLA (LA);LASTRILLA (LA);40001;921463372;;;40003575@educa.jcyl.es;;-4.09355;40.96305;N;N;S;S;S;N;40.96305, -4.09355
2026;40008691;A;ALTA;2;PRIVADO;198;CENTRO PRIVADO AUTORIZADO DE ENSEÑANZAS DEPORTIVAS;CPR DEP;CENTRO ECUESTRE DE CASTILLA Y LEÓN;CRA.;CARRETERA;CARRETERA DE ARÉVALO;52;;;;;;40;194;6;SEGOVIA;SEGOVIA;SEGOVIA;47006;627166714;;;40008691@educa.jcyl.es;;;;N;N;N;N;N;N;
2026;40008688;A;ALTA;2;PRIVADO;198;CENTRO PRIVADO AUTORIZADO DE ENSEÑANZAS DEPORTIVAS;CPR DEP;HÍPICA ERESMA;CRA.;CARRETERA;CARRETERA DE PALAZUELOS, KM 2;;;;;;;40;194;6;SEGOVIA;SEGOVIA;SEGOVIA;40004;921120042;921120419;;40008688@educa.jcyl.es;;-4.08303;40.93529;N;N;N;N;N;N;40.93529, -4.08303
2026;40008822;A;ALTA;2;PRIVADO;4;CENTRO PRIVADO DE EDUCACION INFANTIL;CPrEI;DE PEQUES;CALLE;CALLE;ESCUELAS VIEJAS;9;;;;;;40;155;1;SEGOVIA;PALAZUELOS DE ERESMA;PALAZUELOS DE ERESMA;40194;678963751;;;40008822@educa.jcyl.es;;-4.06216;40.93149;N;N;N;N;N;N;40.93149, -4.06216
2026;40008834;A;ALTA;2;PRIVADO;4;CENTRO PRIVADO DE EDUCACION INFANTIL;CPrEI;ÉRASE UNA VEZ;TR.;TRAVESIA;ZAMARRAMALA;3;;;;;;40;112;1;SEGOVIA;LASTRILLA (LA);LASTRILLA (LA);40196;674227874;;;40008834@educa.jcyl.es;;-4.10707;40.96903;N;N;N;N;N;N;40.96903, -4.10707
2026;40008408;A;ALTA;2;PRIVADO;4;CENTRO PRIVADO DE EDUCACION INFANTIL;CPrEI;PASITOS 2;CRA.;CARRETERA;DE SORIA;12;;;;;;40;112;1;SEGOVIA;LASTRILLA (LA);LASTRILLA (LA);40196;921439373;921438467;;40008408@educa.jcyl.es;;-4.10423;40.94673;N;N;N;N;S;N;40.94673, -4.10423
2026;40008275;A;ALTA;2;PRIVADO;4;CENTRO PRIVADO DE EDUCACION INFANTIL;CPrEI;PITUFO'S;CALLE;CALLE;BALTASAR GRACIÁN;3;;;;;;40;194;6;SEGOVIA;SEGOVIA;SEGOVIA;40006;921445404;;;40008275@educa.jcyl.es;;-4.09824;40.92904;N;N;N;N;S;N;40.92904, -4.09824
2026;40008743;A;ALTA;2;PRIVADO;58;CENTRO PRIVADO DE FORMACION PROFESIONAL ESPECIFICA;CPrFP;CAMPUS ALSA EDX, TRANSPORTE, LOGÍSTICA Y COMUNICACIÓN;CRA.;CARRETERA;NACIONAL VI, P.K. 66.500 (POLÍGONO INDUSTRIAL LA PILILLA);;;;;;;40;76;2;SEGOVIA;ESPINAR (EL);ESPINAR (EL);40400;921183166;;;40008743@educa.jcyl.es;;-4.23665;40.72934;N;N;N;N;N;N;40.72934, -4.23665
2026;40008500;A;ALTA;1;PÚBLICO;3;ESCUELA DE EDUCACION INFANTIL;EEI;AGAPITO MARAZUELA;PS.;PASEO;JUAN DE VILLANUEVA;3;;;;;;40;181;2;SEGOVIA;REAL SITIO DE SAN ILDEFONSO;SAN ILDEFONSO O LA GRANJA;40100;921470703;;;40008500@educa.jcyl.es;;-4.01132;40.90193;N;N;N;N;S;N;40.90193, -4.01132
2026;40008512;A;ALTA;1;PÚBLICO;3;ESCUELA DE EDUCACION INFANTIL;EEI;BAMBI;CALLE;CALLE;PISCINAS;;S/N;;;;;40;24;1;SEGOVIA;AYLLÓN;AYLLÓN;40520;921553541;;;40008512@educa.jcyl.es;;-3.38146;41.41906;N;N;N;N;S;N;41.41906, -3.38146
2026;40008573;A;ALTA;1;PÚBLICO;3;ESCUELA DE EDUCACION INFANTIL;EEI;CUCU-TRAS;CALLE;CALLE;MARCOS HERNÁNDEZ;3;;;;;;40;145;1;SEGOVIA;NAVAS DE ORO;NAVAS DE ORO;40470;921591468;;;40008573@educa.jcyl.es;;-4.43869;41.19552;N;N;N;N;S;N;41.19552, -4.43869
2026;40008652;A;ALTA;1;PÚBLICO;3;ESCUELA DE EDUCACION INFANTIL;EEI;EL PARQUE;CALLE;CALLE;CLAUDIO MORENO;24;;;;;;40;1;1;SEGOVIA;ABADES;ABADES;40141;921495160;;;40008652@educa.jcyl.es;;-4.26347;40.91463;N;N;N;N;N;N;40.91463, -4.26347
2026;40008627;A;ALTA;1;PÚBLICO;3;ESCUELA DE EDUCACION INFANTIL;EEI;LA SENDA;CALLE;CALLE;LOS VARGAS;13;;;;;;40;194;6;SEGOVIA;SEGOVIA;SEGOVIA;40003;921442870;921419840;;40008627@educa.jcyl.es;http://11870.com/pro/colegio-educacion-infantil-y-primaria-la-senda;-4.11234;40.95274;N;N;N;N;N;N;40.95274, -4.11234
2026;40008779;A;ALTA;1;PÚBLICO;3;ESCUELA DE EDUCACION INFANTIL;EEI;LOS PITOCHES;CALLE;CALLE;ARRABAL;56;;;;;;40;40;2;SEGOVIA;CANTALEJO;CANTALEJO;40320;646913322;;;40008779@educa.jcyl.es;;-3.92759;41.25564;N;N;N;N;N;N;41.25564, -3.92759
2026;40008664;A;ALTA;1;PÚBLICO;3;ESCUELA DE EDUCACION INFANTIL;EEI;SAN RAFAEL;CRA.;CARRETERA;DE LA CORUÑA, S/N;;;;;;;40;76;2;SEGOVIA;ESPINAR (EL);ESPINAR (EL);40400;670386836;921182316;;40008664@educa.jcyl.es;;-4.16725;40.71143;N;N;N;N;N;N;40.71143, -4.16725
2026;40008585;A;ALTA;1;PÚBLICO;3;ESCUELA DE EDUCACION INFANTIL;EEI;TORRECABALLITOS;CALLE;CALLE;BERROCALES;14;;;;;;40;203;4;SEGOVIA;TORRECABALLEROS;TORRECABALLEROS;40160;608971054;;;40008585@educa.jcyl.es;;-4.02484;40.99184;N;N;N;N;S;N;40.99184, -4.02484
2026;40008317;A;ALTA;1;PÚBLICO;185;ESCUELA DE MUSICA;EM;CECILIO DE BENITO;CALLE;CALLE;CHORRETONES;1;;;;;;40;63;3;SEGOVIA;CUÉLLAR;CUÉLLAR;40200;921140014;921142076;;40008317@educa.jcyl.es;;-4.31213;41.39943;N;N;N;N;N;N;41.39943, -4.31213
2026;40008330;A;ALTA;1;PÚBLICO;185;ESCUELA DE MUSICA;EM;ESCUELA DE MÚSICA DE NAVA DE LA ASUNCIÓN;AV.;AVENIDA;DEL BALONMANO NAVA;1;;;;;;40;138;2;SEGOVIA;NAVA DE LA ASUNCIÓN;NAVA DE LA ASUNCIÓN;40450;921580036;921580519;;40008330@educa.jcyl.es;;-4.11921;40.94943;N;N;N;N;N;N;40.94943, -4.11921
2026;40008482;A;ALTA;1;PÚBLICO;185;ESCUELA DE MUSICA;EM;ESCUELA DE MÚSICA DE VALVERDE DEL MAJANO;CALLE;CALLE;REAL;45;;;;;;40;216;1;SEGOVIA;VALVERDE DEL MAJANO;VALVERDE DEL MAJANO;40140;921490003;921490376;;40008482@educa.jcyl.es;;-4.23413;40.95888;N;N;N;N;N;N;40.95888, -4.23413
2026;40008411;A;ALTA;1;PÚBLICO;187;ESCUELA DE MUSICA Y DANZA;EMD;ESCUELA DE MÚSICA Y DANZA DE SAN ILDEFONSO-LA GRANJA;PZ.;PLAZA;DEL MATADERO;;S/N;;;;;40;181;2;SEGOVIA;REAL SITIO DE SAN ILDEFONSO;SAN ILDEFONSO O LA GRANJA;40100;921471877;;;40008411@educa.jcyl.es;;-4.00575;40.9024;N;N;N;N;N;N;40.9024, -4.00575
2026;40003666;A;ALTA;1;PÚBLICO;42;INSTITUTO DE EDUCACION SECUNDARIA;IES;MARÍA MOLINER;CALLE;CALLE;ÁVILA;1;;;;;;40;194;6;SEGOVIA;SEGOVIA;SEGOVIA;40004;921427011;921444366;;40003666@educa.jcyl.es;http://www.iesmariamoliner.com;-4.1054;40.94458;N;N;N;S;N;S;40.94458, -4.1054
2026;40004521;A;ALTA;1;PÚBLICO;42;INSTITUTO DE EDUCACION SECUNDARIA;IES;MARÍA ZAMBRANO;CALLE;CALLE;SANTA QUITERIA;;S/N;;;;;40;76;2;SEGOVIA;ESPINAR (EL);ESPINAR (EL);40400;921524563;;;40004521@educa.jcyl.es;http://iesmariazambrano.centros.educa.jcyl.es;-4.24892;40.71412;N;N;N;S;N;S;40.71412, -4.24892
2026;40005018;A;ALTA;1;PÚBLICO;42;INSTITUTO DE EDUCACION SECUNDARIA;IES;PEÑALARA;PS.;PASEO;DEL POCILLO;;S/N;;;;;40;181;2;SEGOVIA;REAL SITIO DE SAN ILDEFONSO;SAN ILDEFONSO O LA GRANJA;40100;921470640;921470662;;40005018@educa.jcyl.es;http://iespenalara.centros.educa.jcyl.es;-4.00483;40.90566;N;N;N;S;N;S;40.90566, -4.00483
2026;42003803;A;ALTA;1;PÚBLICO;14;COLEGIO DE EDUCACION INFANTIL Y PRIMARIA;CEIP;CRA CAMPOS DE GÓMARA;CRA.;CARRETERA;DE CABREJAS;;S/N;;;;;42;96;2;SORIA;GÓMARA;GÓMARA;42120;975380095;975380095;;42003803@educa.jcyl.es;http://cracamposdegomara.centros.educa.jcyl.es/;-2.23113;41.62459;S;N;N;S;S;S;41.62459, -2.23113
2026;42003712;A;ALTA;1;PÚBLICO;14;COLEGIO DE EDUCACION INFANTIL Y PRIMARIA;CEIP;CRA EL JALÓN;CALLE;CALLE;SINTEX OBRADOR;;S/N;;;;;42;25;2;SORIA;ARCOS DE JALÓN;ARCOS DE JALÓN;42250;975328002;975320734;;42003712@educa.jcyl.es;http://craeljalon.centros.educa.jcyl.es;-2.27531;41.21608;S;N;N;S;S;S;41.21608, -2.27531
2026;42004005;A;ALTA;1;PÚBLICO;14;COLEGIO DE EDUCACION INFANTIL Y PRIMARIA;CEIP;CRA LA RIBERA;CALLE;CALLE;JUAN SANTOS ORDEN;1;;;;;;42;103;3;SORIA;LANGA DE DUERO;LANGA DE DUERO;42320;975353056;;;42004005@educa.jcyl.es;http://cra-laribera.centros.educa.jcyl.es;-3.40207;41.60967;S;N;N;S;S;N;41.60967, -3.40207
2026;42000280;A;ALTA;1;PÚBLICO;14;COLEGIO DE EDUCACION INFANTIL Y PRIMARIA;CEIP;DIEGO LAINEZ;CALLE;CALLE;SAN PEDRO;;S/N;;;;;42;20;2;SORIA;ALMAZÁN;ALMAZÁN;42200;975318014;975318014;;42000280@educa.jcyl.es;http://ceipdiegolainez.centros.educa.jcyl.es/;-2.53432;41.48603;N;N;N;S;S;S;41.48603, -2.53432
2026;42002719;A;ALTA;1;PÚBLICO;14;COLEGIO DE EDUCACION INFANTIL Y PRIMARIA;CEIP;LAS PEDRIZAS;CALLE;CALLE;RETÓGENES;;S/N;;;;;42;173;4;SORIA;SORIA;SORIA;42001;975222157;;;42002719@educa.jcyl.es;http://ceiplaspedrizas.centros.educa.jcyl.es;-2.47049;41.76704;N;N;N;S;S;N;41.76704, -2.47049
2026;42002574;A;ALTA;1;PÚBLICO;14;COLEGIO DE EDUCACION INFANTIL Y PRIMARIA;CEIP;LOS DOCE LINAJES;CALLE;CALLE;CID CAMPEADOR;;S/N;;;;;42;173;4;SORIA;SORIA;SORIA;42004;975225838;975225838;;42002574@educa.jcyl.es;http://ceiplosdocelinajes.centros.educa.jcyl.es;-2.48224;41.76944;N;N;N;S;S;S;41.76944, -2.48224
2026;42002562;A;ALTA;1;PÚBLICO;14;COLEGIO DE EDUCACION INFANTIL Y PRIMARIA;CEIP;NUMANCIA;CALLE;CALLE;RONDA ELOY SANZ VILLA;;S/N;;;;;42;173;4;SORIA;SORIA;SORIA;42003;975221747;975228750;;42002562@educa.jcyl.es;http://ceipnumancia.centros.educa.jcyl.es;-2.4724;41.76123;N;N;N;S;S;S;41.76123, -2.4724
2026;42000048;A;ALTA;1;PÚBLICO;14;COLEGIO DE EDUCACION INFANTIL Y PRIMARIA;CEIP;SOR MARÍA DE JESÚS;PZ.;PLAZA;CASTEJÓN;;S/N;;;;;42;4;1;SORIA;ÁGREDA;ÁGREDA;42100;976647357;976197185;;42000048@educa.jcyl.es;http://ceipsormariadejesus.centros.educa.jcyl.es;-1.92009;41.85352;N;N;N;S;S;N;41.85352, -1.92009
2026;42004091;A;ALTA;1;PÚBLICO;31;CENTRO PUBLICO DE EDUCACION DE PERSONAS ADULTAS;CEPA;DOÑA JIMENA;CALLE;CALLE;ISAAC GARCÍA ALONSO;;29-1;;;;;42;162;14;SORIA;SAN ESTEBAN DE GORMAZ;SAN ESTEBAN DE GORMAZ;42330;975350015;975350015;;42004091@educa.jcyl.es;http://cepadonajimena.centros.educa.jcyl.es;-3.20244;41.5713;N;N;N;N;N;N;41.5713, -3.20244
2026;42007195;A;ALTA;1;PÚBLICO;68;CENTRO PUBLICO INTEGRADO DE FORMACION PROFESIONAL;CIFP;LA MERCED;CALLE;CALLE;CALIXTO PEREDA;1;;;;;;42;173;4;SORIA;SORIA;SORIA;42002;975232335;;;42007195@educa.jcyl.es;http://cifpsoria.centros.educa.jcyl.es;-2.46463;41.76641;N;S;N;N;N;S;41.76641, -2.46463
2026;42002631;A;ALTA;2;PRIVADO;72;CENTRO PRIVADO DE EDUCACION INFANTIL PRIMARIA Y SECUNDARIA;Colegio;SANTA TERESA DE JESÚS;PS.;PASEO;DEL ESPOLÓN;12;;;;;;42;173;4;SORIA;SORIA;SORIA;42001;975221486;975229721;;42002631@educa.jcyl.es;http://www.escolapias-soria.org;-2.47177;41.76477;N;N;S;S;S;N;41.76477, -2.47177
2026;42002665;A;ALTA;2;PRIVADO;72;CENTRO PRIVADO DE EDUCACION INFANTIL PRIMARIA Y SECUNDARIA;Colegio;TRILEMA SORIA;CALLE;CALLE;LOS MIRANDAS;2;;;;;;42;173;4;SORIA;SORIA;SORIA;42002;975211159;975213033;;42002665@educa.jcyl.es;http://www.trilemasoria.org;-2.4624;41.76408;N;N;S;S;S;N;41.76408, -2.4624
2026;42007444;A;ALTA;2;PRIVADO;4;CENTRO PRIVADO DE EDUCACION INFANTIL;CPrEI;PRINCESAS Y PIRATAS DEL BURGO;CALLE;CALLE;UNIVERSIDAD;106;;;;;;42;43;5;SORIA;BURGO DE OSMA-CIUDAD DE OSMA;BURGO DE OSMA (EL);42300;636268905;;;42007444@educa.jcyl.es;;-3.05834;41.58684;N;N;N;N;N;N;41.58684, -3.05834
2026;42007420;A;ALTA;2;PRIVADO;4;CENTRO PRIVADO DE EDUCACION INFANTIL;CPrEI;ROYAL;CALLE;CALLE;MANUEL FRAGA IRIBARNE;8;;;;;;42;173;4;SORIA;SORIA;SORIA;42005;;;;42007420@educa.jcyl.es;;-2.4854;41.75985;N;N;N;N;N;N;41.75985, -2.4854
2026;42007274;A;ALTA;1;PÚBLICO;3;ESCUELA DE EDUCACION INFANTIL;EEI;EL LAGO;CALLE;CALLE;DULCINEA;1;;;;;;42;20;2;SORIA;ALMAZÁN;ALMAZÁN;42200;975310039;;;42007274@educa.jcyl.es;;-2.52965;41.49252;N;N;N;N;S;N;41.49252, -2.52965
2026;42004066;A;ALTA;1;PÚBLICO;3;ESCUELA DE EDUCACION INFANTIL;EEI;EL TRÉBOL;CALLE;CALLE;RONDA ELOY SANZ VILLA;5;;;;;;42;173;4;SORIA;SORIA;SORIA;42003;975226073;;;42004066@educa.jcyl.es;;-2.47147;41.76136;N;N;N;N;S;N;41.76136, -2.47147
2026;42007304;A;ALTA;1;PÚBLICO;3;ESCUELA DE EDUCACION INFANTIL;EEI;EL VALLE DE LOS PITUFOS;CALLE;CALLE;PLAZA;1;;;;;;42;19;9;SORIA;ALMARZA;TERA;42169;975250289;975250050;;42007304@educa.jcyl.es;;-2.47903;41.94663;N;N;N;N;N;N;41.94663, -2.47903
2026;42007353;A;ALTA;1;PÚBLICO;3;ESCUELA DE EDUCACION INFANTIL;EEI;GLORIA FUERTES;CALLE;CALLE;J  (POLÍGONO INDUSTRIAL LAS CASA II);;;;;;;42;173;4;SORIA;SORIA;SORIA;42005;975227115;975227115;;42007353@educa.jcyl.es;;-2.49099;41.77673;N;N;N;N;N;N;41.77673, -2.49099
2026;42007365;A;ALTA;1;PÚBLICO;3;ESCUELA DE EDUCACION INFANTIL;EEI;LANGA;CALLE;CALLE;JUAN SANTOS DE LA ORDEN;1;;;;;;42;103;3;SORIA;LANGA DE DUERO;LANGA DE DUERO;42320;975353060;;;42007365@educa.jcyl.es;;-2.47903;41.7666;N;N;N;N;N;N;41.7666, -2.47903
2026;42003505;A;ALTA;1;PÚBLICO;80;ESCUELA OFICIAL DE IDIOMAS;EOI;ALFONSO X EL SABIO;PZ.;PLAZA;BERNARDO ROBLES;3;;;;;;42;173;4;SORIA;SORIA;SORIA;42002;975228652;975230533;;42003505@educa.jcyl.es;http://eoisoria.centros.educa.jcyl.es;-2.4657;41.76531;N;N;N;N;N;N;41.76531, -2.4657
2026;42003268;A;ALTA;1;PÚBLICO;42;INSTITUTO DE EDUCACION SECUNDARIA;IES;GAYA NUÑO;CALLE;CALLE;ANTONIO MACHADO;;S/N;;;;;42;20;2;SORIA;ALMAZÁN;ALMAZÁN;42200;975300472;;;42003268@educa.jcyl.es;http://iesgayanuno.centros.educa.jcyl.es;-2.52754;41.48222;N;N;N;S;N;S;41.48222, -2.52754
2026;42002720;A;ALTA;1;PÚBLICO;42;INSTITUTO DE EDUCACION SECUNDARIA;IES;POLITÉCNICO;CALLE;CALLE;FUENTE DEL REY;;S/N;;;;;42;173;4;SORIA;SORIA;SORIA;42002;975231755;975227518;;42002720@educa.jcyl.es;http://iespolitecnicosoria.centros.educa.jcyl.es;-2.47023;41.77227;N;S;N;S;N;S;41.77227, -2.47023
2026;42000437;A;ALTA;1;PÚBLICO;42;INSTITUTO DE EDUCACION SECUNDARIA;IES;RIBERA DEL JALÓN;AV.;AVENIDA;DE LA CONSTITUCIÓN;;S/N;;;;;42;25;2;SORIA;ARCOS DE JALÓN;ARCOS DE JALÓN;42250;975320175;975320627;;42000437@educa.jcyl.es;http://iesriberadeljalon.centros.educa.jcyl.es;-2.27531;41.21608;N;S;N;S;N;S;41.21608, -2.27531
2026;42002744;A;ALTA;1;PÚBLICO;42;INSTITUTO DE EDUCACION SECUNDARIA;IES;VIRGEN DEL ESPINO;CALLE;CALLE;SANTA TERESA DE JESÚS;1;;;;;;42;173;4;SORIA;SORIA;SORIA;42003;975240808;;;42002744@educa.jcyl.es;http://iesvirgendelespino.centros.educa.jcyl.es;-2.47455;41.76092;N;N;N;S;N;S;41.76092, -2.47455
2026;42003797;A;ALTA;1;PÚBLICO;14;COLEGIO DE EDUCACION INFANTIL Y PRIMARIA;CEIP;CRA RÍO IZANA;CALLE;CALLE;LAS ESCUELAS;1;;;;;;42;144;8;SORIA;QUINTANA REDONDA;QUINTANA REDONDA;42291;975308396;975308396;;42003797@educa.jcyl.es;http://crarioizana.centros.educa.jcyl.es;-2.61623;41.63881;S;N;N;N;S;S;41.63881, -2.61623
2026;42003839;A;ALTA;1;PÚBLICO;14;COLEGIO DE EDUCACION INFANTIL Y PRIMARIA;CEIP;CRA TIERRAS DE BERLANGA;CALLE;CALLE;RAMÓN CORTÉS;;S/N;;;;;42;35;4;SORIA;BERLANGA DE DUERO;BERLANGA DE DUERO;42360;975343107;975368413;;42003839@educa.jcyl.es;http://cratierrasdeberlanga.centros.educa.jcyl.es;-2.86298;41.46476;S;N;N;S;N;S;41.46476, -2.86298
2026;42003414;A;ALTA;1;PÚBLICO;14;COLEGIO DE EDUCACION INFANTIL Y PRIMARIA;CEIP;FUENTE DEL REY;CALLE;CALLE;LAS CASAS;;S/N;;;;;42;173;4;SORIA;SORIA;SORIA;42002;975223722;975223722;;42003414@educa.jcyl.es;http://www.fuentedelrey.es;-2.46821;41.77133;N;N;N;S;S;S;41.77133, -2.46821
2026;42007201;A;ALTA;1;PÚBLICO;14;COLEGIO DE EDUCACION INFANTIL Y PRIMARIA;CEIP;GERARDO DIEGO;CALLE;CALLE;CONVIVENCIA;;S/N;;;;;42;95;6;SORIA;GOLMAYO;GOLMAYO;42190;975249261;975249261;;42007201@educa.jcyl.es;http://ceipgerardodiego.centros.educa.jcyl.es;-2.50248;41.77411;N;N;N;S;S;N;41.77411, -2.50248
2026;42003451;A;ALTA;1;PÚBLICO;14;COLEGIO DE EDUCACION INFANTIL Y PRIMARIA;CEIP;INFANTES DE LARA;CALLE;CALLE;SANTA TERESA DE JESÚS;13;;;;;;42;173;4;SORIA;SORIA;SORIA;42003;975226283;975226283;;42003451@educa.jcyl.es;http://ceipinfantesdelara.centros.educa.jcyl.es;-2.47137;41.75972;N;N;N;S;S;N;41.75972, -2.47137
2026;42000772;A;ALTA;1;PÚBLICO;14;COLEGIO DE EDUCACION INFANTIL Y PRIMARIA;CEIP;MANUEL RUIZ ZORRILLA;CALLE;CALLE;UNIVERSIDAD;;17-19;;;;;42;43;5;SORIA;BURGO DE OSMA-CIUDAD DE OSMA;BURGO DE OSMA (EL);42300;975340803;975340709;;42000772@educa.jcyl.es;http://ceipmanuelruizzorrilla.centros.educa.jcyl.es;-3.06345;41.58732;N;N;N;S;S;S;41.58732, -3.06345
2026;42001909;A;ALTA;1;PÚBLICO;14;COLEGIO DE EDUCACION INFANTIL Y PRIMARIA;CEIP;VIRGEN DE OLMACEDO;PZ.;PLAZA;DE LA CONSTITUCIÓN;;S/N;;;;;42;134;2;SORIA;ÓLVEGA;ÓLVEGA;42110;976192377;;;42001909@educa.jcyl.es;http://ceipvirgendeolmacedo.centros.educa.jcyl.es;-1.98503;41.77763;N;N;N;N;S;S;41.77763, -1.98503
2026;42002331;A;ALTA;1;PÚBLICO;14;COLEGIO DE EDUCACION INFANTIL Y PRIMARIA;CEIP;VIRGEN DEL RIVERO;CALLE;CALLE;CALDERÓN DE LA BARCA;;S/N;;;;;42;162;14;SORIA;SAN ESTEBAN DE GORMAZ;SAN ESTEBAN DE GORMAZ;42330;975350491;975350491;;42002331@educa.jcyl.es;http://ceipvirgendelrivero.centros.educa.jcyl.es;-3.20125;41.57043;N;N;N;S;S;S;41.57043, -3.20125
2026;42000322;A;ALTA;1;PÚBLICO;68;CENTRO PUBLICO INTEGRADO DE FORMACION PROFESIONAL;CIFP;ALMAZÁN;CALLE;CALLE;LA DEHESA;;S/N;;;;;42;20;2;SORIA;ALMAZÁN;ALMAZÁN;42200;975301111;975300154;;42000322@educa.jcyl.es;http://cfaalmazan.centros.educa.jcyl.es;-2.54552;41.47402;N;S;N;N;S;N;41.47402, -2.54552
2026;42000292;A;ALTA;2;PRIVADO;72;CENTRO PRIVADO DE EDUCACION INFANTIL PRIMARIA Y SECUNDARIA;Colegio;CALASANCIO;CALLE;CALLE;ANTONIO MACHADO;51;;;;;;42;20;2;SORIA;ALMAZÁN;ALMAZÁN;42200;975300068;975318020;;42000292@educa.jcyl.es;http://www.calasancioalmazan.org;-2.52662;41.48204;N;N;S;S;N;N;41.48204, -2.52662
2026;42000796;A;ALTA;2;PRIVADO;45;CENTRO PRIVADO DE EDUCACION SECUNDARIA;Colegio;SEMINARIO SANTO DOMINGO DE GUZMÁN;CALLE;CALLE;RODRIGO YUSTO;33;;;;;;42;43;5;SORIA;BURGO DE OSMA-CIUDAD DE OSMA;BURGO DE OSMA (EL);42300;975340000;975368020;;42000796@educa.jcyl.es;;-3.06844;41.58482;N;S;N;N;S;N;41.58482, -3.06844
2026;42007407;A;ALTA;2;PRIVADO;4;CENTRO PRIVADO DE EDUCACION INFANTIL;CPrEI;EIANDY PLANET;CALLE;CALLE;Elio Antonio de Nebrija;1;;;Bajo;;;42;173;4;SORIA;SORIA;SORIA;42005;683608005;;;42007407@educa.jcyl.es;;-2.48386;41.76753;N;N;N;N;N;N;41.76753, -2.48386
2026;42002732;A;ALTA;1;PÚBLICO;500;ESCUELA DE ARTE Y SUPERIOR DE DISEÑO;EA;ESCUELA DE ARTE DE SORIA;PZ.;PLAZA;TIRSO DE MOLINA;5;;;;;;42;173;4;SORIA;SORIA;SORIA;42004;975213193;975229594;;42002732@educa.jcyl.es;http://www.escueladeartesoria.es/;-2.47424;41.76822;N;N;N;S;N;N;41.76822, -2.47424
2026;42007377;A;ALTA;1;PÚBLICO;3;ESCUELA DE EDUCACION INFANTIL;EEI;EL OLMO;CALLE;CALLE;EDUARDO SAAVEDRA;33;;;;;;42;173;4;SORIA;SORIA;SORIA;42004;975188748;;;42007377@educa.jcyl.es;;-2.47729;41.76104;N;N;N;N;N;N;41.76104, -2.47729
2026;42007161;A;ALTA;1;PÚBLICO;3;ESCUELA DE EDUCACION INFANTIL;EEI;LA ALAMEDA;CALLE;CALLE;CALDERÓN DE LA BARCA;;S/N;;;;;42;162;14;SORIA;SAN ESTEBAN DE GORMAZ;SAN ESTEBAN DE GORMAZ;42330;975350061;975350282;;42007161@educa.jcyl.es;;-3.20142;41.57142;N;N;N;N;S;N;41.57142, -3.20142
2026;42007262;A;ALTA;1;PÚBLICO;3;ESCUELA DE EDUCACION INFANTIL;EEI;LAS CAMARETAS;URB.;URBANIZACION;LAS CAMARETAS (PARCELA DOTACIONAL 42190);;;;;;;42;95;6;SORIA;GOLMAYO;GOLMAYO;42190;975397131;;;42007262@educa.jcyl.es;;-2.50184;41.77551;N;N;N;N;S;N;41.77551, -2.50184
2026;42007328;A;ALTA;1;PÚBLICO;3;ESCUELA DE EDUCACION INFANTIL;EEI;LAS FUENTECILLAS;CALLE;CALLE;ÁNGEL TERREL;;S/Nº;;;;;42;69;1;SORIA;COVALEDA;COVALEDA;42157;975370590;;;42007328@educa.jcyl.es;;-2.88352;41.93328;N;N;N;N;N;N;41.93328, -2.88352
2026;42007250;A;ALTA;1;PÚBLICO;3;ESCUELA DE EDUCACION INFANTIL;EEI;PEQUELANDIA;AV.;AVENIDA;Mº EUGENIA MARTÍNEZ DEL CAMPO;22;;;;;;42;164;2;SORIA;SAN LEONARDO DE YAGÜE;SAN LEONARDO DE YAGÜE;42140;975376474;;;42007250@educa.jcyl.es;;-3.07018;41.83095;N;N;N;N;S;N;41.83095, -3.07018
2026;42007341;A;ALTA;1;PÚBLICO;3;ESCUELA DE EDUCACION INFANTIL;EEI;VINUESA;CALLE;CALLE;TRAVESÍA GERARDO DIEGO;1;;;;;;42;215;3;SORIA;VINUESA;VINUESA;42150;975378011;975378036;;42007341@educa.jcyl.es;;-2.76121;41.90957;N;N;N;N;N;N;41.90957, -2.76121
2026;42004081;A;ALTA;1;PÚBLICO;3;ESCUELA DE EDUCACION INFANTIL;EEI;VIRGEN DEL MIRÓN;CALLE;CALLE;SANZ OLIVEROS;5;;;;;;42;173;4;SORIA;SORIA;SORIA;42003;975212609;;;42004081@educa.jcyl.es;http://eeivirgendelmiron.centros.educa.jcyl.es/;-2.46394;41.7657;N;N;N;N;S;N;41.7657, -2.46394
2026;42007134;A;ALTA;1;PÚBLICO;185;ESCUELA DE MUSICA;EM;ESCUELA DE MÚSICA DE ALMAZÁN;PZ.;PLAZA;DE LOS OLMOS;;S/N;;;;;42;20;2;SORIA;ALMAZÁN;ALMAZÁN;42200;975300461;;;42007134@educa.jcyl.es;;-2.53527;41.48517;N;N;N;N;N;N;41.48517, -2.53527
2026;42007158;A;ALTA;1;PÚBLICO;185;ESCUELA DE MUSICA;EM;ESCUELA DE MÚSICA DE DURUELO DE LA SIERRA;PZ.;PLAZA;ALEJANDRA SORIA;13;;;;;;42;78;1;SORIA;DURUELO DE LA SIERRA;DURUELO DE LA SIERRA;42158;975371250;;;42007158@educa.jcyl.es;;-2.93097;41.9541;N;N;N;N;N;N;41.9541, -2.93097
2026;42007146;A;ALTA;1;PÚBLICO;185;ESCUELA DE MUSICA;EM;ESCUELA DE MÚSICA DE SAN LEONARDO DE YAGÜE;CALLE;CALLE;DEL SOL;1;;;;;;42;164;2;SORIA;SAN LEONARDO DE YAGÜE;SAN LEONARDO DE YAGÜE;42140;975376052;;;42007146@educa.jcyl.es;;-3.06781;41.83043;N;N;N;N;N;N;41.83043, -3.06781
2026;42002690;A;ALTA;1;PÚBLICO;42;INSTITUTO DE EDUCACION SECUNDARIA;IES;ANTONIO MACHADO;CALLE;CALLE;ADUANA VIEJA;12;;;;;;42;173;4;SORIA;SORIA;SORIA;42002;975212243;975225395;;42002690@educa.jcyl.es;http://iesantoniomachado.centros.educa.jcyl.es;-2.4668;41.76553;N;N;N;S;N;N;41.76553, -2.4668
2026;42002707;A;ALTA;1;PÚBLICO;42;INSTITUTO DE EDUCACION SECUNDARIA;IES;CASTILLA;CALLE;CALLE;ALONSO VELÁZQUEZ;;S/N;;;;;42;173;4;SORIA;SORIA;SORIA;42003;975221283;975213777;;42002707@educa.jcyl.es;http://iescastilla.centros.educa.jcyl.es;-2.47604;41.7605;N;N;N;S;N;S;41.7605, -2.47604
2026;42003700;A;ALTA;1;PÚBLICO;42;INSTITUTO DE EDUCACION SECUNDARIA;IES;LA RAMBLA;CALLE;CALLE;ISAAC GARCIA ALONSO;29;;;;;;42;162;14;SORIA;SAN ESTEBAN DE GORMAZ;SAN ESTEBAN DE GORMAZ;42330;975351203;975351140;;42003700@educa.jcyl.es;http://ieslarambla.centros.educa.jcyl.es;-3.20185;41.57125;N;S;N;S;N;S;41.57125, -3.20185
2026;42003682;A;ALTA;1;PÚBLICO;42;INSTITUTO DE EDUCACION SECUNDARIA;IES;PICOS DE URBIÓN;CALLE;CALLE;ALAMEDA;2;;;;;;42;69;1;SORIA;COVALEDA;COVALEDA;42157;975370011;975370438;;42003682@educa.jcyl.es;http://iespicosdeurbion.centros.educa.jcyl.es;-2.884;41.93408;N;N;N;S;N;S;41.93408, -2.884
2026;42003864;A;ALTA;1;PÚBLICO;42;INSTITUTO DE EDUCACION SECUNDARIA;IES;SAN LEONARDO;CALLE;CALLE;INSTITUTO;8;;;;;;42;164;2;SORIA;SAN LEONARDO DE YAGÜE;SAN LEONARDO DE YAGÜE;42140;975376159;975376918;;42003864@educa.jcyl.es;http://iessanleonardo.centros.educa.jcyl.es;-3.05758;41.82714;N;N;N;S;N;S;41.82714, -3.05758
2026;42004029;A;ALTA;1;PÚBLICO;42;INSTITUTO DE EDUCACION SECUNDARIA;IES;VILLA DEL MONCAYO;AV.;AVENIDA;DEL DEPORTE;;S/N;;;;;42;134;2;SORIA;ÓLVEGA;ÓLVEGA;42110;976192314;976192340;;42004029@educa.jcyl.es;http://iesovilladelmoncayo.centros.educa.jcyl.es;-1.98492;41.77674;N;N;N;S;N;S;41.77674, -1.98492
2026;42003499;A;ALTA;1;PÚBLICO;131;CONSERVATORIO PROFESIONAL DE MUSICA;C Música;ORESTE CAMARCA;CALLE;CALLE;CHANCILLERES;4;;;;;;42;173;4;SORIA;SORIA;SORIA;42001;975211611;975233039;;42003499@educa.jcyl.es;http://conservatorioorestecamarca.centros.educa.jcyl.es;-2.47424;41.76822;N;N;N;N;N;N;41.76822, -2.47424
2026;42003335;A;ALTA;1;PÚBLICO;20;COLEGIO DE EDUCACION ESPECIAL;CEE;SANTA ISABEL;CALLE;CALLE;PARAJE FUENTE DE LA TEJA;;S/N;;;;;42;173;4;SORIA;SORIA;SORIA;42003;975227413;975220518;;42003335@educa.jcyl.es;http://ceesantaisabel.centros.educa.jcyl.es/;-2.49012;41.73816;N;S;N;S;S;S;41.73816, -2.49012
2026;42003773;A;ALTA;1;PÚBLICO;14;COLEGIO DE EDUCACION INFANTIL Y PRIMARIA;CEIP;CRA EL VALLE;CALLE;CALLE;EL EGIDO;;S/N;;;;;42;19;1;SORIA;ALMARZA;ALMARZA;42169;975250037;;;42003773@educa.jcyl.es;http://craelvalle.centros.educa.jcyl.es;-2.46678;41.94727;S;N;N;S;S;S;41.94727, -2.46678
2026;42003840;A;ALTA;1;PÚBLICO;14;COLEGIO DE EDUCACION INFANTIL Y PRIMARIA;CEIP;CRA PINAR GRANDE;CALLE;CALLE;CARRETAS;4;;;;;;42;129;1;SORIA;NAVALENO;NAVALENO;42149;975374164;975374164;;42003840@educa.jcyl.es;http://crapinargrande.centros.educa.jcyl.es;-3.00464;41.83704;S;N;N;S;S;N;41.83704, -3.00464
2026;42003852;A;ALTA;1;PÚBLICO;14;COLEGIO DE EDUCACION INFANTIL Y PRIMARIA;CEIP;CRA PINARES ALTOS;CALLE;CALLE;MATÍAS RAMOS CALONGE;;S/N;;;;;42;215;3;SORIA;VINUESA;VINUESA;42150;975377401;975377401;;42003852@educa.jcyl.es;http://crapinaresaltos.centros.educa.jcyl.es;-2.76428;41.91191;S;N;N;S;S;S;41.91191, -2.76428
2026;42003827;A;ALTA;1;PÚBLICO;14;COLEGIO DE EDUCACION INFANTIL Y PRIMARIA;CEIP;CRA PINARES SUR;CALLE;CALLE;MAYOR;;S/N;;;;;42;55;1;SORIA;CASAREJOS;CASAREJOS;42148;975372123;;;42003827@educa.jcyl.es;http://crapinaressur.centros.educa.jcyl.es;-3.03176;41.79679;S;N;N;S;S;S;41.79679, -3.03176
2026;42003785;A;ALTA;1;PÚBLICO;14;COLEGIO DE EDUCACION INFANTIL Y PRIMARIA;CEIP;CRA TIERRAS ALTAS;CALLE;CALLE;PICOTA;13;;;;;;42;165;4;SORIA;SAN PEDRO MANRIQUE;SAN PEDRO MANRIQUE;42174;975381117;975381117;;42003785@educa.jcyl.es;http://cratierrasaltas.centros.educa.jcyl.es;-2.23245;42.0301;S;N;N;S;S;S;42.0301, -2.23245
2026;42003244;A;ALTA;1;PÚBLICO;14;COLEGIO DE EDUCACION INFANTIL Y PRIMARIA;CEIP;LA ARBOLEDA;PZ.;PLAZA;CINCO VILLAS;;S/N;;;;;42;173;4;SORIA;SORIA;SORIA;42002;975214998;975214998;;42003244@educa.jcyl.es;http://ceiplaarboleda.centros.educa.jcyl.es;-2.46184;41.76561;N;N;N;S;S;S;41.76561, -2.46184
2026;42002422;A;ALTA;1;PÚBLICO;14;COLEGIO DE EDUCACION INFANTIL Y PRIMARIA;CEIP;Mª EUGENIA MARTÍNEZ DEL CAMPO;CALLE;CALLE;SOL;1;;;;;;42;164;2;SORIA;SAN LEONARDO DE YAGÜE;SAN LEONARDO DE YAGÜE;42140;975376212;975376212;;42002422@educa.jcyl.es;http://ceipmariaeugenia.centros.educa.jcyl.es;-3.06781;41.83043;N;N;N;S;S;S;41.83043, -3.06781
2026;42001089;A;ALTA;1;PÚBLICO;14;COLEGIO DE EDUCACION INFANTIL Y PRIMARIA;CEIP;MANUELA PEÑA;CALLE;CALLE;CIUDAD JARDÍN;13;;;;;;42;69;1;SORIA;COVALEDA;COVALEDA;42157;975370170;975370170;;42001089@educa.jcyl.es;http://ceipmanuelapena.centros.educa.jcyl.es/;-2.8831;41.93184;N;N;N;S;S;N;41.93184, -2.8831
2026;42001181;A;ALTA;1;PÚBLICO;14;COLEGIO DE EDUCACION INFANTIL Y PRIMARIA;CEIP;SANTO CRISTO DE LAS MARAVILLAS;PZ.;PLAZA;ALEJANDRA SORIA;;S/N;;;;;42;78;1;SORIA;DURUELO DE LA SIERRA;DURUELO DE LA SIERRA;42158;975371296;975371296;;42001181@educa.jcyl.es;http://cpsantocristodelasmaravillas.centros.educa.jcyl.es;-2.93097;41.9541;N;N;N;S;S;N;41.9541, -2.93097
2026;42003347;A;ALTA;1;PÚBLICO;31;CENTRO PUBLICO DE EDUCACION DE PERSONAS ADULTAS;CEPA;CELTIBERIA;CALLE;CALLE;MANUEL BLASCO;1;;;;;;42;173;4;SORIA;SORIA;SORIA;42004;975228613;975240746;;42003347@educa.jcyl.es;http://cepasoria.centros.educa.jcyl.es;-2.47258;41.76026;N;N;N;N;N;N;41.76026, -2.47258
2026;42004030;A;ALTA;1;PÚBLICO;31;CENTRO PUBLICO DE EDUCACION DE PERSONAS ADULTAS;CEPA;EL CAMINO;CALLE;CALLE;BUEN MAESTRO;2;;;;;;42;20;2;SORIA;ALMAZÁN;ALMAZÁN;42200;975301793;;;42004030@educa.jcyl.es;http://cepaalmazan.centros.educa.jcyl.es;-2.53029;41.48644;N;N;N;N;N;N;41.48644, -2.53029
2026;42003931;A;ALTA;1;PÚBLICO;31;CENTRO PUBLICO DE EDUCACION DE PERSONAS ADULTAS;CEPA;GUSTAVO ADOLFO BÉCQUER;CALLE;CALLE;ESTUDIOS;3;;;;;;42;134;2;SORIA;ÓLVEGA;ÓLVEGA;42110;976645011;976645011;;42003931@educa.jcyl.es;http://cepabecquer.centros.educa.jcyl.es;-1.98419;41.77773;N;N;N;N;N;N;41.77773, -1.98419
2026;42007110;A;ALTA;1;PÚBLICO;31;CENTRO PUBLICO DE EDUCACION DE PERSONAS ADULTAS;CEPA;PINARES;CALLE;CALLE;LA LUENGA;;S/N;;;;;42;215;3;SORIA;VINUESA;VINUESA;42150;975377402;975377406;;42007110@educa.jcyl.es;http://cepapinares.centros.educa.jcyl.es;-2.76535;41.91204;N;N;N;N;N;N;41.91204, -2.76535
2026;42007213;A;ALTA;1;PÚBLICO;68;CENTRO PUBLICO INTEGRADO DE FORMACION PROFESIONAL;CIFP;PICO FRENTES;CALLE;CALLE;GERVASIO MANRIQUE DE LARA;2;;;;;;42;173;4;SORIA;SORIA;SORIA;42004;975239443;975222178;;42007213@educa.jcyl.es;http://cifppicofrentes.centros.educa.jcyl.es;-2.4823;41.76713;N;N;N;N;N;N;41.76713, -2.4823
2026;42002641;A;ALTA;2;PRIVADO;72;CENTRO PRIVADO DE EDUCACION INFANTIL PRIMARIA Y SECUNDARIA;Colegio;NUESTRA SEÑORA DEL PILAR;CALLE;CALLE;FRENTES;2;;;A;;;42;173;4;SORIA;SORIA;SORIA;42001;975221162;975220093;;42002641@educa.jcyl.es;http://www.escolapios-soria.com;-2.47965;41.76083;N;S;S;N;S;S;41.76083, -2.47965
2026;42007331;A;ALTA;2;PRIVADO;600;CENTRO PRIVADO AUTORIZADO DE ENSEÑANZAS DEPORTIVAS DE FÚTBOL;CPr DEP;CENETED;CALLE;CALLE;FRENTES;2;;;;;;42;173;4;SORIA;SORIA;SORIA;42004;651364902;;;42007331@educa.jcyl.es;http://www.tecnicodeportivo.net/centros/ceneted-soria;-2.47973;41.76049;N;N;N;N;N;N;41.76049, -2.47973
2026;42007390;A;ALTA;2;PRIVADO;4;CENTRO PRIVADO DE EDUCACION INFANTIL;CPrEI;BABYS HOME;CALLE;CALLE;DIONISIO RIDRUEJO;2;;;;;;42;173;4;SORIA;SORIA;SORIA;42004;692605140;;;42007390@educa.jcyl.es;;-2.47343;41.75697;N;N;N;N;N;N;41.75697, -2.47343
2026;42007389;A;ALTA;2;PRIVADO;4;CENTRO PRIVADO DE EDUCACION INFANTIL;CPrEI;LA RUEDA;CALLE;CALLE;LA DEHESA;;S/N;;;;;42;43;5;SORIA;BURGO DE OSMA-CIUDAD DE OSMA;BURGO DE OSMA (EL);42300;666744179;;;42007389@educa.jcyl.es;;-3.07745;41.58414;N;N;N;N;N;N;41.58414, -3.07745
2026;42007109;A;ALTA;2;PRIVADO;4;CENTRO PRIVADO DE EDUCACION INFANTIL;CPrEI;PARCHÍS;CALLE;CALLE;PINTOR MAXIMINO PEÑA;;(PATIO);;;;;42;173;4;SORIA;SORIA;SORIA;42003;975214975;;;42007109@educa.jcyl.es;;-3.06844;41.58482;N;N;N;N;S;N;41.58482, -3.06844
2026;42004042;A;ALTA;1;PÚBLICO;3;ESCUELA DE EDUCACION INFANTIL;EEI;ARCO IRIS;AV.;AVENIDA;DEL DEPORTE;;S/N;;;;;42;134;2;SORIA;ÓLVEGA;ÓLVEGA;42110;976196177;;;42004042@educa.jcyl.es;;-3.20284;41.57049;N;N;N;N;S;N;41.57049, -3.20284
2026;42007316;A;ALTA;1;PÚBLICO;3;ESCUELA DE EDUCACION INFANTIL;EEI;DINO;CALLE;CALLE;EL ALBERGUE;;S/Nº;;;;;42;165;4;SORIA;SAN PEDRO MANRIQUE;SAN PEDRO MANRIQUE;42174;975381174;975398060;;42007316@educa.jcyl.es;;-2.23166;42.02996;N;N;N;N;N;N;42.02996, -2.23166
2026;42007249;A;ALTA;1;PÚBLICO;3;ESCUELA DE EDUCACION INFANTIL;EEI;MARÍA CORONEL Y ARANA;CRA.;CARRETERA;DÉVANOS;;S/N;;;;;42;4;1;SORIA;ÁGREDA;ÁGREDA;42110;976647194;;;42007249@educa.jcyl.es;;-1.92083;41.85887;N;N;N;N;S;N;41.85887, -1.92083
2026;42007432;A;ALTA;1;PÚBLICO;3;ESCUELA DE EDUCACION INFANTIL;EEI;Medinaceli;CRA.;CARRETERA;de Barahona;16;;;;;;42;113;9;SORIA;MEDINACELI;MEDINACELI;42240;975326324;;;42007432@educa.jcyl.es;;-2.42333;41.16596;N;N;N;N;N;N;41.16596, -2.42333
2026;42007419;A;ALTA;1;PÚBLICO;3;ESCUELA DE EDUCACION INFANTIL;EEI;PEQUEÑOS NUMANTINOS;CALLE;CALLE;GARREJO;17;;;;;;42;94;4;SORIA;GARRAY;GARRAY;42162;975252001;;;42007419@educa.jcyl.es;;-2.44729;41.81389;N;N;N;N;N;N;41.81389, -2.44729
2026;42007225;A;ALTA;1;PÚBLICO;3;ESCUELA DE EDUCACION INFANTIL;EEI;ROSA LEÓN;CALLE;CALLE;CABILDO DE LOS HEROS;3;;;;;;42;173;4;SORIA;SORIA;SORIA;42005;975180878;;;42007225@educa.jcyl.es;;-2.47469;41.77212;N;N;N;N;S;N;41.77212, -2.47469
2026;42004078;A;ALTA;1;PÚBLICO;3;ESCUELA DE EDUCACION INFANTIL;EEI;VIRGEN DEL ESPINO;CALLE;CALLE;MARTEL;6;;;;;;42;173;4;SORIA;SORIA;SORIA;42004;975221741;;;42004078@educa.jcyl.es;;-2.47716;41.76371;N;N;N;N;S;N;41.76371, -2.47716
2026;42007237;A;ALTA;1;PÚBLICO;185;ESCUELA DE MUSICA;EM;ESCUELA DE MÚSICA DE GOLMAYO;URB.;URBANIZACION;LAS CAMARETAS,C/ A;;S/N;;;;;42;95;6;SORIA;GOLMAYO;GOLMAYO;42190;975223683;975232773;;42007237@educa.jcyl.es;;-2.50184;41.77551;N;N;N;N;N;N;41.77551, -2.50184
2026;42003670;A;ALTA;1;PÚBLICO;42;INSTITUTO DE EDUCACION SECUNDARIA;IES;MARGARITA DE FUENMAYOR;CALLE;CALLE;MOISÉS CALVO;37;;;;;;42;4;1;SORIA;ÁGREDA;ÁGREDA;42100;976647022;;;42003670@educa.jcyl.es;http://iesagreda.centros.educa.jcyl.es;-1.92954;41.84947;N;S;N;S;N;S;41.84947, -1.92954
2026;42003761;A;ALTA;1;PÚBLICO;42;INSTITUTO DE EDUCACION SECUNDARIA;IES;SANTA CATALINA;CALLE;CALLE;QUINTO CENTENARIO;;S/N;;;;;42;43;5;SORIA;BURGO DE OSMA-CIUDAD DE OSMA;BURGO DE OSMA (EL);42300;975340152;975340940;;42003761@educa.jcyl.es;http://iesstacatalina.centros.educa.jcyl.es;-3.06155;41.58896;N;N;N;S;N;S;41.58896, -3.06155
2026;47011644;A;ALTA;1;PÚBLICO;98;CENTRO DOCENTE DE FORMACIÓN MILITAR;A Militar;ACADEMIA DE CABALLERÍA DE VALLADOLID;CRA.;CARRETERA;DE RUEDA;219;;;;;;47;186;5;VALLADOLID;VALLADOLID;VALLADOLID;47012;983350200;983345678;;47011644@educa.jcyl.es;;-4.76203;41.58104;N;S;N;N;S;N;41.58104, -4.76203
2026;47011164;A;ALTA;1;PÚBLICO;131;CONSERVATORIO PROFESIONAL DE MUSICA;C Música;CONSERVATORIO DE VALLADOLID;AV.;AVENIDA;DEL REAL VALLADOLID;2;;;;;;47;186;5;VALLADOLID;VALLADOLID;VALLADOLID;47015;983384832;983384836;;47011164@educa.jcyl.es;http://conservatoriovalladolid.centros.educa.jcyl.es;-4.75418;41.64316;N;N;N;N;N;N;41.64316, -4.75418
2026;47006089;A;ALTA;1;PÚBLICO;14;COLEGIO DE EDUCACION INFANTIL Y PRIMARIA;CEIP;ALONSO BERRUGUETE;CALLE;CALLE;CAMINO VIEJO DE SIMANCAS;21;;;;;;47;186;5;VALLADOLID;VALLADOLID;VALLADOLID;47008;983457348;983457348;;47006089@educa.jcyl.es;http://ceipalonsoberruguete.centros.educa.jcyl.es;-4.7482;41.62496;N;N;N;S;S;S;41.62496, -4.7482
2026;47001122;A;ALTA;1;PÚBLICO;14;COLEGIO DE EDUCACION INFANTIL Y PRIMARIA;CEIP;ÁLVAR FÁÑEZ;CALLE;CALLE;PALOMARES;36;;;;;;47;75;1;VALLADOLID;ÍSCAR;ÍSCAR;47420;983611232;983612666;;47001122@educa.jcyl.es;http://ceipalvarfanez.centros.educa.jcyl.es;-4.53138;41.35974;N;N;N;S;S;N;41.35974, -4.53138
2026;47011449;A;ALTA;1;PÚBLICO;14;COLEGIO DE EDUCACION INFANTIL Y PRIMARIA;CEIP;ANA DE AUSTRIA;AV.;AVENIDA;DE LOS CORTIJOS;2;;;;;;47;50;1;VALLADOLID;CIGALES;CIGALES;47270;983580326;;;47011449@educa.jcyl.es;http://ceipanadeaustria.centros.educa.jcyl.es;-4.69603;41.7575;N;N;N;S;S;S;41.7575, -4.69603
2026;47003519;A;ALTA;1;PÚBLICO;14;COLEGIO DE EDUCACION INFANTIL Y PRIMARIA;CEIP;ANTONIO ALLÚE MORER;CALLE;CALLE;TRANSICIÓN;10;;;;;;47;186;5;VALLADOLID;VALLADOLID;VALLADOLID;47013;983231030;983228462;;47003519@educa.jcyl.es;http://ceipalluemorer.centros.educa.jcyl.es;-4.72466;41.63131;N;N;N;S;S;N;41.63131, -4.72466
2026;47002369;A;ALTA;1;PÚBLICO;14;COLEGIO DE EDUCACION INFANTIL Y PRIMARIA;CEIP;CRA ARROYO;CALLE;CALLE;MEDINA;8;;;;;;47;145;1;VALLADOLID;SAN MIGUEL DEL ARROYO;SAN MIGUEL DEL ARROYO;47164;983697026;983697026;;47002369@educa.jcyl.es;http://cparroyo.centros.educa.jcyl.es;-4.46073;41.44402;S;N;N;S;N;N;41.44402, -4.46073
2026;47006961;A;ALTA;1;PÚBLICO;14;COLEGIO DE EDUCACION INFANTIL Y PRIMARIA;CEIP;CRA CAMPOS DE CASTILLA;CALLE;CALLE;ESCUELAS;2;;;;;;47;15;1;VALLADOLID;BECILLA DE VALDERADUEY;BECILLA DE VALDERADUEY;47670;983746153;983746153;;47006961@educa.jcyl.es;http://cracamposdecastilla.centros.educa.jcyl.es/sitio/;-5.21595;42.09873;S;N;N;S;N;N;42.09873, -5.21595
2026;47007151;A;ALTA;1;PÚBLICO;14;COLEGIO DE EDUCACION INFANTIL Y PRIMARIA;CEIP;CRA ENTREVIÑAS;CALLE;CALLE;CAMINO DEL PRADO;;S/N;;;;;47;66;1;VALLADOLID;FUENSALDAÑA;FUENSALDAÑA;47194;983583164;983583164;;47007151@educa.jcyl.es;http://craentrevinas.centros.educa.jcyl.es;-4.7596;41.7069;S;N;N;S;S;N;41.7069, -4.7596
2026;47007203;A;ALTA;1;PÚBLICO;14;COLEGIO DE EDUCACION INFANTIL Y PRIMARIA;CEIP;CRA FLORIDA DEL DUERO;CALLE;CALLE;VALBORRADA;38;;;;;;47;45;2;VALLADOLID;CASTRONUÑO;CASTRONUÑO;47520;983866064;983866064;;47007203@educa.jcyl.es;http://crafloridadelduero.centros.educa.jcyl.es/;-5.26073;41.38995;S;N;N;S;S;S;41.38995, -5.26073
2026;47007148;A;ALTA;1;PÚBLICO;14;COLEGIO DE EDUCACION INFANTIL Y PRIMARIA;CEIP;CRA LLANO ALTO;CALLE;CALLE;DE LA ESTACION;21;;;;;;47;11;1;VALLADOLID;ATAQUINES;ATAQUINES;47210;983815281;983815281;;47007148@educa.jcyl.es;http://centros4.pntic.mec.es/-llanoalt;-4.79867;41.18083;S;N;N;S;N;S;41.18083, -4.79867
2026;47007252;A;ALTA;1;PÚBLICO;14;COLEGIO DE EDUCACION INFANTIL Y PRIMARIA;CEIP;CRA PADRE HOYOS;CRA.;CARRETERA;DE VILLASEXMIR;7;;;;;;47;171;2;VALLADOLID;TORRELOBATÓN;TORRELOBATÓN;47134;983563579;983563579;;47007252@educa.jcyl.es;http://crapadrehoyos.centros.educa.jcyl.es;-5.02803;41.6488;S;N;N;S;S;S;41.6488, -5.02803
2026;47007321;A;ALTA;1;PÚBLICO;14;COLEGIO DE EDUCACION INFANTIL Y PRIMARIA;CEIP;CRA RÍO ERESMA;CALLE;CALLE;ESCUELAS;;S/N;;;;;47;82;1;VALLADOLID;MATAPOZUELOS;MATAPOZUELOS;47230;983832712;983832712;;47007321@educa.jcyl.es;http://crarioeresma.centros.educa.jcyl.es;-4.78948;41.41254;S;N;N;S;N;N;41.41254, -4.78948
2026;47003210;A;ALTA;1;PÚBLICO;14;COLEGIO DE EDUCACION INFANTIL Y PRIMARIA;CEIP;CRISTÓBAL COLÓN;CALLE;CALLE;CIGUEÑA;26;;;;;;47;186;5;VALLADOLID;VALLADOLID;VALLADOLID;47012;983291887;983291887;;47003210@educa.jcyl.es;http://cpcristobalcolon.centros.educa.jcyl.es;-4.70946;41.64722;N;N;N;S;S;S;41.64722, -4.70946
2026;47011401;A;ALTA;1;PÚBLICO;14;COLEGIO DE EDUCACION INFANTIL Y PRIMARIA;CEIP;EL PERAL;CALLE;CALLE;JOSÉ VELICIA;88;;;;;;47;186;5;VALLADOLID;VALLADOLID;VALLADOLID;47008;983244080;;;47011401@educa.jcyl.es;http://:ceipelperal.centros.educa.jcyl.es;-4.75516;41.61596;N;N;N;S;S;N;41.61596, -4.75516
2026;47001869;A;ALTA;1;PÚBLICO;14;COLEGIO DE EDUCACION INFANTIL Y PRIMARIA;CEIP;EUROPA;CALLE;CALLE;CARRETAS;4;;;;;;47;111;2;VALLADOLID;PEDRAJA DE PORTILLO (LA);PEDRAJA DE PORTILLO (LA);47196;983553088;983553088;;47001869@educa.jcyl.es;http://ceipeuropa.centros.educa.jcyl.es;-4.6496;41.47145;N;N;N;S;N;S;41.47145, -4.6496
2026;47006065;A;ALTA;1;PÚBLICO;14;COLEGIO DE EDUCACION INFANTIL Y PRIMARIA;CEIP;FEDERICO GARCÍA LORCA;CALLE;CALLE;HUERTAS;;S/N;;;;;47;186;5;VALLADOLID;VALLADOLID;VALLADOLID;47005;983392701;983392701;;47006065@educa.jcyl.es;http://cpfedericogarcialorca.centros.educa.jcyl.es;-4.71213;41.6562;N;N;N;S;S;N;41.6562, -4.71213
2026;47003234;A;ALTA;1;PÚBLICO;14;COLEGIO DE EDUCACION INFANTIL Y PRIMARIA;CEIP;FRAY LUIS DE LEÓN;CALLE;CALLE;CANTERAC;48;;;;;;47;186;5;VALLADOLID;VALLADOLID;VALLADOLID;47012;983271151;983271151;;47003234@educa.jcyl.es;http://ceipfrayluisdeleon.centros.educa.jcyl.es;-4.71726;41.64017;N;N;N;S;S;N;41.64017, -4.71726
2026;47003246;A;ALTA;1;PÚBLICO;14;COLEGIO DE EDUCACION INFANTIL Y PRIMARIA;CEIP;GABRIEL Y GALÁN;PS.;PASEO;DEL CAUCE;71;;;;;;47;186;5;VALLADOLID;VALLADOLID;VALLADOLID;47005;983299322;983299322;;47003246@educa.jcyl.es;http://cpgabrielygalan.centros.educa.jcyl.es;-4.71135;41.65304;N;N;N;S;S;S;41.65304, -4.71135
2026;47002588;A;ALTA;1;PÚBLICO;14;COLEGIO DE EDUCACION INFANTIL Y PRIMARIA;CEIP;ISABEL DE CASTILLA;PS.;PASEO;DEL ARTE;8;;;;;;47;159;1;VALLADOLID;SERRADA;SERRADA;47231;983559072;983559072;;47002588@educa.jcyl.es;http://ceipisabeldecastilla.centros.educa.jcyl.es;-4.86294;41.45349;N;N;N;S;N;N;41.45349, -4.86294
2026;47011176;A;ALTA;1;PÚBLICO;14;COLEGIO DE EDUCACION INFANTIL Y PRIMARIA;CEIP;JOAQUÍN DÍAZ;CALLE;CALLE;MURILLO;1;;;;;;47;52;1;VALLADOLID;CISTÉRNIGA;CISTÉRNIGA;47193;983404716;;;47011176@educa.jcyl.es;http://ceipjoaquindiaz.centros.educa.jcyl.es;-4.68608;41.60782;N;N;N;S;S;N;41.60782, -4.68608
2026;47011012;A;ALTA;1;PÚBLICO;14;COLEGIO DE EDUCACION INFANTIL Y PRIMARIA;CEIP;LOS VALLES;CALLE;CALLE;FRANCISCO DE GOYA;2;;;;;;47;76;3;VALLADOLID;LAGUNA DE DUERO;LAGUNA DE DUERO;47140;983541448;;;47011012@educa.jcyl.es;http://ceiplosvalles.centros.educa.jcyl.es;-4.7182;41.58186;N;N;N;S;S;N;41.58186, -4.7182
2026;47002618;A;ALTA;1;PÚBLICO;14;COLEGIO DE EDUCACION INFANTIL Y PRIMARIA;CEIP;LOS ZUMACALES;CALLE;CALLE;CAMINO ROBLADILLO;;S/N;;;;;47;161;1;VALLADOLID;SIMANCAS;SIMANCAS;47130;983590265;983590265;;47002618@educa.jcyl.es;https://ceiploszumacales.centros.educa.jcyl.es/sitio/;-4.82984;41.58902;N;N;N;S;S;S;41.58902, -4.82984
2026;47003350;A;ALTA;1;PÚBLICO;14;COLEGIO DE EDUCACION INFANTIL Y PRIMARIA;CEIP;MACÍAS PICAVEA;CALLE;CALLE;MADRE DE DIOS;1;;;;;;47;186;5;VALLADOLID;VALLADOLID;VALLADOLID;47011;983251385;983251385;;47003350@educa.jcyl.es;http://ceipmaciaspicavea.centros.educa.jcyl.es/;-4.71796;41.65799;N;N;N;S;S;N;41.65799, -4.71796
2026;47007343;A;ALTA;1;PÚBLICO;14;COLEGIO DE EDUCACION INFANTIL Y PRIMARIA;CEIP;MARINA ESCOBAR;CALLE;CALLE;EUSEBIO GONZÁLEZ SUÁREZ;45;;;;;;47;186;5;VALLADOLID;VALLADOLID;VALLADOLID;47014;983353266;983353266;;47007343@educa.jcyl.es;http://ceipmarinaescobar.centros.educa.jcyl.es;-4.76;41.63288;N;N;N;S;S;N;41.63288, -4.76
2026;47000300;A;ALTA;1;PÚBLICO;14;COLEGIO DE EDUCACION INFANTIL Y PRIMARIA;CEIP;MELQUIADES HIDALGO;AV.;AVENIDA;DEL DEPORTE;;S/N;;;;;47;27;1;VALLADOLID;CABEZÓN DE PISUERGA;CABEZÓN DE PISUERGA;47260;983500538;983500538;;47000300@educa.jcyl.es;http://cpmelquiadeshidalgo.centros.educa.jcyl.es;-4.64301;41.74157;N;N;N;S;S;S;41.74157, -4.64301
2026;47001717;A;ALTA;1;PÚBLICO;14;COLEGIO DE EDUCACION INFANTIL Y PRIMARIA;CEIP;MIGUEL DELIBES;CRA.;CARRETERA;DE ALAEJOS;;S/N;;;;;47;101;1;VALLADOLID;NAVA DEL REY;NAVA DEL REY;47500;983850109;983850109;;47001717@educa.jcyl.es;http://cpmigueldelibes.centros.educa.jcyl.es;-5.0877;41.33291;N;N;N;S;N;N;41.33291, -5.0877
2026;47000075;A;ALTA;1;PÚBLICO;14;COLEGIO DE EDUCACION INFANTIL Y PRIMARIA;CEIP;MIGUEL DELIBES;CALLE;CALLE;CORDEL DE LAS MERINAS;;S/N;;;;;47;7;1;VALLADOLID;ALDEAMAYOR DE SAN MARTÍN;ALDEAMAYOR DE SAN MARTÍN;47162;983558297;983558297;;47000075@educa.jcyl.es;http://:ceip-migueldelibes.centros.educa.jcyl.es;-4.64283;41.51745;N;N;N;S;S;S;41.51745, -4.64283
2026;47006235;A;ALTA;1;PÚBLICO;14;COLEGIO DE EDUCACION INFANTIL Y PRIMARIA;CEIP;MIGUEL HERNÁNDEZ;AV.;AVENIDA;DE LA LIBERTAD;32;;;;;;47;76;3;VALLADOLID;LAGUNA DE DUERO;LAGUNA DE DUERO;47140;983543604;983543604;;47006235@educa.jcyl.es;http://cpmiguelhernandez.centros.educa.jcyl.es;-4.72446;41.5889;N;N;N;S;S;N;41.5889, -4.72446
2026;47003441;A;ALTA;1;PÚBLICO;14;COLEGIO DE EDUCACION INFANTIL Y PRIMARIA;CEIP;MIGUEL ÍSCAR;CALLE;CALLE;CANTABRIA;;S/N;;;;;47;186;5;VALLADOLID;VALLADOLID;VALLADOLID;47010;983257590;983257590;;47003441@educa.jcyl.es;http://ceipmigueliscar.centros.educa.jcyl.es/;-4.71447;41.66527;N;N;N;S;S;N;41.66527, -4.71447
2026;47003167;A;ALTA;1;PÚBLICO;14;COLEGIO DE EDUCACION INFANTIL Y PRIMARIA;CEIP;NUESTRA SEÑORA DEL DUERO;CALLE;CALLE;REAL;115;;;;;;47;186;4;VALLADOLID;VALLADOLID;PUENTE DUERO-ESPARRAGAL;47152;983405136;983405136;;47003167@educa.jcyl.es;http://ceipnuestrasenoradelduero.centros.educa.jcyl.es/;-4.79148;41.55289;N;N;N;S;S;N;41.55289, -4.79148
2026;47006077;A;ALTA;1;PÚBLICO;14;COLEGIO DE EDUCACION INFANTIL Y PRIMARIA;CEIP;PABLO PICASSO;PS.;PASEO;JUAN CARLOS I;26;;;;;;47;186;5;VALLADOLID;VALLADOLID;VALLADOLID;47012;983270018;983270018;;47006077@educa.jcyl.es;http://ceippicasso.centros.educa.jcyl.es;-4.71655;41.63872;N;N;N;S;S;N;41.63872, -4.71655
2026;47007574;A;ALTA;1;PÚBLICO;14;COLEGIO DE EDUCACION INFANTIL Y PRIMARIA;CEIP;PARQUE ALAMEDA;CALLE;CALLE;BOEDO;16;;;;;;47;186;5;VALLADOLID;VALLADOLID;VALLADOLID;47008;983245329;983245329;;47007574@educa.jcyl.es;http://ceipparquealameda.centros.educa.jcyl.es;-4.75028;41.61762;N;N;N;S;S;N;41.61762, -4.75028
2026;47006879;A;ALTA;1;PÚBLICO;14;COLEGIO DE EDUCACION INFANTIL Y PRIMARIA;CEIP;PEDRO GÓMEZ BOSQUE;CALLE;CALLE;MANUEL LÓPEZ ANTOLÍN;10;;;;;;47;186;5;VALLADOLID;VALLADOLID;VALLADOLID;47009;983379574;983379574;;47006879@educa.jcyl.es;http://cppedrogomezbosque.centros.educa.jcyl.es;-4.73823;41.66394;N;N;N;S;S;S;41.66394, -4.73823
2026;47002680;A;ALTA;1;PÚBLICO;14;COLEGIO DE EDUCACION INFANTIL Y PRIMARIA;CEIP;PEDRO I;CALLE;CALLE;CAMINO DE TORRELOBATÓN;10;;;;;;47;165;5;VALLADOLID;TORDESILLAS;TORDESILLAS;47100;983796219;;;47002680@educa.jcyl.es;http://ceippedroprimero.centros.educa.jcyl.es;-4.99898;41.50554;N;N;N;S;S;S;41.50554, -4.99898
2026;47002059;A;ALTA;1;PÚBLICO;14;COLEGIO DE EDUCACION INFANTIL Y PRIMARIA;CEIP;PÍO DEL RÍO HORTEGA;CALLE;CALLE;SUBIDA DISTRITO I;;S/N;;;;;47;122;2;VALLADOLID;PORTILLO;PORTILLO;47160;983547103;983547103;;47002059@educa.jcyl.es;http://cppiodelriohortega.centros.educa.jcyl.es;-4.59045;41.47636;N;N;N;S;S;S;41.47636, -4.59045
2026;47006582;A;ALTA;1;PÚBLICO;14;COLEGIO DE EDUCACION INFANTIL Y PRIMARIA;CEIP;PROFESOR TIERNO GALVÁN;CALLE;CALLE;MANUEL SILVELA;;S/N;;;;;47;186;5;VALLADOLID;VALLADOLID;VALLADOLID;47014;983344567;;;47006582@educa.jcyl.es;http://ceiptiernogalvan.centros.educa.jcyl.es;-4.75777;41.63723;N;N;N;S;S;N;41.63723, -4.75777
2026;47011425;A;ALTA;1;PÚBLICO;14;COLEGIO DE EDUCACION INFANTIL Y PRIMARIA;CEIP;PUENTE DE SIMANCAS;CALLE;CALLE;COMUNEROS DE CASTILLA;;S/N;;;;;47;161;1;VALLADOLID;SIMANCAS;SIMANCAS;47130;983591940;983591940;;47011425@educa.jcyl.es;http://ceippuentedesimancas.centros.educa.jcyl.es;-4.8195;41.58685;N;N;N;S;S;S;41.58685, -4.8195
2026;47001262;A;ALTA;1;PÚBLICO;14;COLEGIO DE EDUCACION INFANTIL Y PRIMARIA;CEIP;SAN FRANCISCO;CRA.;CARRETERA;SAHAGUN;;S/N;;;;;47;84;1;VALLADOLID;MAYORGA;MAYORGA;47680;983762612;983751239;;47001262@educa.jcyl.es;http://cpsanfrancisco.centros.educa.jcyl.es;-5.26522;42.16798;N;N;N;S;S;S;42.16798, -5.26522
2026;47002084;A;ALTA;1;PÚBLICO;14;COLEGIO DE EDUCACION INFANTIL Y PRIMARIA;CEIP;SAN MIGUEL;CALLE;CALLE;REAL;3;;;;;;47;123;1;VALLADOLID;POZAL DE GALLINAS;POZAL DE GALLINAS;47450;983811700;983811700;;47002084@educa.jcyl.es;http://ceipsanmiguel.centros.educa.jcyl.es;-4.87731;41.37151;N;N;N;S;N;N;41.37151, -4.87731
2026;47001559;A;ALTA;1;PÚBLICO;14;COLEGIO DE EDUCACION INFANTIL Y PRIMARIA;CEIP;TIERRA DE PINARES;CALLE;CALLE;PÍO BASANTA;21;;;;;;47;90;2;VALLADOLID;MOJADOS;MOJADOS;47250;983607919;983607919;;47001559@educa.jcyl.es;http://ceiptierradepinares.centros.educa.jcyl.es;-4.66646;41.42976;N;N;N;S;S;S;41.42976, -4.66646
2026;47006107;A;ALTA;1;PÚBLICO;14;COLEGIO DE EDUCACION INFANTIL Y PRIMARIA;CEIP;VICENTE ALEIXANDRE;CALLE;CALLE;DOCTOR MORENO;7;;;;;;47;186;5;VALLADOLID;VALLADOLID;VALLADOLID;47008;983270672;;;47006107@educa.jcyl.es;http://ceipvicentealeixandre.centros.educa.jcyl.es;-4.74026;41.6273;N;N;N;S;S;N;41.6273, -4.74026
2026;47001781;A;ALTA;1;PÚBLICO;14;COLEGIO DE EDUCACION INFANTIL Y PRIMARIA;CEIP;VILLA DEL CABALLERO;AV.;AVENIDA;LOPE DE VEGA;;S/N;;;;;47;104;2;VALLADOLID;OLMEDO;OLMEDO;47410;983600212;983600212;;47001781@educa.jcyl.es;http://ceipvilladelcaballero.centros.educa.jcyl.es/;-4.68372;41.2842;N;N;N;S;S;S;41.2842, -4.68372
2026;47011796;A;ALTA;1;PÚBLICO;77;CENTRO DE EDUCACIÓN OBLIGATORIA;CEO;ATENEA;AV.;AVENIDA;DE COLÓN;134;;;;;;47;10;1;VALLADOLID;ARROYO DE LA ENCOMIENDA;ARROYO DE LA ENCOMIENDA;47195;983505272;;;47011796@educa.jcyl.es;http://ceoatenea.centros.educa.jcyl.es/sitio/;-4.77733;41.61799;N;N;N;S;N;N;41.61799, -4.77733
2026;47011607;A;ALTA;1;PÚBLICO;77;CENTRO DE EDUCACIÓN OBLIGATORIA;CEO;CENTRO DE EDUCACIÓN OBLIGATORIA DE BOECILLO;CALLE;CALLE;HOCES DEL DURATÓN;;S/N;;;;;47;23;1;VALLADOLID;BOECILLO;BOECILLO;47151;983552201;983552201;;47011607@educa.jcyl.es;http://ceoboecillo.centros.educa.jcyl.es/;-4.69688;41.54685;N;N;N;S;S;S;41.54685, -4.69688
2026;47007434;A;ALTA;1;PÚBLICO;31;CENTRO PUBLICO DE EDUCACION DE PERSONAS ADULTAS;CEPA;CENTRO DE ADULTOS DE PEÑAFIEL;CALLE;CALLE;HOSPITAL;;S/N;;;;;47;114;4;VALLADOLID;PEÑAFIEL;PEÑAFIEL;47300;983880054;983880054;;47007434@educa.jcyl.es;http://cepapenafiel.centros.educa.jcyl.es/sitio/;-4.11756;41.59633;N;N;N;N;N;N;41.59633, -4.11756
2026;47007379;A;ALTA;1;PÚBLICO;31;CENTRO PUBLICO DE EDUCACION DE PERSONAS ADULTAS;CEPA;FELIPE II;CALLE;CALLE;GASPAR DE TORDESILLAS;;S/N;;;;;47;186;5;VALLADOLID;VALLADOLID;VALLADOLID;47006;983274503;;;47007379@educa.jcyl.es;http://cepafelipeii.centros.educa.jcyl.es/;-4.74102;41.63198;N;N;N;N;N;N;41.63198, -4.74102
2026;47007392;A;ALTA;1;PÚBLICO;31;CENTRO PUBLICO DE EDUCACION DE PERSONAS ADULTAS;CEPA;LA VICTORIA;CALLE;CALLE;SAN SEBASTIÁN;;S/N;;;;;47;186;5;VALLADOLID;VALLADOLID;VALLADOLID;47009;983341190;983341190;;47007392@educa.jcyl.es;http://cepalavictoria.centros.educa.jcyl.es;-4.73246;41.66385;N;N;N;N;N;N;41.66385, -4.73246
2026;47003571;A;ALTA;2;PRIVADO;72;CENTRO PRIVADO DE EDUCACION INFANTIL PRIMARIA Y SECUNDARIA;Colegio;AVE MARÍA;CRA.;CARRETERA;DE RUEDA;232;;;;;;47;186;5;VALLADOLID;VALLADOLID;VALLADOLID;47008;983249874;983249352;;47003571@educa.jcyl.es;http://www.avemariavalladolid.es;-4.75854;41.59712;N;N;S;S;S;S;41.59712, -4.75854
2026;47003611;A;ALTA;2;PRIVADO;72;CENTRO PRIVADO DE EDUCACION INFANTIL PRIMARIA Y SECUNDARIA;Colegio;CENTRO CULTURAL VALLISOLETANO;CALLE;CALLE;ARZOBISPO GARCÍA GOLDÁRAZ;10;;;;;;47;186;5;VALLADOLID;VALLADOLID;VALLADOLID;47007;983230800;;;47003611@educa.jcyl.es;http://www.maristasccv.es;-4.73615;41.63602;N;N;S;S;S;N;41.63602, -4.73615
2026;47003659;A;ALTA;2;PRIVADO;72;CENTRO PRIVADO DE EDUCACION INFANTIL PRIMARIA Y SECUNDARIA;Colegio;COMPAÑÍA DE MARÍA;CALLE;CALLE;JUAN MAMBRILLA;17;;;;;;47;186;5;VALLADOLID;VALLADOLID;VALLADOLID;47003;983291400;;;47003659@educa.jcyl.es;http://www.ciamariava.org;-4.72071;41.65369;N;N;S;N;S;N;41.65369, -4.72071
2026;47007653;A;ALTA;2;PRIVADO;45;CENTRO PRIVADO DE EDUCACION SECUNDARIA;Colegio;INTERNACIONAL DE VALLADOLID;AV.;AVENIDA;EL NORTE DE CASTILLA;;40-42;;;;;47;186;5;VALLADOLID;VALLADOLID;VALLADOLID;47008;983458267;983458269;;47007653@educa.jcyl.es;https://valladolid.iepgroup.es/;-4.73639;41.6209;N;N;N;N;S;S;41.6209, -4.73639
2026;47003787;A;ALTA;2;PRIVADO;72;CENTRO PRIVADO DE EDUCACION INFANTIL PRIMARIA Y SECUNDARIA;Colegio;JESÚS Y MARÍA;PZ.;PLAZA;DE SANTA CRUZ;7;;;;;;47;186;5;VALLADOLID;VALLADOLID;VALLADOLID;47002;983291458;983399679;;47003787@educa.jcyl.es;http://www.colegiojesusymaria.org;-4.72088;41.65178;N;N;S;N;S;N;41.65178, -4.72088
2026;47003817;A;ALTA;2;PRIVADO;72;CENTRO PRIVADO DE EDUCACION INFANTIL PRIMARIA Y SECUNDARIA;Colegio;JUAN XXIII;CALLE;CALLE;CAMINO DEL CEMENTERIO;17;;;;;;47;186;5;VALLADOLID;VALLADOLID;VALLADOLID;47011;983253408;983250590;;47003817@educa.jcyl.es;https://www.juanxxiiidiscipulas.es/;-4.70852;41.66329;N;N;S;S;S;N;41.66329, -4.70852
2026;47001924;A;ALTA;2;PRIVADO;15;CENTRO PRIVADO DE EDUCACION INFANTIL Y PRIMARIA;Colegio;LA INMACULADA;CALLE;CALLE;SUBIDA AL HOSPITAL;10;;;;;;47;114;4;VALLADOLID;PEÑAFIEL;PEÑAFIEL;47300;983880856;983878053;;47001924@educa.jcyl.es;;-4.11768;41.59763;N;N;S;S;S;N;41.59763, -4.11768
2026;47002916;A;ALTA;2;PRIVADO;15;CENTRO PRIVADO DE EDUCACION INFANTIL Y PRIMARIA;Colegio;LA MILAGROSA;CALLE;CALLE;RAMÓN Y CAJAL;13;;;;;;47;175;3;VALLADOLID;TUDELA DE DUERO;TUDELA DE DUERO;47320;983520932;983520932;;47002916@educa.jcyl.es;http://colegio-lamilagrosa.centros.educa.jcyl.es;-4.58186;41.58534;N;N;S;S;S;N;41.58534, -4.58186
2026;47003878;A;ALTA;2;PRIVADO;72;CENTRO PRIVADO DE EDUCACION INFANTIL PRIMARIA Y SECUNDARIA;Colegio;LA MILAGROSA Y SANTA FLORENTINA;CALLE;CALLE;CAMINO DEL CEMENTERIO;6;;;;;;47;186;5;VALLADOLID;VALLADOLID;VALLADOLID;47011;983252064;983320231;;47003878@educa.jcyl.es;http://lmsf.es;-4.70836;41.66147;N;N;S;S;S;N;41.66147, -4.70836
2026;47001341;A;ALTA;2;PRIVADO;72;CENTRO PRIVADO DE EDUCACION INFANTIL PRIMARIA Y SECUNDARIA;Colegio;LOPE DE VEGA;CALLE;CALLE;NUEVA DEL CUARTEL;10;;;;;;47;85;2;VALLADOLID;MEDINA DEL CAMPO;MEDINA DEL CAMPO;47400;627892064;;;47001341@educa.jcyl.es;https://www.lopedevegamedina.com;-4.91182;41.30472;N;N;S;S;N;N;41.30472, -4.91182
2026;47004081;A;ALTA;2;PRIVADO;72;CENTRO PRIVADO DE EDUCACION INFANTIL PRIMARIA Y SECUNDARIA;Colegio;NUESTRA SEÑORA DE LOURDES;CALLE;CALLE;PAULINA HARRIET;22;;;;;;47;186;5;VALLADOLID;VALLADOLID;VALLADOLID;47006;983334822;983334977;;47004081@educa.jcyl.es;http://www.colegiolourdes.es;-4.73456;41.64559;N;S;S;N;S;S;41.64559, -4.73456
2026;47004202;A;ALTA;2;PRIVADO;72;CENTRO PRIVADO DE EDUCACION INFANTIL PRIMARIA Y SECUNDARIA;Colegio;PATROCINIO SAN JOSÉ;CRA.;CARRETERA;RUEDA;62;;;;;;47;186;5;VALLADOLID;VALLADOLID;VALLADOLID;47008;983222034;;;47004202@educa.jcyl.es;http://www.patrociniosanjoseva.es;-4.74197;41.62282;N;S;S;S;S;N;41.62282, -4.74197
2026;47001389;A;ALTA;2;PRIVADO;72;CENTRO PRIVADO DE EDUCACION INFANTIL PRIMARIA Y SECUNDARIA;Colegio;SAN JUAN DE LA CRUZ;PZ.;PLAZA;DE SAN JUAN DE LA CRUZ;1;;;;;;47;85;2;VALLADOLID;MEDINA DEL CAMPO;MEDINA DEL CAMPO;47400;983810966;;;47001389@educa.jcyl.es;http://www.colegiosanjuandelacruz.com;-4.91682;41.30889;N;N;S;S;N;N;41.30889, -4.91682
2026;47001471;A;ALTA;2;PRIVADO;15;CENTRO PRIVADO DE EDUCACION INFANTIL Y PRIMARIA;Colegio;SAN VICENTE DE PAÚL;CALLE;CALLE;CASTILVIEJO;2;;;;;;47;86;1;VALLADOLID;MEDINA DE RIOSECO;MEDINA DE RIOSECO;47800;983700112;;;47001471@educa.jcyl.es;http://sanvicentedepaulrioseco.com;-5.04524;41.88278;N;N;S;S;S;N;41.88278, -5.04524
2026;47004421;A;ALTA;2;PRIVADO;72;CENTRO PRIVADO DE EDUCACION INFANTIL PRIMARIA Y SECUNDARIA;Colegio;SANTA MARÍA MICAELA;CALLE;CALLE;POLVORA;8;;;;;;47;186;5;VALLADOLID;VALLADOLID;VALLADOLID;47005;983295423;983291192;;47004421@educa.jcyl.es;;-4.71442;41.6529;N;N;S;S;S;N;41.6529, -4.71442
2026;47011218;A;ALTA;2;PRIVADO;158;CENTRO PRIVADO AUTORIZADO PROFESIONAL DE DANZA;CPr Danza;ESCUELA PROFESIONAL DE DANZA DE CASTILLA Y LEÓN, VALLADOLID;AV.;AVENIDA;DEL REAL VALLADOLID (CENTRO CULTURAL MIGUEL DELIBES);2;;;;;;47;186;5;VALLADOLID;VALLADOLID;VALLADOLID;47015;983268255;;;47011218@educa.jcyl.es;http://www.fuescyl.com/epdcyl;-4.75578;41.6435;N;N;N;N;N;N;41.6435, -4.75578
2026;47010883;A;ALTA;2;PRIVADO;138;CENTRO PRIVADO AUTORIZADO PROFESIONAL DE MUSICA;CPr Música;CASTILLA DOS;CALLE;CALLE;PAULINA HARRIET;22;;;;;;47;186;5;VALLADOLID;VALLADOLID;VALLADOLID;47006;983335364;;;47010883@educa.jcyl.es;;-4.73456;41.64559;N;N;N;N;N;N;41.64559, -4.73456
2026;47012481;A;ALTA;2;PRIVADO;4;CENTRO PRIVADO DE EDUCACION INFANTIL;CPrEI;ARCO IRIS;CALLE;CALLE;JÚPITER;12;;;;;;47;186;5;VALLADOLID;VALLADOLID;VALLADOLID;47009;657761603;;;47012481@educa.jcyl.es;;-4.73855;41.66295;N;N;N;N;N;N;41.66295, -4.73855
2026;47012326;A;ALTA;2;PRIVADO;4;CENTRO PRIVADO DE EDUCACION INFANTIL;CPrEI;CASA DE NIÑAS Y NIÑOS MAESTRO CLAUDIO LÓPEZ SERRANO;CALLE;CALLE;SOTO;64;;;;;;47;186;5;VALLADOLID;VALLADOLID;VALLADOLID;47010;983254673;;;47012326@educa.jcyl.es;;-4.72659;41.66443;N;N;N;N;N;N;41.66443, -4.72659
2026;47012338;A;ALTA;2;PRIVADO;4;CENTRO PRIVADO DE EDUCACION INFANTIL;CPrEI;CASA DE NIÑAS Y NIÑOS PAJARILLOS;CALLE;CALLE;TORDO;7;;;;;;47;186;5;VALLADOLID;VALLADOLID;VALLADOLID;47012;983308942;;;47012338@educa.jcyl.es;;-4.70903;41.65042;N;N;N;N;N;N;41.65042, -4.70903
2026;47012417;A;ALTA;2;PRIVADO;4;CENTRO PRIVADO DE EDUCACION INFANTIL;CPrEI;CHUPETÍN;CALLE;CALLE;VINOS DE RUEDA;12;;;;;;47;186;5;VALLADOLID;VALLADOLID;VALLADOLID;47008;983246178;;;47012417@educa.jcyl.es;;-4.7529;41.61648;N;N;N;N;N;N;41.61648, -4.7529
2026;47012363;A;ALTA;2;PRIVADO;4;CENTRO PRIVADO DE EDUCACION INFANTIL;CPrEI;COLORÍN COLORAO;CALLE;CALLE;EBRO;23;;;;;;47;10;1;VALLADOLID;ARROYO DE LA ENCOMIENDA;ARROYO DE LA ENCOMIENDA;47195;617678389;;;47012363@educa.jcyl.es;;-4.7762;41.62847;N;N;N;N;N;N;41.62847, -4.7762
2026;47011589;A;ALTA;2;PRIVADO;4;CENTRO PRIVADO DE EDUCACION INFANTIL;CPrEI;EL DESPERTADOR INFANTIL 2010;PZ.;PLAZA;DE JUAN PABLO II;9;;;;;;47;186;5;VALLADOLID;VALLADOLID;VALLADOLID;47015;601181149;;;47011589@educa.jcyl.es;;-4.77193;41.48283;N;N;N;N;S;N;41.48283, -4.77193
2026;47012259;A;ALTA;2;PRIVADO;4;CENTRO PRIVADO DE EDUCACION INFANTIL;CPrEI;HAPPY KIDS HOUSE;CALLE;CALLE;ISAAC QUINTERO;6;;;;;;47;186;5;VALLADOLID;VALLADOLID;VALLADOLID;47005;629714804;;;47012259@educa.jcyl.es;;;;N;N;N;N;N;N;
2026;47012351;A;ALTA;2;PRIVADO;4;CENTRO PRIVADO DE EDUCACION INFANTIL;CPrEI;LA ABEJA MAYA;CALLE;CALLE;CASTAÑUELAS;5;;;;;;47;186;5;VALLADOLID;VALLADOLID;VALLADOLID;47012;983234288;;;47012351@educa.jcyl.es;;-4.71351;41.6327;N;N;N;N;N;N;41.6327, -4.71351
2026;47012491;A;ALTA;2;PRIVADO;4;CENTRO PRIVADO DE EDUCACION INFANTIL;CPrEI;LUNA MÁGICA;CALLE;CALLE;VINOS DE RUEDA;14;;;;;;47;186;5;VALLADOLID;VALLADOLID;VALLADOLID;47008;983043843;;;47012491@educa.jcyl.es;;-4.75315;41.61636;N;N;N;N;N;N;41.61636, -4.75315
2026;47012569;A;ALTA;2;PRIVADO;4;CENTRO PRIVADO DE EDUCACION INFANTIL;CPrEI;Mamá Kokeshi;CALLE;CALLE;Monasterio San Millán de la Cogolla;11;;;;;;47;186;5;VALLADOLID;VALLADOLID;VALLADOLID;47015;983454350;;;47012569@educa.jcyl.es;;-4.74593;41.64632;N;N;N;N;N;N;41.64632, -4.74593
2026;47012478;A;ALTA;2;PRIVADO;4;CENTRO PRIVADO DE EDUCACION INFANTIL;CPrEI;MI BOSQUE ENCANTADO;CALLE;CALLE;JUAN GARCÍA HORTELANO;14;;;;;;47;186;5;VALLADOLID;VALLADOLID;VALLADOLID;47014;983514411;;;47012478@educa.jcyl.es;;-4.76692;41.63762;N;N;N;N;N;N;41.63762, -4.76692
2026;47012454;A;ALTA;2;PRIVADO;4;CENTRO PRIVADO DE EDUCACION INFANTIL;CPrEI;MIS PRIMEROS PASITOS;PS.;PASEO;JUAN CARLOS I;142;;;;;;47;186;5;VALLADOLID;VALLADOLID;VALLADOLID;47011;606239382;;;47012454@educa.jcyl.es;;-4.70623;41.6543;N;N;N;N;N;N;41.6543, -4.70623
2026;47012442;A;ALTA;2;PRIVADO;4;CENTRO PRIVADO DE EDUCACION INFANTIL;CPrEI;NOELIA;CALLE;CALLE;PELÍCANO;17;;;;;;47;186;5;VALLADOLID;VALLADOLID;VALLADOLID;47012;983306847;;;47012442@educa.jcyl.es;;-4.71326;41.64639;N;N;N;N;N;N;41.64639, -4.71326
2026;47012181;A;ALTA;2;PRIVADO;4;CENTRO PRIVADO DE EDUCACION INFANTIL;CPrEI;OKAPI;CALLE;CALLE;VALLE INCLÁN;2;;;;;;47;186;5;VALLADOLID;VALLADOLID;VALLADOLID;47008;622919067;;;47012181@educa.jcyl.es;;-4.75703;41.61033;N;N;N;N;N;N;41.61033, -4.75703
2026;47012120;A;ALTA;2;PRIVADO;4;CENTRO PRIVADO DE EDUCACION INFANTIL;CPrEI;TRASTES SAN CRISTÓBAL;CALLE;CALLE;PLATA;39;;;;;;47;186;5;VALLADOLID;VALLADOLID;VALLADOLID;47012;983847036;;;47012120@educa.jcyl.es;;-4.7062;41.61823;N;N;N;N;N;N;41.61823, -4.7062
2026;47012171;A;ALTA;2;PRIVADO;58;CENTRO PRIVADO DE FORMACION PROFESIONAL ESPECIFICA;CPrFP;AT-DAC;CRA.;CARRETERA;TUDELA DE DUERO - MONTEMAYOR DE PILILLA, KM 7,8;;;;;;;47;110;1;VALLADOLID;PARRILLA (LA);PARRILLA (LA);47328;696539594;;;47012171@educa.jcyl.es;;-4.51236;41.53851;N;N;N;N;N;N;41.53851, -4.51236
2026;47012314;A;ALTA;2;PRIVADO;58;CENTRO PRIVADO DE FORMACION PROFESIONAL ESPECIFICA;CPrFP;CÁMARA DE COMERCIO DE VALLADOLID FP;PZ.;PLAZA;DE LA GASTRONOMÍA Y VINO;1;;;;;;47;186;5;VALLADOLID;VALLADOLID;VALLADOLID;47009;648794162;;;47012314@educa.jcyl.es;https://www.fpcamaravalladolid.com/;-4.73782;41.65779;N;N;N;N;N;N;41.65779, -4.73782
2026;47005747;A;ALTA;2;PRIVADO;58;CENTRO PRIVADO DE FORMACION PROFESIONAL ESPECIFICA;CPrFP;CENTRO DIDÁCTICO;CALLE;CALLE;RECOLETAS;;S/N;;;;;47;186;5;VALLADOLID;VALLADOLID;VALLADOLID;47006;983360438;983362202;;47005747@educa.jcyl.es;https://centrodidactico.es;-4.73314;41.64738;N;N;S;N;N;N;41.64738, -4.73314
2026;47012090;A;ALTA;2;PRIVADO;58;CENTRO PRIVADO DE FORMACION PROFESIONAL ESPECIFICA;CPrFP;ESI;CALLE;CALLE;ARCA REAL;209;;;;;;47;186;5;VALLADOLID;VALLADOLID;VALLADOLID;47008;983397622;;;47012090@educa.jcyl.es;;-4.73625;41.6085;N;N;N;N;N;N;41.6085, -4.73625
2026;47011930;A;ALTA;2;PRIVADO;58;CENTRO PRIVADO DE FORMACION PROFESIONAL ESPECIFICA;CPrFP;INTRAS PARQUESOL;CALLE;CALLE;MARTÍN SANTOS ROMERO;;S/N;;;;;47;186;5;VALLADOLID;VALLADOLID;VALLADOLID;47016;696114728;;;47011930@educa.jcyl.es;https://www.fp-intras.es/;-4.76858;41.63996;N;N;S;N;N;N;41.63996, -4.76858
2026;47011929;A;ALTA;2;PRIVADO;58;CENTRO PRIVADO DE FORMACION PROFESIONAL ESPECIFICA;CPrFP;MITERIS;CRA.;CARRETERA;SEGOVIA;1;;;;;;47;186;5;VALLADOLID;VALLADOLID;VALLADOLID;47012;983511884;;;47011929@educa.jcyl.es;https://www.everisschool.com;-4.71774;41.6269;N;N;N;N;N;N;41.6269, -4.71774
2026;47012077;A;ALTA;2;PRIVADO;58;CENTRO PRIVADO DE FORMACION PROFESIONAL ESPECIFICA;CPrFP;PLANFORM;CALLE;CALLE;MANUEL AZAÑA;22;;;;;;47;186;5;VALLADOLID;VALLADOLID;VALLADOLID;47014;;;;47012077@educa.jcyl.es;;-4.77037;41.63705;N;N;N;N;N;N;41.63705, -4.77037
2026;47011115;A;ALTA;2;PRIVADO;58;CENTRO PRIVADO DE FORMACION PROFESIONAL ESPECIFICA;CPrFP;RÍO DUERO;AV.;AVENIDA;SANTANDER;90;;;;;;47;186;5;VALLADOLID;VALLADOLID;VALLADOLID;47011;983258764;;;47011115@educa.jcyl.es;http://www.rduero.es;-4.70257;41.6719;N;N;S;N;N;N;41.6719, -4.70257
2026;47004858;A;ALTA;1;PÚBLICO;501;ESCUELA DE ARTE Y SUPERIOR DE CONSERVACIÓN Y RESTAURACIÓN DE BIENES CULTURALES;EA;ESCUELA DE ARTE DE VALLADOLID;CALLE;CALLE;MIRABEL;;S/N;;;;;47;186;5;VALLADOLID;VALLADOLID;VALLADOLID;47010;983306081;;;47004858@educa.jcyl.es;http://eavalladolid.centros.educa.jcyl.es;-4.72851;41.6599;N;N;N;N;N;N;41.6599, -4.72851
2026;47007689;A;ALTA;1;PÚBLICO;3;ESCUELA DE EDUCACION INFANTIL;EEI;ALBORADA;AV.;AVENIDA;LOPE DE VEGA;;S/N;;;;;47;104;2;VALLADOLID;OLMEDO;OLMEDO;47410;983600857;983600857;;47007689@educa.jcyl.es;;-4.68356;41.28399;N;N;N;N;S;N;41.28399, -4.68356
2026;47011383;A;ALTA;1;PÚBLICO;3;ESCUELA DE EDUCACION INFANTIL;EEI;ARCO IRIS;CALLE;CALLE;COTARRO;3;;;;;;47;10;1;VALLADOLID;ARROYO DE LA ENCOMIENDA;ARROYO DE LA ENCOMIENDA;47195;983406553;;;47011383@educa.jcyl.es;;-4.77563;41.63001;N;N;N;N;S;N;41.63001, -4.77563
2026;47012193;A;ALTA;1;PÚBLICO;3;ESCUELA DE EDUCACION INFANTIL;EEI;CASCABEL;CALLE;CALLE;SEMINARIO;4;;;;;;47;186;5;VALLADOLID;VALLADOLID;VALLADOLID;47010;;;;47012193@educa.jcyl.es;;-4.73007;41.66059;N;N;N;N;N;N;41.66059, -4.73007
2026;47011334;A;ALTA;1;PÚBLICO;3;ESCUELA DE EDUCACION INFANTIL;EEI;CASCANUECES;CALLE;CALLE;BOEDO;18;;;;;;47;186;5;VALLADOLID;VALLADOLID;VALLADOLID;47008;983244927;;;47011334@educa.jcyl.es;;-4.75116;41.61767;N;N;N;N;S;N;41.61767, -4.75116
2026;47011358;A;ALTA;1;PÚBLICO;3;ESCUELA DE EDUCACION INFANTIL;EEI;COLORINES;CALLE;CALLE;ÓRBIGO;31;;;;;;47;76;3;VALLADOLID;LAGUNA DE DUERO;LAGUNA DE DUERO;47140;983527870;;;47011358@educa.jcyl.es;;-4.72942;41.58648;N;N;N;N;S;N;41.58648, -4.72942
2026;47011577;A;ALTA;1;PÚBLICO;3;ESCUELA DE EDUCACION INFANTIL;EEI;DUENDECILLOS;CALLE;CALLE;RONDA;66;;;;;;47;66;1;VALLADOLID;FUENSALDAÑA;FUENSALDAÑA;47194;983583000;;;47011577@educa.jcyl.es;;-4.76745;41.70568;N;N;N;N;S;N;41.70568, -4.76745
2026;47011838;A;ALTA;1;PÚBLICO;3;ESCUELA DE EDUCACION INFANTIL;EEI;EL CARPIO;PS.;PASEO;ISIDORA CARBONERO, S/N;;;;;;;47;35;1;VALLADOLID;CARPIO;CARPIO;47470;983863770;983863773;;47011838@educa.jcyl.es;;-5.11395;41.21548;N;N;N;N;N;N;41.21548, -5.11395
2026;47011051;A;ALTA;1;PÚBLICO;3;ESCUELA DE EDUCACION INFANTIL;EEI;ESCUELA INFANTIL DE ÍSCAR;CALLE;CALLE;PALOMARES;45;;;;;;47;75;1;VALLADOLID;ÍSCAR;ÍSCAR;47420;983612664;983611003;;47011051@educa.jcyl.es;;-4.5313;41.3599;N;N;N;N;S;N;41.3599, -4.5313
2026;47011553;A;ALTA;1;PÚBLICO;3;ESCUELA DE EDUCACION INFANTIL;EEI;FANTASÍA;CALLE;CALLE;RASTROJO;;S/N;;;;;47;186;5;VALLADOLID;VALLADOLID;VALLADOLID;47014;983356549;;;47011553@educa.jcyl.es;;-4.74357;41.65241;N;N;N;N;S;N;41.65241, -4.74357
2026;47011516;A;ALTA;1;PÚBLICO;3;ESCUELA DE EDUCACION INFANTIL;EEI;GLORIA FUERTES;CRA.;CARRETERA;CAMINO DE HERRERA;;S/N;;;;;47;52;1;VALLADOLID;CISTÉRNIGA;CISTÉRNIGA;47193;983402223;;;47011516@educa.jcyl.es;;-4.68711;41.60892;N;N;N;N;S;N;41.60892, -4.68711
2026;47007677;A;ALTA;1;PÚBLICO;3;ESCUELA DE EDUCACION INFANTIL;EEI;LA CIGÜEÑA;CALLE;CALLE;CIGÜEÑA;;S/N;;;;;47;186;5;VALLADOLID;VALLADOLID;VALLADOLID;47012;983309827;983309827;;47007677@educa.jcyl.es;http://eeilaciguena.centros.educa.jcyl.es/;-4.7076;41.65057;N;N;N;N;S;N;41.65057, -4.7076
2026;47007288;A;ALTA;1;PÚBLICO;3;ESCUELA DE EDUCACION INFANTIL;EEI;LA COMETA;CALLE;CALLE;ARCA REAL;10;;;;;;47;186;5;VALLADOLID;VALLADOLID;VALLADOLID;47013;983234285;983234285;;47007288@educa.jcyl.es;;-4.72303;41.6388;N;N;N;N;S;N;41.6388, -4.72303
2026;47011942;A;ALTA;1;PÚBLICO;3;ESCUELA DE EDUCACION INFANTIL;EEI;LA VENTANA MÁGICA;CALLE;CALLE;JUAN CARLOS I;1;;;;;;47;7;1;VALLADOLID;ALDEAMAYOR DE SAN MARTÍN;ALDEAMAYOR DE SAN MARTÍN;47162;983558592;;;47011942@educa.jcyl.es;;-4.64272;41.51806;N;N;N;N;N;N;41.51806, -4.64272
2026;47012511;A;ALTA;1;PÚBLICO;3;ESCUELA DE EDUCACION INFANTIL;EEI;LOS ENANITOS;CALLE;CALLE;CILLA;1;;;;;;47;110;1;VALLADOLID;PARRILLA (LA);PARRILLA (LA);47328;;;;47012511@educa.jcyl.es;;-4.53662;41.53689;N;N;N;N;N;N;41.53689, -4.53662
2026;47007690;A;ALTA;1;PÚBLICO;3;ESCUELA DE EDUCACION INFANTIL;EEI;PETER PAN;CALLE;CALLE;SAN MIGUEL;;S/N;;;;;47;165;5;VALLADOLID;TORDESILLAS;TORDESILLAS;47100;983771371;983771371;;47007690@educa.jcyl.es;http://eeipeterpan.centros.educa.jcyl.es;-4.99243;41.50225;N;N;N;N;S;N;41.50225, -4.99243
2026;47011504;A;ALTA;1;PÚBLICO;3;ESCUELA DE EDUCACION INFANTIL;EEI;TRAVIESOS;CALLE;CALLE;MIRADOR;2;;;;;;47;50;1;VALLADOLID;CIGALES;CIGALES;47270;644882057;;;47011504@educa.jcyl.es;;-4.70284;41.76218;N;N;N;N;S;N;41.76218, -4.70284
2026;47011528;A;ALTA;1;PÚBLICO;3;ESCUELA DE EDUCACION INFANTIL;EEI;VIRGEN DE CASTILVIEJO;CALLE;CALLE;EL CASTILLO;;S/N;;;;;47;86;1;VALLADOLID;MEDINA DE RIOSECO;MEDINA DE RIOSECO;47800;983700075;;;47011528@educa.jcyl.es;;-5.04461;41.88003;N;N;N;N;S;N;41.88003, -5.04461
2026;47007501;A;ALTA;1;PÚBLICO;185;ESCUELA DE MUSICA;EM;ESCUELA DE MÚSICA DE MEDINA DEL CAMPO;PZ.;PLAZA;SEGOVIA;5;;;;;;47;85;2;VALLADOLID;MEDINA DEL CAMPO;MEDINA DEL CAMPO;47400;983811411;983811411;;47007501@educa.jcyl.es;;-4.91514;41.30625;N;N;N;N;N;N;41.30625, -4.91514
2026;47011486;A;ALTA;1;PÚBLICO;185;ESCUELA DE MUSICA;EM;ESCUELA DE MÚSICA DE PEÑAFIEL;CALLE;CALLE;HOSPITAL;;S/N;;;;;47;114;4;VALLADOLID;PEÑAFIEL;PEÑAFIEL;47300;983880002;983880137;;47011486@educa.jcyl.es;;-4.15515;41.64162;N;N;N;N;N;N;41.64162, -4.15515
2026;47011620;A;ALTA;1;PÚBLICO;185;ESCUELA DE MUSICA;EM;ESCUELA MUNICIPAL DE MÚSICA DE ISCAR;CALLE;CALLE;ERAS;34;;;;;;47;75;1;VALLADOLID;ÍSCAR;ÍSCAR;47420;983611003;983611729;;47011620@educa.jcyl.es;;-4.52988;41.35961;N;N;N;N;N;N;41.35961, -4.52988
2026;47011498;A;ALTA;1;PÚBLICO;185;ESCUELA DE MUSICA;EM;PICO DE URIS;CALLE;CALLE;CALVO SOTELO;;S/N;;;;;47;133;1;VALLADOLID;RENEDO DE ESGUEVA;RENEDO DE ESGUEVA;47170;983508027;;;47011498@educa.jcyl.es;;-4.6286;41.65479;N;N;N;N;N;N;41.65479, -4.6286
2026;47005991;A;ALTA;1;PÚBLICO;42;INSTITUTO DE EDUCACION SECUNDARIA;IES;ALFONSO VI;PZ.;PLAZA;SAN ANDRES;;S/N;;;;;47;104;2;VALLADOLID;OLMEDO;OLMEDO;47410;983444000;983601175;;47005991@educa.jcyl.es;http://iesalfonsovi.centros.educa.jcyl.es;-4.68793;41.28712;N;N;N;S;N;S;41.28712, -4.68793
2026;47006533;A;ALTA;1;PÚBLICO;42;INSTITUTO DE EDUCACION SECUNDARIA;IES;CONDESA EYLO ALFONSO;PZ.;PLAZA;CONDESA EYLO ALFONSO;1;;;;;;47;186;5;VALLADOLID;VALLADOLID;VALLADOLID;47007;983278450;;;47006533@educa.jcyl.es;http://iescondesaeyloalfonso.centros.educa.jcyl.es/sitio/;-4.73852;41.63008;N;N;N;S;N;S;41.63008, -4.73852
2026;47004913;A;ALTA;1;PÚBLICO;42;INSTITUTO DE EDUCACION SECUNDARIA;IES;DELICIAS;PS.;PASEO;DE JUAN CARLOS I;20;;;;;;47;186;5;VALLADOLID;VALLADOLID;VALLADOLID;47013;983220716;;;47004913@educa.jcyl.es;http://www.iesdelicias.com;-4.71819;41.63624;N;N;N;S;N;S;41.63624, -4.71819
2026;47004585;A;ALTA;1;PÚBLICO;42;INSTITUTO DE EDUCACION SECUNDARIA;IES;EMILIO FERRARI;CALLE;CALLE;LA SEMENTERA;;S/N;;;;;47;186;5;VALLADOLID;VALLADOLID;VALLADOLID;47009;983334854;983335534;;47004585@educa.jcyl.es;http://iesemilioferrari.centros.educa.jcyl.es;-4.73929;41.65952;N;N;N;S;N;S;41.65952, -4.73929
2026;47005322;A;ALTA;1;PÚBLICO;42;INSTITUTO DE EDUCACION SECUNDARIA;IES;JORGE GUILLÉN;AV.;AVENIDA;DEL PARQUE;16;;;;;;47;214;1;VALLADOLID;VILLALÓN DE CAMPOS;VILLALÓN DE CAMPOS;47600;983740389;983740389;;47005322@educa.jcyl.es;http://iesjorgeguillen.centros.educa.jcyl.es;-5.04103;42.09193;N;N;N;S;N;S;42.09193, -5.04103
2026;47007291;A;ALTA;1;PÚBLICO;42;INSTITUTO DE EDUCACION SECUNDARIA;IES;JUANA I DE CASTILLA;AV.;AVENIDA;SANTA TERESA;1;;;;;;47;165;5;VALLADOLID;TORDESILLAS;TORDESILLAS;47100;983770412;983796246;;47007291@educa.jcyl.es;http://iesjuanaprimeradecastilla.centros.educa.jcyl.es;-4.99467;41.50057;N;N;N;S;N;S;41.50057, -4.99467
2026;47007525;A;ALTA;1;PÚBLICO;42;INSTITUTO DE EDUCACION SECUNDARIA;IES;JULIÁN MARÍAS;CALLE;CALLE;EUSEBIO GONZÁLEZ SUÁREZ;43;;;;;;47;186;5;VALLADOLID;VALLADOLID;VALLADOLID;47014;983354733;983360386;;47007525@educa.jcyl.es;http://iesjulianmarias.centros.educa.jcyl.es;-4.75846;41.63196;N;N;N;S;N;N;41.63196, -4.75846
2026;47004597;A;ALTA;1;PÚBLICO;42;INSTITUTO DE EDUCACION SECUNDARIA;IES;LEOPOLDO CANO;CALLE;CALLE;TÓRTOLA;11;;;;;;47;186;5;VALLADOLID;VALLADOLID;VALLADOLID;47012;983293659;983391385;;47004597@educa.jcyl.es;http://iesleopoldocano.centros.educa.jcyl.es;-4.71113;41.646;N;N;N;S;N;N;41.646, -4.71113
2026;47005863;A;ALTA;1;PÚBLICO;42;INSTITUTO DE EDUCACION SECUNDARIA;IES;PINAR DE LA RUBIA;CALLE;CALLE;CAMINO VIEJO DE SIMANCAS;19;;;;;;47;186;5;VALLADOLID;VALLADOLID;VALLADOLID;47008;983278100;;;47005863@educa.jcyl.es;http://iespinardelarubia.centros.educa.jcyl.es;-4.74791;41.62513;N;N;N;S;N;S;41.62513, -4.74791
2026;47002060;A;ALTA;1;PÚBLICO;42;INSTITUTO DE EDUCACION SECUNDARIA;IES;PÍO DEL RÍO HORTEGA;AV.;AVENIDA;REVERENDO JOSÉ MONTERO;1;;;;;;47;122;2;VALLADOLID;PORTILLO;PORTILLO;47160;983556194;983556224;;47002060@educa.jcyl.es;http://iespiodelriohortega.centros.educa.jcyl.es;-4.59024;41.47316;N;N;N;S;N;S;41.47316, -4.59024
2026;47006545;A;ALTA;1;PÚBLICO;42;INSTITUTO DE EDUCACION SECUNDARIA;IES;RIBERA DE CASTILLA;CALLE;CALLE;MIRABEL;25;;;;;;47;186;5;VALLADOLID;VALLADOLID;VALLADOLID;47010;983260716;983260708;;47006545@educa.jcyl.es;http://iesriberadecastilla.centros.educa.jcyl.es/;-4.72322;41.66429;N;N;N;S;N;S;41.66429, -4.72322
2026;47007318;A;ALTA;1;PÚBLICO;42;INSTITUTO DE EDUCACION SECUNDARIA;IES;SANTO TOMÁS DE AQUINO;CALLE;CALLE;SAN PEDRO;48;;;;;;47;75;1;VALLADOLID;ÍSCAR;ÍSCAR;47420;983611079;983620354;;47007318@educa.jcyl.es;http://iessantotomasdeaquino.centros.educa.jcyl.es;-4.52776;41.36066;N;N;N;S;N;S;41.36066, -4.52776
2026;47005577;A;ALTA;1;PÚBLICO;20;COLEGIO DE EDUCACION ESPECIAL;CEE;NÚMERO 1;CALLE;CALLE;ANTONIO MACHADO;26;;;;;;47;186;5;VALLADOLID;VALLADOLID;VALLADOLID;47008;983332794;983332794;;47005577@educa.jcyl.es;http://ceevalladolid1.centros.educa.jcyl.es;-4.72839;41.65295;N;S;N;S;S;S;41.65295, -4.72839
2026;47005887;A;ALTA;1;PÚBLICO;14;COLEGIO DE EDUCACION INFANTIL Y PRIMARIA;CEIP;ANTONIO MACHADO;CALLE;CALLE;LA PILARICA;59;;;;;;47;186;5;VALLADOLID;VALLADOLID;VALLADOLID;47011;983202461;983202461;;47005887@educa.jcyl.es;http://ceipantoniomachado.centros.educa.jcyl.es;-4.70463;41.65311;N;N;N;S;S;N;41.65311, -4.70463
2026;47011280;A;ALTA;1;PÚBLICO;14;COLEGIO DE EDUCACION INFANTIL Y PRIMARIA;CEIP;CAÑO DORADO;CALLE;CALLE;DON SANCHO DEL CAMPO;;S/N;;;;;47;231;1;VALLADOLID;ZARATÁN;ZARATÁN;47610;983343693;983343693;;47011280@educa.jcyl.es;http://ceipcanodorado.centros.educa.jcyl.es;-4.78187;41.66016;N;N;N;S;S;N;41.66016, -4.78187
2026;47003192;A;ALTA;1;PÚBLICO;14;COLEGIO DE EDUCACION INFANTIL Y PRIMARIA;CEIP;CARDENAL MENDOZA;CALLE;CALLE;PANADEROS;28;;;;;;47;186;5;VALLADOLID;VALLADOLID;VALLADOLID;47004;983309243;983309243;;47003192@educa.jcyl.es;http://ceipcardenalmendoza.centros.educa.jcyl.es;-4.72311;41.64676;N;N;N;S;S;N;41.64676, -4.72311
2026;47007264;A;ALTA;1;PÚBLICO;14;COLEGIO DE EDUCACION INFANTIL Y PRIMARIA;CEIP;CRA EL PÁRAMO;AV.;AVENIDA;MARCELO GONZÁLEZ;27;;;;;;47;217;2;VALLADOLID;VILLANUBLA;VILLANUBLA;47620;983560282;983560282;;47007264@educa.jcyl.es;http://craelparamo.centros.educa.jcyl.es;-4.83763;41.69864;S;N;N;S;S;S;41.69864, -4.83763
2026;47007161;A;ALTA;1;PÚBLICO;14;COLEGIO DE EDUCACION INFANTIL Y PRIMARIA;CEIP;CRA LA BESANA;CALLE;CALLE;FRAY JUAN DE LA MOTA;;S/N;;;;;47;97;1;VALLADOLID;MOTA DEL MARQUÉS;MOTA DEL MARQUÉS;47120;983780068;983780068;;47007161@educa.jcyl.es;http://cralabesana.centros.educa.jcyl.es;-5.1739;41.63277;S;N;N;S;S;S;41.63277, -5.1739
2026;47006971;A;ALTA;1;PÚBLICO;14;COLEGIO DE EDUCACION INFANTIL Y PRIMARIA;CEIP;CRA TIERRAS DE MEDINA;CALLE;CALLE;CAMINO DE CERVILLEGO;;11;;;;;47;20;1;VALLADOLID;BOBADILLA DEL CAMPO;BOBADILLA DEL CAMPO;47462;983819175;983819410;;47006971@educa.jcyl.es;http://cratierrasdemedina.centros.educa.jcyl.es;-5.02052;41.2035;S;N;N;S;N;S;41.2035, -5.02052
2026;47007173;A;ALTA;1;PÚBLICO;14;COLEGIO DE EDUCACION INFANTIL Y PRIMARIA;CEIP;CRA VILLAS DEL SEQUILLO;CALLE;CALLE;SAN SEBASTIÁN;4;;;;;;47;197;1;VALLADOLID;VILLABRÁGIMA;VILLABRÁGIMA;47820;983714192;983714192;;47007173@educa.jcyl.es;http://cravillasdelsequillo.centros.educa.jcyl.es;-5.11299;41.81981;S;N;N;S;N;N;41.81981, -5.11299
2026;47003052;A;ALTA;1;PÚBLICO;14;COLEGIO DE EDUCACION INFANTIL Y PRIMARIA;CEIP;EL PRADO;CALLE;CALLE;EL PRADO;8;;;;;;47;182;1;VALLADOLID;VALDESTILLAS;VALDESTILLAS;47240;983551326;983551326;;47003052@educa.jcyl.es;http://ceipelprado.centros.educa.jcyl.es;-4.77252;41.47906;N;N;N;S;N;N;41.47906, -4.77252
2026;47000774;A;ALTA;1;PÚBLICO;14;COLEGIO DE EDUCACION INFANTIL Y PRIMARIA;CEIP;FÉLIX CUADRADO LOMAS;AV.;AVENIDA;JUAN MERINO LAPICE;1;;;;;;47;52;1;VALLADOLID;CISTÉRNIGA;CISTÉRNIGA;47193;983401593;983403037;;47000774@educa.jcyl.es;http://ceipfelixcuadradolomas.centros.educa.jcyl.es;-4.68296;41.6115;N;N;N;S;S;N;41.6115, -4.68296
2026;47010937;A;ALTA;1;PÚBLICO;14;COLEGIO DE EDUCACION INFANTIL Y PRIMARIA;CEIP;FRANCISCO PINO;CALLE;CALLE;HERNANDO DE ACUÑA;79;;;;;;47;186;5;VALLADOLID;VALLADOLID;VALLADOLID;47014;983374610;983374610;;47010937@educa.jcyl.es;http://ceipfranciscopino.centros.educa.jcyl.es;-4.76468;41.63847;N;N;N;S;S;S;41.63847, -4.76468
2026;47010949;A;ALTA;1;PÚBLICO;14;COLEGIO DE EDUCACION INFANTIL Y PRIMARIA;CEIP;GLORIA FUERTES;CALLE;CALLE;ISLAS CANARIAS;;S/N;;;;;47;175;3;VALLADOLID;TUDELA DE DUERO;TUDELA DE DUERO;47320;983521817;983521817;;47010949@educa.jcyl.es;http://cpgloriafuertes.centros.educa.jcyl.es;-4.58461;41.58847;N;N;N;S;S;N;41.58847, -4.58461
2026;47003261;A;ALTA;1;PÚBLICO;14;COLEGIO DE EDUCACION INFANTIL Y PRIMARIA;CEIP;GONZALO DE CÓRDOBA;AV.;AVENIDA;DE BURGOS;;S/N;;;;;47;186;5;VALLADOLID;VALLADOLID;VALLADOLID;47009;983334862;983334862;;47003261@educa.jcyl.es;http://ceipgonzalodecordoba.centros.educa.jcyl.es;-4.73268;41.66303;N;N;N;S;S;S;41.66303, -4.73268
2026;47005899;A;ALTA;1;PÚBLICO;14;COLEGIO DE EDUCACION INFANTIL Y PRIMARIA;CEIP;JORGE GUILLÉN;CALLE;CALLE;ARGENTINA;;S/N;;;;;47;186;5;VALLADOLID;VALLADOLID;VALLADOLID;47014;983277979;983277979;;47005899@educa.jcyl.es;http://ceipjorgeguillenvalladolid.centros.educa.jcyl.es;-4.74899;41.62943;N;N;N;S;S;N;41.62943, -4.74899
2026;47003325;A;ALTA;1;PÚBLICO;14;COLEGIO DE EDUCACION INFANTIL Y PRIMARIA;CEIP;JOSÉ ZORRILLA;CALLE;CALLE;PINZONES;4;;;;;;47;186;5;VALLADOLID;VALLADOLID;VALLADOLID;47010;983255934;983255934;;47003325@educa.jcyl.es;http://ceipjosezorrilla.centros.educa.jcyl.es;-4.71683;41.66333;N;N;N;S;S;N;41.66333, -4.71683
2026;47000804;A;ALTA;1;PÚBLICO;14;COLEGIO DE EDUCACION INFANTIL Y PRIMARIA;CEIP;JUAN DE RODRIGO;CALLE;CALLE;ESCUELAS;;S/N;;;;;47;54;1;VALLADOLID;COGECES DEL MONTE;COGECES DEL MONTE;47313;983699227;983699227;;47000804@educa.jcyl.es;http://cpjuanderodrigo.centros.educa.jcyl.es;-4.31688;41.51043;N;N;N;S;N;N;41.51043, -4.31688
2026;47006442;A;ALTA;1;PÚBLICO;14;COLEGIO DE EDUCACION INFANTIL Y PRIMARIA;CEIP;LA LAGUNA;CALLE;CALLE;CARRIÓN;3;;;;;;47;76;3;VALLADOLID;LAGUNA DE DUERO;LAGUNA DE DUERO;47140;983541495;983541495;;47006442@educa.jcyl.es;http://ceiplalaguna.centros.educa.jcyl.es/sitio/;-4.72848;41.5853;N;N;N;S;S;N;41.5853, -4.72848
2026;47006090;A;ALTA;1;PÚBLICO;14;COLEGIO DE EDUCACION INFANTIL Y PRIMARIA;CEIP;LEÓN FELIPE;CALLE;CALLE;MIRABEL;9;;;;;;47;186;5;VALLADOLID;VALLADOLID;VALLADOLID;47010;983356168;983353746;;47006090@educa.jcyl.es;http://ceip-leonfelipe.centros.educa.jcyl.es;-4.72571;41.66204;N;N;N;S;S;S;41.66204, -4.72571
2026;47011152;A;ALTA;1;PÚBLICO;14;COLEGIO DE EDUCACION INFANTIL Y PRIMARIA;CEIP;MARGARITA SALAS;CALLE;CALLE;MARGARITA SALAS;;S/N;;;;;47;10;1;VALLADOLID;ARROYO DE LA ENCOMIENDA;ARROYO DE LA ENCOMIENDA;47195;983409084;983406824;;47011152@educa.jcyl.es;http://ceipmargaritasalas.centros.educa.jcyl.es;-4.78398;41.61726;N;N;N;S;S;S;41.61726, -4.78398
2026;47011450;A;ALTA;1;PÚBLICO;14;COLEGIO DE EDUCACION INFANTIL Y PRIMARIA;CEIP;MARÍA MONTESSORI;CALLE;CALLE;CASTRONUEVO DE ESGUEVA;2;;;;;;47;133;1;VALLADOLID;RENEDO DE ESGUEVA;RENEDO DE ESGUEVA;47170;983480281;;;47011450@educa.jcyl.es;http://ceipmariamontessori.centros.educa.jcyl.es;-4.62662;41.65575;N;N;N;S;S;S;41.65575, -4.62662
2026;47006843;A;ALTA;1;PÚBLICO;14;COLEGIO DE EDUCACION INFANTIL Y PRIMARIA;CEIP;MARÍA TERESA ÍÑIGO DE TORO;CALLE;CALLE;MORENA;11;;;;;;47;186;5;VALLADOLID;VALLADOLID;VALLADOLID;47009;983341028;;;47006843@educa.jcyl.es;http://ceipteresainigo.centros.educa.jcyl.es;-4.74318;41.65813;N;N;N;S;S;S;41.65813, -4.74318
2026;47005917;A;ALTA;1;PÚBLICO;14;COLEGIO DE EDUCACION INFANTIL Y PRIMARIA;CEIP;NARCISO ALONSO CORTÉS;PS.;PASEO;JUAN CARLOS I;84;;;;;;47;186;5;VALLADOLID;VALLADOLID;VALLADOLID;47012;983299171;;;47005917@educa.jcyl.es;http://ceipnarcisoalonsocortes.centros.educa.jcyl.es;-4.70783;41.64527;N;N;N;S;S;S;41.64527, -4.70783
2026;47002503;A;ALTA;1;PÚBLICO;14;COLEGIO DE EDUCACION INFANTIL Y PRIMARIA;CEIP;NICOMEDES SANZ;CALLE;CALLE;CERVANTES;;S/N;;;;;47;155;1;VALLADOLID;SANTOVENIA DE PISUERGA;SANTOVENIA DE PISUERGA;47155;983400047;;;47002503@educa.jcyl.es;http://ceipnicomedessanz.centros.educa.jcyl.es;-4.68743;41.69258;N;N;N;S;S;N;41.69258, -4.68743
2026;47001328;A;ALTA;1;PÚBLICO;14;COLEGIO DE EDUCACION INFANTIL Y PRIMARIA;CEIP;NUESTRA SEÑORA DE LAS MERCEDES;AV.;AVENIDA;DE PORTUGAL;60;;;;;;47;85;2;VALLADOLID;MEDINA DEL CAMPO;MEDINA DEL CAMPO;47400;983837229;983837229;;47001328@educa.jcyl.es;http://ceiplasmercedes.centros.educa.jcyl.es;-4.92047;41.30358;N;N;N;S;S;S;41.30358, -4.92047
2026;47001158;A;ALTA;1;PÚBLICO;14;COLEGIO DE EDUCACION INFANTIL Y PRIMARIA;CEIP;NUESTRA SEÑORA DEL VILLAR;CALLE;CALLE;CAÑADA DE LA NAVA;6;;;;;;47;76;3;VALLADOLID;LAGUNA DE DUERO;LAGUNA DE DUERO;47140;983543766;983540588;;47001158@educa.jcyl.es;http://ceipnuestrasenoradelvillar.centros.educa.jcyl.es;-4.72836;41.5826;N;N;N;S;S;N;41.5826, -4.72836
2026;47005073;A;ALTA;1;PÚBLICO;14;COLEGIO DE EDUCACION INFANTIL Y PRIMARIA;CEIP;PINARES DEL CEGA;CALLE;CALLE;MADRID;22;;;;;;47;193;1;VALLADOLID;VIANA DE CEGA;VIANA DE CEGA;47150;983546804;;;47005073@educa.jcyl.es;http://ceippinaresdelcega.centros.educa.jcyl.es;-4.75466;41.52717;N;N;N;S;S;N;41.52717, -4.75466
2026;47002904;A;ALTA;1;PÚBLICO;14;COLEGIO DE EDUCACION INFANTIL Y PRIMARIA;CEIP;PINODUERO;CALLE;CALLE;PABLO VI;5;;;;;;47;175;3;VALLADOLID;TUDELA DE DUERO;TUDELA DE DUERO;47320;983522601;983521542;;47002904@educa.jcyl.es;http://ceippinoduero.centros.educa.jcyl.es/sitio/;-4.58039;41.5838;N;N;N;S;S;N;41.5838, -4.58039
2026;47005826;A;ALTA;1;PÚBLICO;14;COLEGIO DE EDUCACION INFANTIL Y PRIMARIA;CEIP;RAIMUNDO DE BLAS SAZ;CALLE;CALLE;ALMENDRERA;17;;;;;;47;10;1;VALLADOLID;ARROYO DE LA ENCOMIENDA;ARROYO DE LA ENCOMIENDA;47195;983408223;983454567;;47005826@educa.jcyl.es;http://ceipraimundodeblassaz.centros.educa.jcyl.es;-4.77572;41.62636;N;N;N;S;S;N;41.62636, -4.77572
2026;47001584;A;ALTA;1;PÚBLICO;14;COLEGIO DE EDUCACION INFANTIL Y PRIMARIA;CEIP;ROSA CHACEL;CRA.;CARRETERA;DE TUDELA A VILORIA;;S/N;;;;;47;93;1;VALLADOLID;MONTEMAYOR DE PILILLA;MONTEMAYOR DE PILILLA;47320;983694261;983694261;;47001584@educa.jcyl.es;http://ceiprosachacel.centros.educa.jcyl.es;-4.45643;41.50713;N;N;N;S;N;N;41.50713, -4.45643
2026;47003076;A;ALTA;1;PÚBLICO;14;COLEGIO DE EDUCACION INFANTIL Y PRIMARIA;CEIP;SAGRADOS CORAZONES;AV.;AVENIDA;SANTIAGO HIDALGO;11;;;;;;47;184;2;VALLADOLID;VALORIA LA BUENA;VALORIA LA BUENA;47200;983502182;983502182;;47003076@educa.jcyl.es;http://cpsagradoscorazones.centros.educa.jcyl.es;-4.53369;41.79978;N;N;N;S;S;S;41.79978, -4.53369
2026;47000427;A;ALTA;1;PÚBLICO;14;COLEGIO DE EDUCACION INFANTIL Y PRIMARIA;CEIP;SAN SEBASTIÁN;PS.;PASEO;ISIDORA CARBONERO;9;;;;;;47;35;1;VALLADOLID;CARPIO;CARPIO;47470;983863502;983863349;;47000427@educa.jcyl.es;http://ceipsansebastian.centros.educa.jcyl.es;-5.11338;41.21534;N;N;N;S;N;S;41.21534, -5.11338
2026;47000981;A;ALTA;1;PÚBLICO;14;COLEGIO DE EDUCACION INFANTIL Y PRIMARIA;CEIP;TERESA REVILLA;CALLE;CALLE;RONDA DEL RÍO;9;;;;;;47;65;1;VALLADOLID;FRESNO EL VIEJO;FRESNO EL VIEJO;47480;983863272;983863272;;47000981@educa.jcyl.es;http://cpteresarevilla.centros.educa.jcyl.es;-5.1434;41.19353;N;N;N;S;N;S;41.19353, -5.1434
2026;47011590;A;ALTA;1;PÚBLICO;14;COLEGIO DE EDUCACION INFANTIL Y PRIMARIA;CEIP;VIOLETA MONREAL;TR.;TRAVESIA;DEL CAMINO DE ARRIEROS;;S/N;;;;;47;231;1;VALLADOLID;ZARATÁN;ZARATÁN;47610;983389175;;;47011590@educa.jcyl.es;http://ceipvioletamonreal.centros.educa.jcyl.es/;-4.77587;41.65593;N;N;N;S;S;N;41.65593, -4.77587
2026;47007409;A;ALTA;1;PÚBLICO;31;CENTRO PUBLICO DE EDUCACION DE PERSONAS ADULTAS;CEPA;BERNAL DÍAZ DEL CASTILLO;AV.;AVENIDA;DE PORTUGAL;58;;;;;;47;85;2;VALLADOLID;MEDINA DEL CAMPO;MEDINA DEL CAMPO;47400;983803772;983801837;;47007409@educa.jcyl.es;http://cepamedinadelcampo.centros.educa.jcyl.es;-4.92136;41.30387;N;N;N;N;N;N;41.30387, -4.92136
2026;47007380;A;ALTA;1;PÚBLICO;31;CENTRO PUBLICO DE EDUCACION DE PERSONAS ADULTAS;CEPA;CENTRO DE ADULTOS DE LAGUNA DE DUERO;CALLE;CALLE;SAN JUAN DE LA CRUZ;;S/N;;;;;47;76;3;VALLADOLID;LAGUNA DE DUERO;LAGUNA DE DUERO;47140;983544703;983544703;;47007380@educa.jcyl.es;http://cepalagunadeduero.centros.educa.jcyl.es/sitio/;-4.72275;41.57965;N;N;N;N;N;N;41.57965, -4.72275
2026;47007458;A;ALTA;1;PÚBLICO;31;CENTRO PUBLICO DE EDUCACION DE PERSONAS ADULTAS;CEPA;CENTRO DE ADULTOS DE TUDELA DE DUERO;CALLE;CALLE;MAYOR;;32-34;;;;;47;175;3;VALLADOLID;TUDELA DE DUERO;TUDELA DE DUERO;47320;983521909;983521909;;47007458@educa.jcyl.es;http://cepatudeladeduero.centros.educa.jcyl.es/;-4.58031;41.58558;N;N;N;N;N;N;41.58558, -4.58031
2026;47006399;A;ALTA;1;PÚBLICO;31;CENTRO PUBLICO DE EDUCACION DE PERSONAS ADULTAS;CEPA;MURO;CALLE;CALLE;MURO;13;;;;;;47;186;5;VALLADOLID;VALLADOLID;VALLADOLID;47004;983202804;983202804;;47006399@educa.jcyl.es;http://cepamuro.centros.educa.jcyl.es;-4.72553;41.64546;N;N;N;N;N;N;41.64546, -4.72553
2026;47007446;A;ALTA;1;PÚBLICO;31;CENTRO PUBLICO DE EDUCACION DE PERSONAS ADULTAS;CEPA;VILLA DEL DUERO;CALLE;CALLE;CTRA. MATILLA;1;S/N;;;;;47;165;5;VALLADOLID;TORDESILLAS;TORDESILLAS;47100;983796452;983796452;;47007446@educa.jcyl.es;http://cepavilladelduero.centros.educa.jcyl.es;-4.9979;41.50633;N;N;N;N;N;N;41.50633, -4.9979
2026;47011231;A;ALTA;1;PÚBLICO;68;CENTRO PUBLICO INTEGRADO DE FORMACION PROFESIONAL;CIFP;MEDINA DEL CAMPO;AV.;AVENIDA;DE PORTUGAL;58;;;;;;47;85;2;VALLADOLID;MEDINA DEL CAMPO;MEDINA DEL CAMPO;47400;983813037;983803787;;47011231@educa.jcyl.es;http://cifpmedinadelcampo.centros.educa.jcyl.es;-4.92025;41.30375;N;N;N;N;N;S;41.30375, -4.92025
2026;47011802;A;ALTA;2;PRIVADO;13;CENTRO PRIVADO DE EDUCACION PRIMARIA;Colegio;EL PUENTE AZUL;CRA.;CARRETERA;ARCAS REALES;;KM 3;;;;;47;186;5;VALLADOLID;VALLADOLID;VALLADOLID;47008;983471554;;;47011802@educa.jcyl.es;http://www.waldorfvalladolid.es/;-4.74384;41.60336;N;N;N;N;N;N;41.60336, -4.74384
2026;47003830;A;ALTA;2;PRIVADO;72;CENTRO PRIVADO DE EDUCACION INFANTIL PRIMARIA Y SECUNDARIA;Colegio;LA INMACULADA MISIONERAS;CALLE;CALLE;NUEVA DEL CARMEN;35;;;;;;47;186;5;VALLADOLID;VALLADOLID;VALLADOLID;47011;983296391;983218996;;47003830@educa.jcyl.es;http://www.valladolid.lainmaculada.net;-4.70793;41.65592;N;N;S;S;S;N;41.65592, -4.70793
2026;47003891;A;ALTA;2;PRIVADO;72;CENTRO PRIVADO DE EDUCACION INFANTIL PRIMARIA Y SECUNDARIA;Colegio;LESTONNAC;CALLE;CALLE;CIGÜEÑA;32;;;;;;47;186;5;VALLADOLID;VALLADOLID;VALLADOLID;47012;983291179;983291179;;47003891@educa.jcyl.es;;-4.70852;41.64836;N;N;S;S;N;N;41.64836, -4.70852
2026;47007628;A;ALTA;2;PRIVADO;72;CENTRO PRIVADO DE EDUCACION INFANTIL PRIMARIA Y SECUNDARIA;Colegio;NUESTRA SEÑORA DEL CARMEN;PZ.;PLAZA;DE LA VIRGEN DEL CARMEN;1;;;;;;47;186;5;VALLADOLID;VALLADOLID;VALLADOLID;47013;983220801;983234719;;47007628@educa.jcyl.es;http://www.nscarmenva.es;-4.7215;41.6377;N;N;S;S;N;N;41.6377, -4.7215
2026;47004135;A;ALTA;2;PRIVADO;72;CENTRO PRIVADO DE EDUCACION INFANTIL PRIMARIA Y SECUNDARIA;Colegio;NUESTRA SEÑORA DEL ROSARIO;CRA.;CARRETERA;ARCAS REALES;;S/N;;;;;47;186;5;VALLADOLID;VALLADOLID;VALLADOLID;47008;983223392;983476243;;47004135@educa.jcyl.es;http://www.http://dominicosvalladolid.es/;-4.73639;41.60899;N;S;S;S;S;S;41.60899, -4.73639
2026;47006031;A;ALTA;2;PRIVADO;72;CENTRO PRIVADO DE EDUCACION INFANTIL PRIMARIA Y SECUNDARIA;Colegio;PEÑALBA;CRA.;CARRETERA;DE PESQUERUELA;;KM 2,3;;;;;47;161;1;VALLADOLID;SIMANCAS;SIMANCAS;47130;983590073;;;47006031@educa.jcyl.es;http://www.fomento.edu/penalba;-4.85022;41.56117;N;N;S;N;S;S;41.56117, -4.85022
2026;47006041;A;ALTA;2;PRIVADO;72;CENTRO PRIVADO DE EDUCACION INFANTIL PRIMARIA Y SECUNDARIA;Colegio;PINOALBAR;CALLE;CALLE;CAMINO VIEJO DE SIMANCAS;;;;;;;47;161;1;VALLADOLID;SIMANCAS;SIMANCAS;47130;983590301;983590463;;47006041@educa.jcyl.es;http://www.fomento.edu/pinoalbar;-4.8189;41.588;N;N;S;N;S;S;41.588, -4.8189
2026;47004214;A;ALTA;2;PRIVADO;72;CENTRO PRIVADO DE EDUCACION INFANTIL PRIMARIA Y SECUNDARIA;Colegio;SAFAGRIAL;CALLE;CALLE;GUADALETE;2;;;;;;47;186;5;VALLADOLID;VALLADOLID;VALLADOLID;47005;983291685;983295820;;47004214@educa.jcyl.es;http://www.safa-grial.com;-4.71244;41.65444;N;N;S;S;S;N;41.65444, -4.71244
2026;47004226;A;ALTA;2;PRIVADO;72;CENTRO PRIVADO DE EDUCACION INFANTIL PRIMARIA Y SECUNDARIA;Colegio;SAGRADA FAMILIA;CRA.;CARRETERA;DE SEGOVIA;1;;;;;;47;186;5;VALLADOLID;VALLADOLID;VALLADOLID;47012;983230412;;;47004226@educa.jcyl.es;https://www.jesuitinasvalladolid.es/;-4.71674;41.62657;N;S;S;S;S;S;41.62657, -4.71674
2026;47004238;A;ALTA;2;PRIVADO;72;CENTRO PRIVADO DE EDUCACION INFANTIL PRIMARIA Y SECUNDARIA;Colegio;SAGRADO CORAZÓN;PS.;PASEO;DE ZORRILLA;87;;;;;;47;186;5;VALLADOLID;VALLADOLID;VALLADOLID;47008;983231402;983235162;;47004238@educa.jcyl.es;http://www.dominicasvalladolid.es;-4.73928;41.63431;N;N;S;S;S;N;41.63431, -4.73928
2026;47001377;A;ALTA;2;PRIVADO;72;CENTRO PRIVADO DE EDUCACION INFANTIL PRIMARIA Y SECUNDARIA;Colegio;SAN JOSÉ;CALLE;CALLE;APÓSTOL SANTIAGO;15;;;;;;47;85;2;VALLADOLID;MEDINA DEL CAMPO;MEDINA DEL CAMPO;47400;983800312;983810466;;47001377@educa.jcyl.es;http://www.jesuitinasmedina.com;-4.91972;41.31036;N;N;S;S;S;N;41.31036, -4.91972
2026;47004433;A;ALTA;2;PRIVADO;72;CENTRO PRIVADO DE EDUCACION INFANTIL PRIMARIA Y SECUNDARIA;Colegio;SANTA MARÍA LA REAL DE HUELGAS;CALLE;CALLE;LAS HUELGAS;19;;;;;;47;186;5;VALLADOLID;VALLADOLID;VALLADOLID;47005;983291395;983213823;;47004433@educa.jcyl.es;http://www.huelgasreales.es;-4.71585;41.65362;N;N;S;S;S;N;41.65362, -4.71585
2026;47012031;A;ALTA;2;PRIVADO;15;CENTRO PRIVADO DE EDUCACION INFANTIL Y PRIMARIA;Colegio;SAVIA;AV.;AVENIDA;PINTOR JUAN ANTONIO MORALES RUIZ;30;;;;;;47;226;1;VALLADOLID;VILLAVAQUERÍN;VILLAVAQUERÍN;47329;;;;47012031@educa.jcyl.es;;;;N;N;N;N;N;N;
2026;47011772;A;ALTA;2;PRIVADO;104;CENTRO PRIVADO AUTORIZADO DE ARTES PLASTICAS Y DISEÑO;CPr Arte;CENTRO DE DISEÑO, ESI VALLADOLID;CALLE;CALLE;GENERAL SHELLY;;;;;;;47;186;5;VALLADOLID;VALLADOLID;VALLADOLID;47007;983397622;983392080;;47011772@educa.jcyl.es;http://www.esivalladolid.com/;-4.72757;41.63469;N;N;N;N;N;N;41.63469, -4.72757
2026;47011887;A;ALTA;2;PRIVADO;198;CENTRO PRIVADO AUTORIZADO DE ENSEÑANZAS DEPORTIVAS;CPR DEP;EDUCACIÓN Y CUALIFICACIÓN PROFESIONAL;AV.;AVENIDA;DE SANTANDER;90;;;;;;47;186;5;VALLADOLID;VALLADOLID;VALLADOLID;47011;983258764;;;47011887@educa.jcyl.es;;-4.70496;41.67059;N;N;N;N;N;N;41.67059, -4.70496
2026;47011899;A;ALTA;2;PRIVADO;198;CENTRO PRIVADO AUTORIZADO DE ENSEÑANZAS DEPORTIVAS;CPR DEP;ENTUAYUDA SPORT;CALLE;CALLE;HIERBABUENA;16;;;;;;47;186;5;VALLADOLID;VALLADOLID;VALLADOLID;47009;983376060;;;47011899@educa.jcyl.es;https://www.cpaed.es;-4.73063;41.67112;N;N;N;N;N;N;41.67112, -4.73063
2026;47007631;A;ALTA;2;PRIVADO;137;CENTRO PRIVADO AUTORIZADO ELEMENTAL DE MUSICA;CPr Música;MODULANDO;CALLE;CALLE;GUARDERÍA;5;;;;;;47;186;5;VALLADOLID;VALLADOLID;VALLADOLID;47007;983477305;;;47007631@educa.jcyl.es;;-4.73377;41.63962;N;N;N;N;N;N;41.63962, -4.73377
2026;47006314;A;ALTA;2;PRIVADO;21;CENTRO PRIVADO DE EDUCACION ESPECIAL;CPrEE;EL CORRO;CALLE;CALLE;VILLABÁÑEZ;151;;;;;;47;186;5;VALLADOLID;VALLADOLID;VALLADOLID;47012;983291078;983291078;;47006314@educa.jcyl.es;http://cpree-elcorro.centros.educa.jcyl.es;-4.69869;41.64693;N;S;S;N;S;S;41.64693, -4.69869
2026;47007094;A;ALTA;2;PRIVADO;21;CENTRO PRIVADO DE EDUCACION ESPECIAL;CPrEE;EL PINO DE OBREGÓN;CALLE;CALLE;CAMINO VIEJO DE SIMANCAS;;KM 4,5;;;;;47;186;5;VALLADOLID;VALLADOLID;VALLADOLID;47008;983475646;;;47007094@educa.jcyl.es;http://colegio-elpino.centros.educa.jcyl.es;-4.78858;41.60556;N;N;S;N;S;S;41.60556, -4.78858
2026;47004500;A;ALTA;2;PRIVADO;21;CENTRO PRIVADO DE EDUCACION ESPECIAL;CPrEE;OBRA SOCIAL DEL SANTUARIO NACIONAL DE LA GRAN PROMESA;CALLE;CALLE;JOSÉ MARÍA LACORT;11;;;;;;47;186;5;VALLADOLID;VALLADOLID;VALLADOLID;47002;983203411;983201844;;47004500@educa.jcyl.es;http://cpree-santuario.centros.educa.jcyl.es/sitio/;-4.72227;41.64897;N;N;S;N;S;N;41.64897, -4.72227
2026;47012399;A;ALTA;2;PRIVADO;4;CENTRO PRIVADO DE EDUCACION INFANTIL;CPrEI;EDUCA;CALLE;CALLE;PEDRO DE VALDIVIA;6;;;;;;47;10;1;VALLADOLID;ARROYO DE LA ENCOMIENDA;ARROYO DE LA ENCOMIENDA;47195;;;;47012399@educa.jcyl.es;;-4.78027;41.61974;N;N;N;N;N;N;41.61974, -4.78027
2026;47012041;A;ALTA;2;PRIVADO;4;CENTRO PRIVADO DE EDUCACION INFANTIL;CPrEI;EL MAJUELO;CALLE;CALLE;Enrique León;43;;;;;;47;186;5;VALLADOLID;VALLADOLID;VALLADOLID;47011;;;;47012041@educa.jcyl.es;;-4.70511;41.66657;N;N;N;N;N;N;41.66657, -4.70511
2026;47011103;A;ALTA;2;PRIVADO;4;CENTRO PRIVADO DE EDUCACION INFANTIL;CPrEI;KID'S GARDEN 2;CALLE;CALLE;CAÑADA REAL;102;;;;;;47;186;5;VALLADOLID;VALLADOLID;VALLADOLID;47008;983244361;;;47011103@educa.jcyl.es;;-4.75369;41.61654;N;N;N;N;S;N;41.61654, -4.75369
2026;47010925;A;ALTA;2;PRIVADO;4;CENTRO PRIVADO DE EDUCACION INFANTIL;CPrEI;LA CASA DE LOS NIÑOS;AV.;AVENIDA;SÁNCHEZ ARJONA;;S/N;;;;;47;186;5;VALLADOLID;VALLADOLID;VALLADOLID;47014;983331621;;;47010925@educa.jcyl.es;http://www.lacasadelosninos.net/;-4.73884;41.6468;N;N;N;N;S;N;41.6468, -4.73884
2026;47011671;A;ALTA;2;PRIVADO;4;CENTRO PRIVADO DE EDUCACION INFANTIL;CPrEI;LA NUBE;CALLE;CALLE;JACINTO BENAVENTE;2;;;;;;47;10;1;VALLADOLID;ARROYO DE LA ENCOMIENDA;ARROYO DE LA ENCOMIENDA;47195;983599740;;;47011671@educa.jcyl.es;http://www.nuevaescuelainfantil.es/;-4.80975;41.58511;N;N;N;N;S;N;41.58511, -4.80975
2026;47012144;A;ALTA;2;PRIVADO;4;CENTRO PRIVADO DE EDUCACION INFANTIL;CPrEI;LA PEQUEÑA LUNA 2;CALLE;CALLE;JOSÉ GARROTE TOBAR;;18-20;;;;;47;186;5;VALLADOLID;VALLADOLID;VALLADOLID;47014;;;;47012144@educa.jcyl.es;;-4.76119;41.6349;N;N;N;N;S;N;41.6349, -4.76119
2026;47012508;A;ALTA;2;PRIVADO;4;CENTRO PRIVADO DE EDUCACION INFANTIL;CPrEI;LUNA LUNERA;AV.;AVENIDA;PUENTE DUERO;1;;;;;;47;76;3;VALLADOLID;LAGUNA DE DUERO;LAGUNA DE DUERO;47140;983544672;;;47012508@educa.jcyl.es;;-4.72961;41.58124;N;N;N;N;N;N;41.58124, -4.72961
2026;47012284;A;ALTA;2;PRIVADO;4;CENTRO PRIVADO DE EDUCACION INFANTIL;CPrEI;MI PEQUEÑO COLE;PS.;PASEO;ZORRILLA;87;;;;;;47;186;5;VALLADOLID;VALLADOLID;VALLADOLID;47008;650744507;;;47012284@educa.jcyl.es;;-4.74205;41.63402;N;N;N;N;N;N;41.63402, -4.74205
2026;47005607;A;ALTA;2;PRIVADO;4;CENTRO PRIVADO DE EDUCACION INFANTIL;CPrEI;ROMER;CALLE;CALLE;LA LEGIÓN;;S/N;;;;;47;186;5;VALLADOLID;VALLADOLID;VALLADOLID;47008;983279779;;;47005607@educa.jcyl.es;;-4.74126;41.62657;N;N;N;N;S;N;41.62657, -4.74126
2026;47004974;A;ALTA;2;PRIVADO;4;CENTRO PRIVADO DE EDUCACION INFANTIL;CPrEI;SANTA CATALINA;CALLE;CALLE;FERROCARRIL;23;;;;;;47;186;5;VALLADOLID;VALLADOLID;VALLADOLID;47002;983292845;983292845;;47004974@educa.jcyl.es;;-4.72249;41.65261;N;N;S;N;S;N;41.65261, -4.72249
2026;47004251;A;ALTA;2;PRIVADO;4;CENTRO PRIVADO DE EDUCACION INFANTIL;CPrEI;SANTA MÓNICA;CALLE;CALLE;Arzobispo García Goldáraz;10;;;;;;47;186;5;VALLADOLID;VALLADOLID;VALLADOLID;47006;983235067;;;47004251@educa.jcyl.es;http://www.ceisantamonica.es;-4.73661;41.63621;N;N;N;N;S;N;41.63621, -4.73661
2026;47012430;A;ALTA;2;PRIVADO;4;CENTRO PRIVADO DE EDUCACION INFANTIL;CPrEI;SONRISAS;CALLE;CALLE;RAMÓN Y CAJAL;3;;;;;;47;76;3;VALLADOLID;LAGUNA DE DUERO;LAGUNA DE DUERO;47140;983544023;;;47012430@educa.jcyl.es;;-4.72411;41.58058;N;N;N;N;N;N;41.58058, -4.72411
2026;47012466;A;ALTA;2;PRIVADO;4;CENTRO PRIVADO DE EDUCACION INFANTIL;CPrEI;TROMPITA;CALLE;CALLE;SEVERO OCHOA;4;;;;;;47;10;1;VALLADOLID;ARROYO DE LA ENCOMIENDA;ARROYO DE LA ENCOMIENDA;47195;983452551;;;47012466@educa.jcyl.es;;-4.8018;41.61774;N;N;N;N;N;N;41.61774, -4.8018
2026;47012132;A;ALTA;2;PRIVADO;94;CENTRO PRIVADO DOCENTE EXTRANJERO EN ESPAÑA;CPrEX;INTERNATIONAL ENGLISH SCHOOL OF VALLADOLID;AV.;AVENIDA;EL NORTE DE CASTILLA;;40 - 42;;;;;47;186;5;VALLADOLID;VALLADOLID;VALLADOLID;47008;983458267;;;47012132@educa.jcyl.es;;-4.73896;41.62087;N;N;N;N;N;N;41.62087, -4.73896
2026;47007598;A;ALTA;2;PRIVADO;94;CENTRO PRIVADO DOCENTE EXTRANJERO EN ESPAÑA;CPrEX;LYCÉE FRANÇAIS DE VALLADOLID;AV.;AVENIDA;PRADO BOYAL;;S/N;;;;;47;76;3;VALLADOLID;LAGUNA DE DUERO;LAGUNA DE DUERO;47140;983544634;983526046;;47007598@educa.jcyl.es;;-4.7211;41.59006;N;N;N;N;S;S;41.59006, -4.7211
2026;47004937;A;ALTA;2;PRIVADO;58;CENTRO PRIVADO DE FORMACION PROFESIONAL ESPECIFICA;CPrFP;GREGORIO FERNÁNDEZ;CALLE;CALLE;GABILONDO;23;;;;;;47;186;5;VALLADOLID;VALLADOLID;VALLADOLID;47007;983471600;983235866;;47004937@educa.jcyl.es;http://gregoriofer.com;-4.73457;41.64029;N;N;S;N;N;N;41.64029, -4.73457
2026;47012247;A;ALTA;2;PRIVADO;58;CENTRO PRIVADO DE FORMACION PROFESIONAL ESPECIFICA;CPrFP;ILERNA VALLADOLID;CALLE;CALLE;FRAY LUIS DE LEÓN;15;;;;;;47;186;5;VALLADOLID;VALLADOLID;VALLADOLID;47002;983968122;;;47012247@educa.jcyl.es;;-4.72517;41.65087;N;N;N;N;N;N;41.65087, -4.72517
2026;47012004;A;ALTA;2;PRIVADO;58;CENTRO PRIVADO DE FORMACION PROFESIONAL ESPECIFICA;CPrFP;TEMAT IMAGEN PERSONAL Y COMERCIO;CALLE;CALLE;SAN JUAN DE DIOS;7;;;;;;47;186;5;VALLADOLID;VALLADOLID;VALLADOLID;47003;983251539;;;47012004@educa.jcyl.es;;-4.72526;41.65392;N;N;N;N;N;N;41.65392, -4.72526
2026;47011632;A;ALTA;2;PRIVADO;58;CENTRO PRIVADO DE FORMACION PROFESIONAL ESPECIFICA;CPrFP;VIRGEN DE SAN LORENZO;CALLE;CALLE;TAMBORILA (POLÍGONO INDUSTRIAL SI-11, PARCELAS 4 Y 5);;S/N;;;;;47;231;1;VALLADOLID;ZARATÁN;ZARATÁN;47610;983200020;983344623;;47011632@educa.jcyl.es;http://www.cvsanlorenzo.es/;-4.7816;41.66373;N;N;N;N;N;S;41.66373, -4.7816
2026;47011668;A;ALTA;2;PRIVADO;69;CENTRO PRIVADO INTEGRADO DE FORMACION PROFESIONAL;CPrIFP;LYCEUM;CALLE;CALLE;PLOMO;3;0;;;;;47;186;5;VALLADOLID;VALLADOLID;VALLADOLID;47012;983367116;983367117;;47011668@educa.jcyl.es;http://www.lyceumformacion.com;-4.70535;41.61004;N;N;N;N;N;N;41.61004, -4.70535
2026;47012156;A;ALTA;2;PRIVADO;69;CENTRO PRIVADO INTEGRADO DE FORMACION PROFESIONAL;CPrIFP;SAGRADA FAMILIA;CALLE;CALLE;ARCA REAL;146;;;;;;47;186;5;VALLADOLID;VALLADOLID;VALLADOLID;47153;983223176;;;47012156@educa.jcyl.es;;-4.74566;41.60366;N;N;S;N;N;N;41.60366, -4.74566
2026;47011875;A;ALTA;1;PÚBLICO;186;ESCUELA DE DANZA;ED;ESCUELA MUNICIPAL DE DANZA DE ARROYO DE LA ENCOMIENDA;AV.;AVENIDA;DE COLÓN;80;;;;;;47;10;1;VALLADOLID;ARROYO DE LA ENCOMIENDA;ARROYO DE LA ENCOMIENDA;47095;;;;47011875@educa.jcyl.es;;-4.78321;41.61238;N;N;N;N;N;N;41.61238, -4.78321
2026;47011711;A;ALTA;1;PÚBLICO;3;ESCUELA DE EDUCACION INFANTIL;EEI;ARROYO;CALLE;CALLE;MEDINA;17;;;;;;47;145;1;VALLADOLID;SAN MIGUEL DEL ARROYO;SAN MIGUEL DEL ARROYO;47164;983697252;983697000;;47011711@educa.jcyl.es;http://sanmigueldelarroyo.ayuntamientosdevalladolid.es/;-4.46247;41.44376;N;N;N;N;S;N;41.44376, -4.46247
2026;47012016;A;ALTA;1;PÚBLICO;3;ESCUELA DE EDUCACION INFANTIL;EEI;CABALLITO BLANCO;CALLE;CALLE;ORDEN DE MALTA;6;;;;;;47;186;5;VALLADOLID;VALLADOLID;VALLADOLID;47011;983857982;;;47012016@educa.jcyl.es;;-4.70615;41.65316;N;N;N;N;N;N;41.65316, -4.70615
2026;47011565;A;ALTA;1;PÚBLICO;3;ESCUELA DE EDUCACION INFANTIL;EEI;CAMPANILLA;CALLE;CALLE;MONASTERIO DE SANTO TORIBIO DE LIÉBANA;5;;;;;;47;186;5;VALLADOLID;VALLADOLID;VALLADOLID;47001;983375777;;;47011565@educa.jcyl.es;;-4.74431;41.64762;N;N;N;N;S;N;41.64762, -4.74431
2026;47011784;A;ALTA;1;PÚBLICO;3;ESCUELA DE EDUCACION INFANTIL;EEI;CASTILLO DE COLORES;CALLE;CALLE;CRONISTA MARIANO GARCIA SANCHEZ;;S/N;;;;;47;85;2;VALLADOLID;MEDINA DEL CAMPO;MEDINA DEL CAMPO;47400;983802476;983837648;;47011784@educa.jcyl.es;;-4.92115;41.29954;N;N;N;N;N;N;41.29954, -4.92115
2026;47007483;A;ALTA;1;PÚBLICO;3;ESCUELA DE EDUCACION INFANTIL;EEI;EL GLOBO;CALLE;CALLE;CANTABRIA;4;;;;;;47;186;5;VALLADOLID;VALLADOLID;VALLADOLID;47010;983256901;983256718;;47007483@educa.jcyl.es;;-4.71395;41.66516;N;N;N;N;S;N;41.66516, -4.71395
2026;47012201;A;ALTA;1;PÚBLICO;3;ESCUELA DE EDUCACION INFANTIL;EEI;EL PINAR;CALLE;CALLE;SUBIDA A DISTRITO PRIMERO;;S/N;;;;;47;122;2;VALLADOLID;PORTILLO;PORTILLO;47160;983556240;;;47012201@educa.jcyl.es;;-4.59273;41.47633;N;N;N;N;N;N;41.47633, -4.59273
2026;47012272;A;ALTA;1;PÚBLICO;3;ESCUELA DE EDUCACION INFANTIL;EEI;EL TAMBOR DE HOJALATA;CALLE;CALLE;DIECIOCHO DE JULIO;1;;;;;;47;155;1;VALLADOLID;SANTOVENIA DE PISUERGA;SANTOVENIA DE PISUERGA;47155;983547001;;;47012272@educa.jcyl.es;;-4.68965;41.69207;N;N;N;N;N;N;41.69207, -4.68965
2026;47011073;A;ALTA;1;PÚBLICO;3;ESCUELA DE EDUCACION INFANTIL;EEI;ESCUELA INFANTIL DE PEÑAFIEL;CALLE;CALLE;CALVARIO;;S/N;;;;;47;114;4;VALLADOLID;PEÑAFIEL;PEÑAFIEL;47300;983880914;983880914;;47011073@educa.jcyl.es;;-4.12416;41.59587;N;N;N;N;S;N;41.59587, -4.12416
2026;47011826;A;ALTA;1;PÚBLICO;3;ESCUELA DE EDUCACION INFANTIL;EEI;LA RANITA;CALLE;CALLE;BOULEVARD ESTE;2;;;;;;47;133;1;VALLADOLID;RENEDO DE ESGUEVA;RENEDO DE ESGUEVA;47170;983509395;983508036;;47011826@educa.jcyl.es;;-4.65241;41.64266;N;N;N;N;N;N;41.64266, -4.65241
2026;47011346;A;ALTA;1;PÚBLICO;3;ESCUELA DE EDUCACION INFANTIL;EEI;LOS ENANITOS;CALLE;CALLE;ESCUDILLAS;4;;;;;;47;23;1;VALLADOLID;BOECILLO;BOECILLO;47151;983552915;;;47011346@educa.jcyl.es;;-4.70427;41.5415;N;N;N;N;S;N;41.5415, -4.70427
2026;47011531;A;ALTA;1;PÚBLICO;3;ESCUELA DE EDUCACION INFANTIL;EEI;LOS PATITOS DE NOMA;CALLE;CALLE;VIRGEN DE LUGUILLAS;1;;;;;;47;90;2;VALLADOLID;MOJADOS;MOJADOS;47250;983608199;;;47011531@educa.jcyl.es;;-4.66249;41.43041;N;N;N;N;S;N;41.43041, -4.66249
2026;47007355;A;ALTA;1;PÚBLICO;3;ESCUELA DE EDUCACION INFANTIL;EEI;MAFALDA Y GUILLE;CALLE;CALLE;REMIGIO CABELLO;2;;;;;;47;186;5;VALLADOLID;VALLADOLID;VALLADOLID;47014;983337828;;;47007355@educa.jcyl.es;;-4.75142;41.63617;N;N;N;N;S;N;41.63617, -4.75142
2026;47011701;A;ALTA;1;PÚBLICO;3;ESCUELA DE EDUCACION INFANTIL;EEI;NUESTRA SEÑORA DE LA ASUNCIÓN;CALLE;CALLE;CANDIDO PIMENTEL;;S/N;;;;;47;139;2;VALLADOLID;RUEDA;RUEDA;47490;605847855;983868112;;47011701@educa.jcyl.es;http://www.rueda.ayuntamientosdevalladolid.es/;-4.96063;41.408;N;N;N;N;N;N;41.408, -4.96063
2026;47011693;A;ALTA;1;PÚBLICO;3;ESCUELA DE EDUCACION INFANTIL;EEI;PINTO-PINTO;CALLE;CALLE;MIGUEL JADRAQUE SANCHEZ OCAÑA;6;;;;;;47;76;3;VALLADOLID;LAGUNA DE DUERO;LAGUNA DE DUERO;47140;983526755;983132630;;47011693@educa.jcyl.es;http://lagunadeduero.org/;-4.72119;41.58235;N;N;N;N;S;N;41.58235, -4.72119
2026;47007276;A;ALTA;1;PÚBLICO;3;ESCUELA DE EDUCACION INFANTIL;EEI;PLATERO;CALLE;CALLE;ECUADOR;12;;;;;;47;186;5;VALLADOLID;VALLADOLID;VALLADOLID;47014;983473085;983473085;;47007276@educa.jcyl.es;;-4.74704;41.63094;N;N;N;N;S;N;41.63094, -4.74704
2026;47011954;A;ALTA;1;PÚBLICO;3;ESCUELA DE EDUCACION INFANTIL;EEI;VALDESTILLAS;CALLE;CALLE;TRILLO;;S/N;;;;;47;182;1;VALLADOLID;VALDESTILLAS;VALDESTILLAS;47240;983551524;;;47011954@educa.jcyl.es;;-4.77554;41.4803;N;N;N;N;N;N;41.4803, -4.77554
2026;47011322;A;ALTA;1;PÚBLICO;185;ESCUELA DE MUSICA;EM;ESCUELA DE MÚSICA DE SIMANCAS;CALLE;CALLE;MIRAVETE;;S/N;;;;;47;161;1;VALLADOLID;SIMANCAS;SIMANCAS;47130;983591539;;;47011322@educa.jcyl.es;;-4.829;41.59154;N;N;N;N;N;N;41.59154, -4.829
2026;47011255;A;ALTA;1;PÚBLICO;185;ESCUELA DE MUSICA;EM;ESCUELA DE MÚSICA DE TORDESILLAS;CALLE;CALLE;HOSPITAL DE PEREGRINOS;19;;;;;;47;165;5;VALLADOLID;TORDESILLAS;TORDESILLAS;47100;983796255;;;47011255@educa.jcyl.es;;-5.00245;41.50143;N;N;N;N;N;N;41.50143, -5.00245
2026;47011191;A;ALTA;1;PÚBLICO;185;ESCUELA DE MUSICA;EM;ESCUELA MUNICIPAL DE MÚSICA DE ARROYO DE LA ENCOMIENDA;AV.;AVENIDA;COLÓN;80;;;;;;47;10;1;VALLADOLID;ARROYO DE LA ENCOMIENDA;ARROYO DE LA ENCOMIENDA;47195;635087178;983407593;;47011191@educa.jcyl.es;;-4.78334;41.61232;N;N;N;N;N;N;41.61232, -4.78334
2026;47011188;A;ALTA;1;PÚBLICO;42;INSTITUTO DE EDUCACION SECUNDARIA;IES;ALEJANDRÍA;AV.;AVENIDA;DE LEÓN;45;;;;;;47;165;5;VALLADOLID;TORDESILLAS;TORDESILLAS;47100;983796673;983771633;;47011188@educa.jcyl.es;http://iesalejandria.centros.educa.jcyl.es;-5.00077;41.50989;N;N;N;S;N;S;41.50989, -5.00077
2026;47006171;A;ALTA;1;PÚBLICO;42;INSTITUTO DE EDUCACION SECUNDARIA;IES;ANTONIO TOVAR;CALLE;CALLE;VENEZUELA;;S/N;;;;;47;186;5;VALLADOLID;VALLADOLID;VALLADOLID;47014;983278458;983473842;;47006171@educa.jcyl.es;http://iesantoniotovar.centros.educa.jcyl.es;-4.74829;41.63084;N;N;N;S;N;S;41.63084, -4.74829
2026;47007021;A;ALTA;1;PÚBLICO;42;INSTITUTO DE EDUCACION SECUNDARIA;IES;ARCA REAL;CALLE;CALLE;GENERAL SHELLY;1;;;;;;47;186;5;VALLADOLID;VALLADOLID;VALLADOLID;47013;983220818;;;47007021@educa.jcyl.es;http://www.iesarcareal.es;-4.72529;41.63573;N;N;N;S;N;S;41.63573, -4.72529
2026;47007306;A;ALTA;1;PÚBLICO;42;INSTITUTO DE EDUCACION SECUNDARIA;IES;CAMPOS Y TOROZOS;CALLE;CALLE;ESTACION;;S/N;;;;;47;86;1;VALLADOLID;MEDINA DE RIOSECO;MEDINA DE RIOSECO;47800;983701040;983720181;;47007306@educa.jcyl.es;http://iescamposytorozos.centros.educa.jcyl.es;-5.04599;41.87906;N;N;N;S;N;S;41.87906, -5.04599
2026;47007070;A;ALTA;1;PÚBLICO;42;INSTITUTO DE EDUCACION SECUNDARIA;IES;DIEGO DE PRAVES;CALLE;CALLE;ESCRIBANO;9;;;;;;47;186;5;VALLADOLID;VALLADOLID;VALLADOLID;47011;983391433;983391441;;47007070@educa.jcyl.es;http://iesdiegodepraves.centros.educa.jcyl.es;-4.70077;41.64939;N;N;N;S;N;S;41.64939, -4.70077
2026;47004986;A;ALTA;1;PÚBLICO;42;INSTITUTO DE EDUCACION SECUNDARIA;IES;GALILEO;CALLE;CALLE;VILLABÁÑEZ;52;;;;;;47;186;5;VALLADOLID;VALLADOLID;VALLADOLID;47012;983205640;;;47004986@educa.jcyl.es;http://iesgalileo.centros.educa.jcyl.es;-4.70232;41.64732;N;N;N;S;N;S;41.64732, -4.70232
2026;47007461;A;ALTA;1;PÚBLICO;42;INSTITUTO DE EDUCACION SECUNDARIA;IES;LAS SALINAS;AV.;AVENIDA;DE LA ESPADAÑA;3;;;;;;47;76;3;VALLADOLID;LAGUNA DE DUERO;LAGUNA DE DUERO;47140;983542300;983540086;;47007461@educa.jcyl.es;http://ieslassalinas.centros.educa.jcyl.es;-4.72512;41.59149;N;N;N;S;N;S;41.59149, -4.72512
2026;47007719;A;ALTA;1;PÚBLICO;42;INSTITUTO DE EDUCACION SECUNDARIA;IES;MARÍA MOLINER;CALLE;CALLE;TORMES;2;;;;;;47;76;3;VALLADOLID;LAGUNA DE DUERO;LAGUNA DE DUERO;47140;983546034;;;47007719@educa.jcyl.es;http://ies-mariamoliner.centros.educa.jcyl.es;-4.72838;41.58441;N;N;N;S;N;S;41.58441, -4.72838
2026;47005981;A;ALTA;1;PÚBLICO;42;INSTITUTO DE EDUCACION SECUNDARIA;IES;NÚÑEZ DE ARCE;PZ.;PLAZA;PONIENTE;;S/N;;;;;47;186;5;VALLADOLID;VALLADOLID;VALLADOLID;47003;983361690;;;47005981@educa.jcyl.es;http://www.nunezdearce.es;-4.73179;41.65362;N;N;N;S;N;S;41.65362, -4.73179
2026;47007057;A;ALTA;1;PÚBLICO;42;INSTITUTO DE EDUCACION SECUNDARIA;IES;RÍO DUERO;CALLE;CALLE;HERRERA;50;;;;;;47;175;3;VALLADOLID;TUDELA DE DUERO;TUDELA DE DUERO;47320;983520211;983521900;;47007057@educa.jcyl.es;http://iesrioduero.es;-4.58375;41.57975;N;N;N;S;N;S;41.57975, -4.58375
2026;47011981;A;ALTA;1;PÚBLICO;49;INSTITUTO DE EDUCACION SECUNDARIA OBLIGATORIA;IESO;ARROYO DE LA ENCOMIENDA;AV.;AVENIDA;DE LA ARANZANA;22;;;;;;47;10;1;VALLADOLID;ARROYO DE LA ENCOMIENDA;ARROYO DE LA ENCOMIENDA;47195;983504505;;;47011981@educa.jcyl.es;http://iesoarroyo.centros.educa.jcyl.es;-4.78613;41.62188;N;N;N;N;N;N;41.62188, -4.78613
2026;47006624;A;ALTA;1;PÚBLICO;14;COLEGIO DE EDUCACION INFANTIL Y PRIMARIA;CEIP;ANTONIO GARCÍA QUINTANA;PZ.;PLAZA;ESPAÑA;7;;;;;;47;186;5;VALLADOLID;VALLADOLID;VALLADOLID;47002;983300273;983297474;;47006624@educa.jcyl.es;http://ceipgarciaquintana.centros.educa.jcyl.es;-4.72495;41.64905;N;N;N;S;S;S;41.64905, -4.72495
2026;47002576;A;ALTA;1;PÚBLICO;14;COLEGIO DE EDUCACION INFANTIL Y PRIMARIA;CEIP;CÉSAR BEDOYA;CALLE;CALLE;HOSPITAL;;S/N;;;;;47;158;1;VALLADOLID;SECA (LA);SECA (LA);47491;983816548;983816548;;47002576@educa.jcyl.es;http://ceipcesarbedoya.centros.educa.jcyl.es;-4.90462;41.41019;N;N;N;S;N;N;41.41019, -4.90462
2026;47006600;A;ALTA;1;PÚBLICO;14;COLEGIO DE EDUCACION INFANTIL Y PRIMARIA;CEIP;CLEMENTE FERNÁNDEZ DE LA DEVESA;CALLE;CALLE;ZAMORA;18;;;;;;47;85;2;VALLADOLID;MEDINA DEL CAMPO;MEDINA DEL CAMPO;47400;983812631;;;47006600@educa.jcyl.es;http://cpladevesa.centros.educa.jcyl.es;-4.92032;41.30729;N;N;N;S;N;S;41.30729, -4.92032
2026;47007239;A;ALTA;1;PÚBLICO;14;COLEGIO DE EDUCACION INFANTIL Y PRIMARIA;CEIP;CRA CAMPOS GÓTICOS;CALLE;CALLE;ESCOBA;;S/N;;;;;47;86;1;VALLADOLID;MEDINA DE RIOSECO;MEDINA DE RIOSECO;47800;983700910;983725069;;47007239@educa.jcyl.es;http://cracamposgoticos.centros.educa.jcyl.es;-5.04627;41.88633;S;N;N;S;S;S;41.88633, -5.04627
2026;47007215;A;ALTA;1;PÚBLICO;14;COLEGIO DE EDUCACION INFANTIL Y PRIMARIA;CEIP;CRA LA ESGUEVA;AV.;AVENIDA;DE RAMON Y CAJAL;29;;;;;;47;61;1;VALLADOLID;ESGUEVILLAS DE ESGUEVA;ESGUEVILLAS DE ESGUEVA;47176;983686584;983686584;;47007215@educa.jcyl.es;http://cralaesgueva.centros.educa.jcyl.es;-4.38241;41.74617;S;N;N;S;S;S;41.74617, -4.38241
2026;47007331;A;ALTA;1;PÚBLICO;14;COLEGIO DE EDUCACION INFANTIL Y PRIMARIA;CEIP;CRA LA VILLA;CALLE;CALLE;CALVARIO;;S/N;;;;;47;114;4;VALLADOLID;PEÑAFIEL;PEÑAFIEL;47300;983880318;983880318;;47007331@educa.jcyl.es;http://cralavilla.centros.educa.jcyl.es;-4.12416;41.59587;S;N;N;S;S;S;41.59587, -4.12416
2026;47007227;A;ALTA;1;PÚBLICO;14;COLEGIO DE EDUCACION INFANTIL Y PRIMARIA;CEIP;CRA RIBERA DEL DUERO;CRA.;CARRETERA;DE SORIA;;S/N;;;;;47;129;1;VALLADOLID;QUINTANILLA DE ONÉSIMO;QUINTANILLA DE ONÉSIMO;47350;983680423;983680423;;47007227@educa.jcyl.es;http://crariberadeduero.centros.educa.jcyl.es;-4.35578;41.62638;S;N;N;S;N;N;41.62638, -4.35578
2026;47011474;A;ALTA;1;PÚBLICO;14;COLEGIO DE EDUCACION INFANTIL Y PRIMARIA;CEIP;EL ABROJO;CALLE;CALLE;COMUNIDAD DE LA RIOJA;;S/N;;;;;47;76;3;VALLADOLID;LAGUNA DE DUERO;LAGUNA DE DUERO;47140;983319590;;;47011474@educa.jcyl.es;http://ceipelabrojo.centros.educa.jcyl.es;-4.71464;41.57731;N;N;N;S;S;N;41.57731, -4.71464
2026;47011413;A;ALTA;1;PÚBLICO;14;COLEGIO DE EDUCACION INFANTIL Y PRIMARIA;CEIP;ELVIRA LINDO GARRIDO;CALLE;CALLE;GUADIANA;11;;;;;;47;10;1;VALLADOLID;ARROYO DE LA ENCOMIENDA;ARROYO DE LA ENCOMIENDA;47195;983407700;;;47011413@educa.jcyl.es;http://ceipelviralindo.centros.educa.jcyl.es;-4.7718;41.62698;N;N;N;S;S;N;41.62698, -4.7718
2026;47003532;A;ALTA;1;PÚBLICO;14;COLEGIO DE EDUCACION INFANTIL Y PRIMARIA;CEIP;ENTRE RÍOS;CALLE;CALLE;SOTO;;S/N;;;;;47;186;5;VALLADOLID;VALLADOLID;VALLADOLID;47010;983252780;983252780;;47003532@educa.jcyl.es;http://ceipentrerios.centros.educa.jcyl.es;-4.72163;41.66405;N;N;N;S;S;N;41.66405, -4.72163
2026;47003453;A;ALTA;1;PÚBLICO;14;COLEGIO DE EDUCACION INFANTIL Y PRIMARIA;CEIP;FRANCISCO DE QUEVEDO Y VILLEGAS;CALLE;CALLE;GRANADOS;1;;;;;;47;186;5;VALLADOLID;VALLADOLID;VALLADOLID;47006;983476809;983476809;;47003453@educa.jcyl.es;http://ceipfranciscoquevedo.centros.educa.jcyl.es;-4.74205;41.63363;N;N;N;S;S;N;41.63363, -4.74205
2026;47006429;A;ALTA;1;PÚBLICO;14;COLEGIO DE EDUCACION INFANTIL Y PRIMARIA;CEIP;FRANCISCO GINER DE LOS RÍOS;AV.;AVENIDA;JOSE LUIS ARRESE;;S/N;;;;;47;186;5;VALLADOLID;VALLADOLID;VALLADOLID;47014;983342698;983342698;;47006429@educa.jcyl.es;http://ceipfranciscoginerdelosrios.centros.educa.jcyl.es/sitio/;-4.74365;41.65173;N;N;N;S;S;N;41.65173, -4.74365
2026;47006454;A;ALTA;1;PÚBLICO;14;COLEGIO DE EDUCACION INFANTIL Y PRIMARIA;CEIP;GONZALO DE BERCEO;CALLE;CALLE;MIRABEL;23;;;;;;47;186;5;VALLADOLID;VALLADOLID;VALLADOLID;47010;983253356;983268526;;47006454@educa.jcyl.es;http://ceipgonzalodeberceo.centros.educa.jcyl.es;-4.72369;41.66366;N;N;N;S;S;N;41.66366, -4.72369
2026;47007033;A;ALTA;1;PÚBLICO;14;COLEGIO DE EDUCACION INFANTIL Y PRIMARIA;CEIP;IGNACIO MARTÍN BARÓ;CALLE;CALLE;JUAN DE VALLADOLID;10;;;;;;47;186;5;VALLADOLID;VALLADOLID;VALLADOLID;47014;983354121;;;47007033@educa.jcyl.es;http://ceipignaciomartinbaro.centros.educa.jcyl.es;-4.7554;41.63943;N;N;N;S;S;N;41.63943, -4.7554
2026;47003295;A;ALTA;1;PÚBLICO;14;COLEGIO DE EDUCACION INFANTIL Y PRIMARIA;CEIP;ISABEL LA CATÓLICA;PZ.;PLAZA;SAN NICOLÁS;1;;;;;;47;186;5;VALLADOLID;VALLADOLID;VALLADOLID;47003;983350218;;;47003295@educa.jcyl.es;http://ceipisabellacatolica.centros.educa.jcyl.es;-4.73039;41.65879;N;N;N;S;S;N;41.65879, -4.73039
2026;47000336;A;ALTA;1;PÚBLICO;14;COLEGIO DE EDUCACION INFANTIL Y PRIMARIA;CEIP;JORGE GUILLÉN;CALLE;CALLE;SOL;35;;;;;;47;30;1;VALLADOLID;CAMPASPERO;CAMPASPERO;47310;983698083;983698083;;47000336@educa.jcyl.es;http://ceipjorgeguillen.centros.educa.jcyl.es;-4.19892;41.49145;N;N;N;S;N;N;41.49145, -4.19892
2026;47011267;A;ALTA;1;PÚBLICO;14;COLEGIO DE EDUCACION INFANTIL Y PRIMARIA;CEIP;KANTIC@ARROYO;CALLE;CALLE;ARNALDO DE VILANOVA;10;;;;;;47;10;1;VALLADOLID;ARROYO DE LA ENCOMIENDA;ARROYO DE LA ENCOMIENDA;47195;983597086;;;47011267@educa.jcyl.es;http://ceipkanticaarroyo.centros.educa.jcyl.es/;-4.79861;41.62205;N;N;N;S;S;S;41.62205, -4.79861
2026;47011437;A;ALTA;1;PÚBLICO;14;COLEGIO DE EDUCACION INFANTIL Y PRIMARIA;CEIP;LOLA HERRERA;CRA.;CARRETERA;ANTIGUA CARRETERA DE SORIA;17;;;;;;47;175;3;VALLADOLID;TUDELA DE DUERO;TUDELA DE DUERO;47320;983520407;;;47011437@educa.jcyl.es;http://ceiplolaherrera.centros.educa.jcyl.es;-4.57401;41.5817;N;N;N;S;S;N;41.5817, -4.57401
2026;47003362;A;ALTA;1;PÚBLICO;14;COLEGIO DE EDUCACION INFANTIL Y PRIMARIA;CEIP;MIGUEL DE CERVANTES;CALLE;CALLE;ARCA REAL;8;;;;;;47;186;5;VALLADOLID;VALLADOLID;VALLADOLID;47013;983230376;;;47003362@educa.jcyl.es;http://ceipcervantesvalladolid.centros.educa.jcyl.es;-4.72294;41.63892;N;N;N;S;S;N;41.63892, -4.72294
2026;47000041;A;ALTA;1;PÚBLICO;14;COLEGIO DE EDUCACION INFANTIL Y PRIMARIA;CEIP;MIGUEL DE CERVANTES;CALLE;CALLE;RONDA DEL CASTILLO;41;;;;;;47;4;1;VALLADOLID;ALAEJOS;ALAEJOS;47510;983867344;983867344;;47000041@educa.jcyl.es;http://ceip-migueldecervantes.centros.educa.jcyl.es/sitio/;-5.21841;41.30537;N;N;N;S;N;N;41.30537, -5.21841
2026;47004871;A;ALTA;1;PÚBLICO;14;COLEGIO DE EDUCACION INFANTIL Y PRIMARIA;CEIP;MIGUEL DELIBES;PS.;PASEO;DEL OBREGÓN;1;;;;;;47;186;5;VALLADOLID;VALLADOLID;VALLADOLID;47009;983337336;;;47004871@educa.jcyl.es;https://ceipmigueldelibes.centros.educa.jcyl.es;-4.73262;41.66642;N;N;N;S;S;S;41.66642, -4.73262
2026;47006193;A;ALTA;1;PÚBLICO;14;COLEGIO DE EDUCACION INFANTIL Y PRIMARIA;CEIP;MIGUEL HERNÁNDEZ;CALLE;CALLE;TORDO;7;;;;;;47;186;5;VALLADOLID;VALLADOLID;VALLADOLID;47012;983392759;983290396;;47006193@educa.jcyl.es;http://cpmiguelhernandezvalladolid.centros.educa.jcyl.es;-4.70639;41.64999;N;N;N;S;S;N;41.64999, -4.70639
2026;47002278;A;ALTA;1;PÚBLICO;14;COLEGIO DE EDUCACION INFANTIL Y PRIMARIA;CEIP;NUESTRA SEÑORA DE LA ASUNCIÓN;CALLE;CALLE;LA GLORIETA;;S/N;;;;;47;139;2;VALLADOLID;RUEDA;RUEDA;47490;983868345;983868345;;47002278@educa.jcyl.es;http://cpnuestrasenoradelaasuncion.centros.educa.jcyl.es;-4.96307;41.41458;N;N;N;S;N;N;41.41458, -4.96307
2026;47001316;A;ALTA;1;PÚBLICO;14;COLEGIO DE EDUCACION INFANTIL Y PRIMARIA;CEIP;OBISPO BARRIENTOS;CALLE;CALLE;OBISPO BARRIENTOS;22;;;;;;47;85;2;VALLADOLID;MEDINA DEL CAMPO;MEDINA DEL CAMPO;47400;983801070;983813918;;47001316@educa.jcyl.es;http://ceipobispobarrientos.centros.educa.jcyl.es;-4.91614;41.31405;N;N;N;S;S;S;41.31405, -4.91614
2026;47006557;A;ALTA;1;PÚBLICO;14;COLEGIO DE EDUCACION INFANTIL Y PRIMARIA;CEIP;PONCE DE LEÓN;CALLE;CALLE;PADRE FRANCISCO SUÁREZ;14;;;;;;47;186;5;VALLADOLID;VALLADOLID;VALLADOLID;47006;983234587;983478735;;47006557@educa.jcyl.es;http://cpponcedeleon.centros.educa.jcyl.es;-4.73774;41.64313;N;N;N;S;S;N;41.64313, -4.73774
2026;47002114;A;ALTA;1;PÚBLICO;14;COLEGIO DE EDUCACION INFANTIL Y PRIMARIA;CEIP;POZALDEZ;CALLE;CALLE;ESCUELAS NUEVAS;;S/N;;;;;47;124;1;VALLADOLID;POZALDEZ;POZALDEZ;47220;983822042;983822042;;47002114@educa.jcyl.es;http://ceippozaldez.centros.educa.jcyl.es;-4.84197;41.36876;N;N;N;S;N;N;41.36876, -4.84197
2026;47005358;A;ALTA;1;PÚBLICO;14;COLEGIO DE EDUCACION INFANTIL Y PRIMARIA;CEIP;SAN ANTONIO;CALLE;CALLE;DEL MESÓN;;S/N;;;;;47;218;2;VALLADOLID;VILLANUEVA DE DUERO;VILLANUEVA DE DUERO;47239;983555669;983555669;;47005358@educa.jcyl.es;http://cpsanantonio.centros.educa.jcyl.es;-4.86956;41.5169;N;N;N;S;N;N;41.5169, -4.86956
2026;47000257;A;ALTA;1;PÚBLICO;14;COLEGIO DE EDUCACION INFANTIL Y PRIMARIA;CEIP;SAN CRISTÓBAL;CALLE;CALLE;MATASALTAS;1;;;;;;47;23;1;VALLADOLID;BOECILLO;BOECILLO;47151;983552419;983552419;;47000257@educa.jcyl.es;http://ceipsancristobal.centros.educa.jcyl.es;-4.70114;41.54238;N;N;N;S;S;S;41.54238, -4.70114
2026;47003465;A;ALTA;1;PÚBLICO;14;COLEGIO DE EDUCACION INFANTIL Y PRIMARIA;CEIP;SAN FERNANDO;CALLE;CALLE;PADRE CLARET;11;;;;;;47;186;5;VALLADOLID;VALLADOLID;VALLADOLID;47004;983299533;983299533;;47003465@educa.jcyl.es;http://ceipsanfernando.centros.educa.jcyl.es;-4.71728;41.64592;N;N;N;S;S;N;41.64592, -4.71728
2026;47005310;A;ALTA;1;PÚBLICO;14;COLEGIO DE EDUCACION INFANTIL Y PRIMARIA;CEIP;TIERRA DE CAMPOS;AV.;AVENIDA;DEL PARQUE;11;;;;;;47;214;1;VALLADOLID;VILLALÓN DE CAMPOS;VILLALÓN DE CAMPOS;47600;983740185;983740185;;47005310@educa.jcyl.es;http://ceiptierradecampos.centros.educa.jcyl.es;-5.03925;42.09235;N;N;N;S;S;S;42.09235, -5.03925
2026;47001870;A;ALTA;1;PÚBLICO;14;COLEGIO DE EDUCACION INFANTIL Y PRIMARIA;CEIP;VIRGEN DE SACEDÓN;CALLE;CALLE;JUAN CARLOS I;19;;;;;;47;112;1;VALLADOLID;PEDRAJAS DE SAN ESTEBAN;PEDRAJAS DE SAN ESTEBAN;47430;983605093;;;47001870@educa.jcyl.es;http://ceipvirgendesacedon.centros.educa.jcyl.es;-4.58403;41.33608;N;N;N;S;N;N;41.33608, -4.58403
2026;47007410;A;ALTA;1;PÚBLICO;31;CENTRO PUBLICO DE EDUCACION DE PERSONAS ADULTAS;CEPA;CENTRO DE ADULTOS DE MEDINA DE RIOSECO;PZ.;PLAZA;MAYOR;;S/N;;;;;47;86;1;VALLADOLID;MEDINA DE RIOSECO;MEDINA DE RIOSECO;47800;983701154;983701154;;47007410@educa.jcyl.es;http://cepamedinaderioseco.centros.educa.jcyl.es;-5.04098;41.88109;N;N;N;N;N;N;41.88109, -5.04098
2026;47007422;A;ALTA;1;PÚBLICO;31;CENTRO PUBLICO DE EDUCACION DE PERSONAS ADULTAS;CEPA;CENTRO DE ADULTOS DE OLMEDO;PZ.;PLAZA;DE SANTA MARÍA;;S/N;;;;;47;104;2;VALLADOLID;OLMEDO;OLMEDO;47410;983623128;983623128;;47007422@educa.jcyl.es;;-4.68464;41.28866;N;N;N;N;N;N;41.28866, -4.68464
2026;47010950;A;ALTA;1;PÚBLICO;68;CENTRO PUBLICO INTEGRADO DE FORMACION PROFESIONAL;CIFP;JUAN DE HERRERA;AV.;AVENIDA;DE SEGOVIA;72;;;;;;47;186;5;VALLADOLID;VALLADOLID;VALLADOLID;47013;983220284;;;47010950@educa.jcyl.es;http://cifpjuandeherrera.centros.educa.jcyl.es/sitio/;-4.72137;41.63458;N;N;N;S;N;N;41.63458, -4.72137
2026;47000609;A;ALTA;1;PÚBLICO;68;CENTRO PUBLICO INTEGRADO DE FORMACION PROFESIONAL;CIFP;SAN RAFAEL DE LA SANTA ESPINA;CALLE;CALLE;LA SANTA ESPINA;;;;;;;47;43;1;VALLADOLID;CASTROMONTE;CASTROMONTE;47641;983565064;983565271;;47000609@educa.jcyl.es;http://cifpsantaespina.centros.educa.jcyl.es/;-5.09821;41.7318;N;S;N;N;S;N;41.7318, -5.09821
2026;47003544;A;ALTA;2;PRIVADO;72;CENTRO PRIVADO DE EDUCACION INFANTIL PRIMARIA Y SECUNDARIA;Colegio;AMOR DE DIOS;CALLE;CALLE;REAL DE BURGOS;5;;;;;;47;186;5;VALLADOLID;VALLADOLID;VALLADOLID;47011;983250082;;;47003544@educa.jcyl.es;https://amordediosvalladolid.es/;-4.71837;41.65826;N;N;S;S;S;N;41.65826, -4.71837
2026;47003556;A;ALTA;2;PRIVADO;72;CENTRO PRIVADO DE EDUCACION INFANTIL PRIMARIA Y SECUNDARIA;Colegio;APOSTOLADO DEL SAGRADO CORAZÓN DE JESÚS;CALLE;CALLE;CAMINO VIEJO DE SIMANCAS;23;;;;;;47;186;5;VALLADOLID;VALLADOLID;VALLADOLID;47008;983234371;983223231;;47003556@educa.jcyl.es;https://apostoladova.com;-4.74927;41.6253;N;N;S;S;S;N;41.6253, -4.74927
2026;47003684;A;ALTA;2;PRIVADO;72;CENTRO PRIVADO DE EDUCACION INFANTIL PRIMARIA Y SECUNDARIA;Colegio;CRISTO REY;AV.;AVENIDA;DE GIJÓN;17;;;;;;47;186;5;VALLADOLID;VALLADOLID;VALLADOLID;47009;983332811;983378366;;47003684@educa.jcyl.es;http://www.cristoreyva.com;-4.74807;41.66051;N;N;S;S;S;N;41.66051, -4.74807
2026;47002692;A;ALTA;2;PRIVADO;72;CENTRO PRIVADO DE EDUCACION INFANTIL PRIMARIA Y SECUNDARIA;Colegio;DIVINA PROVIDENCIA;CALLE;CALLE;ITALIA;11;;;;;;47;165;5;VALLADOLID;TORDESILLAS;TORDESILLAS;47100;983770924;983770924;;47002692@educa.jcyl.es;http://www.colegiodivinaprovidencia.es;-5.00938;41.50143;N;N;S;S;S;N;41.50143, -5.00938
2026;47003829;A;ALTA;2;PRIVADO;72;CENTRO PRIVADO DE EDUCACION INFANTIL PRIMARIA Y SECUNDARIA;Colegio;LA INMACULADA;CALLE;CALLE;JOAQUÍN VELASCO MARTÍN;8;;;;;;47;186;5;VALLADOLID;VALLADOLID;VALLADOLID;47014;983331622;983372107;;47003829@educa.jcyl.es;http://www.maristaslainmaculada.es/;-4.73689;41.65168;N;N;S;N;S;S;41.65168, -4.73689
2026;47003842;A;ALTA;2;PRIVADO;15;CENTRO PRIVADO DE EDUCACION INFANTIL Y PRIMARIA;Colegio;LA INMACULADA CONCEPCIÓN;CALLE;CALLE;ARCA REAL;21;;;;;;47;186;5;VALLADOLID;VALLADOLID;VALLADOLID;47013;983230748;983227242;;47003842@educa.jcyl.es;http://www.colegiolainmaculadaconcepcion.es;-4.72298;41.6384;N;N;S;S;S;N;41.6384, -4.72298
2026;47003593;A;ALTA;2;PRIVADO;72;CENTRO PRIVADO DE EDUCACION INFANTIL PRIMARIA Y SECUNDARIA;Colegio;METRODORA FORMACIÓN PROFESIONAL - VALLADOLID;CALLE;CALLE;FRAY LUIS DE LEÓN;4;;;;;;47;186;5;VALLADOLID;VALLADOLID;VALLADOLID;47002;983305320;983305320;;47003593@educa.jcyl.es;http://www.colegiorafaelamaria.com;-4.72404;41.65145;N;N;S;S;S;N;41.65145, -4.72404
2026;47004068;A;ALTA;2;PRIVADO;72;CENTRO PRIVADO DE EDUCACION INFANTIL PRIMARIA Y SECUNDARIA;Colegio;NUESTRA SEÑORA DE LA CONSOLACIÓN;CALLE;CALLE;PUENTE COLGANTE;75;;;;;;47;186;5;VALLADOLID;VALLADOLID;VALLADOLID;47006;983234705;983272403;;47004068@educa.jcyl.es;http://www.agustinasva.net;-4.74163;41.6404;N;N;S;S;S;N;41.6404, -4.74163
2026;47004111;A;ALTA;2;PRIVADO;72;CENTRO PRIVADO DE EDUCACION INFANTIL PRIMARIA Y SECUNDARIA;Colegio;NUESTRA SEÑORA DEL PILAR;CALLE;CALLE;CAÑADA REAL;300;;;;;;47;186;5;VALLADOLID;VALLADOLID;VALLADOLID;47008;983249879;983248717;;47004111@educa.jcyl.es;http://www.elpilarvalladolid.es;-4.75839;41.61031;N;N;S;N;S;N;41.61031, -4.75839
2026;47004950;A;ALTA;2;PRIVADO;72;CENTRO PRIVADO DE EDUCACION INFANTIL PRIMARIA Y SECUNDARIA;Colegio;REINADO DEL CORAZÓN DE JESÚS Y NUESTRA SEÑORA DEL PILAR;PZ.;PLAZA;PARQUE MADRE AMADORA;1;;;BAJO;;;47;186;5;VALLADOLID;VALLADOLID;VALLADOLID;47011;983295411;;;47004950@educa.jcyl.es;http://www.colegioreinadovalladolid.es/;-4.70778;41.65369;N;N;S;S;S;N;41.65369, -4.70778
2026;47004147;A;ALTA;2;PRIVADO;72;CENTRO PRIVADO DE EDUCACION INFANTIL PRIMARIA Y SECUNDARIA;Colegio;SAGRADO CORAZÓN-CORAZONISTAS;CALLE;CALLE;JOAQUÍN VELASCO MARTÍN;44;;;;;;47;186;5;VALLADOLID;VALLADOLID;VALLADOLID;47014;983330411;983358012;;47004147@educa.jcyl.es;http://www.corazonistas.com/valladolid/;-4.73833;41.64921;N;N;S;S;S;N;41.64921, -4.73833
2026;47004263;A;ALTA;2;PRIVADO;72;CENTRO PRIVADO DE EDUCACION INFANTIL PRIMARIA Y SECUNDARIA;Colegio;SAN AGUSTÍN;AV.;AVENIDA;DE MADRID;38;;;;;;47;186;5;VALLADOLID;VALLADOLID;VALLADOLID;47008;983473408;983457292;;47004263@educa.jcyl.es;http://www.colegiosanagustin.net;-4.72687;41.6071;N;N;S;S;S;S;41.6071, -4.72687
2026;47004329;A;ALTA;2;PRIVADO;72;CENTRO PRIVADO DE EDUCACION INFANTIL PRIMARIA Y SECUNDARIA;Colegio;SAN FRANCISCO DE ASÍS;PZ.;PLAZA;SAN FRANCISCO DE ASÍS;1;;;;;;47;186;5;VALLADOLID;VALLADOLID;VALLADOLID;47008;983222540;983222665;;47004329@educa.jcyl.es;http://www.sanfranciscodeasis.org;-4.72578;41.62804;N;N;S;S;S;S;41.62804, -4.72578
2026;47004330;A;ALTA;2;PRIVADO;72;CENTRO PRIVADO DE EDUCACION INFANTIL PRIMARIA Y SECUNDARIA;Colegio;SAN JOSÉ;PZ.;PLAZA;DE SANTA CRUZ;9;;;;;;47;186;5;VALLADOLID;VALLADOLID;VALLADOLID;47002;983299400;983290430;;47004330@educa.jcyl.es;http://www.colegiosanjose.org;-4.72063;41.65186;N;N;S;N;S;N;41.65186, -4.72063
2026;47004354;A;ALTA;2;PRIVADO;72;CENTRO PRIVADO DE EDUCACION INFANTIL PRIMARIA Y SECUNDARIA;Colegio;SAN JUAN BAUTISTA DE LA SALLE;CALLE;CALLE;SANTUARIO;7;;;;;;47;186;5;VALLADOLID;VALLADOLID;VALLADOLID;47002;983218337;983218338;;47004354@educa.jcyl.es;http://www.lasallevalladolid.es;-4.72284;41.64988;N;N;S;S;S;N;41.64988, -4.72284
2026;47004408;A;ALTA;2;PRIVADO;72;CENTRO PRIVADO DE EDUCACION INFANTIL PRIMARIA Y SECUNDARIA;Colegio;SAN VIATOR;PS.;PASEO;JUAN CARLOS I;12;;;;;;47;186;5;VALLADOLID;VALLADOLID;VALLADOLID;47008;983457073;983471525;;47004408@educa.jcyl.es;http://www.sanviatorvalladolid.com;-4.72039;41.63147;N;N;S;S;S;N;41.63147, -4.72039
2026;47004469;A;ALTA;2;PRIVADO;72;CENTRO PRIVADO DE EDUCACION INFANTIL PRIMARIA Y SECUNDARIA;Colegio;SANTA TERESA DE JESÚS;CALLE;CALLE;FELIPE II;4;;;;;;47;186;5;VALLADOLID;VALLADOLID;VALLADOLID;47003;983300444;983300193;;47004469@educa.jcyl.es;http://www.teresianodevalladolid.com;-4.72591;41.65449;N;N;S;S;S;N;41.65449, -4.72591
2026;47004512;A;ALTA;2;PRIVADO;45;CENTRO PRIVADO DE EDUCACION SECUNDARIA;Colegio;SEMINARIO MENOR DE VALLADOLID;CALLE;CALLE;TIRSO DE MOLINA;44;;;;;;47;186;5;VALLADOLID;VALLADOLID;VALLADOLID;47010;983357400;;;47004512@educa.jcyl.es;http://www.seminariomenorvalladolid.com;-4.72773;41.66214;N;S;N;N;S;N;41.66214, -4.72773
2026;47004810;A;ALTA;2;PRIVADO;45;CENTRO PRIVADO DE EDUCACION SECUNDARIA;Colegio;SEMINARIO SAGRADA FAMILIA;CRA.;CARRETERA;ARCAS REALES, KM 3,4;;;;;;;47;186;5;VALLADOLID;VALLADOLID;VALLADOLID;47008;983223176;983238294;;47004810@educa.jcyl.es;;-4.74384;41.60336;N;S;N;N;S;N;41.60336, -4.74384
2026;47004548;A;ALTA;2;PRIVADO;72;CENTRO PRIVADO DE EDUCACION INFANTIL PRIMARIA Y SECUNDARIA;Colegio;VIRGEN NIÑA;AV.;AVENIDA;DE SEGOVIA;135;;;;;;47;186;5;VALLADOLID;VALLADOLID;VALLADOLID;47013;983709091;;;47004548@educa.jcyl.es;;-4.72139;41.63617;N;N;S;S;S;N;41.63617, -4.72139
2026;47012235;A;ALTA;2;PRIVADO;198;CENTRO PRIVADO AUTORIZADO DE ENSEÑANZAS DEPORTIVAS;CPR DEP;ECLAM;PZ.;PLAZA;CONDESA EYLO;;S/N;;;;;47;186;5;VALLADOLID;VALLADOLID;VALLADOLID;47007;;;;47012235@educa.jcyl.es;;-4.74066;41.63112;N;N;N;N;N;N;41.63112, -4.74066
2026;47011978;A;ALTA;2;PRIVADO;600;CENTRO PRIVADO AUTORIZADO DE ENSEÑANZAS DEPORTIVAS DE FÚTBOL;CPr DEP;AFEN ESCUELA TÉCNICO DEPORTIVA;PZ.;PLAZA;DE SANTA CRUZ;9;;;;;;47;186;5;VALLADOLID;VALLADOLID;VALLADOLID;47002;;;;47011978@educa.jcyl.es;;-4.72048;41.65074;N;N;N;N;N;N;41.65074, -4.72048
2026;47011966;A;ALTA;2;PRIVADO;600;CENTRO PRIVADO AUTORIZADO DE ENSEÑANZAS DEPORTIVAS DE FÚTBOL;CPr DEP;CEDEFUT;AV.;AVENIDA;DE MADRID;38;;;;;;47;186;5;VALLADOLID;VALLADOLID;VALLADOLID;47008;650243937;;;47011966@educa.jcyl.es;;-4.72633;41.61231;N;N;N;N;N;N;41.61231, -4.72633
2026;47011863;A;ALTA;2;PRIVADO;600;CENTRO PRIVADO AUTORIZADO DE ENSEÑANZAS DEPORTIVAS DE FÚTBOL;CPr DEP;CENAFE;CALLE;CALLE;SANTUARIO;7;;;;;;47;186;5;VALLADOLID;VALLADOLID;VALLADOLID;47014;;;;47011863@educa.jcyl.es;;-4.72382;41.65025;N;N;N;N;N;N;41.65025, -4.72382
2026;47011243;A;ALTA;2;PRIVADO;600;CENTRO PRIVADO AUTORIZADO DE ENSEÑANZAS DEPORTIVAS DE FÚTBOL;CPr DEP;CENTRO PRIVADO DE FORMACIÓN DE FÚTBOL Y FÚTBOL SALA DE LA F.C.Y.L.F;CALLE;CALLE;PEDRO DE VALDAVIA;;S/N;;;;;47;10;1;VALLADOLID;ARROYO DE LA ENCOMIENDA;ARROYO DE LA ENCOMIENDA;47915;983100230;983100233;;47011243@educa.jcyl.es;;-4.77548;41.62022;N;N;N;N;N;N;41.62022, -4.77548
2026;47006651;A;ALTA;2;PRIVADO;137;CENTRO PRIVADO AUTORIZADO ELEMENTAL DE MUSICA;CPr Música;CASTILLA;CALLE;CALLE;CONDE DE RIBADEO;6;;;;;;47;186;5;VALLADOLID;VALLADOLID;VALLADOLID;47003;983257807;;;47006651@educa.jcyl.es;;-4.72474;41.65554;N;N;N;N;N;N;41.65554, -4.72474
2026;47006855;A;ALTA;2;PRIVADO;138;CENTRO PRIVADO AUTORIZADO PROFESIONAL DE MUSICA;CPr Música;PIANÍSIMO;CALLE;CALLE;SAN LUIS;7;;;;;;47;186;5;VALLADOLID;VALLADOLID;VALLADOLID;47004;983392405;;;47006855@educa.jcyl.es;;-4.71999;41.64685;N;N;N;N;N;N;41.64685, -4.71999
2026;47011917;A;ALTA;2;PRIVADO;21;CENTRO PRIVADO DE EDUCACION ESPECIAL;CPrEE;CREA MEDINA;CALLE;CALLE;CORDEL DE EXTREMADURA, S/N;;;;;;;47;85;2;VALLADOLID;MEDINA DEL CAMPO;MEDINA DEL CAMPO;47400;983103932;;;47011917@educa.jcyl.es;;-4.91432;41.31657;N;N;N;N;N;N;41.31657, -4.91432
2026;47003775;A;ALTA;2;PRIVADO;21;CENTRO PRIVADO DE EDUCACION ESPECIAL;CPrEE;SAN JUAN DE DIOS;AV.;AVENIDA;DE MADRID;68;;;;;;47;186;5;VALLADOLID;VALLADOLID;VALLADOLID;47008;983222875;983273748;;47003775@educa.jcyl.es;https://csjdva.es/;-4.72635;41.6055;N;S;S;N;S;S;41.6055, -4.72635
2026;47012119;A;ALTA;2;PRIVADO;4;CENTRO PRIVADO DE EDUCACION INFANTIL;CPrEI;ÁRBOL SABIO;CALLE;CALLE;VILLAFRANCA DE DUERO;4;;;;;;47;186;5;VALLADOLID;VALLADOLID;VALLADOLID;47529;983247742;;;47012119@educa.jcyl.es;https://arbolsabio.com/;-4.7614;41.61958;N;N;N;N;N;N;41.61958, -4.7614
2026;47012341;A;ALTA;2;PRIVADO;4;CENTRO PRIVADO DE EDUCACION INFANTIL;CPrEI;ARGENTINAS;CRA.;CARRETERA;DE RUEDA;41;;;;;;47;186;5;VALLADOLID;VALLADOLID;VALLADOLID;47008;692964595;;;47012341@educa.jcyl.es;;-4.74259;41.62397;N;N;N;N;N;N;41.62397, -4.74259
2026;47012296;A;ALTA;2;PRIVADO;4;CENTRO PRIVADO DE EDUCACION INFANTIL;CPrEI;CUBILLAS JARDÍN DE RECREO;CALLE;CALLE;ROBLE;5;;;;;;47;186;5;VALLADOLID;VALLADOLID;VALLADOLID;47009;648615059;;;47012296@educa.jcyl.es;;-4.73246;41.6703;N;N;N;N;N;N;41.6703, -4.73246
2026;47012405;A;ALTA;2;PRIVADO;4;CENTRO PRIVADO DE EDUCACION INFANTIL;CPrEI;DON PEQUE;CALLE;CALLE;CASTILLEJO;6;;;;;;47;52;1;VALLADOLID;CISTÉRNIGA;CISTÉRNIGA;47193;633171551;;;47012405@educa.jcyl.es;;;;N;N;N;N;N;N;
2026;47007550;A;ALTA;2;PRIVADO;4;CENTRO PRIVADO DE EDUCACION INFANTIL;CPrEI;DUENDES;CALLE;CALLE;CAMINO DE LA ERMITA;;S/N;;;;;47;50;1;VALLADOLID;CIGALES;CIGALES;47270;983586555;;;47007550@educa.jcyl.es;;-4.70423;41.75641;N;N;N;N;S;N;41.75641, -4.70423
2026;47012533;A;ALTA;2;PRIVADO;4;CENTRO PRIVADO DE EDUCACION INFANTIL;CPrEI;EL DUENDE;CALLE;CALLE;LA ESGUEVA;2;;;;;;47;76;3;VALLADOLID;LAGUNA DE DUERO;LAGUNA DE DUERO;47140;653113650;;;47012533@educa.jcyl.es;;-4.72874;41.58474;N;N;N;N;N;N;41.58474, -4.72874
2026;47012302;A;ALTA;2;PRIVADO;4;CENTRO PRIVADO DE EDUCACION INFANTIL;CPrEI;HAKUNA MATATA;PZ.;PLAZA;SAN FRANCISCO DE ASÍS;1;;;;;;47;186;5;VALLADOLID;VALLADOLID;VALLADOLID;47013;678873192;;;47012302@educa.jcyl.es;;-4.72798;41.6276;N;N;N;N;N;N;41.6276, -4.72798
2026;47010974;A;ALTA;2;PRIVADO;4;CENTRO PRIVADO DE EDUCACION INFANTIL;CPrEI;KID'S GARDEN;CALLE;CALLE;CAMINO VIEJO DE SIMANCAS;74;;;;;;47;161;1;VALLADOLID;SIMANCAS;SIMANCAS;47130;983590676;;;47010974@educa.jcyl.es;;-4.79751;41.59972;N;N;N;N;S;N;41.59972, -4.79751
2026;47011279;A;ALTA;2;PRIVADO;4;CENTRO PRIVADO DE EDUCACION INFANTIL;CPrEI;KID'S GARDEN 3;CALLE;CALLE;COLÓN;;S/N;;;;;47;186;5;VALLADOLID;VALLADOLID;VALLADOLID;47003;618199996;;;47011279@educa.jcyl.es;;-4.71806;41.65286;N;N;N;N;S;N;41.65286, -4.71806
2026;47012107;A;ALTA;2;PRIVADO;4;CENTRO PRIVADO DE EDUCACION INFANTIL;CPrEI;LA CASA DEL DUENDE;CALLE;CALLE;PEDRO ALVARADO;39;;;;;;47;10;1;VALLADOLID;ARROYO DE LA ENCOMIENDA;ARROYO DE LA ENCOMIENDA;47195;983406301;;;47012107@educa.jcyl.es;;-4.78158;41.61608;N;N;N;N;N;N;41.61608, -4.78158
2026;47012545;A;ALTA;2;PRIVADO;4;CENTRO PRIVADO DE EDUCACION INFANTIL;CPrEI;LA LUNA AZUL BILINGÜE;PS.;PASEO;JUAN CARLOS I;140;;;;;;47;186;5;VALLADOLID;VALLADOLID;VALLADOLID;47011;685740169;;;47012545@educa.jcyl.es;;-4.70603;41.65354;N;N;N;N;N;N;41.65354, -4.70603
2026;47012582;A;ALTA;2;PRIVADO;4;CENTRO PRIVADO DE EDUCACION INFANTIL;CPrEI;La Milagrosa Peques;CALLE;CALLE;Doctor Julián Martín Renedo;15;;;;;;47;175;3;VALLADOLID;TUDELA DE DUERO;TUDELA DE DUERO;47320;983520932;;;47012582@educa.jcyl.es;;-4.58163;41.58551;N;N;N;N;N;N;41.58551, -4.58163
2026;47012375;A;ALTA;2;PRIVADO;4;CENTRO PRIVADO DE EDUCACION INFANTIL;CPrEI;LA SUITE INFANTIL;PS.;PASEO;DEL OBREGON;15;;;;;;47;186;5;VALLADOLID;VALLADOLID;VALLADOLID;47009;624123800;644194608;;47012375@educa.jcyl.es;;-4.73153;41.6711;N;N;N;N;N;N;41.6711, -4.73153
2026;47012223;A;ALTA;2;PRIVADO;4;CENTRO PRIVADO DE EDUCACION INFANTIL;CPrEI;PALOTES;CALLE;CALLE;CAÑADON;1;;;;;;47;231;1;VALLADOLID;ZARATÁN;ZARATÁN;47610;983388683;;;47012223@educa.jcyl.es;;-4.78274;41.65793;N;N;N;N;N;N;41.65793, -4.78274
2026;47011048;A;ALTA;2;PRIVADO;4;CENTRO PRIVADO DE EDUCACION INFANTIL;CPrEI;PEQUEÑA LUNA;CALLE;CALLE;CIUDAD DE LA HABANA;39;;;;;;47;186;5;VALLADOLID;VALLADOLID;VALLADOLID;47014;983133733;;;47011048@educa.jcyl.es;;-4.76309;41.63421;N;N;N;N;S;N;41.63421, -4.76309
2026;47012387;A;ALTA;2;PRIVADO;4;CENTRO PRIVADO DE EDUCACION INFANTIL;CPrEI;PIPO;CALLE;CALLE;HIERBABUENA;19;;;;;;47;186;5;VALLADOLID;VALLADOLID;VALLADOLID;47009;;;;47012387@educa.jcyl.es;;-4.73337;41.67147;N;N;N;N;N;N;41.67147, -4.73337
2026;47007781;A;ALTA;2;PRIVADO;4;CENTRO PRIVADO DE EDUCACION INFANTIL;CPrEI;SAN ANTONIO;CALLE;CALLE;MALDONADO;8;;;;;;47;186;5;VALLADOLID;VALLADOLID;VALLADOLID;47002;983398356;;;47007781@educa.jcyl.es;;-4.7181;41.65073;N;N;N;N;S;N;41.65073, -4.7181
2026;47012211;A;ALTA;2;PRIVADO;4;CENTRO PRIVADO DE EDUCACION INFANTIL;CPrEI;SOL SOLETE;CALLE;CALLE;DOJUELO;3;;;;;;47;231;1;VALLADOLID;ZARATÁN;ZARATÁN;47610;983341113;;;47012211@educa.jcyl.es;;-4.78274;41.66283;N;N;N;N;N;N;41.66283, -4.78274
2026;47007756;A;ALTA;2;PRIVADO;4;CENTRO PRIVADO DE EDUCACION INFANTIL;CPrEI;TRASTES;CALLE;CALLE;JUAN GARCIA HORTELANO;11;;;;;;47;186;5;VALLADOLID;VALLADOLID;VALLADOLID;47014;983378220;;;47007756@educa.jcyl.es;;-4.76184;41.63677;N;N;N;N;S;N;41.63677, -4.76184
2026;47012053;A;ALTA;2;PRIVADO;94;CENTRO PRIVADO DOCENTE EXTRANJERO EN ESPAÑA;CPrEX;COLEGIO BRITÁNICO DE VALLADOLID, CVB;CALLE;CALLE;AMOR DE DIOS;28;;;;;;47;186;5;VALLADOLID;VALLADOLID;VALLADOLID;47010;610956838;;;47012053@educa.jcyl.es;;-4.73746;41.65809;N;N;N;N;N;N;41.65809, -4.73746
2026;47011747;A;ALTA;2;PRIVADO;94;CENTRO PRIVADO DOCENTE EXTRANJERO EN ESPAÑA;CPrEX;SCHOOL OF DESIGN;PS.;PASEO;ARCO DE LADRILLO;72;72-74;;;;;47;186;5;VALLADOLID;VALLADOLID;VALLADOLID;47007;983397622;983392080;;47011747@educa.jcyl.es;;-4.72847;41.63298;N;N;N;N;N;N;41.63298, -4.72847
2026;47006284;A;ALTA;2;PRIVADO;58;CENTRO PRIVADO DE FORMACION PROFESIONAL ESPECIFICA;CPrFP;ALCAZARÉN;CALLE;CALLE;MANUEL LÓPEZ ANTOLÍ;1;;;;;A;47;186;5;VALLADOLID;VALLADOLID;VALLADOLID;47009;983363330;983363331;A;47006284@educa.jcyl.es;http://www.alcazarenformacion.es;-4.73908;41.66196;N;N;S;N;S;N;41.66196, -4.73908
2026;47012260;A;ALTA;2;PRIVADO;58;CENTRO PRIVADO DE FORMACION PROFESIONAL ESPECIFICA;CPrFP;CESUR VALLADOLID;CALLE;CALLE;VILLANUBLA;15;;;;;;47;186;5;VALLADOLID;VALLADOLID;VALLADOLID;47009;;;;47012260@educa.jcyl.es;;-4.736;41.66332;N;N;N;N;N;N;41.66332, -4.736
2026;47007744;A;ALTA;2;PRIVADO;58;CENTRO PRIVADO DE FORMACION PROFESIONAL ESPECIFICA;CPrFP;ESCUELA SUPERIOR DE IMAGEN Y SONIDO ACEIMAR;CALLE;CALLE;CAMINO VIEJO DE SIMANCAS;;;;;;;47;186;5;VALLADOLID;VALLADOLID;VALLADOLID;47008;983234902;;;47007744@educa.jcyl.es;;-4.78577;41.60657;N;N;N;N;N;N;41.60657, -4.78577
2026;47012089;A;ALTA;2;PRIVADO;58;CENTRO PRIVADO DE FORMACION PROFESIONAL ESPECIFICA;CPrFP;SANITIO;CALLE;CALLE;ARZOBISPO GARCÍA GOLDARAZ;10;;;;;;47;186;5;VALLADOLID;VALLADOLID;VALLADOLID;47007;655341676;;;47012089@educa.jcyl.es;;-4.73875;41.63601;N;N;N;N;N;N;41.63601, -4.73875
2026;47012168;A;ALTA;2;PRIVADO;58;CENTRO PRIVADO DE FORMACION PROFESIONAL ESPECIFICA;CPrFP;UEMC;CALLE;CALLE;PADRE JULIO CHEVALIER;2;;;;;;47;186;5;VALLADOLID;VALLADOLID;VALLADOLID;47012;;;;47012168@educa.jcyl.es;;-4.7177;41.62599;N;N;N;N;N;N;41.62599, -4.7177
2026;47011759;A;ALTA;2;PRIVADO;69;CENTRO PRIVADO INTEGRADO DE FORMACION PROFESIONAL;CPrIFP;MENESIANO SAN PEDRO REGALADO;CALLE;CALLE;NAVA;;S/N;;;;;47;186;5;VALLADOLID;VALLADOLID;VALLADOLID;47011;983251928;;;47011759@educa.jcyl.es;https://valladolid.lamennais.es;-4.70885;41.66716;N;N;S;N;N;N;41.66716, -4.70885
2026;47011760;A;ALTA;1;PÚBLICO;186;ESCUELA DE DANZA;ED;ESCUELA DE DANZA DE MEDINA DEL CAMPO;CALLE;CALLE;SIMÓN RUIZ;18;;;;;;47;85;2;VALLADOLID;MEDINA DEL CAMPO;MEDINA DEL CAMPO;47400;983837648;983837648;;47011760@educa.jcyl.es;;-4.91319;41.30692;N;N;N;N;N;N;41.30692, -4.91319
2026;47007665;A;ALTA;1;PÚBLICO;3;ESCUELA DE EDUCACION INFANTIL;EEI;AMANECER;CALLE;CALLE;JUANA DE CASTILLA;;S/N;;;;;47;186;5;VALLADOLID;VALLADOLID;VALLADOLID;47014;983330369;983330369;;47007665@educa.jcyl.es;http://eeiamanecer.centros.educa.jcyl.es/sitio/;-4.73557;41.65425;N;N;N;N;S;N;41.65425, -4.73557
2026;47011361;A;ALTA;1;PÚBLICO;3;ESCUELA DE EDUCACION INFANTIL;EEI;BABYLANDIA - LA CASA DE LOS NIÑOS;CALLE;CALLE;EL ROBLE;14;;;;;;47;112;1;VALLADOLID;PEDRAJAS DE SAN ESTEBAN;PEDRAJAS DE SAN ESTEBAN;47430;655118444;;;47011361@educa.jcyl.es;;-4.58797;41.34016;N;N;N;N;S;N;41.34016, -4.58797
2026;47011814;A;ALTA;1;PÚBLICO;3;ESCUELA DE EDUCACION INFANTIL;EEI;COLORIN COLORADO;CALLE;CALLE;TOREROS;4;;;;;;47;82;1;VALLADOLID;MATAPOZUELOS;MATAPOZUELOS;47230;983832603;983832618;;47011814@educa.jcyl.es;;-4.79152;41.4148;N;N;N;N;N;N;41.4148, -4.79152
2026;47007604;A;ALTA;1;PÚBLICO;3;ESCUELA DE EDUCACION INFANTIL;EEI;EL PRINCIPITO;PS.;PASEO;DEL JARDÍN BOTÁNICO;;S/N;;;;;47;186;5;VALLADOLID;VALLADOLID;VALLADOLID;47009;983356942;983356942;;47007604@educa.jcyl.es;;-4.73192;41.66995;N;N;N;N;S;N;41.66995, -4.73192
2026;47007495;A;ALTA;1;PÚBLICO;3;ESCUELA DE EDUCACION INFANTIL;EEI;EL TOBOGÁN;CALLE;CALLE;LA MOTA;12;;;;;;47;186;5;VALLADOLID;VALLADOLID;VALLADOLID;47008;983223813;;;47007495@educa.jcyl.es;;-4.74056;41.62757;N;N;N;N;S;N;41.62757, -4.74056
2026;47011723;A;ALTA;1;PÚBLICO;3;ESCUELA DE EDUCACION INFANTIL;EEI;EL TRENECITO;CALLE;CALLE;LA VIA;;S/N;;;;;47;217;2;VALLADOLID;VILLANUBLA;VILLANUBLA;47620;983560142;983560153;;47011723@educa.jcyl.es;http://www.villanubla.es/;-4.83169;41.69959;N;N;N;N;S;N;41.69959, -4.83169
2026;47012521;A;ALTA;1;PÚBLICO;3;ESCUELA DE EDUCACION INFANTIL;EEI;GARABATO;CALLE;CALLE;CONSTITUCIÓN;11;;;;;;47;159;1;VALLADOLID;SERRADA;SERRADA;47231;983559101;;;47012521@educa.jcyl.es;;-4.86177;41.4575;N;N;N;N;N;N;41.4575, -4.86177
2026;47012429;A;ALTA;1;PÚBLICO;3;ESCUELA DE EDUCACION INFANTIL;EEI;LA ALDEILLA;CNO.;CAMINO;CAÑADA GRANDE;6;;;;;;47;6;1;VALLADOLID;ALDEA DE SAN MIGUEL;ALDEA DE SAN MIGUEL;47160;;;;47012429@educa.jcyl.es;;-4.61859;41.45922;N;N;N;N;N;N;41.45922, -4.61859
2026;47011395;A;ALTA;1;PÚBLICO;3;ESCUELA DE EDUCACION INFANTIL;EEI;MINI COLE;AV.;AVENIDA;DE COLON;1;;;;;;47;10;1;VALLADOLID;ARROYO DE LA ENCOMIENDA;ARROYO DE LA ENCOMIENDA;47195;983406554;;;47011395@educa.jcyl.es;;-4.7821;41.61372;N;N;N;N;S;N;41.61372, -4.7821
2026;47011061;A;ALTA;1;PÚBLICO;3;ESCUELA DE EDUCACION INFANTIL;EEI;SAN FRANCISCO;CALLE;CALLE;JÓN DE SAN FRANCISCO;4;;;;;;47;85;2;VALLADOLID;MEDINA DEL CAMPO;MEDINA DEL CAMPO;47400;983811676;;;47011061@educa.jcyl.es;;-4.91365;41.30937;N;N;N;N;S;N;41.30937, -4.91365
2026;47011735;A;ALTA;1;PÚBLICO;3;ESCUELA DE EDUCACION INFANTIL;EEI;TAMBORES DE PAZ;CALLE;CALLE;BUTACAS;;S/N;;;;;47;27;1;VALLADOLID;CABEZÓN DE PISUERGA;CABEZÓN DE PISUERGA;47260;983660062;;;47011735@educa.jcyl.es;https://cabezondepisuerga.es/;-4.64632;41.73206;N;N;N;N;S;N;41.73206, -4.64632
2026;47011000;A;ALTA;1;PÚBLICO;185;ESCUELA DE MUSICA;EM;ESCUELA DE MÚSICA DE LAGUNA DE DUERO;PZ.;PLAZA;MAYOR;1;;;;;;47;76;3;VALLADOLID;LAGUNA DE DUERO;LAGUNA DE DUERO;47140;983542350;983542312;;47011000@educa.jcyl.es;;-4.72836;41.5826;N;N;N;N;N;N;41.5826, -4.72836
2026;47011462;A;ALTA;1;PÚBLICO;185;ESCUELA DE MUSICA;EM;ESCUELA DE MÚSICA DE VILLALÓN DE CAMPOS;AV.;AVENIDA;DEL PARQUE;16;;;;;;47;214;1;VALLADOLID;VILLALÓN DE CAMPOS;VILLALÓN DE CAMPOS;47600;983740450;983741061;;47011462@educa.jcyl.es;;-5.03935;42.0919;N;N;N;N;N;N;42.0919, -5.03935
2026;47011681;A;ALTA;1;PÚBLICO;185;ESCUELA DE MUSICA;EM;ESCUELA MUNICIPAL DE MÚSICA TIERRA DE CAMPOS;CALLE;CALLE;SANTA MARIA;8;;;;;;47;86;1;VALLADOLID;MEDINA DE RIOSECO;MEDINA DE RIOSECO;47800;983700825;983720383;;47011681@educa.jcyl.es;http://escuelademusicarioseco.blogspot.com.es/;-5.04203;41.88351;N;N;N;N;N;N;41.88351, -5.04203
2026;47007471;A;ALTA;1;PÚBLICO;185;ESCUELA DE MUSICA;EM;MARIANO DE LAS HERAS;CALLE;CALLE;PÍO DEL RÍO HORTEGA;13;;;;;;47;186;5;VALLADOLID;VALLADOLID;VALLADOLID;47014;983083234;;;47007471@educa.jcyl.es;http://www.emmva.es;-4.74212;41.64929;N;N;N;N;N;N;41.64929, -4.74212
2026;47011310;A;ALTA;1;PÚBLICO;185;ESCUELA DE MUSICA;EM;VILLA DE OLMEDO;PZ.;PLAZA;SANTA MARÍA;1;;;;;;47;104;2;VALLADOLID;OLMEDO;OLMEDO;47410;983600006;;;47011310@educa.jcyl.es;;-4.68503;41.28865;N;N;N;N;N;N;41.28865, -4.68503
2026;47006685;A;ALTA;1;PÚBLICO;80;ESCUELA OFICIAL DE IDIOMAS;EOI;ESCUELA OFICIAL DE IDIOMAS DE VALLADOLID;AV.;AVENIDA;DE SEGOVIA;48;;;;;;47;186;5;VALLADOLID;VALLADOLID;VALLADOLID;47013;983479266;983277629;;47006685@educa.jcyl.es;http://eoivalladolid.centros.educa.jcyl.es;-4.72158;41.63557;N;N;N;N;N;N;41.63557, -4.72158
2026;47011206;A;ALTA;2;PRIVADO;172;CENTRO AUTORIZADO SUPERIOR DE ARTE DRAMATICO;ESAD;ESCUELA SUPERIOR DE ARTE DRAMÁTICO DE CASTILLA Y LEÓN;AV.;AVENIDA;DEL REAL VALLADOLID (CENTRO CULTURAL MIGUEL DELIBES);2;;;;;;47;186;5;VALLADOLID;VALLADOLID;VALLADOLID;47014;983268649;983332751;;47011206@educa.jcyl.es;https://fuescyl.com/esadcyl;-4.75578;41.6435;N;N;N;N;N;N;41.6435, -4.75578
2026;47007197;A;ALTA;1;PÚBLICO;42;INSTITUTO DE EDUCACION SECUNDARIA;IES;CONDE LUCANOR;CRA.;CARRETERA;DE PESQUERA;;S/N;;;;;47;114;4;VALLADOLID;PEÑAFIEL;PEÑAFIEL;47300;983881091;983880943;;47007197@educa.jcyl.es;http://iescondelucanor.centros.educa.jcyl.es;-4.11635;41.60681;N;N;N;S;N;S;41.60681, -4.11635
2026;47001390;A;ALTA;1;PÚBLICO;42;INSTITUTO DE EDUCACION SECUNDARIA;IES;EMPERADOR CARLOS;CALLE;CALLE;ZAMORA;35;;;;;;47;85;2;VALLADOLID;MEDINA DEL CAMPO;MEDINA DEL CAMPO;47400;983800350;983804341;;47001390@educa.jcyl.es;http://iesemperadorcarlos.centros.educa.jcyl.es;-4.92075;41.3073;N;N;N;S;N;S;41.3073, -4.92075
2026;47001419;A;ALTA;1;PÚBLICO;42;INSTITUTO DE EDUCACION SECUNDARIA;IES;GÓMEZ PEREIRA;CALLE;CALLE;SANTA TERESA DE JESUS;12;;;;;;47;85;2;VALLADOLID;MEDINA DEL CAMPO;MEDINA DEL CAMPO;47400;983811417;983810014;;47001419@educa.jcyl.es;http://iesgomezpereira.centros.educa.jcyl.es;-4.91932;41.3113;N;N;N;S;N;S;41.3113, -4.91932
2026;47011309;A;ALTA;1;PÚBLICO;42;INSTITUTO DE EDUCACION SECUNDARIA;IES;JOSÉ JIMÉNEZ LOZANO;CALLE;CALLE;FELIPE RUIZ MARTÍN;1;;;;;;47;186;5;VALLADOLID;VALLADOLID;VALLADOLID;47016;983409890;983409892;;47011309@educa.jcyl.es;http://iesjimenezlozano.centros.educa.jcyl.es;-4.76452;41.63261;N;N;N;N;N;S;41.63261, -4.76452
2026;47006673;A;ALTA;1;PÚBLICO;42;INSTITUTO DE EDUCACION SECUNDARIA;IES;JUAN DE JUNI;AV.;AVENIDA;SANTA TERESA;30;;;;;;47;186;5;VALLADOLID;VALLADOLID;VALLADOLID;47010;983333455;983370692;;47006673@educa.jcyl.es;http://iesjuandejuni.centros.educa.jcyl.es;-4.72883;41.6603;N;N;N;S;N;S;41.6603, -4.72883
2026;47004706;A;ALTA;1;PÚBLICO;42;INSTITUTO DE EDUCACION SECUNDARIA;IES;LA MERCED;CALLE;CALLE;MERCED;8;;;;;;47;186;5;VALLADOLID;VALLADOLID;VALLADOLID;47002;983298400;983294638;;47004706@educa.jcyl.es;http://ieslamerced.centros.educa.jcyl.es;-4.71911;41.64944;N;N;N;S;N;N;41.64944, -4.71911
2026;47007011;A;ALTA;1;PÚBLICO;42;INSTITUTO DE EDUCACION SECUNDARIA;IES;PARQUESOL;CALLE;CALLE;JUAN DE VALLADOLID;28;;;;;;47;186;5;VALLADOLID;VALLADOLID;VALLADOLID;47014;983352855;983352855;;47007011@educa.jcyl.es;https://iesparquesol.centros.educa.jcyl.es;-4.75773;41.63911;N;N;N;S;N;N;41.63911, -4.75773
2026;47005841;A;ALTA;1;PÚBLICO;42;INSTITUTO DE EDUCACION SECUNDARIA;IES;RAMÓN Y CAJAL;PS.;PASEO;DE JUAN CARLOS I;22;;;;;;47;186;5;VALLADOLID;VALLADOLID;VALLADOLID;47013;983270837;983472344;;47005841@educa.jcyl.es;https://iesramonycajal.es;-4.7174;41.63705;N;N;N;S;N;S;41.63705, -4.7174
2026;47006697;A;ALTA;1;PÚBLICO;42;INSTITUTO DE EDUCACION SECUNDARIA;IES;VEGA DEL PRADO;PZ.;PLAZA;DE LA CEBADA;1;;;;;;47;186;5;VALLADOLID;VALLADOLID;VALLADOLID;47014;983359377;;;47006697@educa.jcyl.es;http://iesvegadelprado.centros.educa.jcyl.es;-4.74446;41.64969;N;N;N;S;N;S;41.64969, -4.74446
2026;47004615;A;ALTA;1;PÚBLICO;42;INSTITUTO DE EDUCACION SECUNDARIA;IES;ZORRILLA;PZ.;PLAZA;DE SAN PABLO;3;;;;;;47;186;5;VALLADOLID;VALLADOLID;VALLADOLID;47011;983355090;983377908;;47004615@educa.jcyl.es;http://ieszorrilla.centros.educa.jcyl.es;-4.72528;41.65716;N;N;N;S;N;S;41.65716, -4.72528
2026;47001353;A;ALTA;1;PÚBLICO;49;INSTITUTO DE EDUCACION SECUNDARIA OBLIGATORIA;IESO;INSTITUTO DE EDUCACIÓN OBLIGATORIA DE CIGALES;CALLE;CALLE;CAMINO DEL RÍO;2;;;;;;47;50;1;VALLADOLID;CIGALES;CIGALES;47270;983586011;983581008;;47001353@educa.jcyl.es;http://iesocigales.centros.educa.jcyl.es;-4.6959;41.75562;N;N;N;S;N;S;41.75562, -4.6959
2026;47012065;A;ALTA;1;PÚBLICO;49;INSTITUTO DE EDUCACION SECUNDARIA OBLIGATORIA;IESO;LA CISTÉRNIGA;CALLE;CALLE;MIGUEL HERNÁNDEZ;;S/N;;;;;47;52;1;VALLADOLID;CISTÉRNIGA;CISTÉRNIGA;47193;983772565;;;47012065@educa.jcyl.es;http://iesolacisterniga.centros.educa.jcyl.es;-4.69298;41.61294;N;N;N;N;N;N;41.61294, -4.69298
2026;47011221;A;ALTA;1;PÚBLICO;49;INSTITUTO DE EDUCACION SECUNDARIA OBLIGATORIA;IESO;PINARES DE PEDRAJAS;PS.;PASEO;JUAN CARLOS I;23;;;;;;47;112;1;VALLADOLID;PEDRAJAS DE SAN ESTEBAN;PEDRAJAS DE SAN ESTEBAN;47430;983605628;983605097;;47011221@educa.jcyl.es;http://iesopinaresdepedrajas.centros.educa.jcyl.es;-4.5862;41.33617;N;N;N;N;N;N;41.33617, -4.5862
2026;47011097;A;ALTA;1;PÚBLICO;49;INSTITUTO DE EDUCACION SECUNDARIA OBLIGATORIA;IESO;RIBERA DEL CEGA;PROL.;PROLONGACION;DEL CAMINO HONDO;;S/N;;;;;47;90;2;VALLADOLID;MOJADOS;MOJADOS;47250;983607965;983607990;;47011097@educa.jcyl.es;http://iesoriberadelcega.centros.educa.jcyl.es;-4.66381;41.42791;N;N;N;S;N;S;41.42791, -4.66381
2026;49010710;A;ALTA;1;PÚBLICO;131;CONSERVATORIO PROFESIONAL DE MUSICA;C Música;MIGUEL MANZANO;CALLE;CALLE;HERNÁN CORTÉS;38;;;;;;49;275;2;ZAMORA;ZAMORA;ZAMORA;49021;980531453;;;49010710@educa.jcyl.es;http://conservatoriozamora.centros.educa.jcyl.es/sitio/;-5.72879;41.5104;N;N;N;N;N;N;41.5104, -5.72879
2026;49005489;A;ALTA;1;PÚBLICO;14;COLEGIO DE EDUCACION INFANTIL Y PRIMARIA;CEIP;ARIAS GONZALO;CALLE;CALLE;PABLO MORILLO;1;;;;;;49;275;2;ZAMORA;ZAMORA;ZAMORA;49013;980557225;980557224;;49005489@educa.jcyl.es;http://cpariasgonzalo.centros.educa.jcyl.es;-5.742;41.50787;N;N;N;S;N;N;41.50787, -5.742
2026;49006512;A;ALTA;1;PÚBLICO;14;COLEGIO DE EDUCACION INFANTIL Y PRIMARIA;CEIP;BUENOS AIRES;CALLE;CALLE;ANTONIO MACHADO;;S/N;;;;;49;21;1;ZAMORA;BENAVENTE;BENAVENTE;49600;980633102;980633102;;49006512@educa.jcyl.es;http://ceipbuenosaires.centros.educa.jcyl.es;-5.67684;42.01034;N;N;N;S;S;N;42.01034, -5.67684
2026;49007358;A;ALTA;1;PÚBLICO;14;COLEGIO DE EDUCACION INFANTIL Y PRIMARIA;CEIP;CRA BAJO DUERO;CALLE;CALLE;ERAS DE ARRIBA;;S/N;;;;;49;58;1;ZAMORA;CUBO DE TIERRA DEL VINO (EL);CUBO DE TIERRA DEL VINO (EL);49710;980577544;980560504;;49007358@educa.jcyl.es;http://crabajoduero.centros.educa.jcyl.es;-5.71375;41.25434;S;N;N;S;N;N;41.25434, -5.71375
2026;49007322;A;ALTA;1;PÚBLICO;14;COLEGIO DE EDUCACION INFANTIL Y PRIMARIA;CEIP;CRA DE FONFRÍA;CALLE;CALLE;SIERRO;;S/N;;;;;49;71;6;ZAMORA;FONFRÍA;FONFRÍA;49510;980688006;;;49007322@educa.jcyl.es;http://cradefonfria.centros.educa.jcyl.es;-6.13556;41.63625;S;N;N;N;S;S;41.63625, -6.13556
2026;49007243;A;ALTA;1;PÚBLICO;14;COLEGIO DE EDUCACION INFANTIL Y PRIMARIA;CEIP;CRA DE GEMA;CALLE;CALLE;CAYO ZAPATA;33;;;;;;49;90;1;ZAMORA;GEMA;GEMA;49151;980576844;980576844;;49007243@educa.jcyl.es;http://cragema.centros.educa.jcyl.es;-5.64777;41.41827;S;N;N;S;S;S;41.41827, -5.64777
2026;49007310;A;ALTA;1;PÚBLICO;14;COLEGIO DE EDUCACION INFANTIL Y PRIMARIA;CEIP;CRA DE MORALEJA DEL VINO;CALLE;CALLE;DEL POZO;48;;;;;;49;125;1;ZAMORA;MORALEJA DEL VINO;MORALEJA DEL VINO;49150;980571208;980571208;;49007310@educa.jcyl.es;http://crademoralejadelvino.centros.educa.jcyl.es;-5.65887;41.46516;S;N;N;S;N;N;41.46516, -5.65887
2026;49007395;A;ALTA;1;PÚBLICO;14;COLEGIO DE EDUCACION INFANTIL Y PRIMARIA;CEIP;CRA DE VILLANUEVA DEL CAMPO;CRA.;CARRETERA;PALENCIA;52;;;;;;49;260;1;ZAMORA;VILLANUEVA DEL CAMPO;VILLANUEVA DEL CAMPO;49100;980666229;;;49007395@educa.jcyl.es;http://cradevillanuevadelcampo.centros.educa.jcyl.es;-5.40281;41.98857;S;N;N;S;N;N;41.98857, -5.40281
2026;49007279;A;ALTA;1;PÚBLICO;14;COLEGIO DE EDUCACION INFANTIL Y PRIMARIA;CEIP;CRA SAN PELAYO;CALLE;CALLE;DOMINGO VICENTE;;S/N;;;;;49;128;1;ZAMORA;MORALES DE REY;MORALES DE REY;49693;980651312;980651312;;49007279@educa.jcyl.es;http://crasanpelayo.centros.educa.jcyl.es;-5.79201;42.0683;S;N;N;S;S;S;42.0683, -5.79201
2026;49007206;A;ALTA;1;PÚBLICO;14;COLEGIO DE EDUCACION INFANTIL Y PRIMARIA;CEIP;CRA TIERRAS DE SAYAGO;CALLE;CALLE;FERIA;;S/N;;;;;49;136;1;ZAMORA;MUGA DE SAYAGO;MUGA DE SAYAGO;49212;980617558;;;49007206@educa.jcyl.es;http://cratierrasdesayago.centros.educa.jcyl.es;-6.1974;41.38586;S;N;N;S;N;N;41.38586, -6.1974
2026;49007383;A;ALTA;1;PÚBLICO;14;COLEGIO DE EDUCACION INFANTIL Y PRIMARIA;CEIP;CRA VALLE DE VALVERDE;CALLE;CALLE;COLEGIO COMARCAL;1;;;;;;49;29;1;ZAMORA;BURGANES DE VALVERDE;BURGANES DE VALVERDE;49698;980640555;980640555;;49007383@educa.jcyl.es;http://cravalledevalverde.centros.educa.jcyl.es;-5.77679;41.92077;S;N;N;S;S;S;41.92077, -5.77679
2026;49006585;A;ALTA;1;PÚBLICO;14;COLEGIO DE EDUCACION INFANTIL Y PRIMARIA;CEIP;D.JOSÉ GALERA MORENO;CALLE;CALLE;ARAPILES;33;;;;;;49;275;2;ZAMORA;ZAMORA;ZAMORA;49019;980516538;980516538;;49006585@educa.jcyl.es;http://ceipjosegaleramoreno.centros.educa.jcyl.es/;-5.73614;41.50768;N;N;N;S;S;N;41.50768, -5.73614
2026;49003961;A;ALTA;1;PÚBLICO;14;COLEGIO DE EDUCACION INFANTIL Y PRIMARIA;CEIP;ENTREVALLES;CALLE;CALLE;LA MILLA;21;;;;;;49;193;1;ZAMORA;SAN PEDRO DE CEQUE;SAN PEDRO DE CEQUE;49628;980641527;;;49003961@educa.jcyl.es;http://ceipentrevalles.centros.educa.jcyl.es;-6.076;42.04352;N;N;N;S;N;N;42.04352, -6.076
2026;49003390;A;ALTA;1;PÚBLICO;14;COLEGIO DE EDUCACION INFANTIL Y PRIMARIA;CEIP;FRAY LUIS DE GRANADA;CRA.;CARRETERA;DEL LAGO;;S/N;;;;;49;166;2;ZAMORA;PUEBLA DE SANABRIA;PUEBLA DE SANABRIA;49300;980620199;980620199;;49003390@educa.jcyl.es;http://ceipfrayluisdegranada.centros.educa.jcyl.es;-6.62709;42.05675;N;N;N;S;S;S;42.05675, -6.62709
2026;49005477;A;ALTA;1;PÚBLICO;14;COLEGIO DE EDUCACION INFANTIL Y PRIMARIA;CEIP;JACINTO BENAVENTE;PZ.;PLAZA;SAN JULIÁN DEL MERCADO;;S/N;;;;;49;275;2;ZAMORA;ZAMORA;ZAMORA;49002;980531857;980531857;;49005477@educa.jcyl.es;http://ceipjacintobenavente.centros.educa.jcyl.es;-5.74576;41.5007;N;N;N;S;S;N;41.5007, -5.74576
2026;49005431;A;ALTA;1;PÚBLICO;14;COLEGIO DE EDUCACION INFANTIL Y PRIMARIA;CEIP;JUAN XXIII;CALLE;CALLE;RÍO CONEJOS;;S/N;;;;;49;275;2;ZAMORA;ZAMORA;ZAMORA;49025;980529078;980529078;;49005431@educa.jcyl.es;http://ceipjuanxxiii.centros.educa.jcyl.es;-5.75057;41.51078;N;N;N;S;S;N;41.51078, -5.75057
2026;49005428;A;ALTA;1;PÚBLICO;14;COLEGIO DE EDUCACION INFANTIL Y PRIMARIA;CEIP;LA HISPANIDAD;CALLE;CALLE;COLÓN;27;;;;;;49;275;2;ZAMORA;ZAMORA;ZAMORA;49021;980520640;980557383;;49005428@educa.jcyl.es;http://ceiplahispanidad.centros.educa.jcyl.es;-5.73201;41.51101;N;N;N;S;S;S;41.51101, -5.73201
2026;49001630;A;ALTA;1;PÚBLICO;14;COLEGIO DE EDUCACION INFANTIL Y PRIMARIA;CEIP;MONTE GÁNDARA;CALLE;CALLE;MONTE GÁNDARA;;S/N;;;;;49;85;6;ZAMORA;GALENDE;PUENTE (EL);49350;980620233;;;49001630@educa.jcyl.es;http://ceipmontegandara.centros.educa.jcyl.es;-6.64263;42.08618;N;N;N;S;S;S;42.08618, -6.64263
2026;49000455;A;ALTA;1;PÚBLICO;14;COLEGIO DE EDUCACION INFANTIL Y PRIMARIA;CEIP;NUESTRA SEÑORA DE GRACIA;CRA.;CARRETERA;DE TORREFRADES;;S/N;;;;;49;23;1;ZAMORA;BERMILLO DE SAYAGO;BERMILLO DE SAYAGO;49200;980610055;980610055;;49000455@educa.jcyl.es;http://ceipnuestrasenoradegracia.centros.educa.jcyl.es;-6.10396;41.36549;N;N;N;S;S;S;41.36549, -6.10396
2026;49005490;A;ALTA;1;PÚBLICO;14;COLEGIO DE EDUCACION INFANTIL Y PRIMARIA;CEIP;OBISPO NIETO;CALLE;CALLE;OBISPO NIETO;;S/N;;;;;49;275;2;ZAMORA;ZAMORA;ZAMORA;49031;980526035;980526035;;49005490@educa.jcyl.es;http://ceipobisponieto.centros.educa.jcyl.es;-5.75385;41.50459;N;N;N;S;S;N;41.50459, -5.75385
2026;49006627;A;ALTA;1;PÚBLICO;14;COLEGIO DE EDUCACION INFANTIL Y PRIMARIA;CEIP;RIOMANZANAS;CALLE;CALLE;RÍO MANZANAS;;S/N;;;;;49;275;2;ZAMORA;ZAMORA;ZAMORA;49024;980510448;980510448;;49006627@educa.jcyl.es;http://ceipriomanzanas.centros.educa.jcyl.es;-5.74969;41.51565;N;N;N;S;S;N;41.51565, -5.74969
2026;49004187;A;ALTA;1;PÚBLICO;14;COLEGIO DE EDUCACION INFANTIL Y PRIMARIA;CEIP;SANSUEÑA;CRA.;CARRETERA;BENAVENTE;;S/N;;;;;49;206;6;ZAMORA;SANTIBÁÑEZ DE VIDRIALES;SANTIBÁÑEZ DE VIDRIALES;49610;980648169;980648224;;49004187@educa.jcyl.es;http://ceipsansuena.centros.educa.jcyl.es;-6.00876;42.07171;N;N;N;S;S;S;42.07171, -6.00876
2026;49002041;A;ALTA;1;PÚBLICO;14;COLEGIO DE EDUCACION INFANTIL Y PRIMARIA;CEIP;TUELA-BIBEY;CALLE;CALLE;SOUTO DA FEIRA;8;;;;;;49;100;5;ZAMORA;LUBIÁN;LUBIÁN;49570;980624180;980624180;;49002041@educa.jcyl.es;http://ceiptuelabibey.centros.educa.jcyl.es;-6.90799;42.03591;N;N;N;S;S;S;42.03591, -6.90799
2026;49001526;A;ALTA;1;PÚBLICO;14;COLEGIO DE EDUCACION INFANTIL Y PRIMARIA;CEIP;VALLE DEL GUAREÑA;AV.;AVENIDA;DE VILLAESCUSA;21;;;;;;49;81;1;ZAMORA;FUENTESAÚCO;FUENTESAÚCO;49400;980600115;;;49001526@educa.jcyl.es;http://ceipvalledelguarena.centros.educa.jcyl.es;-5.49376;41.22935;N;N;N;S;S;S;41.22935, -5.49376
2026;49006469;A;ALTA;1;PÚBLICO;14;COLEGIO DE EDUCACION INFANTIL Y PRIMARIA;CEIP;VIRGEN DEL CANTO;CALLE;CALLE;CANTO;68;;;;;;49;219;5;ZAMORA;TORO;TORO;49800;980690956;;;49006469@educa.jcyl.es;http://ceipvirgendelcanto.centros.educa.jcyl.es;-5.40411;41.52043;N;N;N;S;S;N;41.52043, -5.40411
2026;49002737;A;ALTA;1;PÚBLICO;14;COLEGIO DE EDUCACION INFANTIL Y PRIMARIA;CEIP;VIRIATO;CALLE;CALLE;SAN ROQUE;4;;;;;;49;135;2;ZAMORA;MUELAS DEL PAN;MUELAS DEL PAN;49167;980553161;;;49002737@educa.jcyl.es;http://ceipviriato.centros.educa.jcyl.es;-5.9677;41.52211;N;N;N;S;S;S;41.52211, -5.9677
2026;49007255;A;ALTA;1;PÚBLICO;77;CENTRO DE EDUCACIÓN OBLIGATORIA;CEO;CENTRO DE EDUCACIÓN OBLIGATORIA DE CORESES;CALLE;CALLE;LA FRAGUA;;S/N;;;;;49;53;1;ZAMORA;CORESES;CORESES;49530;980500045;980503063;;49007255@educa.jcyl.es;http://ceocoreses.centros.educa.jcyl.es;-5.62153;41.54646;N;N;N;S;S;S;41.54646, -5.62153
2026;49004515;A;ALTA;2;PRIVADO;72;CENTRO PRIVADO DE EDUCACION INFANTIL PRIMARIA Y SECUNDARIA;Colegio;AMOR DE DIOS;CALLE;CALLE;SANTO DOMINGO;5;;;;;;49;219;5;ZAMORA;TORO;TORO;49800;980690000;;;49004515@educa.jcyl.es;https://colegiosamordedios.es/centros/toro/;-5.39644;41.52374;N;N;S;S;S;N;41.52374, -5.39644
2026;49000388;A;ALTA;2;PRIVADO;72;CENTRO PRIVADO DE EDUCACION INFANTIL PRIMARIA Y SECUNDARIA;Colegio;SAN VICENTE DE PAÚL;PZ.;PLAZA;VIRGEN DE LA VEGA;8;;;;;;49;21;1;ZAMORA;BENAVENTE;BENAVENTE;49600;980631126;980637689;;49000388@educa.jcyl.es;http://www.sanvicentebenavente.com;-5.67706;42.00562;N;N;S;S;S;N;42.00562, -5.67706
2026;49010837;A;ALTA;2;PRIVADO;603;CENTRO PRIVADO AUTORIZADO DE ENSEÑANZAS DEPORTIVAS DE SALVAMENTO Y SOCORRISMO;CPR ED SS;FECLESS;AV.;AVENIDA;DEL REQUEJO;39;;;;;;49;275;2;ZAMORA;ZAMORA;ZAMORA;49022;;;;49010837@educa.jcyl.es;;-5.72823;41.51609;N;N;N;N;N;N;41.51609, -5.72823
2026;49010916;A;ALTA;2;PRIVADO;4;CENTRO PRIVADO DE EDUCACION INFANTIL;CPrEI;BAMBI;CALLE;CALLE;ALMARAZ;1;;;;;;49;275;2;ZAMORA;ZAMORA;ZAMORA;49026;636760790;;;49010916@educa.jcyl.es;;-5.75699;41.50135;N;N;N;N;N;N;41.50135, -5.75699
2026;49006433;A;ALTA;1;PÚBLICO;500;ESCUELA DE ARTE Y SUPERIOR DE DISEÑO;EA;ESCUELA DE ARTE DE ZAMORA;AV.;AVENIDA;PLAZA DE TOROS;2;;;;;;49;275;2;ZAMORA;ZAMORA;ZAMORA;49007;980514341;980517405;;49006433@educa.jcyl.es;http://easdzamora.centros.educa.jcyl.es/;-5.74527;41.50838;N;N;N;N;N;S;41.50838, -5.74527
2026;49010746;A;ALTA;1;PÚBLICO;3;ESCUELA DE EDUCACION INFANTIL;EEI;ALFONSO IX;CALLE;CALLE;GUIJUELO;;S/N;;;;;49;21;1;ZAMORA;BENAVENTE;BENAVENTE;49600;647424685;;;49010746@educa.jcyl.es;;-5.67179;42.01118;N;N;N;N;S;N;42.01118, -5.67179
2026;49010931;A;ALTA;1;PÚBLICO;3;ESCUELA DE EDUCACION INFANTIL;EEI;CHISPAS;AV.;AVENIDA;JOSÉ RAMOS;;S/N;;;;;49;125;1;ZAMORA;MORALEJA DEL VINO;MORALEJA DEL VINO;49150;691300405;;;49010931@educa.jcyl.es;;-5.65872;41.46531;N;N;N;N;N;N;41.46531, -5.65872
2026;49010771;A;ALTA;1;PÚBLICO;3;ESCUELA DE EDUCACION INFANTIL;EEI;COLORÍN COLORADO;CALLE;CALLE;ZAMORA;23;;;;;;49;261;1;ZAMORA;VILLARALBO;VILLARALBO;49154;980539710;980539928;;49010771@educa.jcyl.es;http://ayuntamientodevillaralbo.es/;-5.68144;41.49269;N;N;N;N;N;N;41.49269, -5.68144
2026;49010813;A;ALTA;1;PÚBLICO;3;ESCUELA DE EDUCACION INFANTIL;EEI;EL NIDO SAYAGUÉS;CALLE;CALLE;EZEQUIEL ELENO;27;;;;;;49;23;1;ZAMORA;BERMILLO DE SAYAGO;BERMILLO DE SAYAGO;49200;980610007;;;49010813@educa.jcyl.es;;-6.11614;41.36536;N;N;N;N;N;N;41.36536, -6.11614
2026;49010758;A;ALTA;1;PÚBLICO;3;ESCUELA DE EDUCACION INFANTIL;EEI;LA ALDEHUELA;CALLE;CALLE;ISLA DE PALLAS;1;;;;;;49;275;2;ZAMORA;ZAMORA;ZAMORA;49001;980091976;;;49010758@educa.jcyl.es;;-5.74378;41.50368;N;N;N;N;S;N;41.50368, -5.74378
2026;49010795;A;ALTA;1;PÚBLICO;3;ESCUELA DE EDUCACION INFANTIL;EEI;PABLO MONTESINO;CALLE;CALLE;PEÑAUSENDE C/V C/ SAN BASILIO;;S/N;;;;;49;275;2;ZAMORA;ZAMORA;ZAMORA;49028;980509090;;;49010795@educa.jcyl.es;;-5.74395;41.49383;N;N;N;N;S;N;41.49383, -5.74395
2026;49010850;A;ALTA;1;PÚBLICO;185;ESCUELA DE MUSICA;EM;ALFREDO DE MARÍA RODRÍGUEZ;PZ.;PLAZA;MAYOR;6;;;;;;49;54;1;ZAMORA;CORRALES DEL VINO;CORRALES DEL VINO;47700;980560001;;;49010850@educa.jcyl.es;;-5.7239;41.35751;N;N;N;N;N;N;41.35751, -5.7239
2026;49010862;A;ALTA;1;PÚBLICO;185;ESCUELA DE MUSICA;EM;ESCUELA MUNICIPAL DE MÚSICA DE ZAMORA;CALLE;CALLE;HUERTAS DE ARENALES;4;;;;;;49;275;2;ZAMORA;ZAMORA;ZAMORA;49023;;;;49010862@educa.jcyl.es;;-5.74955;41.51333;N;N;N;N;N;N;41.51333, -5.74955
2026;49007486;A;ALTA;1;PÚBLICO;42;INSTITUTO DE EDUCACION SECUNDARIA;IES;ARRIBES DE SAYAGO;CRA.;CARRETERA;DE TORREFRADES;;S/N;;;;;49;23;1;ZAMORA;BERMILLO DE SAYAGO;BERMILLO DE SAYAGO;49200;980610005;980610086;;49007486@educa.jcyl.es;http://iesarribesdesayago.centros.educa.jcyl.es;-6.10396;41.36549;N;N;N;S;N;S;41.36549, -6.10396
2026;49005994;A;ALTA;1;PÚBLICO;42;INSTITUTO DE EDUCACION SECUNDARIA;IES;CLAUDIO MOYANO;AV.;AVENIDA;REQUEJO;4;;;;;;49;275;2;ZAMORA;ZAMORA;ZAMORA;49012;980520400;980672278;;49005994@educa.jcyl.es;http://iesclaudiomoyano.centros.educa.jcyl.es;-5.73787;41.50937;N;N;N;S;N;S;41.50937, -5.73787
2026;49000418;A;ALTA;1;PÚBLICO;42;INSTITUTO DE EDUCACION SECUNDARIA;IES;LEÓN FELIPE;AV.;AVENIDA;FEDERICO SILVA;46;;;;;;49;21;1;ZAMORA;BENAVENTE;BENAVENTE;49600;980630364;980635070;;49000418@educa.jcyl.es;http://iesleonfelipe.centros.educa.jcyl.es;-5.66925;42.00123;N;N;N;S;N;S;42.00123, -5.66925
2026;49007619;A;ALTA;1;PÚBLICO;42;INSTITUTO DE EDUCACION SECUNDARIA;IES;LOS SALADOS;CALLE;CALLE;LOS SALADOS;;S/N;;;;;49;21;1;ZAMORA;BENAVENTE;BENAVENTE;49600;980635277;980635278;;49007619@educa.jcyl.es;http://iesolossalados.centros.educa.jcyl.es;-5.66751;41.99131;N;N;N;S;N;S;41.99131, -5.66751
2026;49006159;A;ALTA;1;PÚBLICO;42;INSTITUTO DE EDUCACION SECUNDARIA;IES;MAESTRO HAEDO;CALLE;CALLE;SANTIAGO ALBA BONIFAZ;3;;;;;;49;275;2;ZAMORA;ZAMORA;ZAMORA;49018;980522382;980670384;;49006159@educa.jcyl.es;http://iesmaestrohaedo.centros.educa.jcyl.es;-5.73813;41.50782;N;N;N;S;N;S;41.50782, -5.73813
2026;49006019;A;ALTA;1;PÚBLICO;42;INSTITUTO DE EDUCACION SECUNDARIA;IES;UNIVERSIDAD LABORAL;AV.;AVENIDA;PRINCIPE DE ASTURIAS;53;;;;;;49;275;2;ZAMORA;ZAMORA;ZAMORA;49029;980520100;980513604;;49006019@educa.jcyl.es;http://iesuniversidadlaboral.centros.educa.jcyl.es;-5.73474;41.51457;N;S;N;S;S;S;41.51457, -5.73474
2026;49006691;A;ALTA;1;PÚBLICO;20;COLEGIO DE EDUCACION ESPECIAL;CEE;VIRGEN DEL CASTILLO;CRA.;CARRETERA;DE CABAÑALES;;S/N;;;;;49;275;2;ZAMORA;ZAMORA;ZAMORA;49027;980529088;;;49006691@educa.jcyl.es;http://cpeevirgendelcastillo.centros.educa.jcyl.es;-5.74585;41.49296;N;S;N;S;S;S;41.49296, -5.74585
2026;49006482;A;ALTA;1;PÚBLICO;14;COLEGIO DE EDUCACION INFANTIL Y PRIMARIA;CEIP;ALEJANDRO CASONA;CALLE;CALLE;CABAÑALES;;S/N;;;;;49;275;2;ZAMORA;ZAMORA;ZAMORA;49027;980509049;980509049;;49006482@educa.jcyl.es;http://ceipalejandrocasona.centros.educa.jcyl.es;-5.74615;41.49341;N;N;N;S;S;S;41.49341, -5.74615
2026;49010722;A;ALTA;1;PÚBLICO;14;COLEGIO DE EDUCACION INFANTIL Y PRIMARIA;CEIP;COLEGIO PÚBLICO DE MORALES DEL VINO;CALLE;CALLE;PARQUE ESCUELAS;2;;;;;;49;127;1;ZAMORA;MORALES DEL VINO;MORALES DEL VINO;49190;980570293;980570293;;49010722@educa.jcyl.es;http://ceipmoralesdelvino.centros.educa.jcyl.es;-5.732;41.44409;N;N;N;S;S;S;41.44409, -5.732
2026;49007191;A;ALTA;1;PÚBLICO;14;COLEGIO DE EDUCACION INFANTIL Y PRIMARIA;CEIP;CRA ALFOZ DE TORO;PZ.;PLAZA;RAMÓN Y CAJAL;;S/N;;;;;49;129;1;ZAMORA;MORALES DE TORO;MORALES DE TORO;49810;980698266;;;49007191@educa.jcyl.es;http://craalfozdetoro.centros.educa.jcyl.es;-5.30582;41.53993;S;N;N;S;N;N;41.53993, -5.30582
2026;49007267;A;ALTA;1;PÚBLICO;14;COLEGIO DE EDUCACION INFANTIL Y PRIMARIA;CEIP;CRA DE PALACIOS DE SANABRIA;CALLE;CALLE;TESO;;S/N;;;;;49;143;2;ZAMORA;PALACIOS DE SANABRIA;PALACIOS DE SANABRIA;49322;980626049;;;49007267@educa.jcyl.es;http://crapalaciosdesanabria.centros.educa.jcyl.es;-6.52026;42.0572;S;N;N;S;S;S;42.0572, -6.52026
2026;49007280;A;ALTA;1;PÚBLICO;14;COLEGIO DE EDUCACION INFANTIL Y PRIMARIA;CEIP;CRA DE TÁBARA;AV.;AVENIDA;BRILAT GALICIA VII;;S/N;;;;;49;214;1;ZAMORA;TÁBARA;TÁBARA;49140;980590049;980590049;;49007280@educa.jcyl.es;http://cratabara.centros.educa.jcyl.es;-5.96424;41.82764;S;N;N;S;S;S;41.82764, -5.96424
2026;49007309;A;ALTA;1;PÚBLICO;14;COLEGIO DE EDUCACION INFANTIL Y PRIMARIA;CEIP;CRA DE VILLARRÍN DE CAMPOS;CRA.;CARRETERA;DE LA TABLA;;S/N;;;;;49;268;1;ZAMORA;VILLARRÍN DE CAMPOS;VILLARRÍN DE CAMPOS;49137;980580145;980580145;;49007309@educa.jcyl.es;http://cradevillarrin.centros.educa.jcyl.es;-5.63841;41.79798;S;N;N;S;S;S;41.79798, -5.63841
2026;49007620;A;ALTA;1;PÚBLICO;14;COLEGIO DE EDUCACION INFANTIL Y PRIMARIA;CEIP;EL PINAR;CALLE;CALLE;DOCTOR BREL;;S/N;;;;;49;21;1;ZAMORA;BENAVENTE;BENAVENTE;49600;980633622;980633622;;49007620@educa.jcyl.es;http://ceipelpinar.centros.educa.jcyl.es;-5.67311;42.00653;N;N;N;S;S;N;42.00653, -5.67311
2026;49000571;A;ALTA;1;PÚBLICO;14;COLEGIO DE EDUCACION INFANTIL Y PRIMARIA;CEIP;EL TERA;CALLE;CALLE;CARRETERA;74;;;;;;49;33;2;ZAMORA;CAMARZANA DE TERA;CAMARZANA DE TERA;49332;980649039;980649039;;49000571@educa.jcyl.es;http://ceipeltera.centros.educa.jcyl.es;-6.03286;41.99367;N;N;N;S;S;S;41.99367, -6.03286
2026;49006263;A;ALTA;1;PÚBLICO;14;COLEGIO DE EDUCACION INFANTIL Y PRIMARIA;CEIP;FERNANDO II;CALLE;CALLE;SANTA CLARA;;S/N;;;;;49;21;1;ZAMORA;BENAVENTE;BENAVENTE;49600;980630539;980630539;;49006263@educa.jcyl.es;http://ceipfernandoii.centros.educa.jcyl.es;-5.67935;41.99698;N;N;N;S;N;N;41.99698, -5.67935
2026;49006214;A;ALTA;1;PÚBLICO;14;COLEGIO DE EDUCACION INFANTIL Y PRIMARIA;CEIP;HOSPITAL DE LA CRUZ;CALLE;CALLE;REJADORADA;32;;;;;;49;219;5;ZAMORA;TORO;TORO;49800;980691101;;;49006214@educa.jcyl.es;http://ceiphospitaldelacruz.centros.educa.jcyl.es;-5.38916;41.52198;N;N;N;S;S;S;41.52198, -5.38916
2026;49000625;A;ALTA;1;PÚBLICO;14;COLEGIO DE EDUCACION INFANTIL Y PRIMARIA;CEIP;IGNACIO SARDÁ;CRA.;CARRETERA;DE FONFRÍA;;S/N;;;;;49;36;1;ZAMORA;CARBAJALES DE ALBA;CARBAJALES DE ALBA;49160;980585096;980585096;;49000625@educa.jcyl.es;http://ceipignaciosarda.centros.educa.jcyl.es;-5.99424;41.65093;N;N;N;N;S;S;41.65093, -5.99424
2026;49005453;A;ALTA;1;PÚBLICO;14;COLEGIO DE EDUCACION INFANTIL Y PRIMARIA;CEIP;LA VILLARINA;CALLE;CALLE;ALTO ARENALES;;S/N;;;;;49;275;2;ZAMORA;ZAMORA;ZAMORA;49023;980520470;;;49005453@educa.jcyl.es;http://ceiplavillarina.centros.educa.jcyl.es;-5.7452;41.52151;N;N;N;S;S;N;41.52151, -5.7452
2026;49006871;A;ALTA;1;PÚBLICO;14;COLEGIO DE EDUCACION INFANTIL Y PRIMARIA;CEIP;LA VIÑA;CALLE;CALLE;DONANTES DE SANGRE;;S/N;;;;;49;275;2;ZAMORA;ZAMORA;ZAMORA;49029;980519870;980519870;;49006871@educa.jcyl.es;http://ceiplavina.centros.educa.jcyl.es;-5.73758;41.51505;N;N;N;S;S;N;41.51505, -5.73758
2026;49006251;A;ALTA;1;PÚBLICO;14;COLEGIO DE EDUCACION INFANTIL Y PRIMARIA;CEIP;LAS ERAS;CALLE;CALLE;RÍO EBRO;2;;;;;;49;21;1;ZAMORA;BENAVENTE;BENAVENTE;49600;980632909;980632909;;49006251@educa.jcyl.es;http://ceiplaseras.centros.educa.jcyl.es;-5.67934;42.00504;N;N;N;S;N;N;42.00504, -5.67934
2026;49000960;A;ALTA;1;PÚBLICO;14;COLEGIO DE EDUCACION INFANTIL Y PRIMARIA;CEIP;LUIS CASADO;CALLE;CALLE;RUTA DE LA PLATA;22;;;;;;49;54;1;ZAMORA;CORRALES DEL VINO;CORRALES DEL VINO;49700;980560181;980560181;;49000960@educa.jcyl.es;http://ceipluiscasado.centros.educa.jcyl.es;-5.72793;41.35712;N;N;N;S;S;S;41.35712, -5.72793
2026;49004497;A;ALTA;1;PÚBLICO;14;COLEGIO DE EDUCACION INFANTIL Y PRIMARIA;CEIP;MAGDALENA DE ULLOA;PZ.;PLAZA;DE SANTA MARINA;12;;;;;;49;219;5;ZAMORA;TORO;TORO;49800;980690408;;;49004497@educa.jcyl.es;http://ceipmagdalenaulloa.centros.educa.jcyl.es;-5.39182;41.52247;N;N;N;S;S;N;41.52247, -5.39182
2026;49002610;A;ALTA;1;PÚBLICO;14;COLEGIO DE EDUCACION INFANTIL Y PRIMARIA;CEIP;MORALEJA DE SAYAGO;CALLE;CALLE;REQUEJO;;S/N;;;;;49;126;1;ZAMORA;MORALEJA DE SAYAGO;MORALEJA DE SAYAGO;49177;980617303;;;49002610@educa.jcyl.es;http://ceipmoralejadesayago.centros.educa.jcyl.es;-6.0036;41.16929;N;N;N;S;N;N;41.16929, -6.0036
2026;49005210;A;ALTA;1;PÚBLICO;14;COLEGIO DE EDUCACION INFANTIL Y PRIMARIA;CEIP;NUESTRA SEÑORA DE LA PAZ;CALLE;CALLE;SAN ILDEFONSO;;S/N;;;;;49;261;1;ZAMORA;VILLARALBO;VILLARALBO;49159;980539582;980539582;;49005210@educa.jcyl.es;http://cpnuestrasenoradelapaz.centros.educa.jcyl.es;-5.68314;41.48917;N;N;N;S;N;N;41.48917, -5.68314
2026;49005404;A;ALTA;1;PÚBLICO;14;COLEGIO DE EDUCACION INFANTIL Y PRIMARIA;CEIP;SAN JOSÉ DE CALASANZ;CALLE;CALLE;FRAY TORIBIO DE MOTOLIMIA;1;;;;;;49;275;2;ZAMORA;ZAMORA;ZAMORA;49004;980672411;980672411;;49005404@educa.jcyl.es;http://ceipsanjosedecalasanz.centros.educa.jcyl.es;-5.74439;41.50853;N;N;N;S;S;N;41.50853, -5.74439
2026;49000042;A;ALTA;1;PÚBLICO;14;COLEGIO DE EDUCACION INFANTIL Y PRIMARIA;CEIP;VIRGEN DE LA SALUD;CALLE;CALLE;ATALAYA DEL ALTO PINAR;;S/N;;;;;49;3;1;ZAMORA;ALCAÑICES;ALCAÑICES;49500;980680093;;;49000042@educa.jcyl.es;http://ceipvirgendelasalud.centros.educa.jcyl.es;-6.34424;41.69591;N;N;N;S;S;S;41.69591, -6.34424
2026;49006603;A;ALTA;1;PÚBLICO;31;CENTRO PUBLICO DE EDUCACION DE PERSONAS ADULTAS;CEPA;CENTRO DE ADULTOS DE BENAVENTE;CALLE;CALLE;FRAY TORIBIO DE MOTOLIMIA;6;;;;;;49;21;1;ZAMORA;BENAVENTE;BENAVENTE;49600;980633653;980633653;;49006603@educa.jcyl.es;http://cepabenavente.centros.educa.jcyl.es;-5.67504;42.00248;N;N;N;N;N;N;42.00248, -5.67504
2026;49007632;A;ALTA;1;PÚBLICO;31;CENTRO PUBLICO DE EDUCACION DE PERSONAS ADULTAS;CEPA;CENTRO DE ADULTOS DE PUEBLA DE SANABRIA;CALLE;CALLE;CONVENTO;;S/N;;;;;49;166;2;ZAMORA;PUEBLA DE SANABRIA;PUEBLA DE SANABRIA;49300;980620770;980620770;;49007632@educa.jcyl.es;http://cepapuebladesanabria.centros.educa.jcyl.es;-6.63076;42.05554;N;N;N;N;N;N;42.05554, -6.63076
2026;49007115;A;ALTA;1;PÚBLICO;31;CENTRO PUBLICO DE EDUCACION DE PERSONAS ADULTAS;CEPA;LÓPEZ COBOS;CALLE;CALLE;DOMINICOS;2;;;;;;49;219;5;ZAMORA;TORO;TORO;49800;980694713;980694746;;49007115@educa.jcyl.es;http://cepalopezcobos.centros.educa.jcyl.es;-5.39665;41.524;N;N;N;N;N;N;41.524, -5.39665
2026;49006391;A;ALTA;1;PÚBLICO;31;CENTRO PUBLICO DE EDUCACION DE PERSONAS ADULTAS;CEPA;VIRIATO;AV.;AVENIDA;GALICIA;10;;;;;;49;275;2;ZAMORA;ZAMORA;ZAMORA;49032;980557035;980509103;;49006391@educa.jcyl.es;http://cepaviriato.centros.educa.jcyl.es;-5.75138;41.50939;N;N;N;N;N;N;41.50939, -5.75138
2026;49010643;A;ALTA;1;PÚBLICO;68;CENTRO PUBLICO INTEGRADO DE FORMACION PROFESIONAL;CIFP;CIUDAD DE ZAMORA;AV.;AVENIDA;DE REQUEJO;39;;;;;;49;275;2;ZAMORA;ZAMORA;ZAMORA;49022;980515414;;;49010643@educa.jcyl.es;http://cifpzamora.centros.educa.jcyl.es;-5.73201;41.51521;N;N;N;S;N;N;41.51521, -5.73201
2026;49005881;A;ALTA;2;PRIVADO;15;CENTRO PRIVADO DE EDUCACION INFANTIL Y PRIMARIA;Colegio;DIVINA PROVIDENCIA;CALLE;CALLE;LA REINA;9;;;;;;49;275;2;ZAMORA;ZAMORA;ZAMORA;49004;980531843;980536890;;49005881@educa.jcyl.es;http://colegio-divinaprovidencia.centros.educa.jcyl.es/sitio/;-5.74815;41.50367;N;N;S;S;S;N;41.50367, -5.74815
2026;49005891;A;ALTA;2;PRIVADO;72;CENTRO PRIVADO DE EDUCACION INFANTIL PRIMARIA Y SECUNDARIA;Colegio;MEDALLA MILAGROSA;CALLE;CALLE;SAN TORCUATO;39;;;;;;49;275;2;ZAMORA;ZAMORA;ZAMORA;49014;980533664;980535298;;49005891@educa.jcyl.es;http://www.milagrosazamora.com;-5.74393;41.50678;N;N;S;S;S;N;41.50678, -5.74393
2026;49005830;A;ALTA;2;PRIVADO;72;CENTRO PRIVADO DE EDUCACION INFANTIL PRIMARIA Y SECUNDARIA;Colegio;NUESTRA SEÑORA DEL ROCÍO;AV.;AVENIDA;DE GALICIA;121;;;;;;49;275;2;ZAMORA;ZAMORA;ZAMORA;49024;980526687;;;49005830@educa.jcyl.es;;-5.75323;41.51446;N;N;S;S;S;N;41.51446, -5.75323
2026;49005842;A;ALTA;2;PRIVADO;72;CENTRO PRIVADO DE EDUCACION INFANTIL PRIMARIA Y SECUNDARIA;Colegio;SAGRADO CORAZÓN DE JESÚS;AV.;AVENIDA;PRÍNCIPE DE ASTURIAS;23;;;;;;49;275;2;ZAMORA;ZAMORA;ZAMORA;49012;980522158;;;49005842@educa.jcyl.es;http://www.corazondejesusza.net/;-5.73897;41.50964;N;N;S;S;S;N;41.50964, -5.73897
2026;49006081;A;ALTA;2;PRIVADO;72;CENTRO PRIVADO DE EDUCACION INFANTIL PRIMARIA Y SECUNDARIA;Colegio;TRILEMA ZAMORA;CALLE;CALLE;ARGENTINA;37;;;;;;49;275;2;ZAMORA;ZAMORA;ZAMORA;49019;980521158;980521158;;49006081@educa.jcyl.es;https://trilemazamora.fundaciontrilema.org/;-5.73076;41.50872;N;N;S;S;S;N;41.50872, -5.73076
2026;49000376;A;ALTA;2;PRIVADO;72;CENTRO PRIVADO DE EDUCACION INFANTIL PRIMARIA Y SECUNDARIA;Colegio;VIRGEN DE LA VEGA;CALLE;CALLE;PARQUE;5;;;;;;49;21;1;ZAMORA;BENAVENTE;BENAVENTE;49600;980631134;980631432;;49000376@educa.jcyl.es;http://www.colegiovirgendelavega.es/;-5.67598;42.00492;N;N;S;S;S;N;42.00492, -5.67598
2026;49010849;A;ALTA;2;PRIVADO;600;CENTRO PRIVADO AUTORIZADO DE ENSEÑANZAS DEPORTIVAS DE FÚTBOL;CPr DEP;AFEN ESCUELA TÉCNICO DEPORTIVA;CRA.;CARRETERA;DE ALMARAZ;18;;;;;;49;275;2;ZAMORA;ZAMORA;ZAMORA;49026;;;;49010849@educa.jcyl.es;;-5.75592;41.50184;N;N;N;N;N;N;41.50184, -5.75592
2026;49010941;A;ALTA;2;PRIVADO;4;CENTRO PRIVADO DE EDUCACION INFANTIL;CPrEI;BILINGÜE KIDDIES;CALLE;CALLE;CANTÓN;6;;;;;;49;275;2;ZAMORA;ZAMORA;ZAMORA;49028;601437306;;;49010941@educa.jcyl.es;;-5.74111;41.49372;N;N;N;N;N;N;41.49372, -5.74111
2026;49010886;A;ALTA;2;PRIVADO;4;CENTRO PRIVADO DE EDUCACION INFANTIL;CPrEI;CANGUROS;CALLE;CALLE;PALENCIA;6;;;;;;49;275;2;ZAMORA;ZAMORA;ZAMORA;49022;609201966;;;49010886@educa.jcyl.es;;-5.72747;41.51821;N;N;N;N;N;N;41.51821, -5.72747
2026;49010965;A;ALTA;2;PRIVADO;4;CENTRO PRIVADO DE EDUCACION INFANTIL;CPrEI;DUENDE;CALLE;CALLE;DONANTES DE SANGRE;8;;;;;;49;275;2;ZAMORA;ZAMORA;ZAMORA;49022;609098416;;;49010965@educa.jcyl.es;;-5.74075;41.51275;N;N;N;N;N;N;41.51275, -5.74075
2026;49010928;A;ALTA;2;PRIVADO;4;CENTRO PRIVADO DE EDUCACION INFANTIL;CPrEI;TRIS-TRAS;CALLE;CALLE;DOCTOR CALVO CALVO;24;;;;;;49;21;1;ZAMORA;BENAVENTE;BENAVENTE;49600;620920511;;;49010928@educa.jcyl.es;;-5.67754;42.00676;N;N;N;N;N;N;42.00676, -5.67754
2026;49010679;A;ALTA;2;PRIVADO;58;CENTRO PRIVADO DE FORMACION PROFESIONAL ESPECIFICA;CPrFP;CENTRO MENESIANO ZAMORA JOVEN;CALLE;CALLE;PONTEJOS;13;;;;;;49;275;2;ZAMORA;ZAMORA;ZAMORA;49028;980509431;980509432;;49010679@educa.jcyl.es;www.menesianoszamora.com;-5.73584;41.49734;N;N;S;N;N;N;41.49734, -5.73584
2026;49007607;A;ALTA;1;PÚBLICO;3;ESCUELA DE EDUCACION INFANTIL;EEI;LA VEGUILLA;CALLE;CALLE;EL PINAR;3;;;;;;49;21;1;ZAMORA;BENAVENTE;BENAVENTE;49600;980634078;;;49007607@educa.jcyl.es;;-5.67507;42.0076;N;N;N;N;S;N;42.0076, -5.67507
2026;49007590;A;ALTA;1;PÚBLICO;3;ESCUELA DE EDUCACION INFANTIL;EEI;VIRGEN DEL CANTO;PS.;PASEO;DEL CANTO;37;;;;;;49;219;5;ZAMORA;TORO;TORO;49800;980690740;;;49007590@educa.jcyl.es;http://eeivirgendelcanto.centros.educa.jcyl.es/sitio/;-5.40186;41.52079;N;N;N;N;S;N;41.52079, -5.40186
2026;49010667;A;ALTA;1;PÚBLICO;185;ESCUELA DE MUSICA;EM;ESCUELA DE MÚSICA DE TORO;CALLE;CALLE;SANTO DOMINGO;6;;1;;;;49;219;5;ZAMORA;TORO;TORO;49800;980108100;;;49010667@educa.jcyl.es;;-5.39111;41.52376;N;N;N;N;N;N;41.52376, -5.39111
2026;49006044;A;ALTA;1;PÚBLICO;42;INSTITUTO DE EDUCACION SECUNDARIA;IES;ALFONSO IX;CRA.;CARRETERA;DE LA ALDEHUELA;;S/N;;;;;49;275;2;ZAMORA;ZAMORA;ZAMORA;49021;980521829;980521746;;49006044@educa.jcyl.es;http://iesalfonsoix.centros.educa.jcyl.es;-5.71711;41.52152;N;S;N;S;S;S;41.52152, -5.71711
2026;49006378;A;ALTA;1;PÚBLICO;42;INSTITUTO DE EDUCACION SECUNDARIA;IES;LA VAGUADA;CALLE;CALLE;VILLALPANDO;11;;;;;;49;275;2;ZAMORA;ZAMORA;ZAMORA;49005;980534104;980534761;;49006378@educa.jcyl.es;http://ieslavaguada.centros.educa.jcyl.es;-5.74756;41.51069;N;N;N;S;N;S;41.51069, -5.74756
2026;49007531;A;ALTA;1;PÚBLICO;42;INSTITUTO DE EDUCACION SECUNDARIA;IES;LOS VALLES;CALLE;CALLE;CARRETERA;74;;;;;;49;33;2;ZAMORA;CAMARZANA DE TERA;CAMARZANA DE TERA;49332;980649800;980649804;;49007531@educa.jcyl.es;http://ieslosvalles.centros.educa.jcyl.es;-6.03286;41.99367;N;N;N;S;N;S;41.99367, -6.03286
2026;49006020;A;ALTA;1;PÚBLICO;42;INSTITUTO DE EDUCACION SECUNDARIA;IES;RÍO DUERO;AV.;AVENIDA;OBISPO ACUÑA;6;;;;;;49;275;2;ZAMORA;ZAMORA;ZAMORA;49017;980525501;980514468;;49006020@educa.jcyl.es;http://iesrioduero.centros.educa.jcyl.es;-5.73433;41.50374;N;N;N;S;N;S;41.50374, -5.73433
2026;49007553;A;ALTA;1;PÚBLICO;42;INSTITUTO DE EDUCACION SECUNDARIA;IES;TIERRA DE CAMPOS;CALLE;CALLE;CAMINO DE LAS CRUCES;6;;;;;;49;250;1;ZAMORA;VILLALPANDO;VILLALPANDO;49630;980660771;980660289;;49007553@educa.jcyl.es;http://iestierradecampos.centros.educa.jcyl.es;-5.41293;41.86156;N;N;N;S;N;S;41.86156, -5.41293
2026;49000133;A;ALTA;1;PÚBLICO;14;COLEGIO DE EDUCACION INFANTIL Y PRIMARIA;CEIP;COLEGIO PÚBLICO DE ALMARAZ;CALLE;CALLE;EL PUERTO;;S/N;;;;;49;7;1;ZAMORA;ALMARAZ DE DUERO;ALMARAZ DE DUERO;49180;980554117;;;49000133@educa.jcyl.es;http://ceipalmaraz.centros.educa.jcyl.es;-5.91588;41.4724;N;N;N;S;N;N;41.4724, -5.91588
2026;49006238;A;ALTA;1;PÚBLICO;14;COLEGIO DE EDUCACION INFANTIL Y PRIMARIA;CEIP;COLEGIO PÚBLICO DE FERMOSELLE;CALLE;CALLE;MORALINA;;72 C;;;;;49;65;1;ZAMORA;FERMOSELLE;FERMOSELLE;49220;980614053;980614053;;49006238@educa.jcyl.es;http://ceipfermoselle.centros.educa.jcyl.es;-6.39493;41.31523;N;N;N;S;N;N;41.31523, -6.39493
2026;49007292;A;ALTA;1;PÚBLICO;14;COLEGIO DE EDUCACION INFANTIL Y PRIMARIA;CEIP;CRA DE FERRERAS DE ABAJO;AV.;AVENIDA;DOCTOR DIEGO GÓMEZ;;S/N;;;;;49;66;1;ZAMORA;FERRERAS DE ABAJO;FERRERAS DE ABAJO;49335;980592026;;;49007292@educa.jcyl.es;http://craferrerasdeabajo.centros.educa.jcyl.es;-6.07426;41.89776;S;N;N;S;S;S;41.89776, -6.07426
2026;49003675;A;ALTA;1;PÚBLICO;14;COLEGIO DE EDUCACION INFANTIL Y PRIMARIA;CEIP;CRA DE RIOFRÍO DE ALISTE;CALLE;CALLE;ERA;;S/N;;;;;49;176;4;ZAMORA;RIOFRÍO DE ALISTE;SARRACÍN DE ALISTE;49591;980031636;;;49003675@educa.jcyl.es;http://crariofriodealiste.centros.educa.jcyl.es;-6.18829;41.83866;S;N;N;S;N;N;41.83866, -6.18829
2026;49007413;A;ALTA;1;PÚBLICO;14;COLEGIO DE EDUCACION INFANTIL Y PRIMARIA;CEIP;CRA DE VILLAFÁFILA;CALLE;CALLE;ROSARIO;;S/N;;;;;49;242;2;ZAMORA;VILLAFÁFILA;VILLAFÁFILA;49136;980591740;;;49007413@educa.jcyl.es;http://cradevillafafila.centros.educa.jcyl.es;-5.61373;41.84687;S;N;N;S;S;S;41.84687, -5.61373
2026;49007221;A;ALTA;1;PÚBLICO;14;COLEGIO DE EDUCACION INFANTIL Y PRIMARIA;CEIP;CRA GUAREÑA;CALLE;CALLE;ESCUELAS;;S/N;;;;;49;93;1;ZAMORA;GUARRATE;GUARRATE;49156;980606179;980606179;;49007221@educa.jcyl.es;http://craguarena.centros.educa.jcyl.es;-5.4457;41.2865;S;N;N;S;N;N;41.2865, -5.4457
2026;49007361;A;ALTA;1;PÚBLICO;14;COLEGIO DE EDUCACION INFANTIL Y PRIMARIA;CEIP;CRA LABAYO DE ALISTE;CALLE;CALLE;TOLA;;S/N;;;;;49;209;4;ZAMORA;SAN VITERO;SAN VITERO;49523;980682289;;;49007361@educa.jcyl.es;http://cralabayodealiste.centros.educa.jcyl.es;-6.34914;41.77845;S;N;N;S;N;N;41.77845, -6.34914
2026;49007498;A;ALTA;1;PÚBLICO;14;COLEGIO DE EDUCACION INFANTIL Y PRIMARIA;CEIP;CRA LOS ALMENDROS;AV.;AVENIDA;DE LA ESCUELA;;S/N;;;;;49;24;1;ZAMORA;BÓVEDA DE TORO (LA);BÓVEDA DE TORO (LA);49155;980602358;;;49007498@educa.jcyl.es;http://cralosalmendros.centros.educa.jcyl.es;-5.41191;41.34432;S;N;N;S;N;N;41.34432, -5.41191
2026;49007231;A;ALTA;1;PÚBLICO;14;COLEGIO DE EDUCACION INFANTIL Y PRIMARIA;CEIP;CRA TIERRA DEL PAN;CALLE;CALLE;SAN MARTÍN;4;S/N;;;;;49;122;1;ZAMORA;MONFARRACINOS;MONFARRACINOS;49121;980505693;980505693;;49007231@educa.jcyl.es;http://cratierradelpan.centros.educa.jcyl.es;-5.70838;41.55262;S;N;N;S;S;S;41.55262, -5.70838
2026;49007218;A;ALTA;1;PÚBLICO;14;COLEGIO DE EDUCACION INFANTIL Y PRIMARIA;CEIP;CRA TRES RÍOS;CALLE;CALLE;CASCAJAL;15;;;;;;49;200;1;ZAMORA;SANTA CRISTINA DE LA POLVOROSA;SANTA CRISTINA DE LA POLVOROSA;49620;980633674;980633674;;49007218@educa.jcyl.es;http://cratresrios.centros.educa.jcyl.es;-5.7098;41.99908;S;N;N;S;N;N;41.99908, -5.7098
2026;49007371;A;ALTA;1;PÚBLICO;14;COLEGIO DE EDUCACION INFANTIL Y PRIMARIA;CEIP;CRA VÍA DE LA PLATA;CALLE;CALLE;RODRÍGUEZ DE LA FUENTE;;S/N;;;;;49;187;1;ZAMORA;SAN CRISTÓBAL DE ENTREVIÑAS;SAN CRISTÓBAL DE ENTREVIÑAS;49690;980643889;;;49007371@educa.jcyl.es;http://craviadelaplata.centros.educa.jcyl.es;-5.64066;42.04166;S;N;N;S;N;N;42.04166, -5.64066
2026;49001514;A;ALTA;1;PÚBLICO;14;COLEGIO DE EDUCACION INFANTIL Y PRIMARIA;CEIP;GABRIELA MISTRAL;CALLE;CALLE;CLAUDIO MOYANO;145;;;;;;49;80;1;ZAMORA;FUENTELAPEÑA;FUENTELAPEÑA;49410;980605237;;;49001514@educa.jcyl.es;http://ceipgabrielamistral.centros.educa.jcyl.es;-5.39349;41.25023;N;N;N;S;N;N;41.25023, -5.39349
2026;49006068;A;ALTA;1;PÚBLICO;14;COLEGIO DE EDUCACION INFANTIL Y PRIMARIA;CEIP;GONZALO DE BERCEO;CALLE;CALLE;LAS DAMAS;16;;;;;;49;275;2;ZAMORA;ZAMORA;ZAMORA;49001;980509144;980509144;;49006068@educa.jcyl.es;http://cpgonzalodeberceo.centros.educa.jcyl.es;-5.7504;41.50215;N;N;N;S;S;N;41.50215, -5.7504
2026;49005106;A;ALTA;1;PÚBLICO;14;COLEGIO DE EDUCACION INFANTIL Y PRIMARIA;CEIP;LA INMACULADA;CALLE;CALLE;CRUCES;4;;;;;;49;250;1;ZAMORA;VILLALPANDO;VILLALPANDO;49630;980660225;;;49005106@educa.jcyl.es;http://ceiplainmaculada.centros.educa.jcyl.es;-5.4136;41.86176;N;N;N;S;S;S;41.86176, -5.4136
2026;49000339;A;ALTA;1;PÚBLICO;14;COLEGIO DE EDUCACION INFANTIL Y PRIMARIA;CEIP;LOS SALADOS;CALLE;CALLE;LOS SALADOS;;S/N;;;;;49;21;1;ZAMORA;BENAVENTE;BENAVENTE;49600;980630741;980630741;;49000339@educa.jcyl.es;http://ceiplossalados.centros.educa.jcyl.es;-5.6671;41.99159;N;N;N;S;S;S;41.99159, -5.6671
2026;49000157;A;ALTA;1;PÚBLICO;14;COLEGIO DE EDUCACION INFANTIL Y PRIMARIA;CEIP;MATILDE LEDESMA MARTÍN;CALLE;CALLE;LA FERIA;;S/N;;;;;49;8;1;ZAMORA;ALMEIDA DE SAYAGO;ALMEIDA DE SAYAGO;49210;980612051;;;49000157@educa.jcyl.es;http://ceipmatildeledesma.centros.educa.jcyl.es;-6.07469;41.26321;N;N;N;S;S;S;41.26321, -6.07469
2026;49006706;A;ALTA;1;PÚBLICO;14;COLEGIO DE EDUCACION INFANTIL Y PRIMARIA;CEIP;MIGUEL DE CERVANTES;CALLE;CALLE;HERNÁN CORTÉS;40;;;;;;49;275;2;ZAMORA;ZAMORA;ZAMORA;49021;980520704;980520704;;49006706@educa.jcyl.es;http://ceipmigueldecervantes.centros.educa.jcyl.es;-5.73083;41.50956;N;N;N;S;S;N;41.50956, -5.73083
2026;49005441;A;ALTA;1;PÚBLICO;14;COLEGIO DE EDUCACION INFANTIL Y PRIMARIA;CEIP;NUESTRA SEÑORA DE LA CANDELARIA;CALLE;CALLE;JUAN SEBASTIÁN ELCANO;7;;;;;;49;275;2;ZAMORA;ZAMORA;ZAMORA;49019;980522735;980522735;;49005441@educa.jcyl.es;http://ceipnuestrasenoradelacandelaria.centros.educa.jcyl.es;-5.73142;41.50732;N;N;N;S;S;N;41.50732, -5.73142
2026;49006731;A;ALTA;1;PÚBLICO;14;COLEGIO DE EDUCACION INFANTIL Y PRIMARIA;CEIP;SAN ISIDRO;AV.;AVENIDA;DE GALICIA;;S/N;;;;;49;21;1;ZAMORA;BENAVENTE;BENAVENTE;49600;980633675;980633675;;49006731@educa.jcyl.es;http://ceipsanisidro.centros.educa.jcyl.es;-5.68639;42.00803;N;N;N;S;S;N;42.00803, -5.68639
2026;49006093;A;ALTA;1;PÚBLICO;14;COLEGIO DE EDUCACION INFANTIL Y PRIMARIA;CEIP;SANCHO II;CALLE;CALLE;VILLALPANDO;9;;;;;;49;275;2;ZAMORA;ZAMORA;ZAMORA;49005;980525849;980525849;;49006093@educa.jcyl.es;http://ceipsanchoii.centros.educa.jcyl.es;-5.7486;41.50829;N;N;N;S;S;S;41.50829, -5.7486
2026;49005911;A;ALTA;2;PRIVADO;72;CENTRO PRIVADO DE EDUCACION INFANTIL PRIMARIA Y SECUNDARIA;Colegio;CORAZÓN DE MARÍA;CRA.;CARRETERA;DE ALMARAZ;18;;;;;;49;275;2;ZAMORA;ZAMORA;ZAMORA;49026;980525756;980524765;;49005911@educa.jcyl.es;http://www.elcora.org/;-5.76673;41.50094;N;N;S;S;S;S;41.50094, -5.76673
2026;49005908;A;ALTA;2;PRIVADO;72;CENTRO PRIVADO DE EDUCACION INFANTIL PRIMARIA Y SECUNDARIA;Colegio;SANTÍSIMA TRINIDAD;CALLE;CALLE;ENTREPUENTES;7;;;;;;49;275;2;ZAMORA;ZAMORA;ZAMORA;49028;980533319;980533319;;49005908@educa.jcyl.es;http://www.amordediospinilla.es;-5.74109;41.49804;N;N;S;S;N;N;41.49804, -5.74109
2026;49006032;A;ALTA;2;PRIVADO;45;CENTRO PRIVADO DE EDUCACION SECUNDARIA;Colegio;SEMINARIO SAN ATILANO;PZ.;PLAZA;DEL SEMINARIO;2;;;;;;49;275;2;ZAMORA;ZAMORA;ZAMORA;49003;980514998;980531732;;49006032@educa.jcyl.es;http://seminariosanatilano.es/;-5.74395;41.50355;N;S;N;N;S;N;41.50355, -5.74395
2026;49010898;A;ALTA;2;PRIVADO;4;CENTRO PRIVADO DE EDUCACION INFANTIL;CPrEI;BABABÁ;PZ.;PLAZA;CUARTEL VIEJO;7;;;;;;49;275;2;ZAMORA;ZAMORA;ZAMORA;49006;980048900;;;49010898@educa.jcyl.es;;-5.74527;41.50698;N;N;N;N;N;N;41.50698, -5.74527
2026;49010953;A;ALTA;2;PRIVADO;4;CENTRO PRIVADO DE EDUCACION INFANTIL;CPrEI;Besitos de Miel;CALLE;CALLE;Libertad;1;;;;;;49;275;2;ZAMORA;ZAMORA;ZAMORA;49007;653973361;;;49010953@educa.jcyl.es;;-5.744;41.51122;N;N;N;N;N;N;41.51122, -5.744
2026;49010904;A;ALTA;2;PRIVADO;4;CENTRO PRIVADO DE EDUCACION INFANTIL;CPrEI;CUENTACUENTOS;CALLE;CALLE;SAN BLAS;6;;;;;;49;275;2;ZAMORA;ZAMORA;ZAMORA;49023;692184501;;;49010904@educa.jcyl.es;;-5.75151;41.51399;N;N;N;N;N;N;41.51399, -5.75151
2026;49010631;A;ALTA;2;PRIVADO;4;CENTRO PRIVADO DE EDUCACION INFANTIL;CPrEI;LA CIGÜEÑA;AV.;AVENIDA;DE PORTUGAL;7;;;;;;49;275;2;ZAMORA;ZAMORA;ZAMORA;49015;980672225;;;49010631@educa.jcyl.es;;-5.73954;41.50408;N;N;N;N;S;N;41.50408, -5.73954
2026;49010825;A;ALTA;2;PRIVADO;58;CENTRO PRIVADO DE FORMACION PROFESIONAL ESPECIFICA;CPrFP;INTRAS ZAMORA;CRA.;CARRETERA;DE LA HINIESTA (ESQUINA C/LA CIERVA, S/N);;;;;;;49;275;2;ZAMORA;ZAMORA;ZAMORA;49024;980516427;;;49010825@educa.jcyl.es;;-5.75588;41.51463;N;N;N;N;N;N;41.51463, -5.75588
2026;49010761;A;ALTA;2;PRIVADO;58;CENTRO PRIVADO DE FORMACION PROFESIONAL ESPECIFICA;CPrFP;ORBE ZERO;AV.;AVENIDA;"SORIA  (POLÍGONO INDUSTRIAL ""LOS LLANOS"")";;PARCELA 97;;;;;49;275;2;ZAMORA;ZAMORA;ZAMORA;49027;980538326;980161836;;49010761@educa.jcyl.es;;-5.76819;41.46839;N;N;N;N;N;N;41.46839, -5.76819
2026;49010801;A;ALTA;1;PÚBLICO;3;ESCUELA DE EDUCACION INFANTIL;EEI;ALCAÑICES;CALLE;CALLE;PÉREZ MARRÓN;1;;;;;;49;3;1;ZAMORA;ALCAÑICES;ALCAÑICES;49500;980680001;980680236;;49010801@educa.jcyl.es;;-6.34787;41.69866;N;N;N;N;N;N;41.69866, -6.34787
2026;49010874;A;ALTA;1;PÚBLICO;3;ESCUELA DE EDUCACION INFANTIL;EEI;MORALES DEL VINO;CALLE;CALLE;JAZMÍN;1;;;;;;49;127;1;ZAMORA;MORALES DEL VINO;MORALES DEL VINO;49190;616997185;;;49010874@educa.jcyl.es;;-5.73524;41.44118;N;N;N;N;N;N;41.44118, -5.73524
2026;49007589;A;ALTA;1;PÚBLICO;3;ESCUELA DE EDUCACION INFANTIL;EEI;NUESTRA SEÑORA DE LA CONCHA;PZ.;PLAZA;SAN JULIÁN DEL MERCADO;;S/N;;;;;49;275;2;ZAMORA;ZAMORA;ZAMORA;49001;980530554;;;49007589@educa.jcyl.es;http://eeinuestrasenoradelaconcha.centros.educa.jcyl.es/sitio/;-5.74485;41.50058;N;N;N;N;S;N;41.50058, -5.74485
2026;49010783;A;ALTA;1;PÚBLICO;3;ESCUELA DE EDUCACION INFANTIL;EEI;PEQUEPANDO;CALLE;CALLE;CRUCES;;S/N;;;;;49;250;1;ZAMORA;VILLALPANDO;VILLALPANDO;49630;980660006;980660436;;49010783@educa.jcyl.es;;-5.41313;41.86173;N;N;N;N;N;N;41.86173, -5.41313
2026;49010734;A;ALTA;1;PÚBLICO;185;ESCUELA DE MUSICA;EM;ESCUELA DE MÚSICA DE EL CUBO DE LA TIERRA DEL VINO;CALLE;CALLE;ERAS DE ARRIBA;;S/N;;;;;49;58;1;ZAMORA;CUBO DE TIERRA DEL VINO (EL);CUBO DE TIERRA DEL VINO (EL);49710;980577301;;;49010734@educa.jcyl.es;;-5.71365;41.25427;N;N;N;N;N;N;41.25427, -5.71365
2026;49006861;A;ALTA;1;PÚBLICO;80;ESCUELA OFICIAL DE IDIOMAS;EOI;ESCUELA OFICIAL DE IDIOMAS DE ZAMORA;CALLE;CALLE;ARAPILES;35;;;;;;49;275;2;ZAMORA;ZAMORA;ZAMORA;49019;980530657;980535880;;49006861@educa.jcyl.es;http://eoizamora.centros.educa.jcyl.es;-5.7358;41.50814;N;N;N;N;N;N;41.50814, -5.7358
2026;49007528;A;ALTA;1;PÚBLICO;42;INSTITUTO DE EDUCACION SECUNDARIA;IES;ALISTE;CALLE;CALLE;ATALAYA;;S/N;;;;;49;3;1;ZAMORA;ALCAÑICES;ALCAÑICES;49500;980680401;980680401;;49007528@educa.jcyl.es;http://iesaliste.centros.educa.jcyl.es;-6.34392;41.69584;N;N;N;S;N;S;41.69584, -6.34392
2026;49004576;A;ALTA;1;PÚBLICO;42;INSTITUTO DE EDUCACION SECUNDARIA;IES;CARDENAL PARDO TAVERA;AV.;AVENIDA;LUIS RODRÍGUEZ DE MIGUEL;;S/N;;;;;49;219;5;ZAMORA;TORO;TORO;49800;980690690;;;49004576@educa.jcyl.es;http://iescardenalpardotavera.centros.educa.jcyl.es/sitio/;-5.38911;41.52481;N;N;N;S;N;S;41.52481, -5.38911
2026;49007541;A;ALTA;1;PÚBLICO;42;INSTITUTO DE EDUCACION SECUNDARIA;IES;FUENTESAÚCO;CALLE;CALLE;ESTEBAN LAGUNA;;S/N;;;;;49;81;1;ZAMORA;FUENTESAÚCO;FUENTESAÚCO;49400;980600231;980600231;;49007541@educa.jcyl.es;http://iesdefuentesauco.centros.educa.jcyl.es;-5.49579;41.22943;N;N;N;S;S;S;41.22943, -5.49579
2026;49004588;A;ALTA;1;PÚBLICO;42;INSTITUTO DE EDUCACION SECUNDARIA;IES;GONZÁLEZ ALLENDE;AV.;AVENIDA;GONZÁLEZ ALLENDE;21;;;;;;49;219;5;ZAMORA;TORO;TORO;49800;980692830;;;49004588@educa.jcyl.es;http://iesgonzalezallende.centros.educa.jcyl.es;-5.38561;41.51832;N;N;N;S;N;S;41.51832, -5.38561
2026;49000391;A;ALTA;1;PÚBLICO;42;INSTITUTO DE EDUCACION SECUNDARIA;IES;LOS SAUCES;AV.;AVENIDA;DE FEDERICO SILVA;48;;;;;;49;21;1;ZAMORA;BENAVENTE;BENAVENTE;49600;980630686;980630814;;49000391@educa.jcyl.es;http://ieslossauces.centros.educa.jcyl.es;-5.66734;42.00044;N;N;N;S;N;S;42.00044, -5.66734
2026;49006007;A;ALTA;1;PÚBLICO;42;INSTITUTO DE EDUCACION SECUNDARIA;IES;MARÍA DE MOLINA;AV.;AVENIDA;REQUEJO;6;;;;;;49;275;2;ZAMORA;ZAMORA;ZAMORA;49012;980520901;980520350;;49006007@educa.jcyl.es;http://iesmariademolina.centros.educa.jcyl.es;-5.73724;41.50983;N;N;N;S;N;S;41.50983, -5.73724
2026;49010655;A;ALTA;1;PÚBLICO;42;INSTITUTO DE EDUCACION SECUNDARIA;IES;POETA CLAUDIO RODRÍGUEZ;CALLE;CALLE;ALMARAZ;4;;;;;;49;275;2;ZAMORA;ZAMORA;ZAMORA;49026;980557144;980670269;;49010655@educa.jcyl.es;http://iespoetaclaudio.centros.educa.jcyl.es;-5.75563;41.50173;N;N;N;S;N;S;41.50173, -5.75563
2026;49007164;A;ALTA;1;PÚBLICO;42;INSTITUTO DE EDUCACION SECUNDARIA;IES;VALVERDE DE LUCERNA;CRA.;CARRETERA;DEL LAGO;16;;;;;;49;166;2;ZAMORA;PUEBLA DE SANABRIA;PUEBLA DE SANABRIA;49300;980620520;980620824;;49007164@educa.jcyl.es;http://iesvalverdedelucerna.centros.educa.jcyl.es;-6.62611;42.05806;N;S;N;S;N;S;42.05806, -6.62611
